{
"type": "FeatureCollection",
"name": "Multizone partial",
"features": [
{ "type": "Feature", "properties": { "fid": 1, "ZoneCode": "012001", "AbrvFull": "AL ABBE", "NameFull": "Alabama Abbeville", "ZoneNum": 1, "AbrvPart": "ABBE", "NamePart": "Abbeville", "ZoneType": "Multizone partial", "StateAbrv": "AL", "StateName": "Alabama", "ProjAbrv": "TM", "ProjType": "Transverse Mercator", "LatOrigin": "27°24'N", "LonOriginE": "274°42'E", "LonOriginW": "85°18'W", "Lat0_deg": 27.4, "Lon0_E_deg": 274.7, "Lon0_W_deg": -85.3, "ProjScale": 1.00001, "SkewAz_deg": -9999, "FalseN_m": 0.0, "FalseE_m": 53340.0, "FalseN_ift": 0.0, "FalseE_ift": 175000.0, "DesignBy": "State", "Ref_frame": "NATRF2022" }, "geometry": { "type": "Polygon", "coordinates": [ [ [ -85.55, 30.99642 ], [ -85.24363, 31.00088 ], [ -85.0025, 31.00069 ], [ -84.99943, 31.01384 ], [ -85.01139, 31.05355 ], [ -85.02857, 31.07458 ], [ -85.03706, 31.10975 ], [ -85.05287, 31.11949 ], [ -85.0778, 31.15789 ], [ -85.10053, 31.16599 ], [ -85.10696, 31.20269 ], [ -85.09684, 31.22524 ], [ -85.11171, 31.25802 ], [ -85.11036, 31.28175 ], [ -85.09033, 31.29361 ], [ -85.08383, 31.32697 ], [ -85.09217, 31.36458 ], [ -85.07733, 31.40085 ], [ -85.07605, 31.42436 ], [ -85.06641, 31.4295 ], [ -85.07162, 31.46838 ], [ -85.04456, 31.52091 ], [ -85.04143, 31.53929 ], [ -85.05796, 31.57084 ], [ -85.05747, 31.61862 ], [ -85.08703, 31.64097 ], [ -85.08043, 31.65597 ], [ -85.09243, 31.65997 ], [ -85.12593, 31.69627 ], [ -85.11913, 31.73096 ], [ -85.12633, 31.76886 ], [ -85.14183, 31.78236 ], [ -85.13293, 31.79236 ], [ -85.13213, 31.82796 ], [ -85.14073, 31.85746 ], [ -85.12883, 31.87636 ], [ -85.13293, 31.89306 ], [ -85.11703, 31.89286 ], [ -85.11313, 31.91186 ], [ -85.07893, 31.94016 ], [ -85.08683, 31.95776 ], [ -85.06593, 31.97116 ], [ -85.07093, 31.98166 ], [ -85.04887, 32.02301 ], [ -85.05803, 32.03361 ], [ -85.05323, 32.0806 ], [ -85.04506, 32.08806 ], [ -85.06206, 32.13249 ], [ -85.04559, 32.14376 ], [ -85.00922, 32.18165 ], [ -84.96173, 32.19855 ], [ -84.98023, 32.20775 ], [ -84.97333, 32.21765 ], [ -84.92953, 32.21925 ], [ -84.90723, 32.24905 ], [ -84.88852, 32.26087 ], [ -84.9338, 32.29826 ], [ -85.00279, 32.32243 ], [ -85.00458, 32.3452 ], [ -84.98387, 32.36239 ], [ -84.97943, 32.41224 ], [ -84.96343, 32.42254 ], [ -84.97183, 32.44284 ], [ -84.99353, 32.45074 ], [ -85.00153, 32.51474 ], [ -85.02131, 32.54308 ], [ -85.0672, 32.57931 ], [ -85.08224, 32.61626 ], [ -85.08274, 32.63404 ], [ -85.10543, 32.64493 ], [ -85.08848, 32.65776 ], [ -85.11234, 32.68323 ], [ -85.12274, 32.71603 ], [ -85.11317, 32.73281 ], [ -85.13314, 32.74463 ], [ -85.14298, 32.76165 ], [ -85.12233, 32.77438 ], [ -85.16794, 32.81161 ], [ -85.16853, 32.82714 ], [ -85.15458, 32.83981 ], [ -85.16231, 32.85648 ], [ -85.18399, 32.86049 ], [ -85.19074, 32.9 ], [ -85.55, 32.9 ], [ -85.55, 32.0 ], [ -85.55, 30.99642 ] ] ] } },
{ "type": "Feature", "properties": { "fid": 2, "ZoneCode": "012002", "AbrvFull": "AL ANDL", "NameFull": "Alabama Andalusia", "ZoneNum": 2, "AbrvPart": "ANDL", "NamePart": "Andalusia", "ZoneType": "Multizone partial", "StateAbrv": "AL", "StateName": "Alabama", "ProjAbrv": "TM", "ProjType": "Transverse Mercator", "LatOrigin": "26°06'N", "LonOriginE": "273°33'E", "LonOriginW": "86°27'W", "Lat0_deg": 26.1, "Lon0_E_deg": 273.55, "Lon0_W_deg": -86.45, "ProjScale": 1.000007, "SkewAz_deg": -9999, "FalseN_m": 0.0, "FalseE_m": 53340.0, "FalseN_ift": 0.0, "FalseE_ift": 175000.0, "DesignBy": "State", "Ref_frame": "NATRF2022" }, "geometry": { "type": "Polygon", "coordinates": [ [ [ -86.15, 30.99348 ], [ -86.15, 32.0 ], [ -86.55, 32.0 ], [ -86.7, 32.0 ], [ -86.7, 30.99462 ], [ -86.56344, 30.99522 ], [ -86.5202, 30.99326 ], [ -86.4051, 30.99442 ], [ -86.15, 30.99348 ] ] ] } },
{ "type": "Feature", "properties": { "fid": 3, "ZoneCode": "012003", "AbrvFull": "AL ANOX", "NameFull": "Alabama Anniston", "ZoneNum": 3, "AbrvPart": "ANOX", "NamePart": "Anniston", "ZoneType": "Multizone partial", "StateAbrv": "AL", "StateName": "Alabama", "ProjAbrv": "TM", "ProjType": "Transverse Mercator", "LatOrigin": "30°12'N", "LonOriginE": "274°06'E", "LonOriginW": "85°54'W", "Lat0_deg": 30.2, "Lon0_E_deg": 274.1, "Lon0_W_deg": -85.9, "ProjScale": 1.000025, "SkewAz_deg": -9999, "FalseN_m": 0.0, "FalseE_m": 53340.0, "FalseN_ift": 0.0, "FalseE_ift": 175000.0, "DesignBy": "State", "Ref_frame": "NATRF2022" }, "geometry": { "type": "Polygon", "coordinates": [ [ [ -85.8, 33.0 ], [ -85.65, 33.0 ], [ -85.65, 33.9 ], [ -85.7, 33.9 ], [ -86.35, 33.9 ], [ -86.35, 33.0 ], [ -85.8, 33.0 ] ] ] } },
{ "type": "Feature", "properties": { "fid": 4, "ZoneCode": "012004", "AbrvFull": "AL ATMR", "NameFull": "Alabama Atmore", "ZoneNum": 4, "AbrvPart": "ATMR", "NamePart": "Atmore", "ZoneType": "Multizone partial", "StateAbrv": "AL", "StateName": "Alabama", "ProjAbrv": "TM", "ProjType": "Transverse Mercator", "LatOrigin": "25°36'N", "LonOriginE": "272°30'E", "LonOriginW": "87°30'W", "Lat0_deg": 25.6, "Lon0_E_deg": 272.5, "Lon0_W_deg": -87.5, "ProjScale": 1.0, "SkewAz_deg": -9999, "FalseN_m": 0.0, "FalseE_m": 53340.0, "FalseN_ift": 0.0, "FalseE_ift": 175000.0, "DesignBy": "State", "Ref_frame": "NATRF2022" }, "geometry": { "type": "Polygon", "coordinates": [ [ [ -87.85, 33.0 ], [ -87.85, 30.99736 ], [ -87.61543, 30.99736 ], [ -87.31195, 30.99844 ], [ -87.2, 30.99802 ], [ -87.2, 33.0 ], [ -87.85, 33.0 ] ] ] } },
{ "type": "Feature", "properties": { "fid": 5, "ZoneCode": "012005", "AbrvFull": "AL BIRM", "NameFull": "Alabama Birmingham", "ZoneNum": 5, "AbrvPart": "BIRM", "NamePart": "Birmingham", "ZoneType": "Multizone partial", "StateAbrv": "AL", "StateName": "Alabama", "ProjAbrv": "TM", "ProjType": "Transverse Mercator", "LatOrigin": "25°48'N", "LonOriginE": "273°12'E", "LonOriginW": "86°48'W", "Lat0_deg": 25.8, "Lon0_E_deg": 273.2, "Lon0_W_deg": -86.8, "ProjScale": 1.00002, "SkewAz_deg": -9999, "FalseN_m": 0.0, "FalseE_m": 53340.0, "FalseN_ift": 0.0, "FalseE_ift": 175000.0, "DesignBy": "State", "Ref_frame": "NATRF2022" }, "geometry": { "type": "Polygon", "coordinates": [ [ [ -86.35, 33.0 ], [ -86.35, 33.9 ], [ -86.45, 33.9 ], [ -87.1, 33.9 ], [ -87.1, 33.6 ], [ -87.1, 33.0 ], [ -86.55, 33.0 ], [ -86.35, 33.0 ] ] ] } },
{ "type": "Feature", "properties": { "fid": 6, "ZoneCode": "012006", "AbrvFull": "AL ENTP", "NameFull": "Alabama Enterprise", "ZoneNum": 6, "AbrvPart": "ENTP", "NamePart": "Enterprise", "ZoneType": "Multizone partial", "StateAbrv": "AL", "StateName": "Alabama", "ProjAbrv": "TM", "ProjType": "Transverse Mercator", "LatOrigin": "28°12'N", "LonOriginE": "274°09'E", "LonOriginW": "85°51'W", "Lat0_deg": 28.2, "Lon0_E_deg": 274.15, "Lon0_W_deg": -85.85, "ProjScale": 1.000008, "SkewAz_deg": -9999, "FalseN_m": 0.0, "FalseE_m": 53340.0, "FalseN_ift": 0.0, "FalseE_ift": 175000.0, "DesignBy": "State", "Ref_frame": "NATRF2022" }, "geometry": { "type": "Polygon", "coordinates": [ [ [ -85.55, 30.99642 ], [ -85.55, 32.0 ], [ -85.8, 32.0 ], [ -86.15, 32.0 ], [ -86.15, 30.99348 ], [ -85.99861, 30.99287 ], [ -85.74962, 30.99529 ], [ -85.55, 30.99642 ] ] ] } },
{ "type": "Feature", "properties": { "fid": 7, "ZoneCode": "012007", "AbrvFull": "AL FLOR", "NameFull": "Alabama Florence", "ZoneNum": 7, "AbrvPart": "FLOR", "NamePart": "Florence", "ZoneType": "Multizone partial", "StateAbrv": "AL", "StateName": "Alabama", "ProjAbrv": "TM", "ProjType": "Transverse Mercator", "LatOrigin": "29°06'N", "LonOriginE": "272°24'E", "LonOriginW": "87°36'W", "Lat0_deg": 29.1, "Lon0_E_deg": 272.4, "Lon0_W_deg": -87.6, "ProjScale": 1.000025, "SkewAz_deg": -9999, "FalseN_m": 0.0, "FalseE_m": 53340.0, "FalseN_ift": 0.0, "FalseE_ift": 175000.0, "DesignBy": "State", "Ref_frame": "NATRF2022" }, "geometry": { "type": "Polygon", "coordinates": [ [ [ -87.25, 34.99987 ], [ -87.42997, 35.00279 ], [ -87.66226, 35.00354 ], [ -87.9, 35.00573 ], [ -87.9, 33.9 ], [ -87.25, 33.9 ], [ -87.25, 34.99987 ] ] ] } },
{ "type": "Feature", "properties": { "fid": 8, "ZoneCode": "012008", "AbrvFull": "AL GADS", "NameFull": "Alabama Gadsden", "ZoneNum": 8, "AbrvPart": "GADS", "NamePart": "Gadsden", "ZoneType": "Multizone partial", "StateAbrv": "AL", "StateName": "Alabama", "ProjAbrv": "TM", "ProjType": "Transverse Mercator", "LatOrigin": "31°06'N", "LonOriginE": "273°57'E", "LonOriginW": "86°03'W", "Lat0_deg": 31.1, "Lon0_E_deg": 273.95, "Lon0_W_deg": -86.05, "ProjScale": 1.00003, "SkewAz_deg": -9999, "FalseN_m": 0.0, "FalseE_m": 53340.0, "FalseN_ift": 0.0, "FalseE_ift": 175000.0, "DesignBy": "State", "Ref_frame": "NATRF2022" }, "geometry": { "type": "Polygon", "coordinates": [ [ [ -85.7, 33.9 ], [ -85.7, 34.98632 ], [ -85.82402, 34.98813 ], [ -86.24802, 34.99042 ], [ -86.45, 34.99094 ], [ -86.45, 33.9 ], [ -86.35, 33.9 ], [ -85.7, 33.9 ] ] ] } },
{ "type": "Feature", "properties": { "fid": 9, "ZoneCode": "012009", "AbrvFull": "AL HUNT", "NameFull": "Alabama Huntsville", "ZoneNum": 9, "AbrvPart": "HUNT", "NamePart": "Huntsville", "ZoneType": "Multizone partial", "StateAbrv": "AL", "StateName": "Alabama", "ProjAbrv": "TM", "ProjType": "Transverse Mercator", "LatOrigin": "30°45'N", "LonOriginE": "273°09'E", "LonOriginW": "86°51'W", "Lat0_deg": 30.75, "Lon0_E_deg": 273.15, "Lon0_W_deg": -86.85, "ProjScale": 1.000026, "SkewAz_deg": -9999, "FalseN_m": 0.0, "FalseE_m": 53340.0, "FalseN_ift": 0.0, "FalseE_ift": 175000.0, "DesignBy": "State", "Ref_frame": "NATRF2022" }, "geometry": { "type": "Polygon", "coordinates": [ [ [ -86.45, 34.99094 ], [ -86.70313, 34.99212 ], [ -86.83631, 34.9919 ], [ -87.25, 34.99987 ], [ -87.25, 33.9 ], [ -87.1, 33.9 ], [ -86.45, 33.9 ], [ -86.45, 34.99094 ] ] ] } },
{ "type": "Feature", "properties": { "fid": 10, "ZoneCode": "012010", "AbrvFull": "AL MONT", "NameFull": "Alabama Montgomery", "ZoneNum": 10, "AbrvPart": "MONT", "NamePart": "Montgomery", "ZoneType": "Multizone partial", "StateAbrv": "AL", "StateName": "Alabama", "ProjAbrv": "TM", "ProjType": "Transverse Mercator", "LatOrigin": "26°09'N", "LonOriginE": "273°45'E", "LonOriginW": "86°15'W", "Lat0_deg": 26.15, "Lon0_E_deg": 273.75, "Lon0_W_deg": -86.25, "ProjScale": 1.00001, "SkewAz_deg": -9999, "FalseN_m": 0.0, "FalseE_m": 53340.0, "FalseN_ift": 0.0, "FalseE_ift": 175000.0, "DesignBy": "State", "Ref_frame": "NATRF2022" }, "geometry": { "type": "Polygon", "coordinates": [ [ [ -85.8, 32.0 ], [ -85.8, 33.0 ], [ -86.35, 33.0 ], [ -86.55, 33.0 ], [ -86.55, 32.0 ], [ -86.15, 32.0 ], [ -85.8, 32.0 ] ] ] } },
{ "type": "Feature", "properties": { "fid": 11, "ZoneCode": "012011", "AbrvFull": "AL TUSC", "NameFull": "Alabama Tuscaloosa", "ZoneNum": 11, "AbrvPart": "TUSC", "NamePart": "Tuscaloosa", "ZoneType": "Multizone partial", "StateAbrv": "AL", "StateName": "Alabama", "ProjAbrv": "TM", "ProjType": "Transverse Mercator", "LatOrigin": "24°48'N", "LonOriginE": "272°24'E", "LonOriginW": "87°36'W", "Lat0_deg": 24.8, "Lon0_E_deg": 272.4, "Lon0_W_deg": -87.6, "ProjScale": 1.000003, "SkewAz_deg": -9999, "FalseN_m": 0.0, "FalseE_m": 49530.0, "FalseN_ift": 0.0, "FalseE_ift": 162500.0, "DesignBy": "State", "Ref_frame": "NATRF2022" }, "geometry": { "type": "Polygon", "coordinates": [ [ [ -87.1, 33.0 ], [ -87.1, 33.6 ], [ -88.0, 33.6 ], [ -88.0, 33.0 ], [ -87.85, 33.0 ], [ -87.2, 33.0 ], [ -87.1, 33.0 ] ] ] } },
{ "type": "Feature", "properties": { "fid": 12, "ZoneCode": "022001", "AbrvFull": "AK AKHY", "NameFull": "Alaska Highway", "ZoneNum": 1, "AbrvPart": "AKHY", "NamePart": "Highway", "ZoneType": "Multizone partial", "StateAbrv": "AK", "StateName": "Alaska", "ProjAbrv": "OMC", "ProjType": "Hotine Oblique Mercator, center", "LatOrigin": "63°24'N", "LonOriginE": "216°18'E", "LonOriginW": "143°42'W", "Lat0_deg": 63.4, "Lon0_E_deg": 216.3, "Lon0_W_deg": -143.7, "ProjScale": 1.000067, "SkewAz_deg": -47, "FalseN_m": 152400.0, "FalseE_m": 762000.0, "FalseN_ift": 500000.0, "FalseE_ift": 2500000.0, "DesignBy": "State", "Ref_frame": "NATRF2022" }, "geometry": { "type": "Polygon", "coordinates": [ [ [ -141.00136, 63.75 ], [ -142.2, 63.75 ], [ -142.8, 64.3 ], [ -144.0, 64.8 ], [ -144.7, 64.8 ], [ -146.45, 63.95 ], [ -145.6, 63.8 ], [ -145.38, 63.86 ], [ -145.15, 63.78 ], [ -144.82, 63.75 ], [ -144.65, 63.67 ], [ -144.2, 63.67 ], [ -143.9, 63.5 ], [ -143.8, 63.375 ], [ -143.62, 63.375 ], [ -143.1, 63.26 ], [ -142.9, 63.06 ], [ -142.55, 62.95 ], [ -141.75, 62.7 ], [ -141.00147, 62.60334 ], [ -141.00136, 63.75 ] ] ] } },
{ "type": "Feature", "properties": { "fid": 13, "ZoneCode": "022002", "AbrvFull": "AK AMBL", "NameFull": "Alaska Ambler", "ZoneNum": 2, "AbrvPart": "AMBL", "NamePart": "Ambler", "ZoneType": "Multizone partial", "StateAbrv": "AK", "StateName": "Alaska", "ProjAbrv": "OMC", "ProjType": "Hotine Oblique Mercator, center", "LatOrigin": "66°51'N", "LonOriginE": "204°12'E", "LonOriginW": "155°48'W", "Lat0_deg": 66.85, "Lon0_E_deg": 204.2, "Lon0_W_deg": -155.8, "ProjScale": 1.000019, "SkewAz_deg": -83, "FalseN_m": 152400.0, "FalseE_m": 838200.0, "FalseN_ift": 500000.0, "FalseE_ift": 2750000.0, "DesignBy": "State", "Ref_frame": "NATRF2022" }, "geometry": { "type": "Polygon", "coordinates": [ [ [ -151.1, 67.25 ], [ -160.4, 67.8 ], [ -160.55, 67.0 ], [ -157.0, 66.15 ], [ -153.1, 66.7 ], [ -151.1, 66.6 ], [ -151.1, 67.25 ] ] ] } },
{ "type": "Feature", "properties": { "fid": 14, "ZoneCode": "022003", "AbrvFull": "AK ANAK", "NameFull": "Alaska Anaktuvuk", "ZoneNum": 3, "AbrvPart": "ANAK", "NamePart": "Anaktuvuk", "ZoneType": "Multizone partial", "StateAbrv": "AK", "StateName": "Alaska", "ProjAbrv": "OMC", "ProjType": "Hotine Oblique Mercator, center", "LatOrigin": "67°51'N", "LonOriginE": "204°33'E", "LonOriginW": "155°27'W", "Lat0_deg": 67.85, "Lon0_E_deg": 204.55, "Lon0_W_deg": -155.45, "ProjScale": 1.000058, "SkewAz_deg": -79, "FalseN_m": 114300.0, "FalseE_m": 838200.0, "FalseN_ift": 375000.0, "FalseE_ift": 2750000.0, "DesignBy": "State", "Ref_frame": "NATRF2022" }, "geometry": { "type": "Polygon", "coordinates": [ [ [ -149.9, 68.2 ], [ -151.5, 68.2 ], [ -152.2, 68.4 ], [ -156.7, 68.45 ], [ -159.3, 68.8 ], [ -160.85, 68.8 ], [ -160.75, 68.0 ], [ -160.4, 67.8 ], [ -151.1, 67.25 ], [ -149.9, 68.05 ], [ -149.9, 68.2 ] ] ] } },
{ "type": "Feature", "properties": { "fid": 15, "ZoneCode": "022004", "AbrvFull": "AK ANCH", "NameFull": "Alaska Anchorage-Homer", "ZoneNum": 4, "AbrvPart": "ANCH", "NamePart": "Anchorage-Homer", "ZoneType": "Multizone partial", "StateAbrv": "AK", "StateName": "Alaska", "ProjAbrv": "OMC", "ProjType": "Hotine Oblique Mercator, center", "LatOrigin": "60°33'N", "LonOriginE": "209°15'E", "LonOriginW": "150°45'W", "Lat0_deg": 60.55, "Lon0_E_deg": 209.25, "Lon0_W_deg": -150.75, "ProjScale": 1.0, "SkewAz_deg": 25, "FalseN_m": 266700.0, "FalseE_m": 762000.0, "FalseN_ift": 875000.0, "FalseE_ift": 2500000.0, "DesignBy": "State", "Ref_frame": "NATRF2022" }, "geometry": { "type": "MultiPolygon", "coordinates": [ [ [ [ -152.08337, 59.00502 ], [ -152.12905, 59.01675 ], [ -152.18822, 59.01614 ], [ -152.24565, 58.99346 ], [ -152.27272, 59.0032 ], [ -152.32345, 59.00746 ], [ -152.35275, 59.00487 ], [ -152.414, 58.99223 ], [ -152.4409, 58.96609 ], [ -152.43749, 58.94842 ], [ -152.46485, 58.92422 ], [ -152.46543, 58.90634 ], [ -152.45258, 58.88487 ], [ -152.42595, 58.87337 ], [ -152.41375, 58.84761 ], [ -152.38329, 58.82829 ], [ -152.31462, 58.82 ], [ -152.27553, 58.82727 ], [ -152.24964, 58.84067 ], [ -152.19536, 58.84063 ], [ -152.13407, 58.85812 ], [ -152.10858, 58.84461 ], [ -152.06678, 58.83301 ], [ -152.01716, 58.82852 ], [ -151.98158, 58.83728 ], [ -151.95157, 58.85219 ], [ -151.93639, 58.86738 ], [ -151.8918, 58.87639 ], [ -151.85389, 58.90876 ], [ -151.85759, 58.93596 ], [ -151.86778, 58.94641 ], [ -151.93718, 58.9883 ], [ -151.96492, 58.99234 ], [ -152.01955, 59.01092 ], [ -152.05893, 59.012 ], [ -152.08337, 59.00502 ] ] ], [ [ [ -152.0, 60.1 ], [ -152.41856, 59.04131 ], [ -151.85538, 59.07762 ], [ -151.44417, 59.09969 ], [ -151.37472, 59.11067 ], [ -151.25529, 59.13776 ], [ -150.99219, 59.18084 ], [ -150.84229, 59.22083 ], [ -149.7, 60.33 ], [ -149.14, 60.77 ], [ -149.35, 60.88 ], [ -148.77, 61.55 ], [ -147.25, 61.65 ], [ -146.95, 62.05 ], [ -146.25, 62.6 ], [ -146.25, 62.8 ], [ -148.65, 62.8 ], [ -149.1, 62.45 ], [ -150.15, 62.45 ], [ -150.95, 61.25 ], [ -152.0, 60.1 ] ] ] ] } },
{ "type": "Feature", "properties": { "fid": 16, "ZoneCode": "022005", "AbrvFull": "AK BARR", "NameFull": "Alaska Barrow", "ZoneNum": 5, "AbrvPart": "BARR", "NamePart": "Barrow", "ZoneType": "Multizone partial", "StateAbrv": "AK", "StateName": "Alaska", "ProjAbrv": "LC1", "ProjType": "Lambert Conformal Conic, one parallel", "LatOrigin": "70°51'N", "LonOriginE": "206°00'E", "LonOriginW": "154°00'W", "Lat0_deg": 70.85, "Lon0_E_deg": 206.0, "Lon0_W_deg": -154.0, "ProjScale": 0.999982, "SkewAz_deg": -9999, "FalseN_m": 114300.0, "FalseE_m": 914400.0, "FalseN_ift": 375000.0, "FalseE_ift": 3000000.0, "DesignBy": "State", "Ref_frame": "NATRF2022" }, "geometry": { "type": "Polygon", "coordinates": [ [ [ -146.75717, 70.3 ], [ -146.77788, 70.31574 ], [ -146.84148, 70.33496 ], [ -146.92652, 70.35078 ], [ -147.0, 70.35551 ], [ -147.09641, 70.35861 ], [ -147.17191, 70.35016 ], [ -147.18262, 70.36975 ], [ -147.22594, 70.38899 ], [ -147.27733, 70.40252 ], [ -147.32835, 70.40743 ], [ -147.37252, 70.43054 ], [ -147.45516, 70.44571 ], [ -147.56243, 70.44659 ], [ -147.61127, 70.43648 ], [ -147.65248, 70.4597 ], [ -147.70747, 70.46964 ], [ -147.77944, 70.47187 ], [ -147.77847, 70.49166 ], [ -147.81853, 70.52002 ], [ -147.89963, 70.5421 ], [ -148.0035, 70.54558 ], [ -148.05196, 70.53883 ], [ -148.09962, 70.524 ], [ -148.12693, 70.50135 ], [ -148.16907, 70.51774 ], [ -148.21042, 70.51825 ], [ -148.23389, 70.52891 ], [ -148.29251, 70.53746 ], [ -148.4213, 70.53286 ], [ -148.50275, 70.50433 ], [ -148.51548, 70.47748 ], [ -148.48701, 70.45332 ], [ -148.54887, 70.47297 ], [ -148.65177, 70.47817 ], [ -148.71181, 70.50767 ], [ -148.78726, 70.52538 ], [ -148.97494, 70.53371 ], [ -149.09048, 70.56542 ], [ -149.18246, 70.57454 ], [ -149.21735, 70.58293 ], [ -149.29591, 70.58765 ], [ -149.40735, 70.60383 ], [ -149.67987, 70.6215 ], [ -149.71913, 70.62194 ], [ -149.79595, 70.61187 ], [ -149.92951, 70.61476 ], [ -149.9934, 70.6042 ], [ -150.03353, 70.5877 ], [ -150.11787, 70.60618 ], [ -150.24271, 70.60434 ], [ -150.32321, 70.57856 ], [ -150.34524, 70.55323 ], [ -150.43534, 70.55785 ], [ -150.5008, 70.54885 ], [ -150.60152, 70.55129 ], [ -150.65233, 70.54485 ], [ -150.79515, 70.54836 ], [ -150.87115, 70.53554 ], [ -150.92972, 70.51429 ], [ -151.04464, 70.49762 ], [ -151.18984, 70.49292 ], [ -151.31498, 70.46343 ], [ -151.36926, 70.47339 ], [ -151.54889, 70.49109 ], [ -151.54772, 70.50412 ], [ -151.50333, 70.53602 ], [ -151.51678, 70.57136 ], [ -151.54621, 70.58304 ], [ -151.61274, 70.5936 ], [ -152.04636, 70.81316 ], [ -152.05815, 70.84117 ], [ -152.08073, 70.84407 ], [ -152.15185, 70.87513 ], [ -152.34243, 70.90706 ], [ -152.3964, 70.91095 ], [ -152.50976, 70.93473 ], [ -152.67991, 70.93458 ], [ -152.81684, 70.96052 ], [ -152.86249, 70.96418 ], [ -152.93899, 70.96112 ], [ -153.00011, 70.96988 ], [ -153.05275, 70.96772 ], [ -153.13703, 70.97406 ], [ -153.27431, 70.97096 ], [ -153.44508, 70.94086 ], [ -153.5124, 70.93594 ], [ -153.74238, 70.94506 ], [ -153.89917, 70.93622 ], [ -154.43767, 71.02355 ], [ -154.49879, 71.05537 ], [ -154.62627, 71.10072 ], [ -154.82132, 71.15896 ], [ -155.00332, 71.20008 ], [ -155.14647, 71.22348 ], [ -155.30018, 71.23526 ], [ -155.45886, 71.26859 ], [ -155.65793, 71.28704 ], [ -155.75621, 71.28338 ], [ -155.82736, 71.32869 ], [ -155.92643, 71.35769 ], [ -156.24805, 71.40625 ], [ -156.29468, 71.40851 ], [ -156.40063, 71.43541 ], [ -156.48772, 71.43979 ], [ -156.58225, 71.42767 ], [ -156.64226, 71.39614 ], [ -156.76087, 71.37288 ], [ -156.94083, 71.3112 ], [ -157.23958, 71.1571 ], [ -157.34829, 71.08798 ], [ -157.53242, 71.00755 ], [ -157.81524, 70.92727 ], [ -157.93147, 70.90215 ], [ -158.17146, 70.87105 ], [ -158.33354, 70.87203 ], [ -158.45224, 70.88493 ], [ -158.55272, 70.90283 ], [ -158.62077, 70.94557 ], [ -158.67781, 70.95925 ], [ -158.734, 70.96312 ], [ -158.90501, 70.95537 ], [ -159.07944, 70.93276 ], [ -159.23844, 70.92028 ], [ -159.59754, 70.86472 ], [ -159.75547, 70.83053 ], [ -159.87941, 70.77718 ], [ -160.04237, 70.71986 ], [ -160.24456, 70.63598 ], [ -160.30395, 70.60337 ], [ -160.41422, 70.5613 ], [ -160.66515, 70.47644 ], [ -160.90786, 70.41574 ], [ -161.0381, 70.3899 ], [ -161.31513, 70.34726 ], [ -161.1, 70.3 ], [ -146.75717, 70.3 ] ] ] } },
{ "type": "Feature", "properties": { "fid": 17, "ZoneCode": "022006", "AbrvFull": "AK BREM", "NameFull": "Alaska Bremner", "ZoneNum": 6, "AbrvPart": "BREM", "NamePart": "Bremner", "ZoneType": "Multizone partial", "StateAbrv": "AK", "StateName": "Alaska", "ProjAbrv": "OMC", "ProjType": "Hotine Oblique Mercator, center", "LatOrigin": "61°27'N", "LonOriginE": "216°48'E", "LonOriginW": "143°12'W", "Lat0_deg": 61.45, "Lon0_E_deg": 216.8, "Lon0_W_deg": -143.2, "ProjScale": 1.000019, "SkewAz_deg": 56, "FalseN_m": 152400.0, "FalseE_m": 762000.0, "FalseN_ift": 500000.0, "FalseE_ift": 2500000.0, "DesignBy": "State", "Ref_frame": "NATRF2022" }, "geometry": { "type": "Polygon", "coordinates": [ [ [ -141.00198, 61.25057 ], [ -141.9, 61.4 ], [ -142.1, 61.2 ], [ -142.9, 61.2 ], [ -143.0, 61.0 ], [ -144.3, 61.25 ], [ -144.3, 61.4 ], [ -144.95, 61.4 ], [ -145.39, 61.07 ], [ -144.6, 60.56 ], [ -143.2, 60.7 ], [ -141.9, 60.67 ], [ -141.00189, 60.71514 ], [ -141.00198, 61.25057 ] ] ] } },
{ "type": "Feature", "properties": { "fid": 18, "ZoneCode": "022007", "AbrvFull": "AK CHAN", "NameFull": "Alaska Chandalar-Arctic Village", "ZoneNum": 7, "AbrvPart": "CHAN", "NamePart": "Chandalar-Arctic Village", "ZoneType": "Multizone partial", "StateAbrv": "AK", "StateName": "Alaska", "ProjAbrv": "OMC", "ProjType": "Hotine Oblique Mercator, center", "LatOrigin": "67°51'N", "LonOriginE": "214°39'E", "LonOriginW": "145°21'W", "Lat0_deg": 67.85, "Lon0_E_deg": 214.65, "Lon0_W_deg": -145.35, "ProjScale": 1.000088, "SkewAz_deg": 77, "FalseN_m": 190500.0, "FalseE_m": 800100.0, "FalseN_ift": 625000.0, "FalseE_ift": 2625000.0, "DesignBy": "State", "Ref_frame": "NATRF2022" }, "geometry": { "type": "Polygon", "coordinates": [ [ [ -141.00271, 68.0 ], [ -141.00269, 68.49836 ], [ -141.0009, 68.49836 ], [ -141.00081, 68.85 ], [ -143.65, 68.85 ], [ -146.09861, 68.55 ], [ -147.6, 68.55 ], [ -147.8, 68.5 ], [ -148.4, 68.5 ], [ -148.7, 68.25 ], [ -149.15, 68.25 ], [ -149.35, 68.05 ], [ -149.75, 66.8 ], [ -146.0, 67.5 ], [ -145.3, 67.8 ], [ -143.9, 67.8 ], [ -141.00271, 68.0 ] ] ] } },
{ "type": "Feature", "properties": { "fid": 19, "ZoneCode": "022008", "AbrvFull": "AK CHIC", "NameFull": "Alaska Chicken-Eagle", "ZoneNum": 8, "AbrvPart": "CHIC", "NamePart": "Chicken-Eagle", "ZoneType": "Multizone partial", "StateAbrv": "AK", "StateName": "Alaska", "ProjAbrv": "OMC", "ProjType": "Hotine Oblique Mercator, center", "LatOrigin": "64°48'N", "LonOriginE": "217°27'E", "LonOriginW": "142°33'W", "Lat0_deg": 64.8, "Lon0_E_deg": 217.45, "Lon0_W_deg": -142.55, "ProjScale": 1.000029, "SkewAz_deg": 41, "FalseN_m": 190500.0, "FalseE_m": 685800.0, "FalseN_ift": 625000.0, "FalseE_ift": 2250000.0, "DesignBy": "State", "Ref_frame": "NATRF2022" }, "geometry": { "type": "Polygon", "coordinates": [ [ [ -141.00136, 63.75 ], [ -141.00131, 65.00008 ], [ -141.00202, 65.5 ], [ -143.0, 65.5 ], [ -143.9, 65.2 ], [ -144.0, 64.8 ], [ -142.8, 64.3 ], [ -142.2, 63.75 ], [ -141.00136, 63.75 ] ] ] } },
{ "type": "Feature", "properties": { "fid": 20, "ZoneCode": "022009", "AbrvFull": "AK CHIS", "NameFull": "Alaska Chisana", "ZoneNum": 9, "AbrvPart": "CHIS", "NamePart": "Chisana", "ZoneType": "Multizone partial", "StateAbrv": "AK", "StateName": "Alaska", "ProjAbrv": "OMC", "ProjType": "Hotine Oblique Mercator, center", "LatOrigin": "62°48'N", "LonOriginE": "217°09'E", "LonOriginW": "142°51'W", "Lat0_deg": 62.8, "Lon0_E_deg": 217.15, "Lon0_W_deg": -142.85, "ProjScale": 1.000106, "SkewAz_deg": -65, "FalseN_m": 266700.0, "FalseE_m": 647700.0, "FalseN_ift": 875000.0, "FalseE_ift": 2125000.0, "DesignBy": "State", "Ref_frame": "NATRF2022" }, "geometry": { "type": "Polygon", "coordinates": [ [ [ -141.00147, 62.60334 ], [ -141.75, 62.7 ], [ -142.55, 62.95 ], [ -142.55, 62.71363 ], [ -142.6, 62.52 ], [ -142.8, 62.45 ], [ -143.05, 62.45 ], [ -142.95, 62.15 ], [ -142.95, 61.8 ], [ -142.3, 61.7 ], [ -141.9, 61.4 ], [ -141.00198, 61.25057 ], [ -141.00211, 61.87468 ], [ -141.0016, 61.90405 ], [ -141.00147, 62.60334 ] ] ] } },
{ "type": "Feature", "properties": { "fid": 21, "ZoneCode": "022010", "AbrvFull": "AK CHIT", "NameFull": "Alaska Chitina-McCarthy", "ZoneNum": 10, "AbrvPart": "CHIT", "NamePart": "Chitina-McCarthy", "ZoneType": "Multizone partial", "StateAbrv": "AK", "StateName": "Alaska", "ProjAbrv": "OMC", "ProjType": "Hotine Oblique Mercator, center", "LatOrigin": "61°54'N", "LonOriginE": "217°03'E", "LonOriginW": "142°57'W", "Lat0_deg": 61.9, "Lon0_E_deg": 217.05, "Lon0_W_deg": -142.95, "ProjScale": 1.000053, "SkewAz_deg": 61, "FalseN_m": 190500.0, "FalseE_m": 762000.0, "FalseN_ift": 625000.0, "FalseE_ift": 2500000.0, "DesignBy": "State", "Ref_frame": "NATRF2022" }, "geometry": { "type": "Polygon", "coordinates": [ [ [ -142.95, 61.8 ], [ -144.1, 61.75 ], [ -144.95, 61.9 ], [ -144.95, 61.4 ], [ -144.3, 61.4 ], [ -144.3, 61.25 ], [ -143.0, 61.0 ], [ -142.9, 61.2 ], [ -142.1, 61.2 ], [ -141.9, 61.4 ], [ -142.3, 61.7 ], [ -142.95, 61.8 ] ] ] } },
{ "type": "Feature", "properties": { "fid": 22, "ZoneCode": "022011", "AbrvFull": "AK DLTN", "NameFull": "Alaska Dalton Highway North", "ZoneNum": 11, "AbrvPart": "DLTN", "NamePart": "Dalton Highway North", "ZoneType": "Multizone partial", "StateAbrv": "AK", "StateName": "Alaska", "ProjAbrv": "OMC", "ProjType": "Hotine Oblique Mercator, center", "LatOrigin": "70°03'N", "LonOriginE": "211°06'E", "LonOriginW": "148°54'W", "Lat0_deg": 70.05, "Lon0_E_deg": 211.1, "Lon0_W_deg": -148.9, "ProjScale": 1.000049, "SkewAz_deg": -22, "FalseN_m": 304800.0, "FalseE_m": 685800.0, "FalseN_ift": 1000000.0, "FalseE_ift": 2250000.0, "DesignBy": "State", "Ref_frame": "NATRF2022" }, "geometry": { "type": "Polygon", "coordinates": [ [ [ -147.6, 68.55 ], [ -147.6, 69.04 ], [ -148.1, 69.25 ], [ -148.8, 69.25 ], [ -149.4, 69.15 ], [ -149.9, 68.2 ], [ -149.9, 68.05 ], [ -149.35, 68.05 ], [ -149.15, 68.25 ], [ -148.7, 68.25 ], [ -148.4, 68.5 ], [ -147.8, 68.5 ], [ -147.6, 68.55 ] ] ] } },
{ "type": "Feature", "properties": { "fid": 23, "ZoneCode": "022012", "AbrvFull": "AK DLTS", "NameFull": "Alaska Dalton Highway South", "ZoneNum": 12, "AbrvPart": "DLTS", "NamePart": "Dalton Highway South", "ZoneType": "Multizone partial", "StateAbrv": "AK", "StateName": "Alaska", "ProjAbrv": "OMC", "ProjType": "Hotine Oblique Mercator, center", "LatOrigin": "66°30'N", "LonOriginE": "209°54'E", "LonOriginW": "150°06'W", "Lat0_deg": 66.5, "Lon0_E_deg": 209.9, "Lon0_W_deg": -150.1, "ProjScale": 1.000046, "SkewAz_deg": -19, "FalseN_m": 152400.0, "FalseE_m": 685800.0, "FalseN_ift": 500000.0, "FalseE_ift": 2250000.0, "DesignBy": "State", "Ref_frame": "NATRF2022" }, "geometry": { "type": "Polygon", "coordinates": [ [ [ -149.75, 66.8 ], [ -149.35, 68.05 ], [ -149.9, 68.05 ], [ -151.1, 67.25 ], [ -151.1, 66.6 ], [ -151.1, 65.7 ], [ -149.45, 65.85 ], [ -149.75, 66.2 ], [ -149.75, 66.8 ] ] ] } },
{ "type": "Feature", "properties": { "fid": 24, "ZoneCode": "022013", "AbrvFull": "AK DNLI", "NameFull": "Alaska Denali Highway", "ZoneNum": 13, "AbrvPart": "DNLI", "NamePart": "Denali Highway", "ZoneType": "Multizone partial", "StateAbrv": "AK", "StateName": "Alaska", "ProjAbrv": "LC1", "ProjType": "Lambert Conformal Conic, one parallel", "LatOrigin": "63°42'N", "LonOriginE": "213°51'E", "LonOriginW": "146°09'W", "Lat0_deg": 63.7, "Lon0_E_deg": 213.85, "Lon0_W_deg": -146.15, "ProjScale": 1.000094, "SkewAz_deg": -9999, "FalseN_m": 190500.0, "FalseE_m": 762000.0, "FalseN_ift": 625000.0, "FalseE_ift": 2500000.0, "DesignBy": "State", "Ref_frame": "NATRF2022" }, "geometry": { "type": "Polygon", "coordinates": [ [ [ -146.45, 63.95 ], [ -148.65, 64.25 ], [ -148.65, 62.8 ], [ -146.25, 62.8 ], [ -145.9, 63.0 ], [ -145.9, 63.15 ], [ -145.45, 63.25 ], [ -145.35, 62.95 ], [ -144.0, 62.95 ], [ -143.7, 63.15 ], [ -143.62, 63.375 ], [ -143.8, 63.375 ], [ -143.9, 63.5 ], [ -144.2, 63.67 ], [ -144.65, 63.67 ], [ -144.82, 63.75 ], [ -145.15, 63.78 ], [ -145.38, 63.86 ], [ -145.6, 63.8 ], [ -146.45, 63.95 ] ] ] } },
{ "type": "Feature", "properties": { "fid": 25, "ZoneCode": "022014", "AbrvFull": "AK FARU", "NameFull": "Alaska Fairbanks-Ruby", "ZoneNum": 14, "AbrvPart": "FARU", "NamePart": "Fairbanks-Ruby", "ZoneType": "Multizone partial", "StateAbrv": "AK", "StateName": "Alaska", "ProjAbrv": "LC1", "ProjType": "Lambert Conformal Conic, one parallel", "LatOrigin": "64°39'N", "LonOriginE": "212°15'E", "LonOriginW": "147°45'W", "Lat0_deg": 64.65, "Lon0_E_deg": 212.25, "Lon0_W_deg": -147.75, "ProjScale": 1.000022, "SkewAz_deg": -9999, "FalseN_m": 152400.0, "FalseE_m": 1066800.0, "FalseN_ift": 500000.0, "FalseE_ift": 3500000.0, "DesignBy": "State", "Ref_frame": "NATRF2022" }, "geometry": { "type": "Polygon", "coordinates": [ [ [ -143.9, 65.2 ], [ -145.2, 65.6 ], [ -147.6, 65.45 ], [ -148.5, 65.1 ], [ -150.7, 64.9 ], [ -154.0, 65.0 ], [ -155.3, 64.85 ], [ -156.0, 64.83 ], [ -156.0, 64.7 ], [ -155.9, 64.1 ], [ -153.75, 64.15 ], [ -153.75, 63.8 ], [ -151.75, 64.1 ], [ -150.7, 64.3 ], [ -149.25, 64.15 ], [ -148.65, 64.25 ], [ -146.45, 63.95 ], [ -144.7, 64.8 ], [ -144.0, 64.8 ], [ -143.9, 65.2 ] ] ] } },
{ "type": "Feature", "properties": { "fid": 26, "ZoneCode": "022015", "AbrvFull": "AK GLNN", "NameFull": "Alaska Glenn Highway-Richardson Highway", "ZoneNum": 15, "AbrvPart": "GLNN", "NamePart": "Glenn Highway-Richardson Highway", "ZoneType": "Multizone partial", "StateAbrv": "AK", "StateName": "Alaska", "ProjAbrv": "OMC", "ProjType": "Hotine Oblique Mercator, center", "LatOrigin": "61°48'N", "LonOriginE": "214°36'E", "LonOriginW": "145°24'W", "Lat0_deg": 61.8, "Lon0_E_deg": 214.6, "Lon0_W_deg": -145.4, "ProjScale": 1.00007, "SkewAz_deg": 30, "FalseN_m": 152400.0, "FalseE_m": 762000.0, "FalseN_ift": 500000.0, "FalseE_ift": 2500000.0, "DesignBy": "State", "Ref_frame": "NATRF2022" }, "geometry": { "type": "Polygon", "coordinates": [ [ [ -145.35, 62.95 ], [ -145.45, 63.25 ], [ -145.9, 63.15 ], [ -145.9, 63.0 ], [ -146.25, 62.8 ], [ -146.25, 62.6 ], [ -146.95, 62.05 ], [ -147.25, 61.65 ], [ -146.1, 61.3 ], [ -145.74, 61.11 ], [ -145.39, 61.07 ], [ -144.95, 61.4 ], [ -144.95, 61.9 ], [ -145.15, 62.1 ], [ -145.15, 62.6 ], [ -145.35, 62.95 ] ] ] } },
{ "type": "Feature", "properties": { "fid": 27, "ZoneCode": "022016", "AbrvFull": "AK HEID", "NameFull": "Alaska Heiden", "ZoneNum": 16, "AbrvPart": "HEID", "NamePart": "Heiden", "ZoneType": "Multizone partial", "StateAbrv": "AK", "StateName": "Alaska", "ProjAbrv": "OMC", "ProjType": "Hotine Oblique Mercator, center", "LatOrigin": "57°21'N", "LonOriginE": "202°42'E", "LonOriginW": "157°18'W", "Lat0_deg": 57.35, "Lon0_E_deg": 202.7, "Lon0_W_deg": -157.3, "ProjScale": 0.999994, "SkewAz_deg": 48, "FalseN_m": 266700.0, "FalseE_m": 800100.0, "FalseN_ift": 875000.0, "FalseE_ift": 2625000.0, "DesignBy": "State", "Ref_frame": "NATRF2022" }, "geometry": { "type": "Polygon", "coordinates": [ [ [ -158.75455, 57.25125 ], [ -158.89348, 56.99984 ], [ -158.89358, 56.94506 ], [ -158.9194, 56.93822 ], [ -158.98157, 56.91113 ], [ -159.08157, 56.85289 ], [ -159.17391, 56.81445 ], [ -159.35122, 56.75772 ], [ -159.42574, 56.74019 ], [ -159.50228, 56.7028 ], [ -159.58098, 56.67292 ], [ -159.63713, 56.65851 ], [ -159.67583, 56.64499 ], [ -159.80791, 56.61033 ], [ -159.91, 56.57537 ], [ -159.91, 55.51055 ], [ -159.6553, 55.52889 ], [ -159.63339, 55.52361 ], [ -159.58466, 55.52426 ], [ -159.53815, 55.53201 ], [ -159.51145, 55.54962 ], [ -159.50398, 55.56736 ], [ -159.52152, 55.60089 ], [ -159.48881, 55.60894 ], [ -159.44687, 55.63853 ], [ -158.95072, 55.63891 ], [ -157.47, 56.5 ], [ -156.32802, 57.05329 ], [ -156.31167, 57.06792 ], [ -156.31648, 57.1055 ], [ -156.26276, 57.1336 ], [ -156.22781, 57.16246 ], [ -156.21451, 57.19518 ], [ -156.24704, 57.24378 ], [ -156.1967, 57.3102 ], [ -156.18416, 57.31723 ], [ -156.1672, 57.34585 ], [ -156.14182, 57.35364 ], [ -156.09835, 57.37985 ], [ -155.97892, 57.3959 ], [ -155.93976, 57.41287 ], [ -155.91981, 57.43303 ], [ -155.85079, 57.48838 ], [ -155.84448, 57.49751 ], [ -155.79613, 57.49553 ], [ -155.76441, 57.4991 ], [ -155.71926, 57.49742 ], [ -155.66796, 57.50835 ], [ -155.6455, 57.52236 ], [ -155.63257, 57.58681 ], [ -155.63949, 57.60227 ], [ -155.60103, 57.61084 ], [ -155.58911, 57.60828 ], [ -155.45986, 57.63765 ], [ -155.36091, 57.62503 ], [ -155.3004, 57.64289 ], [ -155.28095, 57.65683 ], [ -155.277, 57.67611 ], [ -155.24579, 57.6816 ], [ -155.20995, 57.71626 ], [ -155.15006, 57.75002 ], [ -155.15071, 57.77196 ], [ -155.16086, 57.79059 ], [ -155.12902, 57.78795 ], [ -155.07888, 57.79534 ], [ -155.04352, 57.81239 ], [ -154.99402, 57.86319 ], [ -154.96969, 57.92785 ], [ -154.94074, 57.97507 ], [ -154.8938, 57.98354 ], [ -154.8653, 57.96764 ], [ -154.80093, 57.95915 ], [ -154.74775, 57.96919 ], [ -154.70899, 57.9823 ], [ -154.58913, 57.98978 ], [ -154.53959, 57.9882 ], [ -154.39074, 57.9993 ], [ -154.33513, 58.02671 ], [ -154.28818, 58.03082 ], [ -154.26552, 58.03823 ], [ -154.22047, 58.06617 ], [ -154.2118, 58.08029 ], [ -154.15519, 58.09098 ], [ -154.11956, 58.11323 ], [ -154.10892, 58.14601 ], [ -154.08282, 58.15401 ], [ -154.05897, 58.17521 ], [ -154.03904, 58.23036 ], [ -153.97004, 58.31272 ], [ -153.92599, 58.3198 ], [ -153.90933, 58.3291 ], [ -153.85856, 58.37427 ], [ -153.85852, 58.3976 ], [ -153.8839, 58.43855 ], [ -153.88179, 58.4565 ], [ -153.84442, 58.47226 ], [ -153.82107, 58.4878 ], [ -153.81066, 58.51539 ], [ -153.77841, 58.50404 ], [ -153.69236, 58.49351 ], [ -153.6541, 58.4996 ], [ -153.6098, 58.51975 ], [ -153.59267, 58.54225 ], [ -153.51515, 58.5484 ], [ -153.46871, 58.5665 ], [ -153.44702, 58.59841 ], [ -153.4579, 58.62346 ], [ -153.47878, 58.64169 ], [ -153.37158, 58.67328 ], [ -153.31802, 58.71296 ], [ -153.27803, 58.7069 ], [ -153.2448, 58.70747 ], [ -153.18696, 58.72935 ], [ -153.16685, 58.75518 ], [ -153.17664, 58.78467 ], [ -153.2025, 58.80133 ], [ -153.16703, 58.82302 ], [ -153.15235, 58.84758 ], [ -153.15284, 58.86902 ], [ -153.16514, 58.89271 ], [ -153.18409, 58.90573 ], [ -153.13587, 58.93435 ], [ -153.0, 59.65 ], [ -154.3, 59.3 ], [ -155.5, 58.8 ], [ -158.75455, 57.25125 ] ] ] } },
{ "type": "Feature", "properties": { "fid": 28, "ZoneCode": "022017", "AbrvFull": "AK HUSL", "NameFull": "Alaska Huslia-Hughes", "ZoneNum": 17, "AbrvPart": "HUSL", "NamePart": "Huslia-Hughes", "ZoneType": "Multizone partial", "StateAbrv": "AK", "StateName": "Alaska", "ProjAbrv": "OMC", "ProjType": "Hotine Oblique Mercator, center", "LatOrigin": "66°03'N", "LonOriginE": "206°12'E", "LonOriginW": "153°48'W", "Lat0_deg": 66.05, "Lon0_E_deg": 206.2, "Lon0_W_deg": -153.8, "ProjScale": 1.000012, "SkewAz_deg": 64, "FalseN_m": 190500.0, "FalseE_m": 800100.0, "FalseN_ift": 625000.0, "FalseE_ift": 2625000.0, "DesignBy": "State", "Ref_frame": "NATRF2022" }, "geometry": { "type": "Polygon", "coordinates": [ [ [ -151.1, 66.6 ], [ -153.1, 66.7 ], [ -157.0, 66.15 ], [ -156.5, 65.1 ], [ -156.15, 64.9 ], [ -156.0, 64.9 ], [ -154.3, 65.35 ], [ -151.1, 65.7 ], [ -151.1, 66.6 ] ] ] } },
{ "type": "Feature", "properties": { "fid": 29, "ZoneCode": "022018", "AbrvFull": "AK KANE", "NameFull": "Alaska Kanektok", "ZoneNum": 18, "AbrvPart": "KANE", "NamePart": "Kanektok", "ZoneType": "Multizone partial", "StateAbrv": "AK", "StateName": "Alaska", "ProjAbrv": "OMC", "ProjType": "Hotine Oblique Mercator, center", "LatOrigin": "61°54'N", "LonOriginE": "198°33'E", "LonOriginW": "161°27'W", "Lat0_deg": 61.9, "Lon0_E_deg": 198.55, "Lon0_W_deg": -161.45, "ProjScale": 0.999978, "SkewAz_deg": -6, "FalseN_m": 457200.0, "FalseE_m": 685800.0, "FalseN_ift": 1500000.0, "FalseE_ift": 2250000.0, "DesignBy": "State", "Ref_frame": "NATRF2022" }, "geometry": { "type": "MultiPolygon", "coordinates": [ [ [ [ -160.32324, 58.77506 ], [ -160.36764, 58.7941 ], [ -160.41604, 58.79845 ], [ -160.45223, 58.79185 ], [ -160.49037, 58.77363 ], [ -160.52579, 58.73024 ], [ -160.52542, 58.70857 ], [ -160.53749, 58.70027 ], [ -160.54432, 58.67433 ], [ -160.52874, 58.65416 ], [ -160.47534, 58.62719 ], [ -160.4331, 58.62225 ], [ -160.38763, 58.62765 ], [ -160.41429, 58.58693 ], [ -160.39686, 58.55392 ], [ -160.36762, 58.54199 ], [ -160.33361, 58.53568 ], [ -160.30103, 58.53576 ], [ -160.25876, 58.54457 ], [ -160.2256, 58.56554 ], [ -160.21216, 58.59505 ], [ -160.17982, 58.61002 ], [ -160.15409, 58.63711 ], [ -160.15273, 58.6582 ], [ -160.12255, 58.67283 ], [ -160.09697, 58.69728 ], [ -160.10191, 58.72481 ], [ -160.13762, 58.7489 ], [ -160.18767, 58.75628 ], [ -160.21408, 58.75548 ], [ -160.2377, 58.76605 ], [ -160.28239, 58.77497 ], [ -160.32324, 58.77506 ] ] ], [ [ [ -159.2, 59.7 ], [ -159.2, 60.6 ], [ -159.7, 61.3 ], [ -162.44985, 59.88462 ], [ -162.44166, 59.84408 ], [ -162.41138, 59.82326 ], [ -162.36434, 59.81087 ], [ -162.29766, 59.81174 ], [ -162.25732, 59.80619 ], [ -162.19443, 59.81219 ], [ -162.18665, 59.81891 ], [ -162.16065, 59.7998 ], [ -162.13851, 59.77239 ], [ -162.10686, 59.75421 ], [ -162.09824, 59.73371 ], [ -162.06832, 59.71643 ], [ -162.06488, 59.70003 ], [ -162.04261, 59.67073 ], [ -162.0127, 59.64565 ], [ -162.00306, 59.64465 ], [ -161.87127, 59.52479 ], [ -161.89478, 59.50757 ], [ -161.91445, 59.46929 ], [ -161.95854, 59.44781 ], [ -162.01402, 59.43213 ], [ -162.05361, 59.40899 ], [ -162.06132, 59.39796 ], [ -162.06475, 59.36003 ], [ -162.11156, 59.33293 ], [ -162.13211, 59.3062 ], [ -162.1666, 59.27508 ], [ -162.17101, 59.24757 ], [ -162.16381, 59.22446 ], [ -162.1022, 59.12875 ], [ -162.04682, 59.07908 ], [ -162.00768, 59.05529 ], [ -162.00113, 59.07023 ], [ -161.95335, 59.0327 ], [ -161.90247, 58.9776 ], [ -161.88176, 58.94415 ], [ -161.88811, 58.89773 ], [ -161.88179, 58.8575 ], [ -161.85753, 58.83043 ], [ -161.8512, 58.80798 ], [ -161.88916, 58.7843 ], [ -161.89784, 58.76204 ], [ -161.92298, 58.75456 ], [ -161.94917, 58.72433 ], [ -162.02082, 58.72633 ], [ -162.038, 58.7221 ], [ -162.09104, 58.72274 ], [ -162.12848, 58.71307 ], [ -162.16852, 58.71028 ], [ -162.21542, 58.69503 ], [ -162.22628, 58.68554 ], [ -162.26898, 58.66756 ], [ -162.28073, 58.6463 ], [ -162.27041, 58.62213 ], [ -162.23029, 58.59855 ], [ -162.19898, 58.58998 ], [ -162.17174, 58.58994 ], [ -162.13222, 58.57138 ], [ -162.08176, 58.5649 ], [ -162.04308, 58.56833 ], [ -161.99861, 58.56108 ], [ -161.97154, 58.56774 ], [ -161.93017, 58.56627 ], [ -161.90905, 58.57274 ], [ -161.86364, 58.56873 ], [ -161.86429, 58.54584 ], [ -161.85504, 58.53217 ], [ -161.81757, 58.50573 ], [ -161.74924, 58.49602 ], [ -161.64025, 58.50233 ], [ -161.58698, 58.51842 ], [ -161.5715, 58.54376 ], [ -161.52135, 58.55164 ], [ -161.48987, 58.5619 ], [ -161.45783, 58.58597 ], [ -161.41836, 58.59599 ], [ -161.35346, 58.60359 ], [ -161.29981, 58.61808 ], [ -161.23398, 58.64345 ], [ -161.17704, 58.60707 ], [ -161.18677, 58.5733 ], [ -161.17734, 58.54257 ], [ -161.15892, 58.51238 ], [ -161.09579, 58.49003 ], [ -161.06753, 58.48981 ], [ -161.0156, 58.50306 ], [ -160.96483, 58.49569 ], [ -160.93344, 58.49611 ], [ -160.87415, 58.51007 ], [ -160.8431, 58.52435 ], [ -160.80177, 58.55143 ], [ -160.78727, 58.58157 ], [ -160.70003, 58.67207 ], [ -160.68914, 58.69026 ], [ -160.62658, 58.76081 ], [ -160.60163, 58.79332 ], [ -160.5935, 58.82173 ], [ -160.60871, 58.84362 ], [ -160.34309, 58.88054 ], [ -160.32693, 58.85842 ], [ -160.33368, 58.84831 ], [ -160.2976, 58.79915 ], [ -160.234, 58.77396 ], [ -160.20876, 58.77012 ], [ -160.15076, 58.772 ], [ -160.11301, 58.78661 ], [ -160.08915, 58.8063 ], [ -160.02899, 58.76456 ], [ -159.2, 59.7 ] ] ] ] } },
{ "type": "Feature", "properties": { "fid": 30, "ZoneCode": "022019", "AbrvFull": "AK KING", "NameFull": "Alaska King Salmon-Pedro Bay", "ZoneNum": 19, "AbrvPart": "KING", "NamePart": "King Salmon-Pedro Bay", "ZoneType": "Multizone partial", "StateAbrv": "AK", "StateName": "Alaska", "ProjAbrv": "OMC", "ProjType": "Hotine Oblique Mercator, center", "LatOrigin": "59°09'N", "LonOriginE": "203°57'E", "LonOriginW": "156°03'W", "Lat0_deg": 59.15, "Lon0_E_deg": 203.95, "Lon0_W_deg": -156.05, "ProjScale": 0.999998, "SkewAz_deg": 49, "FalseN_m": 228600.0, "FalseE_m": 762000.0, "FalseN_ift": 750000.0, "FalseE_ift": 2500000.0, "DesignBy": "State", "Ref_frame": "NATRF2022" }, "geometry": { "type": "Polygon", "coordinates": [ [ [ -152.4, 60.25 ], [ -152.95, 60.55 ], [ -153.2, 60.9 ], [ -155.0, 60.4 ], [ -158.60966, 58.53651 ], [ -158.60523, 58.45559 ], [ -158.21303, 58.5426 ], [ -158.14787, 58.54378 ], [ -158.06982, 58.49032 ], [ -158.75455, 57.25125 ], [ -155.5, 58.8 ], [ -154.3, 59.3 ], [ -153.0, 59.65 ], [ -152.6, 59.9 ], [ -152.4, 60.25 ] ] ] } },
{ "type": "Feature", "properties": { "fid": 31, "ZoneCode": "022020", "AbrvFull": "AK KOTZ", "NameFull": "Alaska Kotzebue-Point Hope", "ZoneNum": 20, "AbrvPart": "KOTZ", "NamePart": "Kotzebue-Point Hope", "ZoneType": "Multizone partial", "StateAbrv": "AK", "StateName": "Alaska", "ProjAbrv": "OMC", "ProjType": "Hotine Oblique Mercator, center", "LatOrigin": "67°03'N", "LonOriginE": "197°51'E", "LonOriginW": "162°09'W", "Lat0_deg": 67.05, "Lon0_E_deg": 197.85, "Lon0_W_deg": -162.15, "ProjScale": 0.99999899999999997, "SkewAz_deg": -50, "FalseN_m": 342900.0, "FalseE_m": 838200.0, "FalseN_ift": 1125000.0, "FalseE_ift": 2750000.0, "DesignBy": "State", "Ref_frame": "NATRF2022" }, "geometry": { "type": "Polygon", "coordinates": [ [ [ -160.55, 67.0 ], [ -162.7, 67.8 ], [ -162.7, 68.35 ], [ -166.36612, 68.86888 ], [ -166.32731, 68.78176 ], [ -166.34128, 68.71305 ], [ -166.3333, 68.69613 ], [ -166.37124, 68.6513 ], [ -166.36147, 68.63459 ], [ -166.36766, 68.57499 ], [ -166.43491, 68.53064 ], [ -166.44392, 68.47849 ], [ -166.45784, 68.46614 ], [ -166.50287, 68.45611 ], [ -166.84998, 68.40164 ], [ -166.91291, 68.38533 ], [ -166.97157, 68.35606 ], [ -166.97211, 68.32245 ], [ -166.94204, 68.30259 ], [ -166.86059, 68.28748 ], [ -166.75963, 68.29456 ], [ -166.65198, 68.28832 ], [ -166.47141, 68.26472 ], [ -166.36478, 68.24427 ], [ -166.2853, 68.22437 ], [ -166.17754, 68.18503 ], [ -166.12925, 68.15463 ], [ -166.09592, 68.11827 ], [ -166.03391, 68.09181 ], [ -165.96604, 68.07249 ], [ -165.86945, 68.05509 ], [ -165.68438, 68.03472 ], [ -165.59605, 68.03473 ], [ -165.54535, 68.02893 ], [ -165.49945, 68.01878 ], [ -164.66492, 67.69822 ], [ -164.65522, 67.69245 ], [ -164.54901, 67.66199 ], [ -164.39534, 67.6206 ], [ -164.28127, 67.59167 ], [ -164.23031, 67.57505 ], [ -164.17543, 67.5476 ], [ -164.11666, 67.49997 ], [ -164.00451, 67.39781 ], [ -163.90565, 67.25344 ], [ -163.88253, 67.21498 ], [ -163.96246, 67.1967 ], [ -164.00272, 67.17255 ], [ -163.99123, 67.14788 ], [ -163.91138, 67.1047 ], [ -163.78152, 67.06976 ], [ -163.61768, 67.04873 ], [ -163.48771, 67.03867 ], [ -163.40435, 67.02976 ], [ -163.34053, 67.02592 ], [ -163.1499, 67.0 ], [ -163.1299, 66.99484 ], [ -163.04947, 66.98661 ], [ -162.87685, 66.94783 ], [ -162.83203, 66.92681 ], [ -162.89309, 66.89974 ], [ -162.97842, 66.87095 ], [ -163.10802, 66.81979 ], [ -162.4, 66.65 ], [ -161.0, 66.25 ], [ -160.2, 65.45 ], [ -159.8, 65.4 ], [ -159.2, 64.85 ], [ -158.0, 64.85 ], [ -157.0, 64.55 ], [ -156.0, 64.7 ], [ -156.0, 64.83 ], [ -156.0, 64.9 ], [ -156.15, 64.9 ], [ -156.5, 65.1 ], [ -157.0, 66.15 ], [ -160.55, 67.0 ] ] ] } },
{ "type": "Feature", "properties": { "fid": 32, "ZoneCode": "022021", "AbrvFull": "AK KUSK", "NameFull": "Alaska Kuskokwim", "ZoneNum": 21, "AbrvPart": "KUSK", "NamePart": "Kuskokwim", "ZoneType": "Multizone partial", "StateAbrv": "AK", "StateName": "Alaska", "ProjAbrv": "OMC", "ProjType": "Hotine Oblique Mercator, center", "LatOrigin": "62°15'N", "LonOriginE": "200°45'E", "LonOriginW": "159°15'W", "Lat0_deg": 62.25, "Lon0_E_deg": 200.75, "Lon0_W_deg": -159.25, "ProjScale": 0.999995, "SkewAz_deg": 44, "FalseN_m": 342900.0, "FalseE_m": 952500.0, "FalseN_ift": 1125000.0, "FalseE_ift": 3125000.0, "DesignBy": "State", "Ref_frame": "NATRF2022" }, "geometry": { "type": "Polygon", "coordinates": [ [ [ -153.75, 63.8 ], [ -153.75, 64.15 ], [ -155.9, 64.1 ], [ -156.4, 64.1 ], [ -157.7, 63.65 ], [ -161.8, 61.75 ], [ -164.62428, 60.16459 ], [ -164.59739, 60.15824 ], [ -164.57474, 60.13301 ], [ -164.52145, 60.09197 ], [ -164.48823, 60.05496 ], [ -164.44573, 60.03051 ], [ -164.39007, 60.01085 ], [ -164.34283, 60.00293 ], [ -164.36433, 59.99922 ], [ -164.42027, 59.9781 ], [ -164.44966, 59.95334 ], [ -164.4208, 59.90697 ], [ -164.4157, 59.88487 ], [ -164.34654, 59.84836 ], [ -164.33667, 59.8296 ], [ -164.31315, 59.80629 ], [ -164.27463, 59.77831 ], [ -164.23096, 59.75306 ], [ -164.15084, 59.72238 ], [ -164.12479, 59.71628 ], [ -164.11107, 59.69408 ], [ -164.08078, 59.67051 ], [ -164.0133, 59.63776 ], [ -163.97624, 59.63433 ], [ -163.91972, 59.64046 ], [ -163.84707, 59.61793 ], [ -163.81195, 59.62083 ], [ -163.76096, 59.63972 ], [ -163.73995, 59.66865 ], [ -163.7489, 59.68642 ], [ -163.7878, 59.70919 ], [ -163.81367, 59.71694 ], [ -163.84733, 59.71845 ], [ -163.89689, 59.71464 ], [ -163.95286, 59.73592 ], [ -163.966, 59.74712 ], [ -163.99974, 59.75497 ], [ -163.98239, 59.76147 ], [ -163.78437, 59.74057 ], [ -163.64742, 59.74361 ], [ -163.58202, 59.75164 ], [ -163.42852, 59.76087 ], [ -163.33003, 59.76966 ], [ -163.2278, 59.78585 ], [ -163.14586, 59.79564 ], [ -163.10567, 59.77824 ], [ -163.02559, 59.76754 ], [ -162.97478, 59.77283 ], [ -162.94722, 59.76829 ], [ -162.86866, 59.78038 ], [ -162.82609, 59.80066 ], [ -162.81589, 59.81283 ], [ -162.81805, 59.84028 ], [ -162.76254, 59.85746 ], [ -162.70756, 59.88018 ], [ -162.69837, 59.89182 ], [ -162.60641, 59.8883 ], [ -162.56264, 59.89683 ], [ -162.44985, 59.88462 ], [ -159.7, 61.3 ], [ -156.9, 62.4 ], [ -155.6, 63.3 ], [ -153.75, 63.6 ], [ -153.75, 63.8 ] ] ] } },
{ "type": "Feature", "properties": { "fid": 33, "ZoneCode": "022022", "AbrvFull": "AK LYUK", "NameFull": "Alaska Lower Yukon-Nunivak Island", "ZoneNum": 22, "AbrvPart": "LYUK", "NamePart": "Lower Yukon-Nunivak Island", "ZoneType": "Multizone partial", "StateAbrv": "AK", "StateName": "Alaska", "ProjAbrv": "OMC", "ProjType": "Hotine Oblique Mercator, center", "LatOrigin": "62°39'N", "LonOriginE": "198°39'E", "LonOriginW": "161°21'W", "Lat0_deg": 62.65, "Lon0_E_deg": 198.65, "Lon0_W_deg": -161.35, "ProjScale": 0.999998, "SkewAz_deg": 44, "FalseN_m": 342900.0, "FalseE_m": 990600.0, "FalseN_ift": 1125000.0, "FalseE_ift": 3250000.0, "DesignBy": "State", "Ref_frame": "NATRF2022" }, "geometry": { "type": "MultiPolygon", "coordinates": [ [ [ [ -165.99831, 60.4004 ], [ -166.0058, 60.41957 ], [ -166.03069, 60.43894 ], [ -166.05419, 60.46949 ], [ -166.08488, 60.48594 ], [ -166.15243, 60.51075 ], [ -166.20859, 60.50519 ], [ -166.24933, 60.49113 ], [ -166.27093, 60.47862 ], [ -166.27633, 60.45161 ], [ -166.29763, 60.44743 ], [ -166.34982, 60.41775 ], [ -166.40287, 60.4262 ], [ -166.44362, 60.44448 ], [ -166.47801, 60.44876 ], [ -166.52884, 60.44427 ], [ -166.57019, 60.42292 ], [ -166.62012, 60.41295 ], [ -166.66631, 60.38579 ], [ -166.73934, 60.38786 ], [ -166.80052, 60.36276 ], [ -166.8126, 60.35058 ], [ -166.84468, 60.34503 ], [ -166.87341, 60.3312 ], [ -166.88595, 60.31756 ], [ -166.92976, 60.2955 ], [ -166.94378, 60.2781 ], [ -166.96798, 60.2775 ], [ -167.01806, 60.26624 ], [ -167.06995, 60.28475 ], [ -167.12055, 60.29123 ], [ -167.15346, 60.28243 ], [ -167.22595, 60.28797 ], [ -167.25511, 60.28382 ], [ -167.30983, 60.29072 ], [ -167.33672, 60.28743 ], [ -167.37112, 60.27569 ], [ -167.41178, 60.27159 ], [ -167.4377, 60.26285 ], [ -167.50807, 60.26311 ], [ -167.5508, 60.24055 ], [ -167.5603, 60.20596 ], [ -167.53635, 60.17825 ], [ -167.49243, 60.15202 ], [ -167.47324, 60.14891 ], [ -167.46458, 60.12465 ], [ -167.43645, 60.10876 ], [ -167.44297, 60.09545 ], [ -167.44077, 60.05646 ], [ -167.41799, 60.03416 ], [ -167.38558, 60.02121 ], [ -167.32415, 60.01846 ], [ -167.2934, 59.99919 ], [ -167.22273, 59.99385 ], [ -167.13784, 59.94403 ], [ -167.10291, 59.93695 ], [ -167.04204, 59.93576 ], [ -166.94062, 59.91191 ], [ -166.90461, 59.89805 ], [ -166.85085, 59.87106 ], [ -166.8289, 59.85233 ], [ -166.78651, 59.84266 ], [ -166.73678, 59.8383 ], [ -166.65434, 59.80239 ], [ -166.62613, 59.79706 ], [ -166.56422, 59.79611 ], [ -166.50797, 59.79875 ], [ -166.46171, 59.79593 ], [ -166.42967, 59.80164 ], [ -166.36639, 59.77966 ], [ -166.32185, 59.77314 ], [ -166.30058, 59.76007 ], [ -166.27387, 59.73385 ], [ -166.24211, 59.7171 ], [ -166.19661, 59.70338 ], [ -166.09972, 59.69405 ], [ -166.05789, 59.69554 ], [ -166.01245, 59.70538 ], [ -165.96482, 59.72297 ], [ -165.82486, 59.80675 ], [ -165.77327, 59.82047 ], [ -165.73902, 59.84135 ], [ -165.69903, 59.83508 ], [ -165.65782, 59.83626 ], [ -165.62526, 59.8464 ], [ -165.56038, 59.85287 ], [ -165.49547, 59.87018 ], [ -165.46091, 59.89501 ], [ -165.43913, 59.93604 ], [ -165.412, 59.95414 ], [ -165.40246, 59.97045 ], [ -165.45188, 59.99042 ], [ -165.46236, 60.00959 ], [ -165.4975, 60.02789 ], [ -165.53936, 60.03498 ], [ -165.57317, 60.07506 ], [ -165.55746, 60.09919 ], [ -165.55968, 60.13333 ], [ -165.57715, 60.15079 ], [ -165.5885, 60.17888 ], [ -165.57037, 60.19786 ], [ -165.5666, 60.21565 ], [ -165.5883, 60.24141 ], [ -165.57071, 60.25896 ], [ -165.57437, 60.2733 ], [ -165.56152, 60.30173 ], [ -165.57451, 60.3212 ], [ -165.6002, 60.33893 ], [ -165.64948, 60.34882 ], [ -165.65393, 60.37176 ], [ -165.69308, 60.39315 ], [ -165.73846, 60.40561 ], [ -165.78246, 60.40487 ], [ -165.82845, 60.39005 ], [ -165.84774, 60.39857 ], [ -165.89938, 60.4032 ], [ -165.9495, 60.39378 ], [ -165.98137, 60.37409 ], [ -166.00953, 60.3877 ], [ -165.99831, 60.4004 ] ] ], [ [ [ -156.0, 64.7 ], [ -157.0, 64.55 ], [ -158.0, 64.85 ], [ -158.6, 64.05 ], [ -159.3, 64.05 ], [ -159.6, 63.7 ], [ -163.5, 62.3 ], [ -165.74333, 61.12512 ], [ -165.71685, 61.09646 ], [ -165.66365, 61.05781 ], [ -165.60676, 61.04001 ], [ -165.53878, 61.02678 ], [ -165.41667, 61.01248 ], [ -165.3466, 61.01544 ], [ -165.29015, 61.03406 ], [ -165.25838, 61.05064 ], [ -165.23656, 61.05009 ], [ -165.2618, 61.02151 ], [ -165.30114, 60.99024 ], [ -165.30215, 60.96644 ], [ -165.27435, 60.94636 ], [ -165.26303, 60.92313 ], [ -165.22348, 60.89645 ], [ -165.17052, 60.87693 ], [ -165.17749, 60.84797 ], [ -165.15751, 60.8293 ], [ -165.17617, 60.79633 ], [ -165.14097, 60.76618 ], [ -165.13918, 60.75012 ], [ -165.12337, 60.73663 ], [ -165.14675, 60.72545 ], [ -165.16424, 60.70768 ], [ -165.22205, 60.69537 ], [ -165.2459, 60.67501 ], [ -165.29137, 60.66554 ], [ -165.34019, 60.63827 ], [ -165.4107, 60.63217 ], [ -165.44558, 60.62352 ], [ -165.51826, 60.56602 ], [ -165.52039, 60.55197 ], [ -165.50145, 60.52618 ], [ -165.44822, 60.495 ], [ -165.42653, 60.47438 ], [ -165.38752, 60.45951 ], [ -165.33357, 60.45927 ], [ -165.28823, 60.44265 ], [ -165.23956, 60.44323 ], [ -165.23541, 60.42515 ], [ -165.17679, 60.38125 ], [ -165.09866, 60.33471 ], [ -165.00171, 60.29382 ], [ -164.97192, 60.27702 ], [ -164.85113, 60.24899 ], [ -164.74881, 60.24031 ], [ -164.71112, 60.20794 ], [ -164.6586, 60.17553 ], [ -164.62428, 60.16459 ], [ -161.8, 61.75 ], [ -157.7, 63.65 ], [ -156.4, 64.1 ], [ -155.9, 64.1 ], [ -156.0, 64.7 ] ] ] ] } },
{ "type": "Feature", "properties": { "fid": 34, "ZoneCode": "022023", "AbrvFull": "AK NOME", "NameFull": "Alaska Nome-Kaltag", "ZoneNum": 23, "AbrvPart": "NOME", "NamePart": "Nome-Kaltag", "ZoneType": "Multizone partial", "StateAbrv": "AK", "StateName": "Alaska", "ProjAbrv": "OMC", "ProjType": "Hotine Oblique Mercator, center", "LatOrigin": "64°48'N", "LonOriginE": "197°24'E", "LonOriginW": "162°36'W", "Lat0_deg": 64.8, "Lon0_E_deg": 197.4, "Lon0_W_deg": -162.6, "ProjScale": 0.999987, "SkewAz_deg": -84, "FalseN_m": 152400.0, "FalseE_m": 838200.0, "FalseN_ift": 500000.0, "FalseE_ift": 2750000.0, "DesignBy": "State", "Ref_frame": "NATRF2022" }, "geometry": { "type": "MultiPolygon", "coordinates": [ [ [ [ -161.30603, 64.06197 ], [ -161.25227, 64.06596 ], [ -161.22175, 64.07529 ], [ -161.18448, 64.10616 ], [ -161.17666, 64.14686 ], [ -161.19702, 64.16398 ], [ -161.22355, 64.17643 ], [ -161.31036, 64.18937 ], [ -161.35571, 64.18378 ], [ -161.4202, 64.15842 ], [ -161.43692, 64.13355 ], [ -161.43242, 64.10534 ], [ -161.41444, 64.08677 ], [ -161.37318, 64.06974 ], [ -161.30603, 64.06197 ] ] ], [ [ [ -158.0, 64.85 ], [ -159.2, 64.85 ], [ -159.8, 65.4 ], [ -160.2, 65.45 ], [ -163.8, 65.6 ], [ -167.89687, 65.47669 ], [ -167.83088, 65.46584 ], [ -167.75671, 65.44723 ], [ -167.66468, 65.40538 ], [ -167.60639, 65.38563 ], [ -167.48858, 65.36041 ], [ -167.40089, 65.34727 ], [ -167.27218, 65.33815 ], [ -167.1913, 65.33763 ], [ -167.07033, 65.32749 ], [ -166.94893, 65.30791 ], [ -166.97754, 65.29764 ], [ -167.00853, 65.27665 ], [ -167.03925, 65.24339 ], [ -167.07244, 65.19978 ], [ -167.08434, 65.1557 ], [ -167.07298, 65.13839 ], [ -167.04093, 65.10925 ], [ -166.97896, 65.06941 ], [ -166.87816, 65.02995 ], [ -166.82447, 65.01746 ], [ -166.829, 64.99932 ], [ -166.78328, 64.97972 ], [ -166.7619, 64.96349 ], [ -166.58918, 64.90829 ], [ -166.52269, 64.8711 ], [ -166.51721, 64.85738 ], [ -166.5702, 64.83342 ], [ -166.58675, 64.80147 ], [ -166.57757, 64.778 ], [ -166.59016, 64.73895 ], [ -166.50784, 64.63137 ], [ -166.49126, 64.61896 ], [ -166.44011, 64.60326 ], [ -166.35203, 64.56814 ], [ -166.28139, 64.54496 ], [ -166.33091, 64.52585 ], [ -166.35387, 64.50644 ], [ -166.35113, 64.47788 ], [ -166.31453, 64.45436 ], [ -166.27196, 64.43778 ], [ -166.21234, 64.42986 ], [ -166.15386, 64.43297 ], [ -166.13353, 64.43821 ], [ -166.0957, 64.4598 ], [ -166.07087, 64.49016 ], [ -166.07779, 64.52046 ], [ -165.94688, 64.50425 ], [ -165.85021, 64.49388 ], [ -165.68068, 64.48364 ], [ -165.47687, 64.45769 ], [ -165.46076, 64.45774 ], [ -165.33592, 64.44442 ], [ -165.17662, 64.41311 ], [ -165.0322, 64.38799 ], [ -164.90892, 64.39361 ], [ -164.80423, 64.40106 ], [ -164.7548, 64.40782 ], [ -164.61979, 64.44441 ], [ -164.46513, 64.48387 ], [ -164.35535, 64.50845 ], [ -164.26631, 64.51833 ], [ -164.1809, 64.51957 ], [ -163.97622, 64.50832 ], [ -163.85077, 64.5194 ], [ -163.81406, 64.53119 ], [ -163.75039, 64.51964 ], [ -163.65695, 64.52194 ], [ -163.61233, 64.51792 ], [ -163.53617, 64.50358 ], [ -163.45773, 64.48211 ], [ -163.43185, 64.46665 ], [ -163.36375, 64.44564 ], [ -163.34969, 64.43767 ], [ -163.32334, 64.40787 ], [ -163.24193, 64.36074 ], [ -163.21538, 64.35328 ], [ -163.1658, 64.34986 ], [ -162.84215, 64.28317 ], [ -162.7958, 64.27567 ], [ -162.72806, 64.28747 ], [ -162.68498, 64.30435 ], [ -162.63275, 64.33193 ], [ -162.59477, 64.33844 ], [ -162.55792, 64.35579 ], [ -162.51787, 64.38491 ], [ -162.49198, 64.44039 ], [ -162.48669, 64.4709 ], [ -162.47198, 64.48684 ], [ -162.44188, 64.50412 ], [ -162.31349, 64.54279 ], [ -162.2374, 64.52436 ], [ -162.02794, 64.46132 ], [ -162.00213, 64.45879 ], [ -161.76747, 64.38888 ], [ -161.66637, 64.36047 ], [ -161.59084, 64.33554 ], [ -161.55466, 64.32874 ], [ -161.49343, 64.32838 ], [ -161.44317, 64.34009 ], [ -161.4139, 64.35859 ], [ -161.3268, 64.33401 ], [ -161.25343, 64.29887 ], [ -161.17911, 64.25799 ], [ -161.0754, 64.20665 ], [ -161.07648, 64.12747 ], [ -161.06234, 64.11339 ], [ -161.0706, 64.08498 ], [ -161.05782, 64.05 ], [ -159.3, 64.05 ], [ -158.6, 64.05 ], [ -158.0, 64.85 ] ] ], [ [ [ -168.09088, 64.91111 ], [ -168.03703, 64.90928 ], [ -167.97615, 64.92287 ], [ -167.95309, 64.93299 ], [ -167.91383, 64.96994 ], [ -167.9243, 65.00273 ], [ -167.95308, 65.02348 ], [ -168.00487, 65.0389 ], [ -168.07611, 65.04329 ], [ -168.15616, 65.02917 ], [ -168.20791, 65.00329 ], [ -168.21396, 64.98432 ], [ -168.21011, 64.95137 ], [ -168.18703, 64.9349 ], [ -168.13703, 64.91843 ], [ -168.09088, 64.91111 ] ] ] ] } },
{ "type": "Feature", "properties": { "fid": 35, "ZoneCode": "022024", "AbrvFull": "AK NBRK", "NameFull": "Alaska North Brooks Range", "ZoneNum": 24, "AbrvPart": "NBRK", "NamePart": "North Brooks Range", "ZoneType": "Multizone partial", "StateAbrv": "AK", "StateName": "Alaska", "ProjAbrv": "LC1", "ProjType": "Lambert Conformal Conic, one parallel", "LatOrigin": "69°00'N", "LonOriginE": "204°39'E", "LonOriginW": "155°21'W", "Lat0_deg": 69.0, "Lon0_E_deg": 204.65, "Lon0_W_deg": -155.35, "ProjScale": 1.00006, "SkewAz_deg": -9999, "FalseN_m": 152400.0, "FalseE_m": 838200.0, "FalseN_ift": 500000.0, "FalseE_ift": 2750000.0, "DesignBy": "State", "Ref_frame": "NATRF2022" }, "geometry": { "type": "Polygon", "coordinates": [ [ [ -149.4, 69.15 ], [ -151.6, 69.25 ], [ -161.2, 69.15 ], [ -160.85, 68.8 ], [ -159.3, 68.8 ], [ -156.7, 68.45 ], [ -152.2, 68.4 ], [ -151.5, 68.2 ], [ -149.9, 68.2 ], [ -149.4, 69.15 ] ] ] } },
{ "type": "Feature", "properties": { "fid": 36, "ZoneCode": "022025", "AbrvFull": "AK NRTN", "NameFull": "Alaska Norton Sound South", "ZoneNum": 25, "AbrvPart": "NRTN", "NamePart": "Norton Sound South", "ZoneType": "Multizone partial", "StateAbrv": "AK", "StateName": "Alaska", "ProjAbrv": "OMC", "ProjType": "Hotine Oblique Mercator, center", "LatOrigin": "63°18'N", "LonOriginE": "197°12'E", "LonOriginW": "162°48'W", "Lat0_deg": 63.3, "Lon0_E_deg": 197.2, "Lon0_W_deg": -162.8, "ProjScale": 0.99999899999999997, "SkewAz_deg": 44, "FalseN_m": 304800.0, "FalseE_m": 800100.0, "FalseN_ift": 1000000.0, "FalseE_ift": 2625000.0, "DesignBy": "State", "Ref_frame": "NATRF2022" }, "geometry": { "type": "MultiPolygon", "coordinates": [ [ [ [ -165.74333, 61.12512 ], [ -163.5, 62.3 ], [ -159.6, 63.7 ], [ -159.3, 64.05 ], [ -161.05782, 64.05 ], [ -161.04566, 64.02247 ], [ -161.01849, 63.99855 ], [ -161.00927, 63.97928 ], [ -160.94464, 63.92153 ], [ -160.92012, 63.85975 ], [ -160.88005, 63.81218 ], [ -160.87698, 63.79688 ], [ -160.8862, 63.7714 ], [ -160.99681, 63.68958 ], [ -161.0242, 63.67179 ], [ -161.09807, 63.65614 ], [ -161.13997, 63.62523 ], [ -161.14254, 63.60418 ], [ -161.20207, 63.58737 ], [ -161.22499, 63.56445 ], [ -161.24869, 63.55211 ], [ -161.27008, 63.53019 ], [ -161.31436, 63.51923 ], [ -161.42434, 63.5161 ], [ -161.51195, 63.51975 ], [ -161.60311, 63.50416 ], [ -161.66018, 63.51439 ], [ -161.7189, 63.51157 ], [ -161.74594, 63.50332 ], [ -161.8404, 63.49329 ], [ -161.89621, 63.50822 ], [ -161.92493, 63.53639 ], [ -161.95696, 63.55721 ], [ -162.0886, 63.57647 ], [ -162.17232, 63.58704 ], [ -162.22274, 63.59691 ], [ -162.22538, 63.60956 ], [ -162.24993, 63.62835 ], [ -162.25462, 63.64647 ], [ -162.30435, 63.67203 ], [ -162.33883, 63.67525 ], [ -162.39436, 63.6883 ], [ -162.45296, 63.68909 ], [ -162.48105, 63.68501 ], [ -162.51452, 63.69304 ], [ -162.58432, 63.69139 ], [ -162.69133, 63.66773 ], [ -162.78617, 63.62407 ], [ -162.81603, 63.60337 ], [ -162.82644, 63.57636 ], [ -162.7729, 63.52975 ], [ -162.71111, 63.50873 ], [ -162.67983, 63.49163 ], [ -162.61075, 63.48303 ], [ -162.57972, 63.48679 ], [ -162.55255, 63.4826 ], [ -162.46832, 63.49426 ], [ -162.43777, 63.49199 ], [ -162.70029, 63.29118 ], [ -162.73952, 63.26893 ], [ -162.80644, 63.26599 ], [ -162.87086, 63.25356 ], [ -162.91691, 63.2308 ], [ -162.9377, 63.2151 ], [ -162.95813, 63.17679 ], [ -162.97786, 63.16592 ], [ -163.02618, 63.15347 ], [ -163.1187, 63.10156 ], [ -163.25248, 63.09245 ], [ -163.34982, 63.12369 ], [ -163.45517, 63.17496 ], [ -163.47758, 63.18234 ], [ -163.58471, 63.2058 ], [ -163.6134, 63.22868 ], [ -163.6581, 63.24972 ], [ -163.73734, 63.2662 ], [ -163.77185, 63.27623 ], [ -163.82362, 63.28384 ], [ -163.87062, 63.28423 ], [ -163.93294, 63.30017 ], [ -164.01576, 63.31396 ], [ -164.05126, 63.31736 ], [ -164.12891, 63.3153 ], [ -164.25005, 63.30345 ], [ -164.39546, 63.27989 ], [ -164.49567, 63.25116 ], [ -164.60928, 63.19952 ], [ -164.74682, 63.1104 ], [ -164.7438, 63.09323 ], [ -164.83032, 63.08225 ], [ -164.88022, 63.06545 ], [ -164.90674, 63.0449 ], [ -164.89297, 63.01914 ], [ -164.91061, 63.00516 ], [ -164.90705, 62.9842 ], [ -164.89663, 62.9795 ], [ -164.90293, 62.957 ], [ -164.89553, 62.94864 ], [ -164.918, 62.92825 ], [ -164.91588, 62.90261 ], [ -164.93927, 62.87752 ], [ -164.99653, 62.86658 ], [ -165.03377, 62.83661 ], [ -165.03814, 62.82065 ], [ -165.01502, 62.8004 ], [ -165.01689, 62.78444 ], [ -164.9867, 62.76074 ], [ -165.02189, 62.75622 ], [ -165.06301, 62.73398 ], [ -165.126, 62.74052 ], [ -165.16525, 62.73594 ], [ -165.22189, 62.72247 ], [ -165.24732, 62.70989 ], [ -165.25901, 62.6922 ], [ -165.2393, 62.63408 ], [ -165.21309, 62.61443 ], [ -165.27697, 62.60921 ], [ -165.31161, 62.59547 ], [ -165.33869, 62.57604 ], [ -165.35077, 62.54779 ], [ -165.34621, 62.5267 ], [ -165.38361, 62.49696 ], [ -165.37958, 62.46961 ], [ -165.41873, 62.44043 ], [ -165.44887, 62.39102 ], [ -165.52588, 62.35344 ], [ -165.62127, 62.29178 ], [ -165.65938, 62.26425 ], [ -165.6689, 62.25081 ], [ -165.72161, 62.22262 ], [ -165.73957, 62.20485 ], [ -165.79247, 62.19032 ], [ -165.8206, 62.16623 ], [ -165.84859, 62.16093 ], [ -165.89259, 62.13815 ], [ -165.90181, 62.11928 ], [ -165.94839, 62.12468 ], [ -166.00577, 62.12344 ], [ -166.04921, 62.10802 ], [ -166.09622, 62.07345 ], [ -166.12605, 62.03872 ], [ -166.12982, 62.0253 ], [ -166.11831, 62.0097 ], [ -166.07595, 61.98305 ], [ -166.09485, 61.94666 ], [ -166.11251, 61.87314 ], [ -166.17176, 61.85217 ], [ -166.19776, 61.83427 ], [ -166.22973, 61.79833 ], [ -166.23755, 61.78057 ], [ -166.23795, 61.74086 ], [ -166.26213, 61.69326 ], [ -166.26024, 61.65873 ], [ -166.27993, 61.62201 ], [ -166.28861, 61.58081 ], [ -166.25409, 61.52225 ], [ -166.19449, 61.45987 ], [ -166.0313, 61.3953 ], [ -166.0326, 61.37844 ], [ -166.01755, 61.35197 ], [ -165.99863, 61.33552 ], [ -165.99039, 61.31644 ], [ -165.95351, 61.29409 ], [ -165.93996, 61.27588 ], [ -165.90327, 61.25695 ], [ -165.83756, 61.23872 ], [ -165.83375, 61.22703 ], [ -165.78688, 61.19812 ], [ -165.74333, 61.12512 ] ] ], [ [ [ -161.69639, 63.64899 ], [ -161.75849, 63.65452 ], [ -161.81452, 63.64667 ], [ -161.85585, 63.62163 ], [ -161.85703, 63.58798 ], [ -161.83922, 63.57036 ], [ -161.78447, 63.55379 ], [ -161.72105, 63.55374 ], [ -161.67522, 63.56634 ], [ -161.64154, 63.5885 ], [ -161.63957, 63.61775 ], [ -161.66114, 63.63538 ], [ -161.69639, 63.64899 ] ] ] ] } },
{ "type": "Feature", "properties": { "fid": 37, "ZoneCode": "022026", "AbrvFull": "AK NUSH", "NameFull": "Alaska Nushagak", "ZoneNum": 26, "AbrvPart": "NUSH", "NamePart": "Nushagak", "ZoneType": "Multizone partial", "StateAbrv": "AK", "StateName": "Alaska", "ProjAbrv": "OMC", "ProjType": "Hotine Oblique Mercator, center", "LatOrigin": "60°45'N", "LonOriginE": "204°36'E", "LonOriginW": "155°24'W", "Lat0_deg": 60.75, "Lon0_E_deg": 204.6, "Lon0_W_deg": -155.4, "ProjScale": 1.0, "SkewAz_deg": 44, "FalseN_m": 342900.0, "FalseE_m": 914400.0, "FalseN_ift": 1125000.0, "FalseE_ift": 3000000.0, "DesignBy": "State", "Ref_frame": "NATRF2022" }, "geometry": { "type": "MultiPolygon", "coordinates": [ [ [ [ -160.00853, 58.53468 ], [ -159.92132, 58.54396 ], [ -159.88046, 58.56297 ], [ -159.86345, 58.57869 ], [ -159.86768, 58.61052 ], [ -159.89462, 58.63993 ], [ -159.9142, 58.65023 ], [ -160.00464, 58.6656 ], [ -160.07488, 58.63989 ], [ -160.09759, 58.59991 ], [ -160.08937, 58.57896 ], [ -160.05905, 58.54783 ], [ -160.00853, 58.53468 ] ] ], [ [ [ -158.60523, 58.45559 ], [ -158.60966, 58.53651 ], [ -155.0, 60.4 ], [ -153.2, 60.9 ], [ -153.55, 61.5 ], [ -153.25, 61.95 ], [ -153.25, 62.6 ], [ -153.65, 62.6 ], [ -155.1, 62.1 ], [ -159.2, 59.7 ], [ -160.02899, 58.76456 ], [ -160.00436, 58.74461 ], [ -159.93908, 58.71791 ], [ -159.89386, 58.71504 ], [ -159.81172, 58.73545 ], [ -159.7481, 58.76031 ], [ -159.71886, 58.77667 ], [ -159.70169, 58.7964 ], [ -159.67565, 58.78948 ], [ -159.61112, 58.78222 ], [ -159.54468, 58.77842 ], [ -159.40473, 58.66596 ], [ -159.15139, 58.41577 ], [ -159.16218, 58.40356 ], [ -159.14839, 58.3703 ], [ -159.10788, 58.34754 ], [ -159.04767, 58.33434 ], [ -159.01872, 58.33414 ], [ -158.96551, 58.35281 ], [ -158.91168, 58.34291 ], [ -158.87667, 58.34193 ], [ -158.81033, 58.34715 ], [ -158.74472, 58.36373 ], [ -158.72011, 58.37606 ], [ -158.68954, 58.40168 ], [ -158.65449, 58.40729 ], [ -158.62473, 58.42203 ], [ -158.60523, 58.45559 ] ] ] ] } },
{ "type": "Feature", "properties": { "fid": 38, "ZoneCode": "022027", "AbrvFull": "AK PARK", "NameFull": "Alaska Parks", "ZoneNum": 27, "AbrvPart": "PARK", "NamePart": "Parks", "ZoneType": "Multizone partial", "StateAbrv": "AK", "StateName": "Alaska", "ProjAbrv": "OMC", "ProjType": "Hotine Oblique Mercator, center", "LatOrigin": "65°03'N", "LonOriginE": "210°06'E", "LonOriginW": "149°54'W", "Lat0_deg": 65.05, "Lon0_E_deg": 210.1, "Lon0_W_deg": -149.9, "ProjScale": 1.000017, "SkewAz_deg": 12, "FalseN_m": 609600.0, "FalseE_m": 838200.0, "FalseN_ift": 2000000.0, "FalseE_ift": 2750000.0, "DesignBy": "State", "Ref_frame": "NATRF2022" }, "geometry": { "type": "Polygon", "coordinates": [ [ [ -148.65, 64.25 ], [ -149.25, 64.15 ], [ -150.7, 64.3 ], [ -151.75, 64.1 ], [ -151.75, 63.8 ], [ -153.25, 62.6 ], [ -153.25, 61.95 ], [ -153.55, 61.5 ], [ -153.2, 60.9 ], [ -152.95, 60.55 ], [ -152.4, 60.25 ], [ -152.0, 60.1 ], [ -150.95, 61.25 ], [ -150.15, 62.45 ], [ -149.1, 62.45 ], [ -148.65, 62.8 ], [ -148.65, 64.25 ] ] ] } },
{ "type": "Feature", "properties": { "fid": 39, "ZoneCode": "022028", "AbrvFull": "AK PLAY", "NameFull": "Alaska Point Lay-Kaktovik", "ZoneNum": 28, "AbrvPart": "PLAY", "NamePart": "Point Lay-Kaktovik", "ZoneType": "Multizone partial", "StateAbrv": "AK", "StateName": "Alaska", "ProjAbrv": "LC1", "ProjType": "Lambert Conformal Conic, one parallel", "LatOrigin": "69°54'N", "LonOriginE": "211°24'E", "LonOriginW": "148°36'W", "Lat0_deg": 69.9, "Lon0_E_deg": 211.4, "Lon0_W_deg": -148.6, "ProjScale": 0.999994, "SkewAz_deg": -9999, "FalseN_m": 190500.0, "FalseE_m": 1219200.0, "FalseN_ift": 625000.0, "FalseE_ift": 4000000.0, "DesignBy": "State", "Ref_frame": "NATRF2022" }, "geometry": { "type": "Polygon", "coordinates": [ [ [ -161.31513, 70.34726 ], [ -161.50495, 70.35073 ], [ -161.87022, 70.38279 ], [ -161.94866, 70.37474 ], [ -162.0001, 70.35799 ], [ -162.46522, 70.21724 ], [ -162.6059, 70.14685 ], [ -162.81882, 69.99903 ], [ -163.13356, 69.8387 ], [ -163.20627, 69.75703 ], [ -163.28777, 69.63238 ], [ -163.28832, 69.57127 ], [ -161.2, 69.15 ], [ -151.6, 69.25 ], [ -149.4, 69.15 ], [ -148.8, 69.25 ], [ -148.1, 69.25 ], [ -147.6, 69.04 ], [ -147.6, 68.55 ], [ -146.09861, 68.55 ], [ -143.65, 68.85 ], [ -141.00081, 68.85 ], [ -141.00059, 69.64129 ], [ -141.00278, 69.70365 ], [ -141.13359, 69.72535 ], [ -141.3779, 69.74415 ], [ -141.38384, 69.74998 ], [ -141.45286, 69.77278 ], [ -141.59145, 69.81458 ], [ -141.67688, 69.83524 ], [ -141.74611, 69.84824 ], [ -141.80286, 69.85492 ], [ -141.91402, 69.87204 ], [ -141.99335, 69.89126 ], [ -142.07909, 69.9085 ], [ -142.23979, 69.95474 ], [ -142.25814, 69.96431 ], [ -142.30759, 69.97572 ], [ -142.34951, 69.99447 ], [ -142.42516, 70.01146 ], [ -142.48027, 70.03391 ], [ -142.70629, 70.0882 ], [ -142.76039, 70.09543 ], [ -142.80291, 70.10705 ], [ -142.85824, 70.11427 ], [ -142.8901, 70.12363 ], [ -143.02793, 70.15119 ], [ -143.05027, 70.15983 ], [ -143.10439, 70.16918 ], [ -143.12296, 70.18058 ], [ -143.16788, 70.19349 ], [ -143.22643, 70.202 ], [ -143.29621, 70.2017 ], [ -143.36079, 70.19632 ], [ -143.41145, 70.18357 ], [ -143.44471, 70.18556 ], [ -143.49142, 70.19593 ], [ -143.57566, 70.19943 ], [ -143.83062, 70.17035 ], [ -143.94058, 70.16969 ], [ -144.01159, 70.15671 ], [ -144.05686, 70.13866 ], [ -144.14308, 70.13187 ], [ -144.36696, 70.09228 ], [ -144.43397, 70.09273 ], [ -144.5291, 70.07906 ], [ -144.68147, 70.01577 ], [ -144.84334, 70.03958 ], [ -144.92655, 70.04002 ], [ -144.98609, 70.07031 ], [ -145.06498, 70.08761 ], [ -145.27936, 70.08896 ], [ -145.33551, 70.09871 ], [ -145.36658, 70.11273 ], [ -145.45012, 70.13316 ], [ -145.56455, 70.14455 ], [ -145.74185, 70.19924 ], [ -145.98178, 70.24231 ], [ -146.10401, 70.25329 ], [ -146.20606, 70.25469 ], [ -146.24917, 70.26734 ], [ -146.37792, 70.28375 ], [ -146.45694, 70.28039 ], [ -146.60897, 70.28727 ], [ -146.70896, 70.28243 ], [ -146.74647, 70.29187 ], [ -146.75717, 70.3 ], [ -161.1, 70.3 ], [ -161.31513, 70.34726 ] ] ] } },
{ "type": "Feature", "properties": { "fid": 40, "ZoneCode": "022029", "AbrvFull": "AK SEWA", "NameFull": "Alaska Seward-Whittier", "ZoneNum": 29, "AbrvPart": "SEWA", "NamePart": "Seward-Whittier", "ZoneType": "Multizone partial", "StateAbrv": "AK", "StateName": "Alaska", "ProjAbrv": "OMC", "ProjType": "Hotine Oblique Mercator, center", "LatOrigin": "59°42'N", "LonOriginE": "210°54'E", "LonOriginW": "149°06'W", "Lat0_deg": 59.7, "Lon0_E_deg": 210.9, "Lon0_W_deg": -149.1, "ProjScale": 0.999995, "SkewAz_deg": 19, "FalseN_m": 114300.0, "FalseE_m": 762000.0, "FalseN_ift": 375000.0, "FalseE_ift": 2500000.0, "DesignBy": "State", "Ref_frame": "NATRF2022" }, "geometry": { "type": "Polygon", "coordinates": [ [ [ -147.53, 60.85 ], [ -147.25, 61.65 ], [ -148.77, 61.55 ], [ -149.35, 60.88 ], [ -149.14, 60.77 ], [ -149.7, 60.33 ], [ -150.84229, 59.22083 ], [ -150.76961, 59.23887 ], [ -150.71097, 59.25022 ], [ -150.53196, 59.29285 ], [ -150.45646, 59.30869 ], [ -150.27144, 59.35769 ], [ -150.00212, 59.42748 ], [ -149.6213, 59.52752 ], [ -149.4675, 59.73377 ], [ -149.26962, 59.84542 ], [ -148.9802, 59.89372 ], [ -148.60548, 59.8843 ], [ -148.43722, 59.89281 ], [ -148.21851, 59.87564 ], [ -147.8, 60.0 ], [ -147.53, 60.55 ], [ -147.53, 60.85 ] ] ] } },
{ "type": "Feature", "properties": { "fid": 41, "ZoneCode": "022030", "AbrvFull": "AK SHIS", "NameFull": "Alaska Shishmaref-Deering", "ZoneNum": 30, "AbrvPart": "SHIS", "NamePart": "Shishmaref-Deering", "ZoneType": "Multizone partial", "StateAbrv": "AK", "StateName": "Alaska", "ProjAbrv": "OMC", "ProjType": "Hotine Oblique Mercator, center", "LatOrigin": "66°09'N", "LonOriginE": "195°48'E", "LonOriginW": "164°12'W", "Lat0_deg": 66.15, "Lon0_E_deg": 195.8, "Lon0_W_deg": -164.2, "ProjScale": 0.999996, "SkewAz_deg": 83, "FalseN_m": 152400.0, "FalseE_m": 838200.0, "FalseN_ift": 500000.0, "FalseE_ift": 2750000.0, "DesignBy": "State", "Ref_frame": "NATRF2022" }, "geometry": { "type": "MultiPolygon", "coordinates": [ [ [ [ -168.7661, 65.57148 ], [ -168.73316, 65.57224 ], [ -168.67347, 65.58417 ], [ -168.63368, 65.60136 ], [ -168.62681, 65.61237 ], [ -168.63791, 65.63986 ], [ -168.67763, 65.66415 ], [ -168.71059, 65.67314 ], [ -168.79462, 65.67122 ], [ -168.82007, 65.66519 ], [ -168.85674, 65.6406 ], [ -168.86923, 65.62085 ], [ -168.86592, 65.60692 ], [ -168.84605, 65.59251 ], [ -168.80835, 65.57853 ], [ -168.7661, 65.57148 ] ] ], [ [ [ -168.9719, 65.68877 ], [ -168.91806, 65.68433 ], [ -168.85609, 65.69124 ], [ -168.78549, 65.71632 ], [ -168.76735, 65.73075 ], [ -168.76247, 65.75117 ], [ -168.78088, 65.76447 ], [ -168.78706, 65.78462 ], [ -168.80098, 65.79517 ], [ -168.861, 65.81781 ], [ -168.92696, 65.82226 ], [ -168.97103, 65.81463 ], [ -168.9719, 65.68877 ] ] ], [ [ [ -160.2, 65.45 ], [ -161.0, 66.25 ], [ -162.4, 66.65 ], [ -163.10802, 66.81979 ], [ -163.20324, 66.7822 ], [ -163.40354, 66.71032 ], [ -163.62621, 66.62417 ], [ -163.71209, 66.63575 ], [ -163.80509, 66.64129 ], [ -163.90079, 66.64267 ], [ -164.06179, 66.64187 ], [ -164.27431, 66.63686 ], [ -164.4243, 66.63022 ], [ -164.61458, 66.60948 ], [ -164.7519, 66.59255 ], [ -164.88044, 66.57263 ], [ -165.29233, 66.50164 ], [ -165.43444, 66.47523 ], [ -165.60067, 66.43851 ], [ -165.77774, 66.39736 ], [ -166.09397, 66.316 ], [ -166.21276, 66.28092 ], [ -166.31709, 66.25194 ], [ -166.48025, 66.21193 ], [ -166.71947, 66.14805 ], [ -166.8323, 66.11109 ], [ -167.00786, 66.05141 ], [ -167.1784, 65.99957 ], [ -167.2386, 65.97086 ], [ -167.30834, 65.94433 ], [ -167.52082, 65.87815 ], [ -167.71886, 65.83492 ], [ -167.8834, 65.80328 ], [ -167.968, 65.78066 ], [ -168.00425, 65.77455 ], [ -168.07713, 65.75609 ], [ -168.15513, 65.72835 ], [ -168.20014, 65.69937 ], [ -168.22131, 65.67545 ], [ -168.23189, 65.62257 ], [ -168.21865, 65.59612 ], [ -168.1762, 65.56274 ], [ -168.16758, 65.5469 ], [ -168.12664, 65.53053 ], [ -168.06537, 65.52252 ], [ -168.03105, 65.50943 ], [ -167.97106, 65.50013 ], [ -167.93803, 65.4999 ], [ -167.89687, 65.47669 ], [ -163.8, 65.6 ], [ -160.2, 65.45 ] ] ] ] } },
{ "type": "Feature", "properties": { "fid": 42, "ZoneCode": "022031", "AbrvFull": "AK STEV", "NameFull": "Alaska Stevens Village-Ft Yukon", "ZoneNum": 31, "AbrvPart": "STEV", "NamePart": "Stevens Village-Ft Yukon", "ZoneType": "Multizone partial", "StateAbrv": "AK", "StateName": "Alaska", "ProjAbrv": "OMC", "ProjType": "Hotine Oblique Mercator, center", "LatOrigin": "66°48'N", "LonOriginE": "215°03'E", "LonOriginW": "144°57'W", "Lat0_deg": 66.8, "Lon0_E_deg": 215.05, "Lon0_W_deg": -144.95, "ProjScale": 1.00001, "SkewAz_deg": 73, "FalseN_m": 152400.0, "FalseE_m": 838200.0, "FalseN_ift": 500000.0, "FalseE_ift": 2750000.0, "DesignBy": "State", "Ref_frame": "NATRF2022" }, "geometry": { "type": "Polygon", "coordinates": [ [ [ -141.00259, 66.4561 ], [ -141.00271, 68.0 ], [ -143.9, 67.8 ], [ -145.3, 67.8 ], [ -146.0, 67.5 ], [ -149.75, 66.8 ], [ -149.75, 66.2 ], [ -149.45, 65.85 ], [ -144.4, 66.35 ], [ -141.00259, 66.4561 ] ] ] } },
{ "type": "Feature", "properties": { "fid": 43, "ZoneCode": "022032", "AbrvFull": "AK TANA", "NameFull": "Alaska Tanana-Circle", "ZoneNum": 32, "AbrvPart": "TANA", "NamePart": "Tanana-Circle", "ZoneType": "Multizone partial", "StateAbrv": "AK", "StateName": "Alaska", "ProjAbrv": "OMC", "ProjType": "Hotine Oblique Mercator, center", "LatOrigin": "65°27'N", "LonOriginE": "210°57'E", "LonOriginW": "149°03'W", "Lat0_deg": 65.45, "Lon0_E_deg": 210.95, "Lon0_W_deg": -149.05, "ProjScale": 1.000026, "SkewAz_deg": 72, "FalseN_m": 152400.0, "FalseE_m": 952500.0, "FalseN_ift": 500000.0, "FalseE_ift": 3125000.0, "DesignBy": "State", "Ref_frame": "NATRF2022" }, "geometry": { "type": "Polygon", "coordinates": [ [ [ -141.00202, 65.5 ], [ -141.00246, 65.80426 ], [ -141.00259, 66.4561 ], [ -144.4, 66.35 ], [ -149.45, 65.85 ], [ -151.1, 65.7 ], [ -154.3, 65.35 ], [ -156.0, 64.9 ], [ -156.0, 64.83 ], [ -155.3, 64.85 ], [ -154.0, 65.0 ], [ -150.7, 64.9 ], [ -148.5, 65.1 ], [ -147.6, 65.45 ], [ -145.2, 65.6 ], [ -143.9, 65.2 ], [ -143.0, 65.5 ], [ -141.00202, 65.5 ] ] ] } },
{ "type": "Feature", "properties": { "fid": 44, "ZoneCode": "022033", "AbrvFull": "AK TOKC", "NameFull": "Alaska Tok Cutoff", "ZoneNum": 33, "AbrvPart": "TOKC", "NamePart": "Tok Cutoff", "ZoneType": "Multizone partial", "StateAbrv": "AK", "StateName": "Alaska", "ProjAbrv": "OMC", "ProjType": "Hotine Oblique Mercator, center", "LatOrigin": "62°36'N", "LonOriginE": "215°15'E", "LonOriginW": "144°45'W", "Lat0_deg": 62.6, "Lon0_E_deg": 215.25, "Lon0_W_deg": -144.75, "ProjScale": 1.000099, "SkewAz_deg": 44, "FalseN_m": 152400.0, "FalseE_m": 647700.0, "FalseN_ift": 500000.0, "FalseE_ift": 2125000.0, "DesignBy": "State", "Ref_frame": "NATRF2022" }, "geometry": { "type": "Polygon", "coordinates": [ [ [ -142.55, 62.95 ], [ -142.9, 63.06 ], [ -143.1, 63.26 ], [ -143.62, 63.375 ], [ -143.7, 63.15 ], [ -144.0, 62.95 ], [ -145.35, 62.95 ], [ -145.15, 62.6 ], [ -145.15, 62.1 ], [ -144.95, 61.9 ], [ -144.1, 61.75 ], [ -142.95, 61.8 ], [ -142.95, 62.15 ], [ -143.05, 62.45 ], [ -142.8, 62.45 ], [ -142.6, 62.52 ], [ -142.55, 62.71363 ], [ -142.55, 62.95 ] ] ] } },
{ "type": "Feature", "properties": { "fid": 45, "ZoneCode": "022034", "AbrvFull": "AK TUPI", "NameFull": "Alaska Tupikchak", "ZoneNum": 34, "AbrvPart": "TUPI", "NamePart": "Tupikchak", "ZoneType": "Multizone partial", "StateAbrv": "AK", "StateName": "Alaska", "ProjAbrv": "OMC", "ProjType": "Hotine Oblique Mercator, center", "LatOrigin": "68°18'N", "LonOriginE": "197°30'E", "LonOriginW": "162°30'W", "Lat0_deg": 68.3, "Lon0_E_deg": 197.5, "Lon0_W_deg": -162.5, "ProjScale": 1.000013, "SkewAz_deg": -18, "FalseN_m": 114300.0, "FalseE_m": 685800.0, "FalseN_ift": 375000.0, "FalseE_ift": 2250000.0, "DesignBy": "State", "Ref_frame": "NATRF2022" }, "geometry": { "type": "Polygon", "coordinates": [ [ [ -161.2, 69.15 ], [ -163.28832, 69.57127 ], [ -163.28959, 69.43036 ], [ -163.33319, 69.35932 ], [ -163.38059, 69.32022 ], [ -163.57189, 69.22315 ], [ -163.6508, 69.16869 ], [ -163.79234, 69.10802 ], [ -163.93307, 69.06982 ], [ -163.1, 69.03 ], [ -162.3, 68.85 ], [ -161.4, 68.2 ], [ -160.75, 68.0 ], [ -160.85, 68.8 ], [ -161.2, 69.15 ] ] ] } },
{ "type": "Feature", "properties": { "fid": 46, "ZoneCode": "022035", "AbrvFull": "AK UKUS", "NameFull": "Alaska Upper Kuskokwim", "ZoneNum": 35, "AbrvPart": "UKUS", "NamePart": "Upper Kuskokwim", "ZoneType": "Multizone partial", "StateAbrv": "AK", "StateName": "Alaska", "ProjAbrv": "OMC", "ProjType": "Hotine Oblique Mercator, center", "LatOrigin": "62°57'N", "LonOriginE": "204°30'E", "LonOriginW": "155°30'W", "Lat0_deg": 62.95, "Lon0_E_deg": 204.5, "Lon0_W_deg": -155.5, "ProjScale": 1.000006, "SkewAz_deg": 39, "FalseN_m": 381000.0, "FalseE_m": 838200.0, "FalseN_ift": 1250000.0, "FalseE_ift": 2750000.0, "DesignBy": "State", "Ref_frame": "NATRF2022" }, "geometry": { "type": "Polygon", "coordinates": [ [ [ -153.25, 62.6 ], [ -151.75, 63.8 ], [ -151.75, 64.1 ], [ -153.75, 63.8 ], [ -153.75, 63.6 ], [ -155.6, 63.3 ], [ -156.9, 62.4 ], [ -159.7, 61.3 ], [ -159.2, 60.6 ], [ -159.2, 59.7 ], [ -155.1, 62.1 ], [ -153.65, 62.6 ], [ -153.25, 62.6 ] ] ] } },
{ "type": "Feature", "properties": { "fid": 47, "ZoneCode": "022036", "AbrvFull": "AK VLDZ", "NameFull": "Alaska Valdez-Cordova", "ZoneNum": 36, "AbrvPart": "VLDZ", "NamePart": "Valdez-Cordova", "ZoneType": "Multizone partial", "StateAbrv": "AK", "StateName": "Alaska", "ProjAbrv": "OMC", "ProjType": "Hotine Oblique Mercator, center", "LatOrigin": "60°33'N", "LonOriginE": "214°15'E", "LonOriginW": "145°45'W", "Lat0_deg": 60.55, "Lon0_E_deg": 214.25, "Lon0_W_deg": -145.75, "ProjScale": 1.000005, "SkewAz_deg": -52, "FalseN_m": 152400.0, "FalseE_m": 762000.0, "FalseN_ift": 500000.0, "FalseE_ift": 2500000.0, "DesignBy": "State", "Ref_frame": "NATRF2022" }, "geometry": { "type": "Polygon", "coordinates": [ [ [ -145.39, 61.07 ], [ -145.74, 61.11 ], [ -146.1, 61.3 ], [ -147.25, 61.65 ], [ -147.53, 60.85 ], [ -146.75, 60.55 ], [ -146.75, 60.25 ], [ -146.55568, 60.19295 ], [ -146.46571, 60.2125 ], [ -146.17931, 60.28006 ], [ -145.97657, 60.31465 ], [ -145.82432, 60.31512 ], [ -145.62169, 60.2558 ], [ -145.31769, 60.17969 ], [ -145.09797, 60.14611 ], [ -144.77601, 60.12959 ], [ -144.60728, 60.07835 ], [ -144.53968, 60.01015 ], [ -144.64173, 59.92439 ], [ -144.7778, 59.82994 ], [ -144.7781, 59.77856 ], [ -144.67677, 59.7274 ], [ -144.54218, 59.71932 ], [ -144.41051, 59.74627 ], [ -144.14408, 59.91945 ], [ -144.03359, 59.91967 ], [ -143.94668, 59.93083 ], [ -143.89521, 59.94265 ], [ -143.83617, 59.94648 ], [ -143.75895, 59.96606 ], [ -143.6427, 59.98883 ], [ -143.52328, 60.00112 ], [ -143.4, 60.2 ], [ -142.9, 60.35 ], [ -142.35, 60.35 ], [ -141.9, 60.25 ], [ -141.00198, 60.30637 ], [ -141.00189, 60.71514 ], [ -141.9, 60.67 ], [ -143.2, 60.7 ], [ -144.6, 60.56 ], [ -145.39, 61.07 ] ] ] } },
{ "type": "Feature", "properties": { "fid": 48, "ZoneCode": "022037", "AbrvFull": "AK WEVO", "NameFull": "Alaska Wevok", "ZoneNum": 37, "AbrvPart": "WEVO", "NamePart": "Wevok", "ZoneType": "Multizone partial", "StateAbrv": "AK", "StateName": "Alaska", "ProjAbrv": "OMC", "ProjType": "Hotine Oblique Mercator, center", "LatOrigin": "68°15'N", "LonOriginE": "196°42'E", "LonOriginW": "163°18'W", "Lat0_deg": 68.25, "Lon0_E_deg": 196.7, "Lon0_W_deg": -163.3, "ProjScale": 1.000019, "SkewAz_deg": -43, "FalseN_m": 190500.0, "FalseE_m": 762000.0, "FalseN_ift": 625000.0, "FalseE_ift": 2500000.0, "DesignBy": "State", "Ref_frame": "NATRF2022" }, "geometry": { "type": "Polygon", "coordinates": [ [ [ -160.75, 68.0 ], [ -161.4, 68.2 ], [ -162.3, 68.85 ], [ -163.1, 69.03 ], [ -163.93307, 69.06982 ], [ -164.02036, 69.03315 ], [ -164.27938, 68.97962 ], [ -164.48091, 68.96853 ], [ -164.63867, 68.96644 ], [ -164.79559, 68.94908 ], [ -165.35705, 68.90894 ], [ -165.62086, 68.90371 ], [ -166.20015, 68.93382 ], [ -166.27833, 68.92707 ], [ -166.34743, 68.90039 ], [ -166.36612, 68.86888 ], [ -162.7, 68.35 ], [ -162.7, 67.8 ], [ -160.55, 67.0 ], [ -160.4, 67.8 ], [ -160.75, 68.0 ] ] ] } },
{ "type": "Feature", "properties": { "fid": 49, "ZoneCode": "022038", "AbrvFull": "AK YAKU", "NameFull": "Alaska Yakutat", "ZoneNum": 38, "AbrvPart": "YAKU", "NamePart": "Yakutat", "ZoneType": "Multizone partial", "StateAbrv": "AK", "StateName": "Alaska", "ProjAbrv": "OMC", "ProjType": "Hotine Oblique Mercator, center", "LatOrigin": "59°39'N", "LonOriginE": "220°09'E", "LonOriginW": "139°51'W", "Lat0_deg": 59.65, "Lon0_E_deg": 220.15, "Lon0_W_deg": -139.85, "ProjScale": 1.000002, "SkewAz_deg": -69, "FalseN_m": 190500.0, "FalseE_m": 838200.0, "FalseN_ift": 625000.0, "FalseE_ift": 2750000.0, "DesignBy": "State", "Ref_frame": "NATRF2022" }, "geometry": { "type": "Polygon", "coordinates": [ [ [ -141.00198, 60.30637 ], [ -141.9, 60.25 ], [ -142.35, 60.35 ], [ -142.9, 60.35 ], [ -143.4, 60.2 ], [ -143.52328, 60.00112 ], [ -143.30061, 60.01136 ], [ -143.15452, 60.01913 ], [ -143.11704, 60.0195 ], [ -143.05248, 60.02823 ], [ -142.82604, 60.0511 ], [ -142.75738, 60.05223 ], [ -142.57799, 60.04352 ], [ -142.49549, 60.03306 ], [ -142.45728, 60.0208 ], [ -142.40847, 60.02032 ], [ -142.29727, 60.01183 ], [ -142.19404, 59.99761 ], [ -142.13809, 59.98748 ], [ -142.00184, 59.9746 ], [ -141.88931, 59.9527 ], [ -141.82122, 59.93343 ], [ -141.75502, 59.91874 ], [ -141.4061, 59.82381 ], [ -141.34277, 59.80988 ], [ -141.05222, 59.73785 ], [ -140.92719, 59.70208 ], [ -140.84593, 59.68896 ], [ -140.74966, 59.67699 ], [ -140.64712, 59.66657 ], [ -140.58421, 59.66658 ], [ -140.4251, 59.65703 ], [ -139.90283, 59.49798 ], [ -139.71637, 59.43431 ], [ -139.57954, 59.37761 ], [ -139.39287, 59.31818 ], [ -139.26479, 59.28239 ], [ -139.05104, 59.23366 ], [ -138.96701, 59.21155 ], [ -138.8739, 59.18017 ], [ -138.75855, 59.12653 ], [ -138.64192, 59.08118 ], [ -138.61818, 59.07473 ], [ -138.47141, 59.04911 ], [ -138.34993, 59.02236 ], [ -138.27895, 59.00045 ], [ -138.25251, 58.98944 ], [ -138.22408, 58.96885 ], [ -138.11538, 58.91976 ], [ -138.02147, 58.86145 ], [ -138.01152, 58.83868 ], [ -138.02929, 58.8055 ], [ -138.02161, 58.79002 ], [ -137.52522, 58.90908 ], [ -137.5, 58.9854 ], [ -137.54213, 59.10643 ], [ -137.60736, 59.2438 ], [ -138.03071, 59.46484 ], [ -138.6262, 59.76858 ], [ -138.66865, 59.80966 ], [ -138.67946, 59.84537 ], [ -138.70738, 59.90633 ], [ -138.79852, 59.92465 ], [ -139.05367, 59.99484 ], [ -139.19885, 60.0883 ], [ -139.07213, 60.31943 ], [ -139.07482, 60.35251 ], [ -139.69298, 60.33522 ], [ -139.98109, 60.18197 ], [ -140.45821, 60.30809 ], [ -140.52042, 60.21982 ], [ -140.76941, 60.26031 ], [ -140.93074, 60.29345 ], [ -141.00198, 60.30637 ] ] ] } },
{ "type": "Feature", "properties": { "fid": 50, "ZoneCode": "042001", "AbrvFull": "AZ 266", "NameFull": "Arizona Highway 266 Fort Grant", "ZoneNum": 1, "AbrvPart": "266", "NamePart": "Highway 266 Fort Grant", "ZoneType": "Multizone partial", "StateAbrv": "AZ", "StateName": "Arizona", "ProjAbrv": "OMC", "ProjType": "Hotine Oblique Mercator, center", "LatOrigin": "32°36'N", "LonOriginE": "250°09'E", "LonOriginW": "109°51'W", "Lat0_deg": 32.6, "Lon0_E_deg": 250.15, "Lon0_W_deg": -109.85, "ProjScale": 1.00023, "SkewAz_deg": -80, "FalseN_m": 3505200.0, "FalseE_m": 8686800.0, "FalseN_ift": 11500000.0, "FalseE_ift": 28500000.0, "DesignBy": "State", "Ref_frame": "NATRF2022" }, "geometry": { "type": "Polygon", "coordinates": [ [ [ -109.73, 32.6 ], [ -109.82, 32.6 ], [ -109.82, 32.62 ], [ -109.95, 32.62 ], [ -109.99, 32.62 ], [ -109.99, 32.56 ], [ -109.88, 32.51 ], [ -109.73, 32.51 ], [ -109.73, 32.6 ] ] ] } },
{ "type": "Feature", "properties": { "fid": 51, "ZoneCode": "042002", "AbrvFull": "AZ 366L", "NameFull": "Arizona Highway 366 Mt Graham Lower", "ZoneNum": 2, "AbrvPart": "366L", "NamePart": "Highway 366 Mt Graham Lower", "ZoneType": "Multizone partial", "StateAbrv": "AZ", "StateName": "Arizona", "ProjAbrv": "OMC", "ProjType": "Hotine Oblique Mercator, center", "LatOrigin": "41°36'N", "LonOriginE": "250°48'E", "LonOriginW": "109°12'W", "Lat0_deg": 41.6, "Lon0_E_deg": 250.8, "Lon0_W_deg": -109.2, "ProjScale": 0.992507, "SkewAz_deg": -50, "FalseN_m": 4800600.0, "FalseE_m": 8420100.0, "FalseN_ift": 15750000.0, "FalseE_ift": 27625000.0, "DesignBy": "State", "Ref_frame": "NATRF2022" }, "geometry": { "type": "Polygon", "coordinates": [ [ [ -109.73, 32.6 ], [ -109.73, 32.70095 ], [ -109.78, 32.73 ], [ -109.84, 32.73 ], [ -109.84, 32.65 ], [ -109.82, 32.62 ], [ -109.82, 32.6 ], [ -109.73, 32.6 ] ] ] } },
{ "type": "Feature", "properties": { "fid": 52, "ZoneCode": "042003", "AbrvFull": "AZ 366U", "NameFull": "Arizona Highway 366 Mt Graham Upper", "ZoneNum": 3, "AbrvPart": "366U", "NamePart": "Highway 366 Mt Graham Upper", "ZoneType": "Multizone partial", "StateAbrv": "AZ", "StateName": "Arizona", "ProjAbrv": "OMC", "ProjType": "Hotine Oblique Mercator, center", "LatOrigin": "32°00'N", "LonOriginE": "250°09'E", "LonOriginW": "109°51'W", "Lat0_deg": 32.0, "Lon0_E_deg": 250.15, "Lon0_W_deg": -109.85, "ProjScale": 1.000395, "SkewAz_deg": 42, "FalseN_m": 3733800.0, "FalseE_m": 8077200.0, "FalseN_ift": 12250000.0, "FalseE_ift": 26500000.0, "DesignBy": "State", "Ref_frame": "NATRF2022" }, "geometry": { "type": "Polygon", "coordinates": [ [ [ -109.82, 32.62 ], [ -109.84, 32.65 ], [ -109.84, 32.73 ], [ -109.95, 32.73 ], [ -109.95, 32.62 ], [ -109.82, 32.62 ] ] ] } },
{ "type": "Feature", "properties": { "fid": 53, "ZoneCode": "042004", "AbrvFull": "AZ 386", "NameFull": "Arizona Highway 386 Kitt Peak", "ZoneNum": 4, "AbrvPart": "386", "NamePart": "Highway 386 Kitt Peak", "ZoneType": "Multizone partial", "StateAbrv": "AZ", "StateName": "Arizona", "ProjAbrv": "LC1", "ProjType": "Lambert Conformal Conic, one parallel", "LatOrigin": "38°00'N", "LonOriginE": "248°24'E", "LonOriginW": "111°36'W", "Lat0_deg": 38.0, "Lon0_E_deg": 248.4, "Lon0_W_deg": -111.6, "ProjScale": 0.9949, "SkewAz_deg": -9999, "FalseN_m": 3848100.0, "FalseE_m": 7772400.0, "FalseN_ift": 12625000.0, "FalseE_ift": 25500000.0, "DesignBy": "State", "Ref_frame": "NATRF2022" }, "geometry": { "type": "Polygon", "coordinates": [ [ [ -111.65, 31.92 ], [ -111.54, 31.94 ], [ -111.54, 32.04 ], [ -111.65, 32.02 ], [ -111.65, 31.92 ] ] ] } },
{ "type": "Feature", "properties": { "fid": 54, "ZoneCode": "042005", "AbrvFull": "AZ 87", "NameFull": "Arizona Highway 87 Sunflower", "ZoneNum": 5, "AbrvPart": "87", "NamePart": "Highway 87 Sunflower", "ZoneType": "Multizone partial", "StateAbrv": "AZ", "StateName": "Arizona", "ProjAbrv": "OMC", "ProjType": "Hotine Oblique Mercator, center", "LatOrigin": "33°15'N", "LonOriginE": "248°30'E", "LonOriginW": "111°30'W", "Lat0_deg": 33.25, "Lon0_E_deg": 248.5, "Lon0_W_deg": -111.5, "ProjScale": 1.000095, "SkewAz_deg": -80, "FalseN_m": 4038600.0, "FalseE_m": 8077200.0, "FalseN_ift": 13250000.0, "FalseE_ift": 26500000.0, "DesignBy": "State", "Ref_frame": "NATRF2022" }, "geometry": { "type": "Polygon", "coordinates": [ [ [ -111.6, 33.62 ], [ -111.48, 33.62 ], [ -111.41, 33.88 ], [ -111.33, 34.01 ], [ -111.43, 34.01 ], [ -111.52, 33.88 ], [ -111.6, 33.62 ] ] ] } },
{ "type": "Feature", "properties": { "fid": 55, "ZoneCode": "042006", "AbrvFull": "AZ BSBE", "NameFull": "Arizona Bisbee", "ZoneNum": 6, "AbrvPart": "BSBE", "NamePart": "Bisbee", "ZoneType": "Multizone partial", "StateAbrv": "AZ", "StateName": "Arizona", "ProjAbrv": "LC1", "ProjType": "Lambert Conformal Conic, one parallel", "LatOrigin": "31°28'N", "LonOriginE": "250°06'E", "LonOriginW": "109°54'W", "Lat0_deg": 31.4666666667, "Lon0_E_deg": 250.1, "Lon0_W_deg": -109.9, "ProjScale": 1.00025, "SkewAz_deg": -9999, "FalseN_m": 3200400.0, "FalseE_m": 8991600.0, "FalseN_ift": 10500000.0, "FalseE_ift": 29500000.0, "DesignBy": "State", "Ref_frame": "NATRF2022" }, "geometry": { "type": "Polygon", "coordinates": [ [ [ -109.8, 31.38 ], [ -109.88, 31.59 ], [ -109.95, 31.59 ], [ -109.99, 31.55 ], [ -110.0, 31.52 ], [ -110.04, 31.52 ], [ -110.04, 31.4 ], [ -109.97, 31.4 ], [ -109.97, 31.33404 ], [ -109.87, 31.33404 ], [ -109.87, 31.38 ], [ -109.8, 31.38 ] ] ] } },
{ "type": "Feature", "properties": { "fid": 56, "ZoneCode": "042007", "AbrvFull": "AZ CAP", "NameFull": "Arizona Central Arizona Project", "ZoneNum": 7, "AbrvPart": "CAP", "NamePart": "Central Arizona Project", "ZoneType": "Multizone partial", "StateAbrv": "AZ", "StateName": "Arizona", "ProjAbrv": "OMC", "ProjType": "Hotine Oblique Mercator, center", "LatOrigin": "33°30'N", "LonOriginE": "247°27'E", "LonOriginW": "112°33'W", "Lat0_deg": 33.5, "Lon0_E_deg": 247.45, "Lon0_W_deg": -112.55, "ProjScale": 1.000057, "SkewAz_deg": -63, "FalseN_m": 4267200.0, "FalseE_m": 6324600.0, "FalseN_ift": 14000000.0, "FalseE_ift": 20750000.0, "DesignBy": "State", "Ref_frame": "NATRF2022" }, "geometry": { "type": "Polygon", "coordinates": [ [ [ -114.0167, 34.21122 ], [ -114.04259, 34.28452 ], [ -114.06153, 34.31417 ], [ -114.08397, 34.32892 ], [ -114.12974, 34.32667 ], [ -114.14867, 34.31158 ], [ -114.13828, 34.30323 ], [ -114.13121, 34.26273 ], [ -114.14192, 34.25649 ], [ -114.1124, 34.17322 ], [ -114.09792, 34.1537 ], [ -114.08639, 34.12272 ], [ -114.05699, 34.08598 ], [ -114.04641, 34.0581 ], [ -113.98093, 33.98789 ], [ -113.97017, 33.94702 ], [ -113.9574, 33.92611 ], [ -113.92822, 33.90205 ], [ -113.88432, 33.88093 ], [ -113.87849, 33.83428 ], [ -113.85749, 33.78378 ], [ -113.83287, 33.73918 ], [ -113.78583, 33.68862 ], [ -113.75456, 33.64336 ], [ -113.72182, 33.60762 ], [ -113.69277, 33.58616 ], [ -113.67773, 33.56743 ], [ -113.63869, 33.55548 ], [ -113.59346, 33.56601 ], [ -113.57105, 33.56371 ], [ -113.51657, 33.52772 ], [ -113.4966, 33.52383 ], [ -113.4067, 33.52295 ], [ -113.36934, 33.54117 ], [ -113.31116, 33.53896 ], [ -113.25207, 33.54469 ], [ -113.17872, 33.54319 ], [ -113.14938, 33.53191 ], [ -113.11962, 33.50518 ], [ -113.08028, 33.4904 ], [ -113.04916, 33.49107 ], [ -112.98551, 33.5187 ], [ -112.88934, 33.55055 ], [ -112.85745, 33.55234 ], [ -112.80708, 33.54845 ], [ -112.74054, 33.57641 ], [ -112.68714, 33.6046 ], [ -112.65515, 33.63324 ], [ -112.62429, 33.6363 ], [ -112.59192, 33.64665 ], [ -112.56642, 33.64758 ], [ -112.53387, 33.66186 ], [ -112.50861, 33.6853 ], [ -112.47007, 33.70298 ], [ -112.41822, 33.71454 ], [ -112.3475, 33.72497 ], [ -112.34479, 33.69951 ], [ -112.31603, 33.67536 ], [ -112.28017, 33.67434 ], [ -112.2621, 33.68296 ], [ -112.2369, 33.71763 ], [ -112.22319, 33.70565 ], [ -112.18842, 33.6921 ], [ -112.13494, 33.69712 ], [ -112.08516, 33.65688 ], [ -112.01673, 33.62238 ], [ -111.95515, 33.59991 ], [ -111.9033, 33.58914 ], [ -111.89302, 33.57524 ], [ -111.83005, 33.53065 ], [ -111.78494, 33.50918 ], [ -111.74393, 33.49987 ], [ -111.73477, 33.4862 ], [ -111.73213, 33.45667 ], [ -111.7158, 33.42729 ], [ -111.68943, 33.40483 ], [ -111.62483, 33.36339 ], [ -111.58956, 33.32864 ], [ -111.5782, 33.31151 ], [ -111.55726, 33.2457 ], [ -111.55734, 33.22525 ], [ -111.53571, 33.17504 ], [ -111.52107, 33.15649 ], [ -111.50683, 33.11645 ], [ -111.48181, 33.09425 ], [ -111.476, 33.0739 ], [ -111.45399, 33.05441 ], [ -111.42352, 33.04125 ], [ -111.46971, 32.97932 ], [ -111.48947, 32.94247 ], [ -111.49647, 32.89637 ], [ -111.48956, 32.84403 ], [ -111.47449, 32.79936 ], [ -111.46413, 32.78836 ], [ -111.47479, 32.76762 ], [ -111.47018, 32.73683 ], [ -111.47622, 32.71063 ], [ -111.47131, 32.68458 ], [ -111.45844, 32.66212 ], [ -111.42362, 32.63696 ], [ -111.38823, 32.62691 ], [ -111.3875, 32.59893 ], [ -111.36564, 32.55733 ], [ -111.34713, 32.5473 ], [ -111.30703, 32.54426 ], [ -111.28632, 32.49049 ], [ -111.23818, 32.43849 ], [ -111.25382, 32.41264 ], [ -111.25498, 32.39234 ], [ -111.29947, 32.34278 ], [ -111.30742, 32.30549 ], [ -111.29719, 32.26208 ], [ -111.28614, 32.23803 ], [ -111.24928, 32.21303 ], [ -111.20589, 32.14529 ], [ -111.16645, 32.12207 ], [ -111.13981, 32.11909 ], [ -111.13975, 32.05759 ], [ -111.11985, 32.02802 ], [ -111.07969, 32.01798 ], [ -111.05354, 32.00473 ], [ -111.0237, 31.96427 ], [ -110.99261, 31.95541 ], [ -110.95344, 31.95789 ], [ -110.92011, 31.97272 ], [ -110.91011, 31.98788 ], [ -110.90684, 32.01913 ], [ -110.92215, 32.05061 ], [ -110.93929, 32.06007 ], [ -110.97336, 32.06129 ], [ -110.98854, 32.07311 ], [ -111.0378, 32.09808 ], [ -111.03798, 32.1572 ], [ -111.00859, 32.18231 ], [ -111.00223, 32.21596 ], [ -111.01102, 32.23166 ], [ -111.03817, 32.24742 ], [ -111.08319, 32.24212 ], [ -111.12908, 32.20584 ], [ -111.13962, 32.22686 ], [ -111.17431, 32.27402 ], [ -111.19337, 32.28602 ], [ -111.19507, 32.31667 ], [ -111.14828, 32.35079 ], [ -111.1406, 32.37184 ], [ -111.11929, 32.39242 ], [ -111.11077, 32.43992 ], [ -111.12801, 32.47116 ], [ -111.19494, 32.53244 ], [ -111.21842, 32.60064 ], [ -111.24685, 32.62667 ], [ -111.28533, 32.63128 ], [ -111.28854, 32.6694 ], [ -111.30283, 32.69672 ], [ -111.33288, 32.71128 ], [ -111.36784, 32.71472 ], [ -111.36355, 32.75209 ], [ -111.35254, 32.78182 ], [ -111.3494, 32.8122 ], [ -111.35424, 32.82987 ], [ -111.38013, 32.85284 ], [ -111.39323, 32.889 ], [ -111.38801, 32.92021 ], [ -111.35349, 32.97073 ], [ -111.29047, 33.0232 ], [ -111.26321, 33.05664 ], [ -111.26212, 33.09146 ], [ -111.27741, 33.10967 ], [ -111.31098, 33.1266 ], [ -111.33464, 33.1293 ], [ -111.38301, 33.12235 ], [ -111.39542, 33.14466 ], [ -111.41494, 33.16075 ], [ -111.42425, 33.18855 ], [ -111.45391, 33.23869 ], [ -111.45439, 33.26367 ], [ -111.48365, 33.34754 ], [ -111.50599, 33.38215 ], [ -111.58282, 33.45092 ], [ -111.63087, 33.47847 ], [ -111.62807, 33.50657 ], [ -111.63563, 33.52437 ], [ -111.67743, 33.57435 ], [ -111.69248, 33.58711 ], [ -111.7263, 33.59467 ], [ -111.74164, 33.59184 ], [ -111.77225, 33.60586 ], [ -111.81493, 33.63534 ], [ -111.83624, 33.65882 ], [ -111.86113, 33.67008 ], [ -111.92312, 33.68297 ], [ -111.9691, 33.70033 ], [ -112.04203, 33.74148 ], [ -112.07989, 33.77947 ], [ -112.11952, 33.79139 ], [ -112.16594, 33.7817 ], [ -112.18496, 33.80219 ], [ -112.20743, 33.81377 ], [ -112.21563, 33.85083 ], [ -112.22638, 33.87214 ], [ -112.24447, 33.88815 ], [ -112.28225, 33.89405 ], [ -112.3057, 33.88476 ], [ -112.32433, 33.85443 ], [ -112.32134, 33.8235 ], [ -112.35432, 33.81974 ], [ -112.37623, 33.81035 ], [ -112.49716, 33.78911 ], [ -112.53525, 33.77644 ], [ -112.57343, 33.75785 ], [ -112.59565, 33.7337 ], [ -112.65315, 33.72029 ], [ -112.69466, 33.71627 ], [ -112.7272, 33.69996 ], [ -112.79602, 33.65102 ], [ -112.81922, 33.64129 ], [ -112.91345, 33.6378 ], [ -113.06332, 33.58487 ], [ -113.0834, 33.60244 ], [ -113.13607, 33.62496 ], [ -113.16303, 33.6307 ], [ -113.22534, 33.62933 ], [ -113.25587, 33.632 ], [ -113.31848, 33.62587 ], [ -113.37942, 33.62901 ], [ -113.41149, 33.62204 ], [ -113.43599, 33.60861 ], [ -113.47738, 33.61023 ], [ -113.49373, 33.62677 ], [ -113.52473, 33.64439 ], [ -113.59336, 33.65369 ], [ -113.62197, 33.65203 ], [ -113.66754, 33.69354 ], [ -113.67215, 33.70522 ], [ -113.73468, 33.77318 ], [ -113.75966, 33.8143 ], [ -113.7805, 33.87207 ], [ -113.77056, 33.92529 ], [ -113.78388, 33.949 ], [ -113.80541, 33.96115 ], [ -113.84955, 33.96628 ], [ -113.87241, 33.98132 ], [ -113.889, 34.03145 ], [ -113.95102, 34.09489 ], [ -113.9622, 34.12344 ], [ -113.99096, 34.16111 ], [ -114.00103, 34.1893 ], [ -114.0167, 34.21122 ] ] ] } },
{ "type": "Feature", "properties": { "fid": 57, "ZoneCode": "042008", "AbrvFull": "AZ FLAG", "NameFull": "Arizona Flagstaff", "ZoneNum": 8, "AbrvPart": "FLAG", "NamePart": "Flagstaff", "ZoneType": "Multizone partial", "StateAbrv": "AZ", "StateName": "Arizona", "ProjAbrv": "OMC", "ProjType": "Hotine Oblique Mercator, center", "LatOrigin": "35°12'N", "LonOriginE": "248°18'E", "LonOriginW": "111°42'W", "Lat0_deg": 35.2, "Lon0_E_deg": 248.3, "Lon0_W_deg": -111.7, "ProjScale": 1.00033, "SkewAz_deg": 30, "FalseN_m": 5029200.0, "FalseE_m": 8077200.0, "FalseN_ift": 16500000.0, "FalseE_ift": 26500000.0, "DesignBy": "State", "Ref_frame": "NATRF2022" }, "geometry": { "type": "Polygon", "coordinates": [ [ [ -111.59, 35.42 ], [ -111.59, 35.23 ], [ -111.625, 35.23 ], [ -111.625, 35.25 ], [ -111.65, 35.25 ], [ -111.74, 35.29 ], [ -111.8, 35.29 ], [ -111.8, 35.31 ], [ -111.9, 35.31 ], [ -111.9, 35.48 ], [ -112.04, 35.48 ], [ -112.04, 35.31 ], [ -112.11, 35.31 ], [ -112.11, 35.2 ], [ -111.9, 35.2 ], [ -111.9, 35.07 ], [ -111.78, 35.07 ], [ -111.7, 35.07 ], [ -111.66, 35.07 ], [ -111.66, 35.13 ], [ -111.53, 35.13 ], [ -111.53, 35.3 ], [ -111.46, 35.3 ], [ -111.46, 35.42 ], [ -111.59, 35.42 ] ] ] } },
{ "type": "Feature", "properties": { "fid": 58, "ZoneCode": "042009", "AbrvFull": "AZ GC1", "NameFull": "Arizona Grand Canyon Page-Little Colorado River", "ZoneNum": 9, "AbrvPart": "GC1", "NamePart": "Grand Canyon Page-Little Colorado River", "ZoneType": "Multizone partial", "StateAbrv": "AZ", "StateName": "Arizona", "ProjAbrv": "OMC", "ProjType": "Hotine Oblique Mercator, center", "LatOrigin": "36°12'N", "LonOriginE": "248°18'E", "LonOriginW": "111°42'W", "Lat0_deg": 36.2, "Lon0_E_deg": 248.3, "Lon0_W_deg": -111.7, "ProjScale": 1.000124, "SkewAz_deg": 42, "FalseN_m": 5638800.0, "FalseE_m": 8305800.0, "FalseN_ift": 18500000.0, "FalseE_ift": 27250000.0, "DesignBy": "State", "Ref_frame": "NATRF2022" }, "geometry": { "type": "Polygon", "coordinates": [ [ [ -111.7992, 36.21628 ], [ -111.81697, 36.23805 ], [ -111.81377, 36.26302 ], [ -111.85069, 36.29418 ], [ -111.85089, 36.33092 ], [ -111.87652, 36.37066 ], [ -111.85184, 36.37064 ], [ -111.83303, 36.39355 ], [ -111.84625, 36.40503 ], [ -111.86552, 36.40165 ], [ -111.8626, 36.4261 ], [ -111.8288, 36.43646 ], [ -111.82051, 36.45175 ], [ -111.82711, 36.47493 ], [ -111.84029, 36.47975 ], [ -111.83099, 36.49439 ], [ -111.84921, 36.50285 ], [ -111.83271, 36.5209 ], [ -111.8126, 36.51376 ], [ -111.81945, 36.54735 ], [ -111.79943, 36.55511 ], [ -111.80265, 36.56852 ], [ -111.77873, 36.57576 ], [ -111.74821, 36.61641 ], [ -111.75923, 36.62636 ], [ -111.75642, 36.64538 ], [ -111.73791, 36.65526 ], [ -111.73513, 36.6766 ], [ -111.7069, 36.68578 ], [ -111.68348, 36.67422 ], [ -111.68516, 36.68587 ], [ -111.70488, 36.70017 ], [ -111.70288, 36.71965 ], [ -111.68295, 36.72302 ], [ -111.68951, 36.73764 ], [ -111.66008, 36.7546 ], [ -111.64436, 36.7796 ], [ -111.63943, 36.80203 ], [ -111.61354, 36.83333 ], [ -111.61233, 36.84615 ], [ -111.5826, 36.86151 ], [ -111.56865, 36.83922 ], [ -111.54215, 36.84213 ], [ -111.54018, 36.85148 ], [ -111.56193, 36.8712 ], [ -111.51149, 36.87641 ], [ -111.52708, 36.9019 ], [ -111.5322, 36.88324 ], [ -111.56454, 36.87849 ], [ -111.56937, 36.86705 ], [ -111.54951, 36.84954 ], [ -111.56798, 36.8468 ], [ -111.57607, 36.8666 ], [ -111.58843, 36.86846 ], [ -111.61906, 36.85136 ], [ -111.66796, 36.75603 ], [ -111.69621, 36.74167 ], [ -111.71095, 36.72195 ], [ -111.71689, 36.69673 ], [ -111.74109, 36.68433 ], [ -111.74538, 36.66018 ], [ -111.76187, 36.65369 ], [ -111.76814, 36.63229 ], [ -111.76325, 36.61619 ], [ -111.77576, 36.59477 ], [ -111.81124, 36.57303 ], [ -111.86035, 36.50561 ], [ -111.88935, 36.49667 ], [ -111.85463, 36.4849 ], [ -111.84465, 36.46599 ], [ -111.86765, 36.45046 ], [ -111.85957, 36.43803 ], [ -111.88503, 36.42632 ], [ -111.88131, 36.40934 ], [ -111.89839, 36.41498 ], [ -111.91352, 36.40519 ], [ -111.89744, 36.39871 ], [ -111.90683, 36.36385 ], [ -111.93359, 36.34761 ], [ -111.89293, 36.35364 ], [ -111.87884, 36.31725 ], [ -111.92318, 36.30632 ], [ -111.96374, 36.30504 ], [ -111.99231, 36.29444 ], [ -111.97336, 36.27576 ], [ -111.99559, 36.26374 ], [ -111.95955, 36.22301 ], [ -111.92253, 36.20338 ], [ -111.92322, 36.18674 ], [ -111.7992, 36.21628 ] ] ] } },
{ "type": "Feature", "properties": { "fid": 59, "ZoneCode": "042010", "AbrvFull": "AZ GC2", "NameFull": "Arizona Grand Canyon Little Colorado River-Kanab Canyon", "ZoneNum": 10, "AbrvPart": "GC2", "NamePart": "Grand Canyon Little Colorado River-Kanab Canyon", "ZoneType": "Multizone partial", "StateAbrv": "AZ", "StateName": "Arizona", "ProjAbrv": "OMC", "ProjType": "Hotine Oblique Mercator, center", "LatOrigin": "35°42'N", "LonOriginE": "247°48'E", "LonOriginW": "112°12'W", "Lat0_deg": 35.7, "Lon0_E_deg": 247.8, "Lon0_W_deg": -112.2, "ProjScale": 1.000095, "SkewAz_deg": -27, "FalseN_m": 5562600.0, "FalseE_m": 7658100.0, "FalseN_ift": 18250000.0, "FalseE_ift": 25125000.0, "DesignBy": "State", "Ref_frame": "NATRF2022" }, "geometry": { "type": "Polygon", "coordinates": [ [ [ -111.92322, 36.18674 ], [ -111.92058, 36.16863 ], [ -111.93162, 36.162 ], [ -111.90347, 36.14659 ], [ -111.90819, 36.13581 ], [ -111.93081, 36.137 ], [ -111.94821, 36.11149 ], [ -111.96912, 36.1164 ], [ -111.97385, 36.13426 ], [ -111.96767, 36.16422 ], [ -111.98151, 36.14755 ], [ -112.01661, 36.15255 ], [ -112.02412, 36.17228 ], [ -112.00619, 36.18354 ], [ -112.013, 36.20661 ], [ -112.00356, 36.23443 ], [ -112.04888, 36.21004 ], [ -112.04959, 36.18862 ], [ -112.06804, 36.213 ], [ -112.08171, 36.20506 ], [ -112.0691, 36.18639 ], [ -112.0802, 36.17623 ], [ -112.12631, 36.17509 ], [ -112.15011, 36.20048 ], [ -112.13428, 36.22521 ], [ -112.13077, 36.25447 ], [ -112.14848, 36.24419 ], [ -112.16146, 36.25407 ], [ -112.20274, 36.24512 ], [ -112.19955, 36.23494 ], [ -112.21335, 36.20324 ], [ -112.23902, 36.20669 ], [ -112.24939, 36.19311 ], [ -112.26346, 36.20364 ], [ -112.2368, 36.24756 ], [ -112.24992, 36.2739 ], [ -112.22882, 36.28212 ], [ -112.23515, 36.30582 ], [ -112.27518, 36.30619 ], [ -112.27665, 36.31626 ], [ -112.30816, 36.32245 ], [ -112.31528, 36.29492 ], [ -112.34998, 36.32875 ], [ -112.36023, 36.32709 ], [ -112.35715, 36.28577 ], [ -112.37892, 36.29181 ], [ -112.40048, 36.28201 ], [ -112.41872, 36.26257 ], [ -112.42068, 36.27704 ], [ -112.45099, 36.27478 ], [ -112.45099, 36.28624 ], [ -112.38827, 36.31111 ], [ -112.38375, 36.3491 ], [ -112.35911, 36.34142 ], [ -112.35833, 36.36128 ], [ -112.32657, 36.36625 ], [ -112.36224, 36.3783 ], [ -112.35703, 36.39215 ], [ -112.37315, 36.40441 ], [ -112.36346, 36.41137 ], [ -112.38812, 36.42765 ], [ -112.40434, 36.41681 ], [ -112.41669, 36.42702 ], [ -112.44233, 36.42527 ], [ -112.44629, 36.44378 ], [ -112.49362, 36.45061 ], [ -112.51939, 36.4438 ], [ -112.54238, 36.4601 ], [ -112.54778, 36.51019 ], [ -112.52613, 36.54442 ], [ -112.56094, 36.53088 ], [ -112.57676, 36.53664 ], [ -112.56933, 36.55465 ], [ -112.59699, 36.52951 ], [ -112.59486, 36.5185 ], [ -112.61693, 36.51041 ], [ -112.62664, 36.51716 ], [ -112.62848, 36.54064 ], [ -112.61481, 36.54655 ], [ -112.62847, 36.55546 ], [ -112.59419, 36.57155 ], [ -112.60859, 36.5817 ], [ -112.60801, 36.59875 ], [ -112.59368, 36.60016 ], [ -112.61544, 36.62672 ], [ -112.5938, 36.62942 ], [ -112.61294, 36.6374 ], [ -112.61365, 36.64885 ], [ -112.63208, 36.64611 ], [ -112.62377, 36.61134 ], [ -112.63249, 36.58439 ], [ -112.65922, 36.58077 ], [ -112.67016, 36.55839 ], [ -112.70837, 36.56988 ], [ -112.74003, 36.56664 ], [ -112.72568, 36.55282 ], [ -112.70176, 36.55374 ], [ -112.69369, 36.54094 ], [ -112.67489, 36.5433 ], [ -112.66505, 36.51892 ], [ -112.68797, 36.50467 ], [ -112.69375, 36.49193 ], [ -112.66784, 36.49452 ], [ -112.67136, 36.4742 ], [ -112.6481, 36.47453 ], [ -112.65817, 36.46158 ], [ -112.68106, 36.45384 ], [ -112.6878, 36.43634 ], [ -112.66851, 36.43402 ], [ -112.65832, 36.41313 ], [ -112.64221, 36.40969 ], [ -112.65297, 36.39509 ], [ -112.58702, 36.33877 ], [ -112.57366, 36.34156 ], [ -112.58703, 36.35635 ], [ -112.56518, 36.36255 ], [ -112.54866, 36.34687 ], [ -112.52045, 36.35392 ], [ -112.52199, 36.36379 ], [ -112.49753, 36.36353 ], [ -112.49745, 36.35181 ], [ -112.4759, 36.35385 ], [ -112.48091, 36.33632 ], [ -112.49904, 36.33214 ], [ -112.51705, 36.30469 ], [ -112.5453, 36.32563 ], [ -112.55928, 36.31644 ], [ -112.55704, 36.27718 ], [ -112.54101, 36.2393 ], [ -112.54916, 36.22581 ], [ -112.52872, 36.21154 ], [ -112.51638, 36.221 ], [ -112.476, 36.20163 ], [ -112.48093, 36.1817 ], [ -112.46398, 36.15477 ], [ -112.43087, 36.15158 ], [ -112.42666, 36.17038 ], [ -112.39386, 36.18835 ], [ -112.34708, 36.18941 ], [ -112.3547, 36.15531 ], [ -112.33457, 36.15142 ], [ -112.35161, 36.12144 ], [ -112.32392, 36.12128 ], [ -112.32339, 36.10656 ], [ -112.28432, 36.10122 ], [ -112.27146, 36.07587 ], [ -112.24671, 36.09038 ], [ -112.21663, 36.07622 ], [ -112.23654, 36.05737 ], [ -112.21996, 36.05518 ], [ -112.20473, 36.07332 ], [ -112.17188, 36.05852 ], [ -112.16701, 36.07402 ], [ -112.15237, 36.07616 ], [ -112.13019, 36.06085 ], [ -112.12014, 36.06883 ], [ -112.0887, 36.0498 ], [ -112.08568, 36.061 ], [ -112.05545, 36.04712 ], [ -112.05827, 36.02176 ], [ -112.02795, 35.99885 ], [ -112.01457, 36.00573 ], [ -111.98605, 35.99929 ], [ -111.98051, 35.98348 ], [ -111.94415, 35.98485 ], [ -111.91692, 36.01522 ], [ -111.89014, 36.0111 ], [ -111.87549, 36.02776 ], [ -111.86493, 36.02168 ], [ -111.82707, 36.04668 ], [ -111.8109, 36.03796 ], [ -111.81754, 36.05673 ], [ -111.79169, 36.12253 ], [ -111.80645, 36.14963 ], [ -111.80484, 36.18023 ], [ -111.78285, 36.17841 ], [ -111.7588, 36.19008 ], [ -111.74032, 36.17269 ], [ -111.72201, 36.1789 ], [ -111.7124, 36.14914 ], [ -111.71745, 36.13282 ], [ -111.70016, 36.12644 ], [ -111.6961, 36.09752 ], [ -111.65938, 36.07577 ], [ -111.66329, 36.06237 ], [ -111.68172, 36.05741 ], [ -111.68277, 36.02691 ], [ -111.69697, 35.97761 ], [ -111.69501, 35.96312 ], [ -111.6718, 35.9683 ], [ -111.67379, 35.94781 ], [ -111.64802, 35.95019 ], [ -111.65035, 35.96683 ], [ -111.66494, 35.96308 ], [ -111.67416, 35.98038 ], [ -111.68704, 35.97038 ], [ -111.66664, 36.00321 ], [ -111.66206, 36.04148 ], [ -111.65087, 36.06656 ], [ -111.63122, 36.07982 ], [ -111.65191, 36.08378 ], [ -111.67802, 36.09977 ], [ -111.67385, 36.11653 ], [ -111.69846, 36.14432 ], [ -111.69579, 36.16819 ], [ -111.65911, 36.156 ], [ -111.63131, 36.14006 ], [ -111.62699, 36.14812 ], [ -111.64589, 36.17377 ], [ -111.61288, 36.19445 ], [ -111.66251, 36.17434 ], [ -111.69574, 36.18645 ], [ -111.69774, 36.21488 ], [ -111.71532, 36.19822 ], [ -111.73362, 36.20008 ], [ -111.73353, 36.21591 ], [ -111.77296, 36.2056 ], [ -111.7992, 36.21628 ], [ -111.92322, 36.18674 ] ] ] } },
{ "type": "Feature", "properties": { "fid": 60, "ZoneCode": "042011", "AbrvFull": "AZ GC3", "NameFull": "Arizona Grand Canyon Kanab Canyon-Diamond Creek", "ZoneNum": 11, "AbrvPart": "GC3", "NamePart": "Grand Canyon Kanab Canyon-Diamond Creek", "ZoneType": "Multizone partial", "StateAbrv": "AZ", "StateName": "Arizona", "ProjAbrv": "OMC", "ProjType": "Hotine Oblique Mercator, center", "LatOrigin": "36°51'N", "LonOriginE": "247°00'E", "LonOriginW": "113°00'W", "Lat0_deg": 36.85, "Lon0_E_deg": 247.0, "Lon0_W_deg": -113.0, "ProjScale": 1.000066, "SkewAz_deg": 19, "FalseN_m": 5410200.0, "FalseE_m": 7886700.0, "FalseN_ift": 17750000.0, "FalseE_ift": 25875000.0, "DesignBy": "State", "Ref_frame": "NATRF2022" }, "geometry": { "type": "Polygon", "coordinates": [ [ [ -112.65297, 36.39509 ], [ -112.66876, 36.39114 ], [ -112.67405, 36.37639 ], [ -112.69795, 36.38851 ], [ -112.70277, 36.37217 ], [ -112.72501, 36.37164 ], [ -112.7384, 36.38148 ], [ -112.77439, 36.38368 ], [ -112.76455, 36.368 ], [ -112.77782, 36.36196 ], [ -112.74152, 36.33944 ], [ -112.77463, 36.33547 ], [ -112.777, 36.32437 ], [ -112.79789, 36.32802 ], [ -112.80692, 36.30595 ], [ -112.84965, 36.29607 ], [ -112.84308, 36.32077 ], [ -112.8306, 36.33371 ], [ -112.85945, 36.32727 ], [ -112.87369, 36.3403 ], [ -112.8639, 36.34853 ], [ -112.88048, 36.36245 ], [ -112.86602, 36.37611 ], [ -112.89444, 36.37322 ], [ -112.8899, 36.39819 ], [ -112.90891, 36.38024 ], [ -112.91741, 36.3917 ], [ -112.91983, 36.36177 ], [ -112.93767, 36.35928 ], [ -112.90733, 36.35037 ], [ -112.90962, 36.33542 ], [ -112.92404, 36.32996 ], [ -112.90744, 36.316 ], [ -112.91096, 36.30367 ], [ -112.96508, 36.3053 ], [ -112.95766, 36.29199 ], [ -112.96144, 36.27115 ], [ -112.97707, 36.25154 ], [ -112.98131, 36.26772 ], [ -113.02134, 36.28006 ], [ -113.04999, 36.2407 ], [ -113.06327, 36.24468 ], [ -113.05254, 36.26536 ], [ -113.06571, 36.29262 ], [ -113.08189, 36.30061 ], [ -113.12026, 36.29175 ], [ -113.12951, 36.24183 ], [ -113.14705, 36.23849 ], [ -113.1581, 36.22227 ], [ -113.14091, 36.21538 ], [ -113.19175, 36.20004 ], [ -113.20572, 36.21076 ], [ -113.18314, 36.2234 ], [ -113.21317, 36.24417 ], [ -113.21217, 36.26506 ], [ -113.22953, 36.29082 ], [ -113.22546, 36.30606 ], [ -113.24863, 36.31496 ], [ -113.24549, 36.28156 ], [ -113.27536, 36.31797 ], [ -113.27515, 36.30041 ], [ -113.30161, 36.30036 ], [ -113.2723, 36.29111 ], [ -113.24414, 36.27266 ], [ -113.24012, 36.25576 ], [ -113.25296, 36.20686 ], [ -113.25108, 36.19063 ], [ -113.26668, 36.17425 ], [ -113.29252, 36.22742 ], [ -113.30388, 36.23672 ], [ -113.32626, 36.28211 ], [ -113.35784, 36.28664 ], [ -113.35051, 36.27358 ], [ -113.3284, 36.26394 ], [ -113.3277, 36.23316 ], [ -113.31641, 36.22037 ], [ -113.31806, 36.20171 ], [ -113.33547, 36.19669 ], [ -113.35994, 36.20817 ], [ -113.36716, 36.19263 ], [ -113.39588, 36.22975 ], [ -113.41575, 36.22133 ], [ -113.4554, 36.24057 ], [ -113.43038, 36.20893 ], [ -113.45293, 36.18871 ], [ -113.42484, 36.17186 ], [ -113.42363, 36.15572 ], [ -113.40508, 36.13915 ], [ -113.39579, 36.11155 ], [ -113.38907, 36.055 ], [ -113.40601, 36.04564 ], [ -113.42499, 36.05554 ], [ -113.43281, 36.01643 ], [ -113.41644, 35.98738 ], [ -113.42657, 35.96995 ], [ -113.44196, 35.97361 ], [ -113.43643, 35.95075 ], [ -113.44116, 35.91632 ], [ -113.39874, 35.9455 ], [ -113.37144, 35.91636 ], [ -113.39659, 35.90644 ], [ -113.39896, 35.89077 ], [ -113.41817, 35.86302 ], [ -113.40603, 35.8374 ], [ -113.41502, 35.82803 ], [ -113.47081, 35.82911 ], [ -113.37177, 35.75332 ], [ -113.43585, 35.68059 ], [ -113.42385, 35.67177 ], [ -113.453, 35.63996 ], [ -113.45902, 35.60504 ], [ -113.49706, 35.59963 ], [ -113.49912, 35.58877 ], [ -113.47093, 35.56843 ], [ -113.45592, 35.5829 ], [ -113.40234, 35.58907 ], [ -113.41388, 35.60015 ], [ -113.39482, 35.60167 ], [ -113.40181, 35.61272 ], [ -113.38875, 35.62409 ], [ -113.39943, 35.63608 ], [ -113.36453, 35.65464 ], [ -113.36229, 35.67102 ], [ -113.34621, 35.69503 ], [ -113.36165, 35.71005 ], [ -113.35024, 35.72381 ], [ -113.30673, 35.71753 ], [ -113.29602, 35.69753 ], [ -113.27241, 35.68716 ], [ -113.27364, 35.69884 ], [ -113.25216, 35.71964 ], [ -113.23716, 35.72351 ], [ -113.18815, 35.69491 ], [ -113.18476, 35.7297 ], [ -113.19092, 35.76012 ], [ -113.18679, 35.77778 ], [ -113.19962, 35.79367 ], [ -113.19021, 35.82955 ], [ -113.2089, 35.81624 ], [ -113.21879, 35.79367 ], [ -113.24447, 35.78101 ], [ -113.24325, 35.83529 ], [ -113.23441, 35.846 ], [ -113.24534, 35.86535 ], [ -113.23426, 35.90325 ], [ -113.21352, 35.91616 ], [ -113.20356, 35.93919 ], [ -113.17495, 35.93705 ], [ -113.19327, 35.95656 ], [ -113.15831, 35.95423 ], [ -113.17385, 35.96708 ], [ -113.21978, 35.97688 ], [ -113.22734, 35.99541 ], [ -113.2472, 35.99912 ], [ -113.26577, 35.98493 ], [ -113.29542, 35.99961 ], [ -113.3017, 36.01517 ], [ -113.27718, 36.01602 ], [ -113.28906, 36.02871 ], [ -113.26156, 36.05054 ], [ -113.25044, 36.04425 ], [ -113.26626, 36.02579 ], [ -113.24227, 36.01529 ], [ -113.21149, 36.01086 ], [ -113.20143, 36.0199 ], [ -113.20958, 36.04569 ], [ -113.19287, 36.04816 ], [ -113.19497, 36.06724 ], [ -113.17259, 36.0771 ], [ -113.14749, 36.07063 ], [ -113.15576, 36.09003 ], [ -113.14131, 36.10433 ], [ -113.15788, 36.12321 ], [ -113.14186, 36.13827 ], [ -113.12637, 36.13914 ], [ -113.12136, 36.12302 ], [ -113.10037, 36.1291 ], [ -113.10122, 36.15677 ], [ -113.08851, 36.13071 ], [ -113.10754, 36.07643 ], [ -113.09932, 36.04483 ], [ -113.09209, 36.05324 ], [ -113.09888, 36.07919 ], [ -113.07707, 36.09483 ], [ -113.05896, 36.12221 ], [ -113.06213, 36.15506 ], [ -113.04665, 36.16371 ], [ -113.05905, 36.17987 ], [ -113.04243, 36.18075 ], [ -113.02126, 36.19794 ], [ -112.99918, 36.17418 ], [ -112.99835, 36.124 ], [ -112.99238, 36.10705 ], [ -112.97934, 36.1247 ], [ -112.96831, 36.12304 ], [ -112.97543, 36.14699 ], [ -112.96702, 36.18397 ], [ -112.93255, 36.21191 ], [ -112.91781, 36.2143 ], [ -112.91091, 36.19227 ], [ -112.93865, 36.16502 ], [ -112.92814, 36.14752 ], [ -112.9414, 36.12683 ], [ -112.93178, 36.1112 ], [ -112.91993, 36.13589 ], [ -112.91094, 36.12476 ], [ -112.90931, 36.15972 ], [ -112.88315, 36.16354 ], [ -112.86689, 36.18607 ], [ -112.85004, 36.24465 ], [ -112.82436, 36.23487 ], [ -112.81854, 36.25077 ], [ -112.79411, 36.25311 ], [ -112.79652, 36.26845 ], [ -112.76798, 36.2678 ], [ -112.77127, 36.23038 ], [ -112.78251, 36.21712 ], [ -112.76688, 36.21101 ], [ -112.76872, 36.19336 ], [ -112.74274, 36.18709 ], [ -112.75102, 36.2143 ], [ -112.7342, 36.22435 ], [ -112.7348, 36.24055 ], [ -112.71706, 36.24951 ], [ -112.71055, 36.22653 ], [ -112.72157, 36.20456 ], [ -112.71282, 36.20283 ], [ -112.73082, 36.14588 ], [ -112.71967, 36.14452 ], [ -112.70555, 36.1713 ], [ -112.69018, 36.16879 ], [ -112.68145, 36.18735 ], [ -112.66982, 36.18848 ], [ -112.67146, 36.171 ], [ -112.65757, 36.16617 ], [ -112.67111, 36.14565 ], [ -112.65694, 36.13599 ], [ -112.67258, 36.12076 ], [ -112.65598, 36.12179 ], [ -112.66433, 36.09958 ], [ -112.64045, 36.11692 ], [ -112.62184, 36.1211 ], [ -112.60418, 36.07747 ], [ -112.6156, 36.06134 ], [ -112.61259, 36.04517 ], [ -112.5768, 36.05071 ], [ -112.52553, 36.02462 ], [ -112.51901, 36.03195 ], [ -112.55647, 36.05194 ], [ -112.59333, 36.06471 ], [ -112.58086, 36.08041 ], [ -112.59778, 36.11024 ], [ -112.5975, 36.12876 ], [ -112.57474, 36.13078 ], [ -112.56078, 36.11654 ], [ -112.56025, 36.14121 ], [ -112.58427, 36.14059 ], [ -112.58764, 36.15511 ], [ -112.6157, 36.15958 ], [ -112.61981, 36.16912 ], [ -112.60113, 36.19469 ], [ -112.57513, 36.20443 ], [ -112.63762, 36.20812 ], [ -112.65671, 36.21706 ], [ -112.66849, 36.23723 ], [ -112.65616, 36.24237 ], [ -112.67968, 36.26892 ], [ -112.69535, 36.27241 ], [ -112.66616, 36.29544 ], [ -112.63839, 36.28284 ], [ -112.62209, 36.26761 ], [ -112.61301, 36.28169 ], [ -112.61572, 36.30848 ], [ -112.59965, 36.31007 ], [ -112.62045, 36.32141 ], [ -112.62505, 36.34273 ], [ -112.58531, 36.33102 ], [ -112.58702, 36.33877 ], [ -112.65297, 36.39509 ] ] ] } },
{ "type": "Feature", "properties": { "fid": 61, "ZoneCode": "042012", "AbrvFull": "AZ GC4", "NameFull": "Arizona Grand Canyon Diamond Creek-Hoover Dam", "ZoneNum": 12, "AbrvPart": "GC4", "NamePart": "Grand Canyon Diamond Creek-Hoover Dam", "ZoneType": "Multizone partial", "StateAbrv": "AZ", "StateName": "Arizona", "ProjAbrv": "OMC", "ProjType": "Hotine Oblique Mercator, center", "LatOrigin": "35°57'N", "LonOriginE": "245°57'E", "LonOriginW": "114°03'W", "Lat0_deg": 35.95, "Lon0_E_deg": 245.95, "Lon0_W_deg": -114.05, "ProjScale": 1.000049, "SkewAz_deg": 85, "FalseN_m": 5295900.0, "FalseE_m": 7200900.0, "FalseN_ift": 17375000.0, "FalseE_ift": 23625000.0, "DesignBy": "State", "Ref_frame": "NATRF2022" }, "geometry": { "type": "Polygon", "coordinates": [ [ [ -113.43585, 35.68059 ], [ -113.37177, 35.75332 ], [ -113.47081, 35.82911 ], [ -113.47093, 35.85692 ], [ -113.45936, 35.85833 ], [ -113.46542, 35.87774 ], [ -113.45162, 35.8732 ], [ -113.45286, 35.89294 ], [ -113.47666, 35.89368 ], [ -113.48257, 35.9146 ], [ -113.50466, 35.91781 ], [ -113.52562, 35.90931 ], [ -113.52844, 35.93666 ], [ -113.5573, 35.93854 ], [ -113.54381, 35.96696 ], [ -113.51184, 35.96648 ], [ -113.47806, 36.00196 ], [ -113.48137, 36.02501 ], [ -113.49186, 36.03105 ], [ -113.4791, 36.07556 ], [ -113.50759, 36.04003 ], [ -113.51777, 36.04547 ], [ -113.51323, 36.01351 ], [ -113.54123, 35.99702 ], [ -113.56157, 36.06167 ], [ -113.54835, 36.0631 ], [ -113.5818, 36.08495 ], [ -113.57365, 36.06162 ], [ -113.59426, 36.07732 ], [ -113.58479, 36.04672 ], [ -113.60281, 36.02673 ], [ -113.58969, 36.02158 ], [ -113.61356, 35.98912 ], [ -113.63475, 35.98219 ], [ -113.64018, 35.969 ], [ -113.65179, 35.98272 ], [ -113.6283, 36.0107 ], [ -113.6355, 36.03588 ], [ -113.65038, 36.04557 ], [ -113.64888, 36.10167 ], [ -113.66496, 36.0819 ], [ -113.69058, 36.0673 ], [ -113.69001, 36.096 ], [ -113.70238, 36.11154 ], [ -113.7123, 36.08616 ], [ -113.73212, 36.09471 ], [ -113.73579, 36.12642 ], [ -113.75053, 36.13441 ], [ -113.77751, 36.10633 ], [ -113.76759, 36.14129 ], [ -113.77496, 36.157 ], [ -113.85, 36.157 ], [ -113.85, 36.46 ], [ -114.04298, 36.46 ], [ -114.04556, 36.28884 ], [ -114.04394, 36.19335 ], [ -114.0668, 36.17909 ], [ -114.09699, 36.12082 ], [ -114.12178, 36.1057 ], [ -114.1123, 36.09405 ], [ -114.13621, 36.05323 ], [ -114.13484, 36.04387 ], [ -114.1534, 36.02317 ], [ -114.17468, 36.02667 ], [ -114.21193, 36.01483 ], [ -114.24386, 36.01527 ], [ -114.26438, 36.02791 ], [ -114.27086, 36.04552 ], [ -114.31443, 36.06052 ], [ -114.30417, 36.07558 ], [ -114.3288, 36.1059 ], [ -114.35897, 36.1278 ], [ -114.37018, 36.14262 ], [ -114.41249, 36.14651 ], [ -114.44374, 36.12559 ], [ -114.45649, 36.13803 ], [ -114.50471, 36.12719 ], [ -114.5081, 36.14971 ], [ -114.57109, 36.1511 ], [ -114.61545, 36.12965 ], [ -114.63047, 36.14222 ], [ -114.66434, 36.1163 ], [ -114.68185, 36.10919 ], [ -114.73409, 36.10467 ], [ -114.75451, 36.08617 ], [ -114.73508, 36.05444 ], [ -114.74126, 36.03804 ], [ -114.7221, 36.02895 ], [ -114.73723, 36.01621 ], [ -114.67, 36.01621 ], [ -114.67, 36.07 ], [ -114.53, 36.07 ], [ -114.53, 35.92 ], [ -114.46, 35.92 ], [ -114.43, 35.98 ], [ -114.13, 35.98 ], [ -114.09, 36.05873 ], [ -113.94599, 36.05873 ], [ -113.9287, 36.05108 ], [ -113.90345, 36.06138 ], [ -113.89447, 36.04495 ], [ -113.86743, 36.04292 ], [ -113.86949, 36.02497 ], [ -113.83562, 36.02741 ], [ -113.82196, 36.03649 ], [ -113.80838, 36.02354 ], [ -113.79424, 35.98939 ], [ -113.78249, 35.97841 ], [ -113.77865, 35.95531 ], [ -113.83001, 35.92913 ], [ -113.80199, 35.93106 ], [ -113.80299, 35.92228 ], [ -113.76453, 35.93964 ], [ -113.73656, 35.92443 ], [ -113.72701, 35.89123 ], [ -113.78494, 35.85269 ], [ -113.72983, 35.87275 ], [ -113.71552, 35.85107 ], [ -113.73615, 35.84458 ], [ -113.70855, 35.82712 ], [ -113.66405, 35.82084 ], [ -113.68816, 35.7992 ], [ -113.67783, 35.79182 ], [ -113.69954, 35.77788 ], [ -113.6736, 35.7824 ], [ -113.63923, 35.76236 ], [ -113.64641, 35.75319 ], [ -113.62661, 35.74809 ], [ -113.62219, 35.73594 ], [ -113.63353, 35.70863 ], [ -113.67489, 35.66057 ], [ -113.64738, 35.66908 ], [ -113.62516, 35.69358 ], [ -113.5932, 35.70418 ], [ -113.57361, 35.69797 ], [ -113.55217, 35.70417 ], [ -113.5207, 35.69219 ], [ -113.4833, 35.68759 ], [ -113.44862, 35.68882 ], [ -113.43585, 35.68059 ] ] ] } },
{ "type": "Feature", "properties": { "fid": 62, "ZoneCode": "042013", "AbrvFull": "AZ LEMN", "NameFull": "Arizona Mount Lemmon", "ZoneNum": 13, "AbrvPart": "LEMN", "NamePart": "Mount Lemmon", "ZoneType": "Multizone partial", "StateAbrv": "AZ", "StateName": "Arizona", "ProjAbrv": "LC1", "ProjType": "Lambert Conformal Conic, one parallel", "LatOrigin": "30°30'N", "LonOriginE": "249°15'E", "LonOriginW": "110°45'W", "Lat0_deg": 30.5, "Lon0_E_deg": 249.25, "Lon0_W_deg": -110.75, "ProjScale": 0.9998, "SkewAz_deg": -9999, "FalseN_m": 3276600.0, "FalseE_m": 8382000.0, "FalseN_ift": 10750000.0, "FalseE_ift": 27500000.0, "DesignBy": "State", "Ref_frame": "NATRF2022" }, "geometry": { "type": "Polygon", "coordinates": [ [ [ -110.84, 32.37 ], [ -110.69, 32.37 ], [ -110.69, 32.5 ], [ -110.84, 32.5 ], [ -110.84, 32.37 ] ] ] } },
{ "type": "Feature", "properties": { "fid": 63, "ZoneCode": "042014", "AbrvFull": "AZ MING", "NameFull": "Arizona Mingus Mountain", "ZoneNum": 14, "AbrvPart": "MING", "NamePart": "Mingus Mountain", "ZoneType": "Multizone partial", "StateAbrv": "AZ", "StateName": "Arizona", "ProjAbrv": "OMC", "ProjType": "Hotine Oblique Mercator, center", "LatOrigin": "34°42'N", "LonOriginE": "247°51'E", "LonOriginW": "112°09'W", "Lat0_deg": 34.7, "Lon0_E_deg": 247.85, "Lon0_W_deg": -112.15, "ProjScale": 1.00031, "SkewAz_deg": 42, "FalseN_m": 5029200.0, "FalseE_m": 7162800.0, "FalseN_ift": 16500000.0, "FalseE_ift": 23500000.0, "DesignBy": "State", "Ref_frame": "NATRF2022" }, "geometry": { "type": "Polygon", "coordinates": [ [ [ -112.2, 34.62 ], [ -112.05, 34.62 ], [ -112.15, 34.79 ], [ -112.2, 34.79 ], [ -112.2, 34.62 ] ] ] } },
{ "type": "Feature", "properties": { "fid": 64, "ZoneCode": "042015", "AbrvFull": "AZ OKCN", "NameFull": "Arizona Oak Creek Canyon", "ZoneNum": 15, "AbrvPart": "OKCN", "NamePart": "Oak Creek Canyon", "ZoneType": "Multizone partial", "StateAbrv": "AZ", "StateName": "Arizona", "ProjAbrv": "LC1", "ProjType": "Lambert Conformal Conic, one parallel", "LatOrigin": "34°00'N", "LonOriginE": "248°18'E", "LonOriginW": "111°42'W", "Lat0_deg": 34.0, "Lon0_E_deg": 248.3, "Lon0_W_deg": -111.7, "ProjScale": 1.00012, "SkewAz_deg": -9999, "FalseN_m": 4914900.0, "FalseE_m": 7467600.0, "FalseN_ift": 16125000.0, "FalseE_ift": 24500000.0, "DesignBy": "State", "Ref_frame": "NATRF2022" }, "geometry": { "type": "Polygon", "coordinates": [ [ [ -111.7, 35.07 ], [ -111.78, 35.07 ], [ -111.78, 34.89 ], [ -111.67, 34.89 ], [ -111.67, 34.94 ], [ -111.7, 34.94 ], [ -111.7, 35.07 ] ] ] } },
{ "type": "Feature", "properties": { "fid": 65, "ZoneCode": "042016", "AbrvFull": "AZ SNOW", "NameFull": "Arizona Snowbowl", "ZoneNum": 16, "AbrvPart": "SNOW", "NamePart": "Snowbowl", "ZoneType": "Multizone partial", "StateAbrv": "AZ", "StateName": "Arizona", "ProjAbrv": "LC1", "ProjType": "Lambert Conformal Conic, one parallel", "LatOrigin": "36°15'N", "LonOriginE": "248°09'E", "LonOriginW": "111°51'W", "Lat0_deg": 36.25, "Lon0_E_deg": 248.15, "Lon0_W_deg": -111.85, "ProjScale": 1.00026, "SkewAz_deg": -9999, "FalseN_m": 5105400.0, "FalseE_m": 8382000.0, "FalseN_ift": 16750000.0, "FalseE_ift": 27500000.0, "DesignBy": "State", "Ref_frame": "NATRF2022" }, "geometry": { "type": "Polygon", "coordinates": [ [ [ -112.04, 35.48 ], [ -111.9, 35.48 ], [ -111.9, 35.31 ], [ -111.8, 35.31 ], [ -111.8, 35.29 ], [ -111.74, 35.29 ], [ -111.65, 35.25 ], [ -111.625, 35.25 ], [ -111.625, 35.23 ], [ -111.59, 35.23 ], [ -111.59, 35.42 ], [ -111.84, 35.57 ], [ -111.97, 35.57 ], [ -112.04, 35.48 ] ] ] } },
{ "type": "Feature", "properties": { "fid": 66, "ZoneCode": "042017", "AbrvFull": "AZ WLCR", "NameFull": "Arizona Interstate 40 Willow Creek", "ZoneNum": 17, "AbrvPart": "WLCR", "NamePart": "Interstate 40 Willow Creek", "ZoneType": "Multizone partial", "StateAbrv": "AZ", "StateName": "Arizona", "ProjAbrv": "LC1", "ProjType": "Lambert Conformal Conic, one parallel", "LatOrigin": "33°30'N", "LonOriginE": "246°36'E", "LonOriginW": "113°24'W", "Lat0_deg": 33.5, "Lon0_E_deg": 246.6, "Lon0_W_deg": -113.4, "ProjScale": 0.999795, "SkewAz_deg": -9999, "FalseN_m": 5143500.0, "FalseE_m": 6858000.0, "FalseN_ift": 16875000.0, "FalseE_ift": 22500000.0, "DesignBy": "State", "Ref_frame": "NATRF2022" }, "geometry": { "type": "Polygon", "coordinates": [ [ [ -113.56, 35.1 ], [ -113.24, 35.15 ], [ -113.24, 35.27 ], [ -113.56, 35.22 ], [ -113.56, 35.1 ] ] ] } },
{ "type": "Feature", "properties": { "fid": 67, "ZoneCode": "042018", "AbrvFull": "AZ WTRV", "NameFull": "Arizona Whiteriver", "ZoneNum": 18, "AbrvPart": "WTRV", "NamePart": "Whiteriver", "ZoneType": "Multizone partial", "StateAbrv": "AZ", "StateName": "Arizona", "ProjAbrv": "LC1", "ProjType": "Lambert Conformal Conic, one parallel", "LatOrigin": "32°51'N", "LonOriginE": "249°57'E", "LonOriginW": "110°03'W", "Lat0_deg": 32.85, "Lon0_E_deg": 249.95, "Lon0_W_deg": -110.05, "ProjScale": 1.00009, "SkewAz_deg": -9999, "FalseN_m": 4305300.0, "FalseE_m": 8382000.0, "FalseN_ift": 14125000.0, "FalseE_ift": 27500000.0, "DesignBy": "State", "Ref_frame": "NATRF2022" }, "geometry": { "type": "Polygon", "coordinates": [ [ [ -110.25, 33.77 ], [ -109.84, 33.77 ], [ -109.84, 34.06 ], [ -110.25, 33.93 ], [ -110.25, 33.77 ] ] ] } },
{ "type": "Feature", "properties": { "fid": 68, "ZoneCode": "062001", "AbrvFull": "CA LA", "NameFull": "California Los Angeles", "ZoneNum": 1, "AbrvPart": "LA", "NamePart": "Los Angeles", "ZoneType": "Multizone partial", "StateAbrv": "CA", "StateName": "California", "ProjAbrv": "OMC", "ProjType": "Hotine Oblique Mercator, center", "LatOrigin": "33°48'N", "LonOriginE": "241°45'E", "LonOriginW": "118°15'W", "Lat0_deg": 33.8, "Lon0_E_deg": 241.75, "Lon0_W_deg": -118.25, "ProjScale": 1.00001, "SkewAz_deg": -71, "FalseN_m": 76200.0, "FalseE_m": 495300.0, "FalseN_ift": 250000.0, "FalseE_ift": 1625000.0, "DesignBy": "State", "Ref_frame": "NATRF2022" }, "geometry": { "type": "MultiPolygon", "coordinates": [ [ [ [ -120.33856, 34.12169 ], [ -120.36198, 34.14878 ], [ -120.41879, 34.16057 ], [ -120.441, 34.15449 ], [ -120.47165, 34.1341 ], [ -120.49738, 34.14989 ], [ -120.53812, 34.15034 ], [ -120.561, 34.14066 ], [ -120.58226, 34.10752 ], [ -120.57381, 34.07597 ], [ -120.55005, 34.05729 ], [ -120.52339, 34.05113 ], [ -120.51878, 34.01408 ], [ -120.49773, 33.9912 ], [ -120.46678, 33.97612 ], [ -120.41177, 33.97705 ], [ -120.36707, 33.96104 ], [ -120.33225, 33.96843 ], [ -120.29897, 33.96846 ], [ -120.28003, 33.95394 ], [ -120.2731, 33.92958 ], [ -120.23872, 33.90411 ], [ -120.22113, 33.88419 ], [ -120.13993, 33.8448 ], [ -120.10409, 33.8424 ], [ -120.07065, 33.85649 ], [ -120.01934, 33.87056 ], [ -119.98084, 33.89232 ], [ -119.95029, 33.89438 ], [ -119.9288, 33.90547 ], [ -119.90476, 33.93967 ], [ -119.86195, 33.91084 ], [ -119.82321, 33.89939 ], [ -119.78937, 33.91013 ], [ -119.70749, 33.91039 ], [ -119.63673, 33.93828 ], [ -119.60208, 33.93677 ], [ -119.53282, 33.94987 ], [ -119.49229, 33.98322 ], [ -119.47265, 33.97065 ], [ -119.43296, 33.95591 ], [ -119.38046, 33.95361 ], [ -119.31844, 33.9749 ], [ -119.29624, 33.99724 ], [ -119.29311, 34.02015 ], [ -119.30515, 34.04745 ], [ -119.34246, 34.06896 ], [ -119.36788, 34.07042 ], [ -119.39701, 34.06379 ], [ -119.43732, 34.06772 ], [ -119.46784, 34.06293 ], [ -119.51211, 34.09346 ], [ -119.53842, 34.10541 ], [ -119.56552, 34.10881 ], [ -119.61427, 34.09943 ], [ -119.65493, 34.07122 ], [ -119.69301, 34.09485 ], [ -119.74522, 34.11092 ], [ -119.7926, 34.10638 ], [ -119.82922, 34.1187 ], [ -119.87598, 34.12623 ], [ -119.92879, 34.1299 ], [ -119.96547, 34.11256 ], [ -119.99164, 34.06487 ], [ -120.0195, 34.08772 ], [ -120.04515, 34.09061 ], [ -120.08028, 34.0864 ], [ -120.10292, 34.07449 ], [ -120.12013, 34.07894 ], [ -120.17113, 34.07332 ], [ -120.19411, 34.05872 ], [ -120.25285, 34.05803 ], [ -120.28465, 34.09475 ], [ -120.33856, 34.12169 ] ] ], [ [ [ -119.47249, 34.90138 ], [ -119.53576, 34.89758 ], [ -119.57836, 34.92188 ], [ -119.61606, 34.95058 ], [ -119.64426, 34.95358 ], [ -119.67296, 34.97338 ], [ -119.70056, 34.97667 ], [ -119.74557, 34.97368 ], [ -119.80102, 34.99886 ], [ -119.83082, 35.00578 ], [ -119.85452, 35.03215 ], [ -119.87827, 35.03971 ], [ -119.90197, 35.03579 ], [ -119.92842, 35.05979 ], [ -119.94272, 35.05444 ], [ -119.98012, 35.05757 ], [ -120.03282, 35.08782 ], [ -120.04404, 35.08599 ], [ -120.07241, 35.10471 ], [ -120.09693, 35.1096 ], [ -120.13591, 35.09785 ], [ -120.14292, 35.08222 ], [ -120.16762, 35.0753 ], [ -120.18489, 35.04845 ], [ -120.18838, 35.03038 ], [ -120.2318, 35.02052 ], [ -120.25215, 35.02902 ], [ -120.27862, 35.01156 ], [ -120.30993, 35.00922 ], [ -120.32382, 35.01731 ], [ -120.33455, 35.00632 ], [ -120.32712, 34.98653 ], [ -120.30195, 34.96338 ], [ -120.29218, 34.93031 ], [ -120.30183, 34.90557 ], [ -120.3183, 34.90704 ], [ -120.3283, 34.92582 ], [ -120.36124, 34.94647 ], [ -120.43547, 34.98676 ], [ -120.49622, 34.99316 ], [ -120.53857, 34.98375 ], [ -120.55492, 34.97388 ], [ -120.57519, 34.97829 ], [ -120.58552, 34.96722 ], [ -120.6022, 34.97275 ], [ -120.63414, 34.95956 ], [ -120.64912, 34.97461 ], [ -120.70279, 34.99998 ], [ -120.71483, 34.96263 ], [ -120.72574, 34.9465 ], [ -120.73382, 34.89604 ], [ -120.71297, 34.8629 ], [ -120.67328, 34.83862 ], [ -120.70209, 34.74833 ], [ -120.69714, 34.73576 ], [ -120.66469, 34.69634 ], [ -120.68648, 34.64502 ], [ -120.70718, 34.61621 ], [ -120.71276, 34.5683 ], [ -120.68453, 34.52713 ], [ -120.64236, 34.50377 ], [ -120.59433, 34.50407 ], [ -120.55944, 34.48847 ], [ -120.53566, 34.4527 ], [ -120.52365, 34.41951 ], [ -120.501, 34.40314 ], [ -120.451, 34.39118 ], [ -120.36733, 34.40849 ], [ -120.32451, 34.40975 ], [ -120.28712, 34.41761 ], [ -120.2406, 34.41746 ], [ -120.13512, 34.42206 ], [ -120.09067, 34.40929 ], [ -120.04481, 34.41245 ], [ -119.9279, 34.375 ], [ -119.8985, 34.36036 ], [ -119.83792, 34.35432 ], [ -119.79707, 34.36533 ], [ -119.73202, 34.3397 ], [ -119.70759, 34.33732 ], [ -119.66611, 34.35446 ], [ -119.65136, 34.36671 ], [ -119.61746, 34.36873 ], [ -119.58479, 34.36166 ], [ -119.55583, 34.34502 ], [ -119.50095, 34.32692 ], [ -119.46699, 34.29366 ], [ -119.42862, 34.27778 ], [ -119.40199, 34.27226 ], [ -119.37593, 34.24988 ], [ -119.33593, 34.23752 ], [ -119.28574, 34.14081 ], [ -119.25094, 34.1062 ], [ -119.21799, 34.06249 ], [ -119.15896, 34.04025 ], [ -119.1168, 34.02982 ], [ -119.02741, 34.01492 ], [ -118.95243, 33.99296 ], [ -118.8873, 33.98722 ], [ -118.82489, 33.94904 ], [ -118.77904, 33.95453 ], [ -118.74639, 33.9755 ], [ -118.65016, 33.98512 ], [ -118.55736, 33.98767 ], [ -118.52345, 33.95305 ], [ -118.50091, 33.91862 ], [ -118.44725, 33.84876 ], [ -118.44397, 33.83906 ], [ -118.48448, 33.80315 ], [ -118.48558, 33.75366 ], [ -118.46696, 33.72552 ], [ -118.42864, 33.70127 ], [ -118.38593, 33.68671 ], [ -118.34541, 33.66343 ], [ -118.31913, 33.65955 ], [ -118.27424, 33.66343 ], [ -118.23701, 33.6906 ], [ -118.16583, 33.69156 ], [ -118.1259, 33.69715 ], [ -118.09647, 33.65365 ], [ -118.03361, 33.60935 ], [ -118.00022, 33.59275 ], [ -117.93405, 33.54925 ], [ -117.81636, 33.49087 ], [ -117.79326, 33.46978 ], [ -117.76514, 33.43154 ], [ -117.73534, 33.40744 ], [ -117.71357, 33.40878 ], [ -117.61108, 33.33399 ], [ -117.57848, 33.45393 ], [ -117.53843, 33.45564 ], [ -117.50958, 33.47166 ], [ -117.50972, 33.50502 ], [ -117.36427, 33.50503 ], [ -117.37092, 33.49055 ], [ -117.24167, 33.44893 ], [ -117.24127, 33.43199 ], [ -117.13645, 33.43247 ], [ -117.03075, 33.43002 ], [ -117.03086, 33.42693 ], [ -116.61769, 33.42735 ], [ -116.5, 33.42684 ], [ -116.5, 34.65 ], [ -117.66696, 34.65 ], [ -117.66746, 34.82253 ], [ -117.77493, 34.8233 ], [ -117.98768, 34.82263 ], [ -118.20411, 34.82016 ], [ -118.48454, 34.81821 ], [ -118.85401, 34.81776 ], [ -118.85411, 34.80328 ], [ -118.87672, 34.8032 ], [ -118.89463, 34.81797 ], [ -118.8804, 34.78866 ], [ -118.97802, 34.78981 ], [ -118.97793, 34.81171 ], [ -119.24253, 34.81432 ], [ -119.24258, 34.8576 ], [ -119.27725, 34.85728 ], [ -119.27644, 34.87248 ], [ -119.38185, 34.87399 ], [ -119.3837, 34.90082 ], [ -119.47249, 34.90138 ] ] ] ] } },
{ "type": "Feature", "properties": { "fid": 69, "ZoneCode": "062002", "AbrvFull": "CA SF", "NameFull": "California San Francisco", "ZoneNum": 2, "AbrvPart": "SF", "NamePart": "San Francisco", "ZoneType": "Multizone partial", "StateAbrv": "CA", "StateName": "California", "ProjAbrv": "OMC", "ProjType": "Hotine Oblique Mercator, center", "LatOrigin": "37°45'N", "LonOriginE": "237°51'E", "LonOriginW": "122°09'W", "Lat0_deg": 37.75, "Lon0_E_deg": 237.85, "Lon0_W_deg": -122.15, "ProjScale": 1.0, "SkewAz_deg": -22, "FalseN_m": 342900.0, "FalseE_m": 647700.0, "FalseN_ift": 1125000.0, "FalseE_ift": 2125000.0, "DesignBy": "State", "Ref_frame": "NATRF2022" }, "geometry": { "type": "Polygon", "coordinates": [ [ [ -120.70279, 34.99998 ], [ -120.64912, 34.97461 ], [ -120.63414, 34.95956 ], [ -120.6022, 34.97275 ], [ -120.58552, 34.96722 ], [ -120.57519, 34.97829 ], [ -120.55492, 34.97388 ], [ -120.53857, 34.98375 ], [ -120.49622, 34.99316 ], [ -120.43547, 34.98676 ], [ -120.36124, 34.94647 ], [ -120.3283, 34.92582 ], [ -120.3183, 34.90704 ], [ -120.30183, 34.90557 ], [ -120.29218, 34.93031 ], [ -120.30195, 34.96338 ], [ -120.32712, 34.98653 ], [ -120.33455, 35.00632 ], [ -120.32382, 35.01731 ], [ -120.30993, 35.00922 ], [ -120.27862, 35.01156 ], [ -120.25215, 35.02902 ], [ -120.2318, 35.02052 ], [ -120.18838, 35.03038 ], [ -120.18489, 35.04845 ], [ -120.16762, 35.0753 ], [ -120.14292, 35.08222 ], [ -120.13591, 35.09785 ], [ -120.09693, 35.1096 ], [ -120.07241, 35.10471 ], [ -120.04404, 35.08599 ], [ -120.03282, 35.08782 ], [ -119.98012, 35.05757 ], [ -119.94272, 35.05444 ], [ -119.92842, 35.05979 ], [ -119.90197, 35.03579 ], [ -119.87827, 35.03971 ], [ -119.85452, 35.03215 ], [ -119.83082, 35.00578 ], [ -119.80102, 34.99886 ], [ -119.74557, 34.97368 ], [ -119.70056, 34.97667 ], [ -119.67296, 34.97338 ], [ -119.64426, 34.95358 ], [ -119.61606, 34.95058 ], [ -119.57836, 34.92188 ], [ -119.53576, 34.89758 ], [ -119.47249, 34.90138 ], [ -119.47255, 35.07667 ], [ -119.49054, 35.07668 ], [ -119.49038, 35.09165 ], [ -119.56175, 35.08783 ], [ -119.55382, 35.18012 ], [ -119.6673, 35.17498 ], [ -119.66658, 35.26264 ], [ -119.80941, 35.26369 ], [ -119.80921, 35.35094 ], [ -119.88036, 35.35112 ], [ -119.88004, 35.43913 ], [ -119.99315, 35.43947 ], [ -119.99745, 35.46871 ], [ -120.01511, 35.46884 ], [ -120.0143, 35.4834 ], [ -120.03287, 35.4835 ], [ -120.03302, 35.49829 ], [ -120.05093, 35.49825 ], [ -120.05102, 35.51307 ], [ -120.06901, 35.51294 ], [ -120.06878, 35.52656 ], [ -120.08677, 35.52643 ], [ -120.08618, 35.6144 ], [ -120.19399, 35.61439 ], [ -120.19437, 35.78936 ], [ -120.21398, 35.78928 ], [ -120.22067, 35.81954 ], [ -120.24453, 35.82399 ], [ -120.2593, 35.84505 ], [ -120.24025, 35.86593 ], [ -120.24327, 35.87767 ], [ -120.27576, 35.90588 ], [ -120.32427, 35.90884 ], [ -120.33588, 35.93709 ], [ -120.35651, 35.94806 ], [ -120.35982, 35.96398 ], [ -120.40782, 35.97574 ], [ -120.43305, 35.96893 ], [ -120.4497, 35.98843 ], [ -120.47739, 36.00082 ], [ -120.4787, 36.01018 ], [ -120.54041, 36.03666 ], [ -120.59231, 36.07188 ], [ -120.59013, 36.0898 ], [ -120.60061, 36.10159 ], [ -120.61516, 36.09516 ], [ -120.64878, 36.10799 ], [ -120.66484, 36.14035 ], [ -120.66798, 36.16057 ], [ -120.65462, 36.16772 ], [ -120.63815, 36.19754 ], [ -120.62691, 36.20323 ], [ -120.68184, 36.25105 ], [ -120.67262, 36.28049 ], [ -120.68272, 36.29444 ], [ -120.65881, 36.31624 ], [ -120.63001, 36.31691 ], [ -120.59656, 36.32849 ], [ -120.59715, 36.48824 ], [ -120.60371, 36.48824 ], [ -120.74944, 36.60529 ], [ -120.93368, 36.7519 ], [ -121.14152, 36.83666 ], [ -121.15281, 36.8656 ], [ -121.19827, 36.91434 ], [ -121.22171, 36.91036 ], [ -121.23468, 36.92689 ], [ -121.21179, 36.95711 ], [ -121.24589, 36.98304 ], [ -121.23314, 36.99935 ], [ -121.24599, 37.02558 ], [ -121.22451, 37.03974 ], [ -121.22339, 37.05751 ], [ -121.20964, 37.06824 ], [ -121.24302, 37.09271 ], [ -121.21734, 37.12304 ], [ -121.23771, 37.15758 ], [ -121.26229, 37.15947 ], [ -121.28227, 37.18368 ], [ -121.29773, 37.16643 ], [ -121.32841, 37.16595 ], [ -121.35456, 37.18389 ], [ -121.38455, 37.16551 ], [ -121.38355, 37.15149 ], [ -121.40464, 37.15599 ], [ -121.41687, 37.21126 ], [ -121.45575, 37.24944 ], [ -121.45905, 37.28274 ], [ -121.40575, 37.31099 ], [ -121.42365, 37.35884 ], [ -121.41255, 37.38944 ], [ -121.45665, 37.39554 ], [ -121.47261, 37.42335 ], [ -121.46292, 37.45149 ], [ -121.48677, 37.47565 ], [ -121.46927, 37.48969 ], [ -121.49318, 37.50242 ], [ -121.50442, 37.52586 ], [ -121.54183, 37.53022 ], [ -121.55665, 37.54273 ], [ -121.55706, 37.81575 ], [ -121.53425, 37.84989 ], [ -121.55312, 37.86096 ], [ -121.56261, 37.85335 ], [ -121.57942, 37.8723 ], [ -121.57282, 37.9043 ], [ -121.55727, 37.93225 ], [ -121.56514, 37.95985 ], [ -121.58246, 37.98392 ], [ -121.56961, 38.00316 ], [ -121.57279, 38.01691 ], [ -121.55753, 38.01662 ], [ -121.57217, 38.04141 ], [ -121.58439, 38.03603 ], [ -121.5822, 38.06842 ], [ -121.57292, 38.07424 ], [ -121.58002, 38.09441 ], [ -121.62738, 38.09836 ], [ -121.63809, 38.08613 ], [ -121.66186, 38.09562 ], [ -121.67926, 38.08932 ], [ -121.68147, 38.06124 ], [ -121.69976, 38.04522 ], [ -121.73782, 38.02663 ], [ -121.77748, 38.01892 ], [ -121.81331, 38.02054 ], [ -121.83212, 38.0311 ], [ -121.84166, 38.05197 ], [ -121.8616, 38.06989 ], [ -121.84323, 38.07666 ], [ -121.82792, 38.06622 ], [ -121.79639, 38.06085 ], [ -121.74316, 38.08723 ], [ -121.71393, 38.08454 ], [ -121.70649, 38.11186 ], [ -121.6921, 38.13313 ], [ -121.68564, 38.15964 ], [ -121.66291, 38.18187 ], [ -121.61541, 38.1957 ], [ -121.60244, 38.22041 ], [ -121.60526, 38.29535 ], [ -121.59327, 38.31309 ], [ -121.6937, 38.31373 ], [ -121.69468, 38.52705 ], [ -121.71203, 38.53796 ], [ -121.73859, 38.5377 ], [ -121.76472, 38.52592 ], [ -121.81333, 38.52602 ], [ -121.86012, 38.53851 ], [ -121.88842, 38.53782 ], [ -121.90897, 38.52958 ], [ -121.94028, 38.53338 ], [ -122.01167, 38.48899 ], [ -122.03247, 38.4943 ], [ -122.05694, 38.51727 ], [ -122.10413, 38.51336 ], [ -122.13439, 38.60463 ], [ -122.14935, 38.62546 ], [ -122.16404, 38.61789 ], [ -122.15917, 38.63511 ], [ -122.16637, 38.65545 ], [ -122.18067, 38.65714 ], [ -122.20211, 38.67774 ], [ -122.20695, 38.69595 ], [ -122.22272, 38.69942 ], [ -122.22375, 38.72255 ], [ -122.24884, 38.7558 ], [ -122.25431, 38.78119 ], [ -122.28765, 38.83998 ], [ -122.32405, 38.84625 ], [ -122.34768, 38.83639 ], [ -122.39223, 38.85877 ], [ -122.40117, 38.85578 ], [ -122.37537, 38.82645 ], [ -122.37974, 38.80215 ], [ -122.3977, 38.80487 ], [ -122.40899, 38.77609 ], [ -122.46412, 38.70613 ], [ -122.62677, 38.67078 ], [ -122.64657, 38.70618 ], [ -122.69183, 38.71095 ], [ -122.71038, 38.73208 ], [ -122.73534, 38.77789 ], [ -122.74822, 38.7878 ], [ -122.74874, 38.80419 ], [ -122.81765, 38.84984 ], [ -123.081, 38.85244 ], [ -123.08123, 38.83841 ], [ -123.13664, 38.83945 ], [ -123.13625, 38.80914 ], [ -123.36839, 38.80664 ], [ -123.36824, 38.77707 ], [ -123.49915, 38.77833 ], [ -123.52096, 38.75858 ], [ -123.53375, 38.76841 ], [ -123.6325, 38.75812 ], [ -123.59196, 38.74023 ], [ -123.578, 38.71758 ], [ -123.51058, 38.68089 ], [ -123.48854, 38.65147 ], [ -123.47052, 38.63858 ], [ -123.45616, 38.61479 ], [ -123.39416, 38.55394 ], [ -123.36093, 38.5102 ], [ -123.32381, 38.49861 ], [ -123.30674, 38.47868 ], [ -123.26919, 38.45757 ], [ -123.22022, 38.44195 ], [ -123.18846, 38.40286 ], [ -123.16476, 38.38834 ], [ -123.15049, 38.36169 ], [ -123.13431, 38.34579 ], [ -123.14133, 38.31134 ], [ -123.13452, 38.29626 ], [ -123.05196, 38.21586 ], [ -123.03894, 38.19753 ], [ -123.02721, 38.16417 ], [ -123.01482, 38.14913 ], [ -123.0638, 38.03649 ], [ -123.0812, 38.01897 ], [ -123.08388, 37.98337 ], [ -123.06796, 37.95867 ], [ -123.02251, 37.94207 ], [ -122.95322, 37.94109 ], [ -122.9134, 37.95977 ], [ -122.90228, 37.97739 ], [ -122.88929, 37.97411 ], [ -122.85046, 37.94559 ], [ -122.8389, 37.91891 ], [ -122.81413, 37.90108 ], [ -122.78903, 37.89376 ], [ -122.77914, 37.87613 ], [ -122.75247, 37.8577 ], [ -122.71584, 37.84563 ], [ -122.67565, 37.84852 ], [ -122.61228, 37.81522 ], [ -122.58817, 37.78936 ], [ -122.58128, 37.7602 ], [ -122.5675, 37.63919 ], [ -122.58645, 37.59253 ], [ -122.58645, 37.56191 ], [ -122.57956, 37.54588 ], [ -122.57496, 37.49994 ], [ -122.56809, 37.47921 ], [ -122.547, 37.45786 ], [ -122.50989, 37.44155 ], [ -122.50354, 37.4119 ], [ -122.48745, 37.38833 ], [ -122.46587, 37.34124 ], [ -122.48405, 37.24994 ], [ -122.46412, 37.17785 ], [ -122.44563, 37.15004 ], [ -122.42135, 37.13508 ], [ -122.39692, 37.10989 ], [ -122.39536, 37.09374 ], [ -122.37609, 37.06565 ], [ -122.33641, 37.05386 ], [ -122.3139, 37.05476 ], [ -122.27637, 37.02483 ], [ -122.26565, 37.00012 ], [ -122.25108, 36.98583 ], [ -122.17202, 36.94268 ], [ -122.13057, 36.92534 ], [ -122.0764, 36.9102 ], [ -122.06832, 36.87495 ], [ -122.00112, 36.6477 ], [ -122.0126, 36.63857 ], [ -122.04275, 36.59663 ], [ -122.03746, 36.56038 ], [ -122.01745, 36.53741 ], [ -122.022, 36.50891 ], [ -121.99947, 36.46645 ], [ -121.9941, 36.43506 ], [ -121.98104, 36.41963 ], [ -121.97039, 36.38337 ], [ -121.97188, 36.35783 ], [ -121.95905, 36.28711 ], [ -121.94684, 36.27179 ], [ -121.91127, 36.24876 ], [ -121.88019, 36.21031 ], [ -121.85015, 36.19234 ], [ -121.80235, 36.1783 ], [ -121.77069, 36.16201 ], [ -121.72781, 36.12901 ], [ -121.67436, 36.06466 ], [ -121.64818, 35.99862 ], [ -121.62037, 35.96911 ], [ -121.58928, 35.95927 ], [ -121.56146, 35.94382 ], [ -121.54183, 35.90166 ], [ -121.51919, 35.8634 ], [ -121.50105, 35.84275 ], [ -121.4561, 35.81771 ], [ -121.4285, 35.78591 ], [ -121.39346, 35.7634 ], [ -121.37933, 35.72696 ], [ -121.37896, 35.70603 ], [ -121.36636, 35.68042 ], [ -121.34772, 35.66498 ], [ -121.33964, 35.64243 ], [ -121.32351, 35.62497 ], [ -121.28604, 35.60844 ], [ -121.24659, 35.60036 ], [ -121.20155, 35.58369 ], [ -121.17776, 35.56126 ], [ -121.15106, 35.51641 ], [ -121.11817, 35.4906 ], [ -121.04163, 35.41999 ], [ -121.015, 35.41063 ], [ -120.98963, 35.41114 ], [ -120.95967, 35.39649 ], [ -120.93329, 35.39275 ], [ -120.92343, 35.34841 ], [ -120.95128, 35.29014 ], [ -120.96025, 35.24362 ], [ -120.94385, 35.21378 ], [ -120.91779, 35.18738 ], [ -120.8473, 35.13787 ], [ -120.82199, 35.13144 ], [ -120.80041, 35.11658 ], [ -120.74631, 35.1093 ], [ -120.7255, 35.11358 ], [ -120.68961, 35.09883 ], [ -120.6878, 35.07749 ], [ -120.70279, 34.99998 ] ] ] } },
{ "type": "Feature", "properties": { "fid": 70, "ZoneCode": "122001", "AbrvFull": "FL P", "NameFull": "Florida Peninsula", "ZoneNum": 1, "AbrvPart": "P", "NamePart": "Peninsula", "ZoneType": "Multizone partial", "StateAbrv": "FL", "StateName": "Florida", "ProjAbrv": "OMC", "ProjType": "Hotine Oblique Mercator, center", "LatOrigin": "28°00'N", "LonOriginE": "278°21'E", "LonOriginW": "81°39'W", "Lat0_deg": 28.0, "Lon0_E_deg": 278.35, "Lon0_W_deg": -81.65, "ProjScale": 0.99993, "SkewAz_deg": -16, "FalseN_m": 609600.0, "FalseE_m": 1219200.0, "FalseN_ift": 2000000.0, "FalseE_ift": 4000000.0, "DesignBy": "State", "Ref_frame": "NATRF2022" }, "geometry": { "type": "MultiPolygon", "coordinates": [ [ [ [ -82.7561, 24.79385 ], [ -82.78993, 24.79991 ], [ -82.86889, 24.79809 ], [ -82.94546, 24.78496 ], [ -83.00477, 24.76451 ], [ -83.05238, 24.73273 ], [ -83.08845, 24.69205 ], [ -83.10352, 24.65799 ], [ -83.10891, 24.61109 ], [ -83.10353, 24.57996 ], [ -83.08256, 24.53687 ], [ -83.05248, 24.50519 ], [ -82.99988, 24.47698 ], [ -82.99974, 24.58392 ], [ -82.982, 24.58377 ], [ -82.96026, 24.57146 ], [ -82.91412, 24.57597 ], [ -82.88505, 24.56338 ], [ -82.84849, 24.5676 ], [ -82.82818, 24.58377 ], [ -82.65668, 24.58371 ], [ -82.64149, 24.62871 ], [ -82.63991, 24.65491 ], [ -82.65508, 24.71332 ], [ -82.67998, 24.74851 ], [ -82.72189, 24.7802 ], [ -82.7561, 24.79385 ] ] ], [ [ [ -81.89291, 30.82551 ], [ -81.90836, 30.81599 ], [ -81.92811, 30.81742 ], [ -81.93883, 30.82985 ], [ -81.96441, 30.81668 ], [ -81.96226, 30.79668 ], [ -81.97739, 30.77684 ], [ -82.00829, 30.79106 ], [ -82.02227, 30.78814 ], [ -82.0116, 30.76188 ], [ -82.03677, 30.75443 ], [ -82.03593, 30.70621 ], [ -82.05022, 30.67454 ], [ -82.03905, 30.64322 ], [ -82.00616, 30.57728 ], [ -82.01863, 30.52383 ], [ -82.01691, 30.47511 ], [ -82.03823, 30.43578 ], [ -82.03406, 30.42003 ], [ -82.0447, 30.40413 ], [ -82.03722, 30.37185 ], [ -82.06658, 30.356 ], [ -82.10502, 30.36882 ], [ -82.17162, 30.35992 ], [ -82.1903, 30.37628 ], [ -82.21073, 30.42564 ], [ -82.20124, 30.48511 ], [ -82.22507, 30.50769 ], [ -82.2404, 30.53777 ], [ -82.23419, 30.55765 ], [ -82.21468, 30.56856 ], [ -82.4958, 30.58649 ], [ -83.30925, 30.63441 ], [ -83.27261, 30.62769 ], [ -83.25662, 30.5862 ], [ -83.26081, 30.55282 ], [ -83.24687, 30.54002 ], [ -83.23948, 30.51511 ], [ -83.24377, 30.47313 ], [ -83.21766, 30.45586 ], [ -83.22178, 30.42569 ], [ -83.20729, 30.41392 ], [ -83.18004, 30.4102 ], [ -83.17097, 30.38523 ], [ -83.19216, 30.37522 ], [ -83.1983, 30.34828 ], [ -83.21275, 30.34434 ], [ -83.20992, 30.31188 ], [ -83.22802, 30.29933 ], [ -83.24041, 30.26029 ], [ -83.36726, 30.26044 ], [ -83.36856, 30.18722 ], [ -83.37089, 29.88793 ], [ -83.35299, 29.88786 ], [ -83.35286, 29.82222 ], [ -83.31886, 29.82262 ], [ -83.31946, 29.77833 ], [ -83.34568, 29.74349 ], [ -83.35131, 29.69429 ], [ -83.37335, 29.66595 ], [ -83.39851, 29.67394 ], [ -83.41544, 29.66554 ], [ -83.57541, 29.527 ], [ -83.56545, 29.46205 ], [ -83.5509, 29.43115 ], [ -83.53343, 29.40846 ], [ -83.50493, 29.38423 ], [ -83.43566, 29.3497 ], [ -83.40251, 29.31692 ], [ -83.35503, 29.28828 ], [ -83.34679, 29.24349 ], [ -83.33311, 29.21594 ], [ -83.29873, 29.17803 ], [ -83.26208, 29.15572 ], [ -83.2647, 29.12749 ], [ -83.25702, 29.08489 ], [ -83.21863, 29.01692 ], [ -83.1921, 28.98984 ], [ -83.16027, 28.96888 ], [ -83.11744, 28.95195 ], [ -83.08218, 28.94619 ], [ -83.02167, 28.94536 ], [ -82.97845, 28.95181 ], [ -82.94557, 28.96375 ], [ -82.94427, 28.91584 ], [ -82.92887, 28.87621 ], [ -82.9158, 28.8565 ], [ -82.92718, 28.81358 ], [ -82.9205, 28.75715 ], [ -82.89042, 28.7 ], [ -82.87756, 28.64182 ], [ -82.86791, 28.61503 ], [ -82.83914, 28.57458 ], [ -82.85319, 28.542 ], [ -82.85823, 28.50756 ], [ -82.85543, 28.47721 ], [ -82.87094, 28.44526 ], [ -82.87761, 28.41268 ], [ -82.89736, 28.35701 ], [ -82.95378, 28.3317 ], [ -82.98381, 28.30609 ], [ -83.00916, 28.26807 ], [ -83.01942, 28.23637 ], [ -83.02141, 28.19224 ], [ -83.01251, 28.13374 ], [ -83.00682, 28.05404 ], [ -82.99924, 28.02687 ], [ -82.99845, 27.99026 ], [ -83.01408, 27.93344 ], [ -83.01998, 27.89341 ], [ -83.01795, 27.84836 ], [ -83.01044, 27.81564 ], [ -82.99389, 27.77767 ], [ -82.9655, 27.73391 ], [ -82.91522, 27.68413 ], [ -82.91739, 27.66282 ], [ -82.93284, 27.61653 ], [ -82.93348, 27.56635 ], [ -82.92474, 27.5321 ], [ -82.88982, 27.45702 ], [ -82.86162, 27.42373 ], [ -82.83625, 27.36159 ], [ -82.81016, 27.33072 ], [ -82.78629, 27.31066 ], [ -82.73465, 27.24682 ], [ -82.7109, 27.19485 ], [ -82.67054, 27.15444 ], [ -82.63531, 27.08773 ], [ -82.62843, 27.06375 ], [ -82.60032, 27.0014 ], [ -82.54882, 26.91529 ], [ -82.49878, 26.83573 ], [ -82.44505, 26.76463 ], [ -82.43157, 26.73615 ], [ -82.43317, 26.68683 ], [ -82.42798, 26.64508 ], [ -82.41514, 26.61327 ], [ -82.3903, 26.57525 ], [ -82.37746, 26.53219 ], [ -82.35964, 26.50273 ], [ -82.34706, 26.44947 ], [ -82.33457, 26.41987 ], [ -82.30375, 26.37524 ], [ -82.28055, 26.35413 ], [ -82.2185, 26.31085 ], [ -82.16932, 26.28846 ], [ -82.11233, 26.27388 ], [ -82.07617, 26.27179 ], [ -82.03337, 26.27625 ], [ -82.00546, 26.28443 ], [ -81.98529, 26.21318 ], [ -81.98011, 26.15235 ], [ -81.97343, 26.12675 ], [ -81.96802, 26.06959 ], [ -81.95756, 26.03478 ], [ -81.91843, 25.95273 ], [ -81.90773, 25.9004 ], [ -81.8707, 25.82948 ], [ -81.84202, 25.79451 ], [ -81.81737, 25.74999 ], [ -81.78767, 25.71578 ], [ -81.75138, 25.69161 ], [ -81.72389, 25.6806 ], [ -81.67673, 25.67239 ], [ -81.63007, 25.67268 ], [ -81.57623, 25.68604 ], [ -81.51902, 25.65694 ], [ -81.5066, 25.61939 ], [ -81.46788, 25.57396 ], [ -81.42541, 25.5516 ], [ -81.38477, 25.49701 ], [ -81.36051, 25.43182 ], [ -81.3252, 25.39062 ], [ -81.31491, 25.35155 ], [ -81.34243, 25.24942 ], [ -81.34155, 25.21881 ], [ -81.32854, 25.17641 ], [ -81.3048, 25.13242 ], [ -81.29293, 25.09322 ], [ -81.27806, 25.0687 ], [ -81.24358, 25.0355 ], [ -81.21427, 25.01918 ], [ -81.18858, 24.9948 ], [ -81.17035, 24.96214 ], [ -81.21196, 24.98033 ], [ -81.26575, 24.98642 ], [ -81.35038, 24.97048 ], [ -81.41348, 24.97813 ], [ -81.48849, 24.96635 ], [ -81.50763, 24.95977 ], [ -81.58131, 24.92376 ], [ -81.62159, 24.89722 ], [ -81.64807, 24.88957 ], [ -81.69158, 24.86293 ], [ -81.76188, 24.82875 ], [ -81.77824, 24.81538 ], [ -81.81421, 24.80639 ], [ -81.89429, 24.76365 ], [ -81.9468, 24.75755 ], [ -81.97769, 24.74965 ], [ -82.02695, 24.72572 ], [ -82.07325, 24.74137 ], [ -82.13034, 24.74802 ], [ -82.20073, 24.73817 ], [ -82.23771, 24.72005 ], [ -82.26277, 24.6989 ], [ -82.28734, 24.67006 ], [ -82.30809, 24.63704 ], [ -82.3265, 24.58373 ], [ -82.21545, 24.58376 ], [ -82.21955, 24.54043 ], [ -82.2032, 24.51335 ], [ -82.16605, 24.49699 ], [ -82.10033, 24.5 ], [ -82.06717, 24.52372 ], [ -82.05107, 24.49684 ], [ -82.02348, 24.47786 ], [ -81.97441, 24.47121 ], [ -81.97977, 24.43166 ], [ -81.96732, 24.41196 ], [ -81.94644, 24.39935 ], [ -81.91113, 24.39779 ], [ -81.89426, 24.40574 ], [ -81.8669, 24.40359 ], [ -81.81352, 24.41764 ], [ -81.78898, 24.43948 ], [ -81.78181, 24.46093 ], [ -81.79236, 24.49561 ], [ -81.77081, 24.49687 ], [ -81.77439, 24.4793 ], [ -81.76287, 24.44964 ], [ -81.74869, 24.43778 ], [ -81.71183, 24.42973 ], [ -81.61026, 24.45431 ], [ -81.58583, 24.47109 ], [ -81.56496, 24.47278 ], [ -81.53992, 24.48603 ], [ -81.51909, 24.51725 ], [ -81.52785, 24.55328 ], [ -81.51461, 24.56476 ], [ -81.47473, 24.55346 ], [ -81.45161, 24.55553 ], [ -81.42064, 24.57057 ], [ -81.38543, 24.56993 ], [ -81.29345, 24.59672 ], [ -81.25448, 24.60363 ], [ -81.23991, 24.61706 ], [ -81.20426, 24.63119 ], [ -81.18404, 24.63121 ], [ -81.14769, 24.64906 ], [ -81.12479, 24.63661 ], [ -81.07652, 24.63338 ], [ -81.04765, 24.64024 ], [ -81.02258, 24.66528 ], [ -80.99979, 24.66891 ], [ -80.91891, 24.71307 ], [ -80.89329, 24.71645 ], [ -80.85223, 24.74893 ], [ -80.81247, 24.76121 ], [ -80.78337, 24.76126 ], [ -80.74511, 24.78888 ], [ -80.70881, 24.80469 ], [ -80.67481, 24.82561 ], [ -80.65234, 24.8314 ], [ -80.6199, 24.85459 ], [ -80.58545, 24.88933 ], [ -80.53816, 24.91273 ], [ -80.51434, 24.94063 ], [ -80.4695, 24.95176 ], [ -80.45336, 24.9637 ], [ -80.4391, 24.99799 ], [ -80.40933, 25.01268 ], [ -80.39282, 25.03543 ], [ -80.39043, 25.05719 ], [ -80.35778, 25.0729 ], [ -80.33332, 25.0992 ], [ -80.3029, 25.14492 ], [ -80.29483, 25.17167 ], [ -80.22495, 25.28432 ], [ -80.18697, 25.33343 ], [ -80.17656, 25.36687 ], [ -80.15164, 25.39746 ], [ -80.1391, 25.4331 ], [ -80.11709, 25.44182 ], [ -80.09838, 25.46309 ], [ -80.09506, 25.49339 ], [ -80.11515, 25.52287 ], [ -80.10354, 25.57074 ], [ -80.10777, 25.60663 ], [ -80.09178, 25.72111 ], [ -80.07315, 25.74299 ], [ -80.06307, 25.85602 ], [ -80.06572, 25.88124 ], [ -80.06335, 25.9744 ], [ -80.05453, 26.07312 ], [ -80.03811, 26.19674 ], [ -80.02463, 26.25124 ], [ -80.01528, 26.32096 ], [ -80.01436, 26.36224 ], [ -80.00615, 26.43281 ], [ -79.98854, 26.52726 ], [ -79.98065, 26.59545 ], [ -79.9813, 26.65027 ], [ -79.97473, 26.70823 ], [ -79.97965, 26.75034 ], [ -79.97542, 26.80025 ], [ -79.99646, 26.88181 ], [ -80.0391, 27.02985 ], [ -80.06338, 27.0916 ], [ -80.08095, 27.12533 ], [ -80.09541, 27.18064 ], [ -80.1271, 27.23937 ], [ -80.189, 27.37532 ], [ -80.21335, 27.42472 ], [ -80.22796, 27.463 ], [ -80.2293, 27.48563 ], [ -80.24579, 27.51017 ], [ -80.26109, 27.54914 ], [ -80.28135, 27.62117 ], [ -80.29646, 27.65341 ], [ -80.32811, 27.75031 ], [ -80.39944, 27.89147 ], [ -80.42901, 27.94148 ], [ -80.49977, 28.07726 ], [ -80.53417, 28.23417 ], [ -80.544, 28.27109 ], [ -80.53417, 28.3357 ], [ -80.51943, 28.39108 ], [ -80.48121, 28.42551 ], [ -80.46939, 28.4531 ], [ -80.47805, 28.49245 ], [ -80.50358, 28.54036 ], [ -80.52297, 28.60824 ], [ -80.63557, 28.75027 ], [ -80.72183, 28.875 ], [ -80.87481, 29.10597 ], [ -80.90684, 29.14471 ], [ -80.94017, 29.21173 ], [ -80.95578, 29.25026 ], [ -80.99978, 29.33682 ], [ -81.04571, 29.43246 ], [ -81.04192, 29.43289 ], [ -81.08519, 29.52886 ], [ -81.11981, 29.59673 ], [ -81.14914, 29.66614 ], [ -81.1674, 29.7231 ], [ -81.1864, 29.76008 ], [ -81.20518, 29.82243 ], [ -81.20927, 29.87525 ], [ -81.22385, 29.92156 ], [ -81.23517, 29.94227 ], [ -81.25513, 30.00025 ], [ -81.28531, 30.12524 ], [ -81.31598, 30.23612 ], [ -81.33063, 30.29948 ], [ -81.33538, 30.36129 ], [ -81.32156, 30.37857 ], [ -81.3169, 30.40772 ], [ -81.32488, 30.42474 ], [ -81.35357, 30.44666 ], [ -81.35488, 30.49275 ], [ -81.375, 30.53276 ], [ -81.38028, 30.56323 ], [ -81.38087, 30.62735 ], [ -81.3734, 30.66278 ], [ -81.35817, 30.67598 ], [ -81.34701, 30.71244 ], [ -81.46401, 30.71098 ], [ -81.48482, 30.72511 ], [ -81.53369, 30.72306 ], [ -81.53866, 30.70869 ], [ -81.57239, 30.7219 ], [ -81.60605, 30.71868 ], [ -81.6515, 30.74068 ], [ -81.67352, 30.73879 ], [ -81.69241, 30.74764 ], [ -81.71811, 30.74481 ], [ -81.74028, 30.76425 ], [ -81.77006, 30.77707 ], [ -81.78142, 30.7614 ], [ -81.79262, 30.78678 ], [ -81.83948, 30.78659 ], [ -81.88186, 30.79996 ], [ -81.89291, 30.82551 ] ] ] ] } },
{ "type": "Feature", "properties": { "fid": 71, "ZoneCode": "201001", "AbrvFull": "KS GOOD", "NameFull": "Kansas Goodland", "ZoneNum": 1, "AbrvPart": "GOOD", "NamePart": "Goodland", "ZoneType": "Multizone partial", "StateAbrv": "KS", "StateName": "Kansas", "ProjAbrv": "TM", "ProjType": "Transverse Mercator", "LatOrigin": "37°45'N", "LonOriginE": "258°24'E", "LonOriginW": "101°36'W", "Lat0_deg": 37.75, "Lon0_E_deg": 258.4, "Lon0_W_deg": -101.6, "ProjScale": 1.000156, "SkewAz_deg": -9999, "FalseN_m": 0.0, "FalseE_m": 495300.0, "FalseN_ift": 0.0, "FalseE_ift": 1625000.0, "DesignBy": "State", "Ref_frame": "NATRF2022" }, "geometry": { "type": "Polygon", "coordinates": [ [ [ -101.41103, 40.00252 ], [ -102.05174, 40.00308 ], [ -102.04905, 39.37399 ], [ -102.04535, 38.8569 ], [ -102.04521, 38.69757 ], [ -101.78119, 38.69814 ], [ -101.48438, 38.70017 ], [ -101.47819, 39.13476 ], [ -101.39172, 39.13512 ], [ -101.39124, 39.31518 ], [ -101.38907, 39.56837 ], [ -101.41391, 39.56836 ], [ -101.40984, 39.82946 ], [ -101.41103, 40.00252 ] ] ] } },
{ "type": "Feature", "properties": { "fid": 72, "ZoneCode": "201002", "AbrvFull": "KS COLB", "NameFull": "Kansas Colby", "ZoneNum": 2, "AbrvPart": "COLB", "NamePart": "Colby", "ZoneType": "Multizone partial", "StateAbrv": "KS", "StateName": "Kansas", "ProjAbrv": "TM", "ProjType": "Transverse Mercator", "LatOrigin": "37°45'N", "LonOriginE": "259°03'E", "LonOriginW": "100°57'W", "Lat0_deg": 37.75, "Lon0_E_deg": 259.05, "Lon0_W_deg": -100.95, "ProjScale": 1.000134, "SkewAz_deg": -9999, "FalseN_m": 0.0, "FalseE_m": 800100.0, "FalseN_ift": 0.0, "FalseE_ift": 2625000.0, "DesignBy": "State", "Ref_frame": "NATRF2022" }, "geometry": { "type": "Polygon", "coordinates": [ [ [ -100.73882, 40.00212 ], [ -101.41103, 40.00252 ], [ -101.40984, 39.82946 ], [ -101.41391, 39.56836 ], [ -101.38907, 39.56837 ], [ -101.39124, 39.31518 ], [ -101.39172, 39.13512 ], [ -101.47819, 39.13476 ], [ -101.48438, 38.70017 ], [ -101.26695, 38.70148 ], [ -101.12838, 38.7006 ], [ -100.94328, 38.69892 ], [ -100.8187, 38.69986 ], [ -100.81731, 38.82986 ], [ -100.81428, 38.96173 ], [ -100.81186, 39.13336 ], [ -100.7213, 39.13338 ], [ -100.72021, 39.56803 ], [ -100.74087, 39.56804 ], [ -100.74046, 39.8296 ], [ -100.73882, 40.00212 ] ] ] } },
{ "type": "Feature", "properties": { "fid": 73, "ZoneCode": "201003", "AbrvFull": "KS OBER", "NameFull": "Kansas Oberlin", "ZoneNum": 3, "AbrvPart": "OBER", "NamePart": "Oberlin", "ZoneType": "Multizone partial", "StateAbrv": "KS", "StateName": "Kansas", "ProjAbrv": "TM", "ProjType": "Transverse Mercator", "LatOrigin": "37°45'N", "LonOriginE": "259°39'E", "LonOriginW": "100°21'W", "Lat0_deg": 37.75, "Lon0_E_deg": 259.65, "Lon0_W_deg": -100.35, "ProjScale": 1.000116, "SkewAz_deg": -9999, "FalseN_m": 0.0, "FalseE_m": 1104900.0, "FalseN_ift": 0.0, "FalseE_ift": 3625000.0, "DesignBy": "State", "Ref_frame": "NATRF2022" }, "geometry": { "type": "Polygon", "coordinates": [ [ [ -100.17779, 40.0016 ], [ -100.73882, 40.00212 ], [ -100.74046, 39.8296 ], [ -100.74087, 39.56804 ], [ -100.72021, 39.56803 ], [ -100.7213, 39.13338 ], [ -100.81186, 39.13336 ], [ -100.81428, 38.96173 ], [ -100.81731, 38.82986 ], [ -100.8187, 38.69986 ], [ -100.5609, 38.70014 ], [ -100.2472, 38.69817 ], [ -100.15382, 38.69734 ], [ -100.14794, 39.13218 ], [ -100.1642, 39.13207 ], [ -100.16207, 39.3929 ], [ -100.16167, 39.56728 ], [ -100.18035, 39.56689 ], [ -100.17999, 39.7866 ], [ -100.17779, 40.0016 ] ] ] } },
{ "type": "Feature", "properties": { "fid": 74, "ZoneCode": "201004", "AbrvFull": "KS HAYS", "NameFull": "Kansas Hays", "ZoneNum": 4, "AbrvPart": "HAYS", "NamePart": "Hays", "ZoneType": "Multizone partial", "StateAbrv": "KS", "StateName": "Kansas", "ProjAbrv": "TM", "ProjType": "Transverse Mercator", "LatOrigin": "37°45'N", "LonOriginE": "260°33'E", "LonOriginW": "99°27'W", "Lat0_deg": 37.75, "Lon0_E_deg": 260.55, "Lon0_W_deg": -99.45, "ProjScale": 1.000082, "SkewAz_deg": -9999, "FalseN_m": 0.0, "FalseE_m": 1409700.0, "FalseN_ift": 0.0, "FalseE_ift": 4625000.0, "DesignBy": "State", "Ref_frame": "NATRF2022" }, "geometry": { "type": "Polygon", "coordinates": [ [ [ -99.06705, 40.00235 ], [ -99.5721, 40.00197 ], [ -99.81343, 40.00136 ], [ -100.17779, 40.0016 ], [ -100.17999, 39.7866 ], [ -100.18035, 39.56689 ], [ -100.16167, 39.56728 ], [ -100.16207, 39.3929 ], [ -100.1642, 39.13207 ], [ -100.14794, 39.13218 ], [ -100.15382, 38.69734 ], [ -100.04355, 38.69627 ], [ -99.58509, 38.69654 ], [ -99.04263, 38.69681 ], [ -99.03975, 38.87889 ], [ -99.0375, 39.13312 ], [ -99.04769, 39.13301 ], [ -99.04754, 39.2636 ], [ -99.04529, 39.39385 ], [ -99.0444, 39.56804 ], [ -99.06622, 39.56813 ], [ -99.06705, 40.00235 ] ] ] } },
{ "type": "Feature", "properties": { "fid": 75, "ZoneCode": "201005", "AbrvFull": "KS GRTB", "NameFull": "Kansas Great Bend", "ZoneNum": 5, "AbrvPart": "GRTB", "NamePart": "Great Bend", "ZoneType": "Multizone partial", "StateAbrv": "KS", "StateName": "Kansas", "ProjAbrv": "TM", "ProjType": "Transverse Mercator", "LatOrigin": "37°45'N", "LonOriginE": "261°20'E", "LonOriginW": "98°40'W", "Lat0_deg": 37.75, "Lon0_E_deg": 261.33333333299998, "Lon0_W_deg": -98.666666666699996, "ProjScale": 1.000078, "SkewAz_deg": -9999, "FalseN_m": 0.0, "FalseE_m": 1714500.0, "FalseN_ift": 0.0, "FalseE_ift": 5625000.0, "DesignBy": "State", "Ref_frame": "NATRF2022" }, "geometry": { "type": "Polygon", "coordinates": [ [ [ -98.50445, 40.00229 ], [ -99.06705, 40.00235 ], [ -99.06622, 39.56813 ], [ -99.0444, 39.56804 ], [ -99.04529, 39.39385 ], [ -99.04754, 39.2636 ], [ -99.04769, 39.13301 ], [ -99.0375, 39.13312 ], [ -99.03975, 38.87889 ], [ -99.04263, 38.69681 ], [ -99.03297, 38.69676 ], [ -99.03231, 38.26123 ], [ -98.91258, 38.26109 ], [ -98.47984, 38.26079 ], [ -98.48064, 38.43467 ], [ -98.47996, 38.69692 ], [ -98.48611, 38.69688 ], [ -98.48475, 38.87501 ], [ -98.48604, 39.03051 ], [ -98.48375, 39.13267 ], [ -98.49, 39.1327 ], [ -98.48968, 39.40299 ], [ -98.48738, 39.56749 ], [ -98.50527, 39.5676 ], [ -98.50403, 39.82082 ], [ -98.50445, 40.00229 ] ] ] } },
{ "type": "Feature", "properties": { "fid": 76, "ZoneCode": "201006", "AbrvFull": "KS BELT", "NameFull": "Kansas Beloit", "ZoneNum": 6, "AbrvPart": "BELT", "NamePart": "Beloit", "ZoneType": "Multizone partial", "StateAbrv": "KS", "StateName": "Kansas", "ProjAbrv": "TM", "ProjType": "Transverse Mercator", "LatOrigin": "37°45'N", "LonOriginE": "261°51'E", "LonOriginW": "98°09'W", "Lat0_deg": 37.75, "Lon0_E_deg": 261.85, "Lon0_W_deg": -98.15, "ProjScale": 1.000068, "SkewAz_deg": -9999, "FalseN_m": 0.0, "FalseE_m": 1981200.0, "FalseN_ift": 0.0, "FalseE_ift": 6500000.0, "DesignBy": "State", "Ref_frame": "NATRF2022" }, "geometry": { "type": "Polygon", "coordinates": [ [ [ -97.93182, 40.00207 ], [ -98.50445, 40.00229 ], [ -98.50403, 39.82082 ], [ -98.50527, 39.5676 ], [ -98.48738, 39.56749 ], [ -98.48968, 39.40299 ], [ -98.49, 39.1327 ], [ -98.48375, 39.13267 ], [ -98.48604, 39.03051 ], [ -98.48475, 38.87501 ], [ -98.48611, 38.69688 ], [ -98.47996, 38.69692 ], [ -98.48064, 38.43467 ], [ -98.47984, 38.26079 ], [ -98.47244, 38.26074 ], [ -98.47279, 38.17276 ], [ -98.21603, 38.1735 ], [ -98.21592, 38.15875 ], [ -98.14218, 38.15954 ], [ -98.14227, 38.17392 ], [ -97.92214, 38.17371 ], [ -97.92223, 38.25667 ], [ -97.9252, 38.2605 ], [ -97.92422, 38.51531 ], [ -97.92516, 38.69697 ], [ -97.92846, 38.69697 ], [ -97.92833, 39.0309 ], [ -97.92975, 39.21927 ], [ -97.93161, 39.27709 ], [ -97.92876, 39.32069 ], [ -97.92951, 39.39377 ], [ -97.92846, 39.56692 ], [ -97.93184, 39.56692 ], [ -97.93153, 39.65104 ], [ -97.93342, 39.82765 ], [ -97.93182, 40.00207 ] ] ] } },
{ "type": "Feature", "properties": { "fid": 77, "ZoneCode": "201007", "AbrvFull": "KS SLNA", "NameFull": "Kansas Salina", "ZoneNum": 7, "AbrvPart": "SLNA", "NamePart": "Salina", "ZoneType": "Multizone partial", "StateAbrv": "KS", "StateName": "Kansas", "ProjAbrv": "TM", "ProjType": "Transverse Mercator", "LatOrigin": "37°45'N", "LonOriginE": "262°40'E", "LonOriginW": "97°20'W", "Lat0_deg": 37.75, "Lon0_E_deg": 262.66666666700002, "Lon0_W_deg": -97.333333333300004, "ProjScale": 1.000049, "SkewAz_deg": -9999, "FalseN_m": 0.0, "FalseE_m": 2286000.0, "FalseN_ift": 0.0, "FalseE_ift": 7500000.0, "DesignBy": "State", "Ref_frame": "NATRF2022" }, "geometry": { "type": "Polygon", "coordinates": [ [ [ -96.80577, 40.0015 ], [ -97.12531, 40.00194 ], [ -97.93182, 40.00207 ], [ -97.93342, 39.82765 ], [ -97.93153, 39.65104 ], [ -97.93184, 39.56692 ], [ -97.92846, 39.56692 ], [ -97.92951, 39.39377 ], [ -97.92876, 39.32069 ], [ -97.93161, 39.27709 ], [ -97.92975, 39.21927 ], [ -97.92833, 39.0309 ], [ -97.92846, 38.69697 ], [ -97.92516, 38.69697 ], [ -97.92422, 38.51531 ], [ -97.9252, 38.2605 ], [ -97.92223, 38.25667 ], [ -97.92214, 38.17371 ], [ -97.60981, 38.17417 ], [ -97.3505, 38.17382 ], [ -97.15309, 38.17463 ], [ -97.15291, 38.0877 ], [ -96.84077, 38.08562 ], [ -96.84093, 38.26128 ], [ -96.83778, 38.26285 ], [ -96.83765, 38.34864 ], [ -96.81947, 38.3485 ], [ -96.81951, 38.52245 ], [ -96.92997, 38.52241 ], [ -96.9303, 38.65049 ], [ -96.92737, 38.69601 ], [ -96.92723, 38.81216 ], [ -96.89017, 38.81217 ], [ -96.89024, 38.87007 ], [ -96.92671, 38.87035 ], [ -96.92621, 38.97894 ], [ -96.96347, 38.9649 ], [ -96.96318, 39.1323 ], [ -96.96138, 39.13233 ], [ -96.96077, 39.43784 ], [ -96.95872, 39.56643 ], [ -96.80654, 39.56642 ], [ -96.80674, 39.75 ], [ -96.80577, 40.0015 ] ] ] } },
{ "type": "Feature", "properties": { "fid": 78, "ZoneCode": "201008", "AbrvFull": "KS MANH", "NameFull": "Kansas Manhattan", "ZoneNum": 8, "AbrvPart": "MANH", "NamePart": "Manhattan", "ZoneType": "Multizone partial", "StateAbrv": "KS", "StateName": "Kansas", "ProjAbrv": "LC1", "ProjType": "Lambert Conformal Conic, one parallel", "LatOrigin": "39°10'N", "LonOriginE": "263°30'E", "LonOriginW": "96°30'W", "Lat0_deg": 39.166666666700003, "Lon0_E_deg": 263.5, "Lon0_W_deg": -96.5, "ProjScale": 1.000044, "SkewAz_deg": -9999, "FalseN_m": 152400.0, "FalseE_m": 2590800.0, "FalseN_ift": 500000.0, "FalseE_ift": 8500000.0, "DesignBy": "State", "Ref_frame": "NATRF2022" }, "geometry": { "type": "Polygon", "coordinates": [ [ [ -96.03557, 39.21652 ], [ -96.03465, 39.37632 ], [ -96.03595, 39.5661 ], [ -96.49963, 39.56602 ], [ -96.80654, 39.56642 ], [ -96.95872, 39.56643 ], [ -96.96077, 39.43784 ], [ -96.96138, 39.13233 ], [ -96.96318, 39.1323 ], [ -96.96347, 38.9649 ], [ -96.92621, 38.97894 ], [ -96.92671, 38.87035 ], [ -96.89024, 38.87007 ], [ -96.50156, 38.8697 ], [ -96.5014, 38.82619 ], [ -96.3904, 38.82586 ], [ -96.38975, 38.73898 ], [ -95.94592, 38.73911 ], [ -95.94659, 38.86997 ], [ -95.94675, 39.09869 ], [ -95.97261, 39.11157 ], [ -96.00899, 39.11582 ], [ -95.99129, 39.12723 ], [ -96.00379, 39.132 ], [ -96.017, 39.12033 ], [ -96.0359, 39.12978 ], [ -96.03557, 39.21652 ] ] ] } },
{ "type": "Feature", "properties": { "fid": 79, "ZoneCode": "201009", "AbrvFull": "KS EMPO", "NameFull": "Kansas Emporia", "ZoneNum": 9, "AbrvPart": "EMPO", "NamePart": "Emporia", "ZoneType": "Multizone partial", "StateAbrv": "KS", "StateName": "Kansas", "ProjAbrv": "LC1", "ProjType": "Lambert Conformal Conic, one parallel", "LatOrigin": "38°30'N", "LonOriginE": "263°30'E", "LonOriginW": "96°30'W", "Lat0_deg": 38.5, "Lon0_E_deg": 263.5, "Lon0_W_deg": -96.5, "ProjScale": 1.00005, "SkewAz_deg": -9999, "FalseN_m": 76200.0, "FalseE_m": 2895600.0, "FalseN_ift": 250000.0, "FalseE_ift": 9500000.0, "DesignBy": "State", "Ref_frame": "NATRF2022" }, "geometry": { "type": "Polygon", "coordinates": [ [ [ -95.94592, 38.73911 ], [ -96.38975, 38.73898 ], [ -96.3904, 38.82586 ], [ -96.5014, 38.82619 ], [ -96.50156, 38.8697 ], [ -96.89024, 38.87007 ], [ -96.89017, 38.81217 ], [ -96.92723, 38.81216 ], [ -96.92737, 38.69601 ], [ -96.9303, 38.65049 ], [ -96.92997, 38.52241 ], [ -96.81951, 38.52245 ], [ -96.81947, 38.3485 ], [ -96.83765, 38.34864 ], [ -96.83778, 38.26285 ], [ -96.84093, 38.26128 ], [ -96.84077, 38.08562 ], [ -96.52278, 38.08637 ], [ -96.3581, 38.08582 ], [ -96.35728, 38.17266 ], [ -96.2569, 38.17289 ], [ -95.95886, 38.17094 ], [ -95.9585, 38.25972 ], [ -95.94999, 38.25971 ], [ -95.95058, 38.37358 ], [ -95.94965, 38.69539 ], [ -95.94592, 38.73911 ] ] ] } },
{ "type": "Feature", "properties": { "fid": 80, "ZoneCode": "201010", "AbrvFull": "KS ATCH", "NameFull": "Kansas Atchison", "ZoneNum": 10, "AbrvPart": "ATCH", "NamePart": "Atchison", "ZoneType": "Multizone partial", "StateAbrv": "KS", "StateName": "Kansas", "ProjAbrv": "LC1", "ProjType": "Lambert Conformal Conic, one parallel", "LatOrigin": "39°38'N", "LonOriginE": "264°15'E", "LonOriginW": "95°45'W", "Lat0_deg": 39.633333333300001, "Lon0_E_deg": 264.25, "Lon0_W_deg": -95.75, "ProjScale": 1.00004, "SkewAz_deg": -9999, "FalseN_m": 190500.0, "FalseE_m": 3200400.0, "FalseN_ift": 625000.0, "FalseE_ift": 10500000.0, "DesignBy": "State", "Ref_frame": "NATRF2022" }, "geometry": { "type": "Polygon", "coordinates": [ [ [ -95.30829, 40.0 ], [ -96.80577, 40.0015 ], [ -96.80674, 39.75 ], [ -96.80654, 39.56642 ], [ -96.49963, 39.56602 ], [ -96.03595, 39.5661 ], [ -96.03465, 39.37632 ], [ -96.03557, 39.21652 ], [ -95.58947, 39.21608 ], [ -95.58929, 39.41909 ], [ -95.46005, 39.42092 ], [ -95.22697, 39.41903 ], [ -94.97154, 39.41881 ], [ -94.99017, 39.44619 ], [ -95.03341, 39.46088 ], [ -95.04467, 39.47126 ], [ -95.05055, 39.49751 ], [ -95.10289, 39.53335 ], [ -95.11307, 39.55918 ], [ -95.09215, 39.58112 ], [ -95.0569, 39.58057 ], [ -95.04669, 39.59675 ], [ -95.05515, 39.62166 ], [ -95.04952, 39.63788 ], [ -95.02459, 39.66849 ], [ -94.9884, 39.6771 ], [ -94.96933, 39.69073 ], [ -94.97133, 39.72571 ], [ -94.94754, 39.74534 ], [ -94.90261, 39.7242 ], [ -94.87563, 39.73049 ], [ -94.85903, 39.75412 ], [ -94.86965, 39.7729 ], [ -94.90544, 39.75951 ], [ -94.93464, 39.77314 ], [ -94.91955, 39.79029 ], [ -94.89053, 39.79143 ], [ -94.87624, 39.80739 ], [ -94.87666, 39.82252 ], [ -94.89148, 39.83464 ], [ -94.91677, 39.83581 ], [ -94.93985, 39.85204 ], [ -94.9279, 39.88611 ], [ -94.95518, 39.90129 ], [ -94.98706, 39.89632 ], [ -95.01513, 39.89964 ], [ -95.03525, 39.86592 ], [ -95.085, 39.86188 ], [ -95.13968, 39.88059 ], [ -95.14605, 39.90418 ], [ -95.18956, 39.90015 ], [ -95.20348, 39.90565 ], [ -95.20527, 39.93975 ], [ -95.25025, 39.94864 ], [ -95.27233, 39.97104 ], [ -95.30161, 39.984 ], [ -95.30829, 40.0 ] ] ] } },
{ "type": "Feature", "properties": { "fid": 81, "ZoneCode": "201011", "AbrvFull": "KS ULYS", "NameFull": "Kansas Ulysses", "ZoneNum": 11, "AbrvPart": "ULYS", "NamePart": "Ulysses", "ZoneType": "Multizone partial", "StateAbrv": "KS", "StateName": "Kansas", "ProjAbrv": "TM", "ProjType": "Transverse Mercator", "LatOrigin": "36°30'N", "LonOriginE": "258°35'E", "LonOriginW": "101°25'W", "Lat0_deg": 36.5, "Lon0_E_deg": 258.58333333299998, "Lon0_W_deg": -101.416666667, "ProjScale": 1.00014, "SkewAz_deg": -9999, "FalseN_m": 0.0, "FalseE_m": 3505200.0, "FalseN_ift": 0.0, "FalseE_ift": 11500000.0, "DesignBy": "State", "Ref_frame": "NATRF2022" }, "geometry": { "type": "Polygon", "coordinates": [ [ [ -101.12838, 38.7006 ], [ -101.26695, 38.70148 ], [ -101.48438, 38.70017 ], [ -101.78119, 38.69814 ], [ -102.04521, 38.69757 ], [ -102.04426, 38.11295 ], [ -102.04451, 37.98458 ], [ -102.04163, 37.6967 ], [ -102.04209, 36.99302 ], [ -101.06645, 36.99792 ], [ -101.06811, 37.38778 ], [ -101.08965, 37.38772 ], [ -101.09053, 37.62502 ], [ -101.08989, 37.82912 ], [ -101.10378, 37.82904 ], [ -101.10256, 38.09512 ], [ -101.10327, 38.26456 ], [ -101.12544, 38.26451 ], [ -101.12789, 38.43178 ], [ -101.12838, 38.7006 ] ] ] } },
{ "type": "Feature", "properties": { "fid": 82, "ZoneCode": "201012", "AbrvFull": "KS GARD", "NameFull": "Kansas Garden City", "ZoneNum": 12, "AbrvPart": "GARD", "NamePart": "Garden City", "ZoneType": "Multizone partial", "StateAbrv": "KS", "StateName": "Kansas", "ProjAbrv": "TM", "ProjType": "Transverse Mercator", "LatOrigin": "36°30'N", "LonOriginE": "259°36'E", "LonOriginW": "100°24'W", "Lat0_deg": 36.5, "Lon0_E_deg": 259.6, "Lon0_W_deg": -100.4, "ProjScale": 1.000109, "SkewAz_deg": -9999, "FalseN_m": 0.0, "FalseE_m": 3810000.0, "FalseN_ift": 0.0, "FalseE_ift": 12500000.0, "DesignBy": "State", "Ref_frame": "NATRF2022" }, "geometry": { "type": "Polygon", "coordinates": [ [ [ -100.8187, 38.69986 ], [ -100.94328, 38.69892 ], [ -101.12838, 38.7006 ], [ -101.12789, 38.43178 ], [ -101.12544, 38.26451 ], [ -101.10327, 38.26456 ], [ -101.10256, 38.09512 ], [ -101.10378, 37.82904 ], [ -101.08989, 37.82912 ], [ -101.09053, 37.62502 ], [ -101.08965, 37.38772 ], [ -101.06811, 37.38778 ], [ -101.06645, 36.99792 ], [ -100.73451, 36.99906 ], [ -100.6749, 36.99993 ], [ -100.30735, 37.00181 ], [ -100.08948, 37.00226 ], [ -100.09121, 37.12503 ], [ -100.09153, 37.38689 ], [ -100.10742, 37.38709 ], [ -100.10725, 37.47484 ], [ -100.21623, 37.47519 ], [ -100.21464, 37.82681 ], [ -100.22742, 37.82684 ], [ -100.22551, 38.08767 ], [ -100.22714, 38.26224 ], [ -100.24439, 38.26229 ], [ -100.24856, 38.63937 ], [ -100.2472, 38.69817 ], [ -100.5609, 38.70014 ], [ -100.8187, 38.69986 ] ] ] } },
{ "type": "Feature", "properties": { "fid": 83, "ZoneCode": "201013", "AbrvFull": "KS DODG", "NameFull": "Kansas Dodge City", "ZoneNum": 13, "AbrvPart": "DODG", "NamePart": "Dodge City", "ZoneType": "Multizone partial", "StateAbrv": "KS", "StateName": "Kansas", "ProjAbrv": "TM", "ProjType": "Transverse Mercator", "LatOrigin": "36°30'N", "LonOriginE": "260°20'E", "LonOriginW": "99°40'W", "Lat0_deg": 36.5, "Lon0_E_deg": 260.33333333299998, "Lon0_W_deg": -99.666666666699996, "ProjScale": 1.000097, "SkewAz_deg": -9999, "FalseN_m": 0.0, "FalseE_m": 4114800.0, "FalseN_ift": 0.0, "FalseE_ift": 13500000.0, "DesignBy": "State", "Ref_frame": "NATRF2022" }, "geometry": { "type": "Polygon", "coordinates": [ [ [ -100.15382, 38.69734 ], [ -100.2472, 38.69817 ], [ -100.24856, 38.63937 ], [ -100.24439, 38.26229 ], [ -100.22714, 38.26224 ], [ -100.22551, 38.08767 ], [ -100.22742, 37.82684 ], [ -100.21464, 37.82681 ], [ -100.21623, 37.47519 ], [ -100.10725, 37.47484 ], [ -100.10742, 37.38709 ], [ -100.09153, 37.38689 ], [ -100.09121, 37.12503 ], [ -100.08948, 37.00226 ], [ -99.87541, 37.00166 ], [ -99.54112, 36.99961 ], [ -99.54415, 37.19629 ], [ -99.54467, 37.30476 ], [ -99.54319, 37.38112 ], [ -99.55577, 37.38111 ], [ -99.55779, 37.63044 ], [ -99.56027, 37.82559 ], [ -99.57058, 37.82563 ], [ -99.56951, 38.09808 ], [ -99.57054, 38.26196 ], [ -99.58421, 38.26218 ], [ -99.5866, 38.6112 ], [ -99.58509, 38.69654 ], [ -100.04355, 38.69627 ], [ -100.15382, 38.69734 ] ] ] } },
{ "type": "Feature", "properties": { "fid": 84, "ZoneCode": "201014", "AbrvFull": "KS LARN", "NameFull": "Kansas Larned", "ZoneNum": 14, "AbrvPart": "LARN", "NamePart": "Larned", "ZoneType": "Multizone partial", "StateAbrv": "KS", "StateName": "Kansas", "ProjAbrv": "TM", "ProjType": "Transverse Mercator", "LatOrigin": "36°30'N", "LonOriginE": "260°48'E", "LonOriginW": "99°12'W", "Lat0_deg": 36.5, "Lon0_E_deg": 260.8, "Lon0_W_deg": -99.2, "ProjScale": 1.000087, "SkewAz_deg": -9999, "FalseN_m": 0.0, "FalseE_m": 4381500.0, "FalseN_ift": 0.0, "FalseE_ift": 14375000.0, "DesignBy": "State", "Ref_frame": "NATRF2022" }, "geometry": { "type": "Polygon", "coordinates": [ [ [ -99.04263, 38.69681 ], [ -99.58509, 38.69654 ], [ -99.5866, 38.6112 ], [ -99.58421, 38.26218 ], [ -99.57054, 38.26196 ], [ -99.56951, 38.09808 ], [ -99.57058, 37.82563 ], [ -99.56027, 37.82559 ], [ -99.55779, 37.63044 ], [ -99.55577, 37.38111 ], [ -99.54319, 37.38112 ], [ -99.54467, 37.30476 ], [ -99.54415, 37.19629 ], [ -99.54112, 36.99961 ], [ -99.0003, 36.99947 ], [ -99.00243, 37.25003 ], [ -99.00129, 37.3843 ], [ -99.0115, 37.38426 ], [ -99.01536, 37.6435 ], [ -99.01332, 37.82534 ], [ -99.02263, 37.82536 ], [ -99.02214, 38.00024 ], [ -98.91314, 38.00045 ], [ -98.91258, 38.26109 ], [ -99.03231, 38.26123 ], [ -99.03297, 38.69676 ], [ -99.04263, 38.69681 ] ] ] } },
{ "type": "Feature", "properties": { "fid": 85, "ZoneCode": "201015", "AbrvFull": "KS PRAT", "NameFull": "Kansas Pratt", "ZoneNum": 15, "AbrvPart": "PRAT", "NamePart": "Pratt", "ZoneType": "Multizone partial", "StateAbrv": "KS", "StateName": "Kansas", "ProjAbrv": "TM", "ProjType": "Transverse Mercator", "LatOrigin": "36°30'N", "LonOriginE": "261°27'E", "LonOriginW": "98°33'W", "Lat0_deg": 36.5, "Lon0_E_deg": 261.45, "Lon0_W_deg": -98.55, "ProjScale": 1.000069, "SkewAz_deg": -9999, "FalseN_m": 0.0, "FalseE_m": 4686300.0, "FalseN_ift": 0.0, "FalseE_ift": 15375000.0, "DesignBy": "State", "Ref_frame": "NATRF2022" }, "geometry": { "type": "Polygon", "coordinates": [ [ [ -98.47984, 38.26079 ], [ -98.91258, 38.26109 ], [ -98.91314, 38.00045 ], [ -99.02214, 38.00024 ], [ -99.02263, 37.82536 ], [ -99.01332, 37.82534 ], [ -99.01536, 37.6435 ], [ -99.0115, 37.38426 ], [ -99.00129, 37.3843 ], [ -99.00243, 37.25003 ], [ -99.0003, 36.99947 ], [ -98.79702, 36.99946 ], [ -98.34715, 36.99816 ], [ -98.3498, 37.38406 ], [ -98.46495, 37.38409 ], [ -98.4649, 37.82451 ], [ -98.47226, 37.8245 ], [ -98.47279, 38.17276 ], [ -98.47244, 38.26074 ], [ -98.47984, 38.26079 ] ] ] } },
{ "type": "Feature", "properties": { "fid": 86, "ZoneCode": "201016", "AbrvFull": "KS WICH", "NameFull": "Kansas Wichita", "ZoneNum": 16, "AbrvPart": "WICH", "NamePart": "Wichita", "ZoneType": "Multizone partial", "StateAbrv": "KS", "StateName": "Kansas", "ProjAbrv": "LC1", "ProjType": "Lambert Conformal Conic, one parallel", "LatOrigin": "37°46'N", "LonOriginE": "262°30'E", "LonOriginW": "97°30'W", "Lat0_deg": 37.766666666699997, "Lon0_E_deg": 262.5, "Lon0_W_deg": -97.5, "ProjScale": 1.000059, "SkewAz_deg": -9999, "FalseN_m": 152400.0, "FalseE_m": 5067300.0, "FalseN_ift": 500000.0, "FalseE_ift": 16625000.0, "DesignBy": "State", "Ref_frame": "NATRF2022" }, "geometry": { "type": "Polygon", "coordinates": [ [ [ -96.84077, 38.08562 ], [ -97.15291, 38.0877 ], [ -97.15309, 38.17463 ], [ -97.3505, 38.17382 ], [ -97.60981, 38.17417 ], [ -97.92214, 38.17371 ], [ -98.14227, 38.17392 ], [ -98.14218, 38.15954 ], [ -98.21592, 38.15875 ], [ -98.21603, 38.1735 ], [ -98.47279, 38.17276 ], [ -98.47226, 37.8245 ], [ -98.4649, 37.82451 ], [ -98.46495, 37.38409 ], [ -98.3498, 37.38406 ], [ -98.1489, 37.38422 ], [ -97.80706, 37.38629 ], [ -97.8076, 37.47418 ], [ -97.51522, 37.47554 ], [ -97.36919, 37.47728 ], [ -97.2587, 37.4755 ], [ -96.84403, 37.47619 ], [ -96.71512, 37.47538 ], [ -96.52569, 37.47641 ], [ -96.52594, 37.79929 ], [ -96.52278, 38.08637 ], [ -96.84077, 38.08562 ] ] ] } },
{ "type": "Feature", "properties": { "fid": 87, "ZoneCode": "201017", "AbrvFull": "KS ARKC", "NameFull": "Kansas Arkansas City", "ZoneNum": 17, "AbrvPart": "ARKC", "NamePart": "Arkansas City", "ZoneType": "Multizone partial", "StateAbrv": "KS", "StateName": "Kansas", "ProjAbrv": "LC1", "ProjType": "Lambert Conformal Conic, one parallel", "LatOrigin": "37°11'N", "LonOriginE": "262°30'E", "LonOriginW": "97°30'W", "Lat0_deg": 37.183333333299998, "Lon0_E_deg": 262.5, "Lon0_W_deg": -97.5, "ProjScale": 1.000055, "SkewAz_deg": -9999, "FalseN_m": 76200.0, "FalseE_m": 5334000.0, "FalseN_ift": 250000.0, "FalseE_ift": 17500000.0, "DesignBy": "State", "Ref_frame": "NATRF2022" }, "geometry": { "type": "Polygon", "coordinates": [ [ [ -96.52569, 37.47641 ], [ -96.71512, 37.47538 ], [ -96.84403, 37.47619 ], [ -97.2587, 37.4755 ], [ -97.36919, 37.47728 ], [ -97.51522, 37.47554 ], [ -97.8076, 37.47418 ], [ -97.80706, 37.38629 ], [ -98.1489, 37.38422 ], [ -98.3498, 37.38406 ], [ -98.34715, 36.99816 ], [ -98.30046, 36.99768 ], [ -97.94562, 36.99861 ], [ -96.73659, 36.99929 ], [ -96.52558, 36.99871 ], [ -96.5248, 37.36766 ], [ -96.52569, 37.47641 ] ] ] } },
{ "type": "Feature", "properties": { "fid": 88, "ZoneCode": "201018", "AbrvFull": "KS COFY", "NameFull": "Kansas Coffeyville", "ZoneNum": 18, "AbrvPart": "COFY", "NamePart": "Coffeyville", "ZoneType": "Multizone partial", "StateAbrv": "KS", "StateName": "Kansas", "ProjAbrv": "TM", "ProjType": "Transverse Mercator", "LatOrigin": "36°30'N", "LonOriginE": "264°02'E", "LonOriginW": "95°58'W", "Lat0_deg": 36.5, "Lon0_E_deg": 264.03333333299997, "Lon0_W_deg": -95.966666666699993, "ProjScale": 1.000034, "SkewAz_deg": -9999, "FalseN_m": 0.0, "FalseE_m": 5600700.0, "FalseN_ift": 0.0, "FalseE_ift": 18375000.0, "DesignBy": "State", "Ref_frame": "NATRF2022" }, "geometry": { "type": "Polygon", "coordinates": [ [ [ -95.50074, 38.73881 ], [ -95.50072, 38.86982 ], [ -95.68717, 38.87005 ], [ -95.7975, 38.86891 ], [ -95.94659, 38.86997 ], [ -95.94592, 38.73911 ], [ -95.94965, 38.69539 ], [ -95.95058, 38.37358 ], [ -95.94999, 38.25971 ], [ -95.9585, 38.25972 ], [ -95.95886, 38.17094 ], [ -96.2569, 38.17289 ], [ -96.35728, 38.17266 ], [ -96.3581, 38.08582 ], [ -96.52278, 38.08637 ], [ -96.52594, 37.79929 ], [ -96.52569, 37.47641 ], [ -96.5248, 37.36766 ], [ -96.52558, 36.99871 ], [ -96.31888, 36.9993 ], [ -95.52241, 36.99928 ], [ -95.52142, 37.19421 ], [ -95.518, 37.252 ], [ -95.52113, 37.38399 ], [ -95.52556, 37.38398 ], [ -95.52614, 37.63225 ], [ -95.52486, 37.82029 ], [ -95.51931, 37.82026 ], [ -95.51918, 38.00907 ], [ -95.51676, 38.2593 ], [ -95.50747, 38.25925 ], [ -95.50901, 38.65897 ], [ -95.50804, 38.69527 ], [ -95.50122, 38.69526 ], [ -95.50074, 38.73881 ] ] ] } },
{ "type": "Feature", "properties": { "fid": 89, "ZoneCode": "201019", "AbrvFull": "KS PITT", "NameFull": "Kansas Pittsburg", "ZoneNum": 19, "AbrvPart": "PITT", "NamePart": "Pittsburg", "ZoneType": "Multizone partial", "StateAbrv": "KS", "StateName": "Kansas", "ProjAbrv": "TM", "ProjType": "Transverse Mercator", "LatOrigin": "36°30'N", "LonOriginE": "264°55'E", "LonOriginW": "95°05'W", "Lat0_deg": 36.5, "Lon0_E_deg": 264.91666666700002, "Lon0_W_deg": -95.083333333300004, "ProjScale": 1.000031, "SkewAz_deg": -9999, "FalseN_m": 0.0, "FalseE_m": 5905500.0, "FalseN_ift": 0.0, "FalseE_ift": 19375000.0, "DesignBy": "State", "Ref_frame": "NATRF2022" }, "geometry": { "type": "Polygon", "coordinates": [ [ [ -94.60908, 38.7381 ], [ -95.50074, 38.73881 ], [ -95.50122, 38.69526 ], [ -95.50804, 38.69527 ], [ -95.50901, 38.65897 ], [ -95.50747, 38.25925 ], [ -95.51676, 38.2593 ], [ -95.51918, 38.00907 ], [ -95.51931, 37.82026 ], [ -95.52486, 37.82029 ], [ -95.52614, 37.63225 ], [ -95.52556, 37.38398 ], [ -95.52113, 37.38399 ], [ -95.518, 37.252 ], [ -95.52142, 37.19421 ], [ -95.52241, 36.99928 ], [ -94.96159, 36.99946 ], [ -94.61796, 36.99891 ], [ -94.61831, 37.19469 ], [ -94.61672, 37.50012 ], [ -94.61767, 37.77619 ], [ -94.61416, 37.97401 ], [ -94.6125, 38.22038 ], [ -94.61335, 38.4587 ], [ -94.6119, 38.60589 ], [ -94.60908, 38.7381 ] ] ] } },
{ "type": "Feature", "properties": { "fid": 90, "ZoneCode": "291001", "AbrvFull": "MO CAPG", "NameFull": "Missouri Cape Girardeau", "ZoneNum": 1, "AbrvPart": "CAPG", "NamePart": "Cape Girardeau", "ZoneType": "Multizone partial", "StateAbrv": "MO", "StateName": "Missouri", "ProjAbrv": "TM", "ProjType": "Transverse Mercator", "LatOrigin": "35°45'N", "LonOriginE": "270°27'E", "LonOriginW": "89°33'W", "Lat0_deg": 35.75, "Lon0_E_deg": 270.45, "Lon0_W_deg": -89.55, "ProjScale": 1.00001, "SkewAz_deg": -9999, "FalseN_m": 0.0, "FalseE_m": 457200.0, "FalseN_ift": 0.0, "FalseE_ift": 1500000.0, "DesignBy": "State", "Ref_frame": "NATRF2022" }, "geometry": { "type": "Polygon", "coordinates": [ [ [ -89.52185, 37.56621 ], [ -89.54339, 37.56701 ], [ -89.55536, 37.57682 ], [ -89.58164, 37.57107 ], [ -89.58325, 37.58182 ], [ -89.60357, 37.59206 ], [ -89.60283, 37.60323 ], [ -89.62578, 37.58846 ], [ -89.66536, 37.5982 ], [ -89.6728, 37.58376 ], [ -89.68413, 37.59354 ], [ -89.72727, 37.59983 ], [ -89.74859, 37.59022 ], [ -89.80221, 37.59368 ], [ -89.80226, 37.60271 ], [ -89.86112, 37.59929 ], [ -89.86247, 37.49645 ], [ -89.86221, 37.31066 ], [ -89.86326, 37.21904 ], [ -89.8668, 37.21907 ], [ -89.86659, 37.12668 ], [ -89.76521, 37.12607 ], [ -89.77441, 37.09731 ], [ -89.78682, 37.08782 ], [ -89.75386, 37.0299 ], [ -89.72344, 36.99357 ], [ -89.71524, 36.95248 ], [ -89.69394, 36.94072 ], [ -89.68554, 36.92192 ], [ -89.69377, 36.89964 ], [ -89.68668, 36.88702 ], [ -89.70483, 36.85929 ], [ -89.7001, 36.74027 ], [ -89.70268, 36.73908 ], [ -89.70095, 36.62745 ], [ -89.82875, 36.62738 ], [ -89.95879, 36.62933 ], [ -89.96325, 36.60121 ], [ -89.95387, 36.54564 ], [ -89.96049, 36.52746 ], [ -89.95742, 36.46016 ], [ -89.97248, 36.3896 ], [ -89.91343, 36.38645 ], [ -89.75215, 36.3864 ], [ -89.74517, 36.41842 ], [ -89.7255, 36.42721 ], [ -89.69579, 36.41639 ], [ -89.67698, 36.401 ], [ -89.63974, 36.40079 ], [ -89.61131, 36.41127 ], [ -89.5923, 36.40381 ], [ -89.58372, 36.38303 ], [ -89.54508, 36.36 ], [ -89.54501, 36.33681 ], [ -89.519, 36.3486 ], [ -89.50972, 36.37363 ], [ -89.54234, 36.4201 ], [ -89.54341, 36.43877 ], [ -89.52727, 36.45155 ], [ -89.52064, 36.47867 ], [ -89.56041, 36.52441 ], [ -89.57073, 36.55766 ], [ -89.55757, 36.5743 ], [ -89.53064, 36.58171 ], [ -89.47993, 36.56909 ], [ -89.46782, 36.54697 ], [ -89.46665, 36.52704 ], [ -89.48669, 36.49499 ], [ -89.49189, 36.4679 ], [ -89.47664, 36.45839 ], [ -89.45351, 36.46179 ], [ -89.41727, 36.49901 ], [ -89.38271, 36.58372 ], [ -89.37761, 36.60979 ], [ -89.3658, 36.62513 ], [ -89.33203, 36.63288 ], [ -89.31645, 36.62404 ], [ -89.29467, 36.59378 ], [ -89.25654, 36.56496 ], [ -89.22705, 36.56954 ], [ -89.20277, 36.60167 ], [ -89.19775, 36.62897 ], [ -89.15912, 36.66635 ], [ -89.17188, 36.6726 ], [ -89.16943, 36.68877 ], [ -89.20065, 36.71875 ], [ -89.19786, 36.73977 ], [ -89.16978, 36.75964 ], [ -89.12597, 36.75181 ], [ -89.11698, 36.7756 ], [ -89.12871, 36.78768 ], [ -89.15146, 36.78867 ], [ -89.17822, 36.80861 ], [ -89.17885, 36.83334 ], [ -89.17044, 36.84184 ], [ -89.13811, 36.84732 ], [ -89.11711, 36.88869 ], [ -89.09897, 36.95607 ], [ -89.1092, 36.97645 ], [ -89.12535, 36.98353 ], [ -89.17001, 36.9703 ], [ -89.1921, 36.98 ], [ -89.20341, 37.01886 ], [ -89.23711, 37.04101 ], [ -89.25493, 37.07201 ], [ -89.25993, 37.06407 ], [ -89.30773, 37.06965 ], [ -89.30137, 37.04498 ], [ -89.27771, 37.03614 ], [ -89.25761, 37.0155 ], [ -89.26624, 36.9963 ], [ -89.29213, 36.99219 ], [ -89.31717, 37.01277 ], [ -89.37663, 37.03848 ], [ -89.38519, 37.05775 ], [ -89.37871, 37.09459 ], [ -89.42558, 37.13824 ], [ -89.46186, 37.19952 ], [ -89.4675, 37.22184 ], [ -89.45783, 37.24259 ], [ -89.47052, 37.25336 ], [ -89.48991, 37.25132 ], [ -89.51847, 37.28626 ], [ -89.5097, 37.31426 ], [ -89.49119, 37.33136 ], [ -89.43604, 37.34444 ], [ -89.42818, 37.35616 ], [ -89.42094, 37.39395 ], [ -89.43977, 37.4372 ], [ -89.4712, 37.46647 ], [ -89.51645, 37.53556 ], [ -89.52185, 37.56621 ] ] ] } },
{ "type": "Feature", "properties": { "fid": 91, "ZoneCode": "291002", "AbrvFull": "MO KNET", "NameFull": "Missouri Kennett", "ZoneNum": 2, "AbrvPart": "KNET", "NamePart": "Kennett", "ZoneType": "Multizone partial", "StateAbrv": "MO", "StateName": "Missouri", "ProjAbrv": "LC1", "ProjType": "Lambert Conformal Conic, one parallel", "LatOrigin": "36°18'N", "LonOriginE": "270°03'E", "LonOriginW": "89°57'W", "Lat0_deg": 36.3, "Lon0_E_deg": 270.05, "Lon0_W_deg": -89.95, "ProjScale": 1.000003, "SkewAz_deg": -9999, "FalseN_m": 76200.0, "FalseE_m": 762000.0, "FalseN_ift": 250000.0, "FalseE_ift": 2500000.0, "DesignBy": "State", "Ref_frame": "NATRF2022" }, "geometry": { "type": "Polygon", "coordinates": [ [ [ -89.95879, 36.62933 ], [ -90.1484, 36.63066 ], [ -90.16856, 36.61498 ], [ -90.18257, 36.57606 ], [ -90.18567, 36.54849 ], [ -90.19815, 36.54847 ], [ -90.21994, 36.52203 ], [ -90.22073, 36.49786 ], [ -90.15231, 36.49798 ], [ -90.15924, 36.47971 ], [ -90.14316, 36.47519 ], [ -90.15541, 36.4638 ], [ -90.13417, 36.45415 ], [ -90.14434, 36.42538 ], [ -90.13597, 36.41333 ], [ -90.08204, 36.40124 ], [ -90.06322, 36.37755 ], [ -90.07796, 36.3494 ], [ -90.08238, 36.32198 ], [ -90.06419, 36.3025 ], [ -90.07901, 36.28987 ], [ -90.08379, 36.27194 ], [ -90.11512, 36.26521 ], [ -90.13241, 36.22643 ], [ -90.1951, 36.20043 ], [ -90.21996, 36.18473 ], [ -90.23535, 36.15954 ], [ -90.23544, 36.1394 ], [ -90.26652, 36.12002 ], [ -90.29293, 36.1145 ], [ -90.29999, 36.09791 ], [ -90.31961, 36.08957 ], [ -90.31854, 36.07516 ], [ -90.34821, 36.04157 ], [ -90.3562, 36.02023 ], [ -90.3779, 35.99575 ], [ -90.00382, 35.99902 ], [ -89.70693, 36.00098 ], [ -89.68725, 36.03405 ], [ -89.68003, 36.08249 ], [ -89.6666, 36.0958 ], [ -89.6283, 36.10685 ], [ -89.59307, 36.1297 ], [ -89.59221, 36.15012 ], [ -89.607, 36.17118 ], [ -89.69263, 36.22496 ], [ -89.70525, 36.23657 ], [ -89.69523, 36.25277 ], [ -89.65141, 36.25068 ], [ -89.61114, 36.23927 ], [ -89.58733, 36.23948 ], [ -89.56412, 36.25048 ], [ -89.53468, 36.25277 ], [ -89.53644, 36.27283 ], [ -89.57849, 36.28832 ], [ -89.61182, 36.30909 ], [ -89.62025, 36.32301 ], [ -89.61069, 36.34044 ], [ -89.58164, 36.34236 ], [ -89.54501, 36.33681 ], [ -89.54508, 36.36 ], [ -89.58372, 36.38303 ], [ -89.5923, 36.40381 ], [ -89.61131, 36.41127 ], [ -89.63974, 36.40079 ], [ -89.67698, 36.401 ], [ -89.69579, 36.41639 ], [ -89.7255, 36.42721 ], [ -89.74517, 36.41842 ], [ -89.75215, 36.3864 ], [ -89.91343, 36.38645 ], [ -89.97248, 36.3896 ], [ -89.95742, 36.46016 ], [ -89.96049, 36.52746 ], [ -89.95387, 36.54564 ], [ -89.96325, 36.60121 ], [ -89.95879, 36.62933 ] ] ] } },
{ "type": "Feature", "properties": { "fid": 92, "ZoneCode": "291003", "AbrvFull": "MO PRVL", "NameFull": "Missouri Perryville", "ZoneNum": 3, "AbrvPart": "PRVL", "NamePart": "Perryville", "ZoneType": "Multizone partial", "StateAbrv": "MO", "StateName": "Missouri", "ProjAbrv": "TM", "ProjType": "Transverse Mercator", "LatOrigin": "35°45'N", "LonOriginE": "270°09'E", "LonOriginW": "89°51'W", "Lat0_deg": 35.75, "Lon0_E_deg": 270.15, "Lon0_W_deg": -89.85, "ProjScale": 1.000016, "SkewAz_deg": -9999, "FalseN_m": 0.0, "FalseE_m": 1066800.0, "FalseN_ift": 0.0, "FalseE_ift": 3500000.0, "DesignBy": "State", "Ref_frame": "NATRF2022" }, "geometry": { "type": "Polygon", "coordinates": [ [ [ -89.52185, 37.56621 ], [ -89.51654, 37.5845 ], [ -89.48112, 37.58297 ], [ -89.4784, 37.59887 ], [ -89.51772, 37.64122 ], [ -89.51201, 37.68553 ], [ -89.52573, 37.69844 ], [ -89.58332, 37.71326 ], [ -89.61807, 37.74982 ], [ -89.64953, 37.7455 ], [ -89.66787, 37.76026 ], [ -89.66038, 37.7863 ], [ -89.66964, 37.79992 ], [ -89.70284, 37.81681 ], [ -89.73987, 37.84692 ], [ -89.7541, 37.84635 ], [ -89.79754, 37.86213 ], [ -89.79933, 37.88152 ], [ -89.84479, 37.90557 ], [ -89.87969, 37.88074 ], [ -89.90563, 37.86939 ], [ -89.93861, 37.8743 ], [ -89.99977, 37.82174 ], [ -90.05152, 37.7495 ], [ -90.11058, 37.67128 ], [ -90.14678, 37.64162 ], [ -90.14675, 37.59713 ], [ -90.13854, 37.54122 ], [ -90.1437, 37.46504 ], [ -90.1457, 37.31209 ], [ -90.21766, 37.31497 ], [ -90.22323, 37.08653 ], [ -90.11035, 37.08587 ], [ -90.11125, 37.04121 ], [ -90.14852, 37.0416 ], [ -90.14945, 37.00744 ], [ -90.16787, 37.00765 ], [ -90.16846, 36.9932 ], [ -90.18633, 36.99335 ], [ -90.18658, 36.97868 ], [ -90.20488, 36.97878 ], [ -90.20517, 36.96455 ], [ -90.2232, 36.96465 ], [ -90.2236, 36.93576 ], [ -90.24164, 36.93595 ], [ -90.24178, 36.92153 ], [ -90.25856, 36.92204 ], [ -90.24516, 36.89255 ], [ -90.25679, 36.87958 ], [ -90.21632, 36.84281 ], [ -90.22447, 36.83127 ], [ -90.21588, 36.81427 ], [ -90.19791, 36.80414 ], [ -90.2042, 36.77226 ], [ -90.19071, 36.77233 ], [ -90.18744, 36.75581 ], [ -90.15162, 36.71635 ], [ -90.14002, 36.69676 ], [ -90.14915, 36.67716 ], [ -90.13556, 36.65977 ], [ -90.1484, 36.63066 ], [ -89.95879, 36.62933 ], [ -89.82875, 36.62738 ], [ -89.70095, 36.62745 ], [ -89.70268, 36.73908 ], [ -89.7001, 36.74027 ], [ -89.70483, 36.85929 ], [ -89.68668, 36.88702 ], [ -89.69377, 36.89964 ], [ -89.68554, 36.92192 ], [ -89.69394, 36.94072 ], [ -89.71524, 36.95248 ], [ -89.72344, 36.99357 ], [ -89.75386, 37.0299 ], [ -89.78682, 37.08782 ], [ -89.77441, 37.09731 ], [ -89.76521, 37.12607 ], [ -89.86659, 37.12668 ], [ -89.8668, 37.21907 ], [ -89.86326, 37.21904 ], [ -89.86221, 37.31066 ], [ -89.86247, 37.49645 ], [ -89.86112, 37.59929 ], [ -89.80226, 37.60271 ], [ -89.80221, 37.59368 ], [ -89.74859, 37.59022 ], [ -89.72727, 37.59983 ], [ -89.68413, 37.59354 ], [ -89.6728, 37.58376 ], [ -89.66536, 37.5982 ], [ -89.62578, 37.58846 ], [ -89.60283, 37.60323 ], [ -89.60357, 37.59206 ], [ -89.58325, 37.58182 ], [ -89.58164, 37.57107 ], [ -89.55536, 37.57682 ], [ -89.54339, 37.56701 ], [ -89.52185, 37.56621 ] ] ] } },
{ "type": "Feature", "properties": { "fid": 93, "ZoneCode": "291004", "AbrvFull": "MO PIED", "NameFull": "Missouri Piedmont", "ZoneNum": 4, "AbrvPart": "PIED", "NamePart": "Piedmont", "ZoneType": "Multizone partial", "StateAbrv": "MO", "StateName": "Missouri", "ProjAbrv": "LC1", "ProjType": "Lambert Conformal Conic, one parallel", "LatOrigin": "37°03'N", "LonOriginE": "269°30'E", "LonOriginW": "90°30'W", "Lat0_deg": 37.05, "Lon0_E_deg": 269.5, "Lon0_W_deg": -90.5, "ProjScale": 1.000026, "SkewAz_deg": -9999, "FalseN_m": 152400.0, "FalseE_m": 1371600.0, "FalseN_ift": 500000.0, "FalseE_ift": 4500000.0, "DesignBy": "State", "Ref_frame": "NATRF2022" }, "geometry": { "type": "Polygon", "coordinates": [ [ [ -90.21766, 37.31497 ], [ -90.34624, 37.31458 ], [ -90.54973, 37.31759 ], [ -90.5506, 37.27261 ], [ -90.64276, 37.27222 ], [ -90.66177, 37.27477 ], [ -90.73545, 37.27104 ], [ -90.73715, 37.16641 ], [ -90.75587, 37.16672 ], [ -90.7568, 37.13774 ], [ -90.77902, 37.13792 ], [ -90.77955, 37.05032 ], [ -90.72972, 37.04953 ], [ -90.73094, 37.0004 ], [ -90.71299, 37.00037 ], [ -90.71342, 36.97105 ], [ -90.69542, 36.97075 ], [ -90.69689, 36.92719 ], [ -90.32511, 36.92545 ], [ -90.25856, 36.92204 ], [ -90.24178, 36.92153 ], [ -90.24164, 36.93595 ], [ -90.2236, 36.93576 ], [ -90.2232, 36.96465 ], [ -90.20517, 36.96455 ], [ -90.20488, 36.97878 ], [ -90.18658, 36.97868 ], [ -90.18633, 36.99335 ], [ -90.16846, 36.9932 ], [ -90.16787, 37.00765 ], [ -90.14945, 37.00744 ], [ -90.14852, 37.0416 ], [ -90.11125, 37.04121 ], [ -90.11035, 37.08587 ], [ -90.22323, 37.08653 ], [ -90.21766, 37.31497 ] ] ] } },
{ "type": "Feature", "properties": { "fid": 94, "ZoneCode": "291005", "AbrvFull": "MO FRED", "NameFull": "Missouri Fredericktown", "ZoneNum": 5, "AbrvPart": "FRED", "NamePart": "Fredericktown", "ZoneType": "Multizone partial", "StateAbrv": "MO", "StateName": "Missouri", "ProjAbrv": "LC1", "ProjType": "Lambert Conformal Conic, one parallel", "LatOrigin": "37°21'N", "LonOriginE": "269°30'E", "LonOriginW": "90°30'W", "Lat0_deg": 37.35, "Lon0_E_deg": 269.5, "Lon0_W_deg": -90.5, "ProjScale": 1.000037, "SkewAz_deg": -9999, "FalseN_m": 190500.0, "FalseE_m": 1676400.0, "FalseN_ift": 625000.0, "FalseE_ift": 5500000.0, "DesignBy": "State", "Ref_frame": "NATRF2022" }, "geometry": { "type": "Polygon", "coordinates": [ [ [ -90.64513, 37.73481 ], [ -90.76195, 37.73719 ], [ -90.87413, 37.7342 ], [ -90.94718, 37.73806 ], [ -91.14652, 37.74081 ], [ -91.14697, 37.6972 ], [ -91.15334, 37.69734 ], [ -91.15507, 37.58809 ], [ -91.10066, 37.58776 ], [ -90.98705, 37.60385 ], [ -90.79095, 37.60212 ], [ -90.76869, 37.60301 ], [ -90.77295, 37.37366 ], [ -90.74972, 37.3728 ], [ -90.75363, 37.27011 ], [ -90.73545, 37.27104 ], [ -90.66177, 37.27477 ], [ -90.64276, 37.27222 ], [ -90.5506, 37.27261 ], [ -90.54973, 37.31759 ], [ -90.34624, 37.31458 ], [ -90.21766, 37.31497 ], [ -90.1457, 37.31209 ], [ -90.1437, 37.46504 ], [ -90.13854, 37.54122 ], [ -90.14675, 37.59713 ], [ -90.14678, 37.64162 ], [ -90.20814, 37.64106 ], [ -90.42121, 37.64299 ], [ -90.64787, 37.64281 ], [ -90.64513, 37.73481 ] ] ] } },
{ "type": "Feature", "properties": { "fid": 95, "ZoneCode": "291006", "AbrvFull": "MO FARM", "NameFull": "Missouri Farmington", "ZoneNum": 6, "AbrvPart": "FARM", "NamePart": "Farmington", "ZoneType": "Multizone partial", "StateAbrv": "MO", "StateName": "Missouri", "ProjAbrv": "LC1", "ProjType": "Lambert Conformal Conic, one parallel", "LatOrigin": "38°00'N", "LonOriginE": "269°42'E", "LonOriginW": "90°18'W", "Lat0_deg": 38.0, "Lon0_E_deg": 269.7, "Lon0_W_deg": -90.3, "ProjScale": 1.000029, "SkewAz_deg": -9999, "FalseN_m": 266700.0, "FalseE_m": 1981200.0, "FalseN_ift": 875000.0, "FalseE_ift": 6500000.0, "DesignBy": "State", "Ref_frame": "NATRF2022" }, "geometry": { "type": "Polygon", "coordinates": [ [ [ -89.93861, 37.8743 ], [ -89.95336, 37.88461 ], [ -89.97419, 37.91951 ], [ -89.95956, 37.94016 ], [ -89.93127, 37.94828 ], [ -89.92508, 37.96002 ], [ -89.94069, 37.97087 ], [ -89.98811, 37.96175 ], [ -90.00794, 37.97011 ], [ -90.03179, 37.99513 ], [ -90.06504, 38.01688 ], [ -90.09284, 38.01726 ], [ -90.12653, 38.04167 ], [ -90.13079, 38.06234 ], [ -90.15827, 38.07495 ], [ -90.17222, 38.06964 ], [ -90.21702, 38.09347 ], [ -90.24257, 38.11213 ], [ -90.25267, 38.12781 ], [ -90.26206, 38.1079 ], [ -90.28165, 38.10339 ], [ -90.296, 38.08798 ], [ -90.32939, 38.09436 ], [ -90.41602, 38.04232 ], [ -90.58332, 38.0035 ], [ -90.62808, 38.00774 ], [ -90.61279, 38.0159 ], [ -90.62151, 38.04036 ], [ -90.61201, 38.06959 ], [ -90.63998, 38.07655 ], [ -90.64513, 37.73481 ], [ -90.64787, 37.64281 ], [ -90.42121, 37.64299 ], [ -90.20814, 37.64106 ], [ -90.14678, 37.64162 ], [ -90.11058, 37.67128 ], [ -90.05152, 37.7495 ], [ -89.99977, 37.82174 ], [ -89.93861, 37.8743 ] ] ] } },
{ "type": "Feature", "properties": { "fid": 96, "ZoneCode": "291007", "AbrvFull": "MO STL", "NameFull": "Missouri St Louis", "ZoneNum": 7, "AbrvPart": "STL", "NamePart": "St Louis", "ZoneType": "Multizone partial", "StateAbrv": "MO", "StateName": "Missouri", "ProjAbrv": "TM", "ProjType": "Transverse Mercator", "LatOrigin": "35°45'N", "LonOriginE": "269°39'E", "LonOriginW": "90°21'W", "Lat0_deg": 35.75, "Lon0_E_deg": 269.65, "Lon0_W_deg": -90.35, "ProjScale": 1.00002, "SkewAz_deg": -9999, "FalseN_m": 0.0, "FalseE_m": 2286000.0, "FalseN_ift": 0.0, "FalseE_ift": 7500000.0, "DesignBy": "State", "Ref_frame": "NATRF2022" }, "geometry": { "type": "Polygon", "coordinates": [ [ [ -90.11771, 38.80575 ], [ -90.12678, 38.82133 ], [ -90.15846, 38.82879 ], [ -90.18306, 38.81805 ], [ -90.19568, 38.82126 ], [ -90.26818, 38.86104 ], [ -90.29874, 38.88776 ], [ -90.32021, 38.89115 ], [ -90.3368, 38.88203 ], [ -90.34911, 38.8417 ], [ -90.36216, 38.82786 ], [ -90.38227, 38.82194 ], [ -90.41555, 38.82888 ], [ -90.44062, 38.82765 ], [ -90.47319, 38.79098 ], [ -90.48266, 38.76347 ], [ -90.49579, 38.74826 ], [ -90.53364, 38.72687 ], [ -90.53036, 38.69863 ], [ -90.55068, 38.68235 ], [ -90.6039, 38.68198 ], [ -90.62575, 38.69053 ], [ -90.67453, 38.68219 ], [ -90.67925, 38.6656 ], [ -90.73233, 38.6393 ], [ -90.73263, 38.57645 ], [ -90.73763, 38.41545 ], [ -90.77228, 38.25005 ], [ -90.78018, 38.20411 ], [ -90.6814, 38.10268 ], [ -90.68478, 38.08627 ], [ -90.63998, 38.07655 ], [ -90.61201, 38.06959 ], [ -90.62151, 38.04036 ], [ -90.61279, 38.0159 ], [ -90.62808, 38.00774 ], [ -90.58332, 38.0035 ], [ -90.41602, 38.04232 ], [ -90.32939, 38.09436 ], [ -90.296, 38.08798 ], [ -90.28165, 38.10339 ], [ -90.26206, 38.1079 ], [ -90.25267, 38.12781 ], [ -90.29063, 38.17036 ], [ -90.33417, 38.18986 ], [ -90.35863, 38.22198 ], [ -90.37242, 38.28373 ], [ -90.37082, 38.33355 ], [ -90.34145, 38.3883 ], [ -90.2899, 38.43314 ], [ -90.26406, 38.52103 ], [ -90.2242, 38.57508 ], [ -90.1918, 38.59898 ], [ -90.17881, 38.62916 ], [ -90.1826, 38.66538 ], [ -90.212, 38.71178 ], [ -90.20518, 38.7322 ], [ -90.18361, 38.74675 ], [ -90.16636, 38.77268 ], [ -90.11771, 38.80575 ] ] ] } },
{ "type": "Feature", "properties": { "fid": 97, "ZoneCode": "291008", "AbrvFull": "MO PLRB", "NameFull": "Missouri Poplar Bluff", "ZoneNum": 8, "AbrvPart": "PLRB", "NamePart": "Poplar Bluff", "ZoneType": "Multizone partial", "StateAbrv": "MO", "StateName": "Missouri", "ProjAbrv": "LC1", "ProjType": "Lambert Conformal Conic, one parallel", "LatOrigin": "36°42'N", "LonOriginE": "269°06'E", "LonOriginW": "90°54'W", "Lat0_deg": 36.7, "Lon0_E_deg": 269.1, "Lon0_W_deg": -90.9, "ProjScale": 1.000023, "SkewAz_deg": -9999, "FalseN_m": 114300.0, "FalseE_m": 2590800.0, "FalseN_ift": 375000.0, "FalseE_ift": 8500000.0, "DesignBy": "State", "Ref_frame": "NATRF2022" }, "geometry": { "type": "Polygon", "coordinates": [ [ [ -90.77955, 37.05032 ], [ -90.96447, 37.05358 ], [ -90.96356, 37.09736 ], [ -91.01777, 37.09568 ], [ -91.06674, 37.09378 ], [ -91.06542, 37.0885 ], [ -91.10974, 37.08406 ], [ -91.21715, 37.0862 ], [ -91.22283, 36.88386 ], [ -91.25013, 36.88515 ], [ -91.47812, 36.88582 ], [ -91.65811, 36.88872 ], [ -91.66002, 36.78753 ], [ -91.67424, 36.78783 ], [ -91.67833, 36.62506 ], [ -91.67202, 36.60621 ], [ -91.67233, 36.49939 ], [ -91.5395, 36.49924 ], [ -91.42207, 36.49714 ], [ -90.80741, 36.49883 ], [ -90.46867, 36.49863 ], [ -90.22073, 36.49786 ], [ -90.21994, 36.52203 ], [ -90.19815, 36.54847 ], [ -90.18567, 36.54849 ], [ -90.18257, 36.57606 ], [ -90.16856, 36.61498 ], [ -90.1484, 36.63066 ], [ -90.13556, 36.65977 ], [ -90.14915, 36.67716 ], [ -90.14002, 36.69676 ], [ -90.15162, 36.71635 ], [ -90.18744, 36.75581 ], [ -90.19071, 36.77233 ], [ -90.2042, 36.77226 ], [ -90.19791, 36.80414 ], [ -90.21588, 36.81427 ], [ -90.22447, 36.83127 ], [ -90.21632, 36.84281 ], [ -90.25679, 36.87958 ], [ -90.24516, 36.89255 ], [ -90.25856, 36.92204 ], [ -90.32511, 36.92545 ], [ -90.69689, 36.92719 ], [ -90.69542, 36.97075 ], [ -90.71342, 36.97105 ], [ -90.71299, 37.00037 ], [ -90.73094, 37.0004 ], [ -90.72972, 37.04953 ], [ -90.77955, 37.05032 ] ] ] } },
{ "type": "Feature", "properties": { "fid": 98, "ZoneCode": "291009", "AbrvFull": "MO ELTN", "NameFull": "Missouri Ellington", "ZoneNum": 9, "AbrvPart": "ELTN", "NamePart": "Ellington", "ZoneType": "Multizone partial", "StateAbrv": "MO", "StateName": "Missouri", "ProjAbrv": "LC1", "ProjType": "Lambert Conformal Conic, one parallel", "LatOrigin": "37°12'N", "LonOriginE": "269°00'E", "LonOriginW": "91°00'W", "Lat0_deg": 37.2, "Lon0_E_deg": 269.0, "Lon0_W_deg": -91.0, "ProjScale": 1.000033, "SkewAz_deg": -9999, "FalseN_m": 152400.0, "FalseE_m": 2895600.0, "FalseN_ift": 500000.0, "FalseE_ift": 9500000.0, "DesignBy": "State", "Ref_frame": "NATRF2022" }, "geometry": { "type": "Polygon", "coordinates": [ [ [ -90.73545, 37.27104 ], [ -90.75363, 37.27011 ], [ -90.74972, 37.3728 ], [ -90.77295, 37.37366 ], [ -90.76869, 37.60301 ], [ -90.79095, 37.60212 ], [ -90.98705, 37.60385 ], [ -91.10066, 37.58776 ], [ -91.15507, 37.58809 ], [ -91.31246, 37.59282 ], [ -91.31424, 37.50513 ], [ -91.21098, 37.50191 ], [ -91.21186, 37.41528 ], [ -91.1754, 37.41481 ], [ -91.17616, 37.31259 ], [ -91.15843, 37.31292 ], [ -91.15932, 37.25494 ], [ -91.12315, 37.2545 ], [ -91.12603, 37.19948 ], [ -91.08826, 37.20319 ], [ -91.08886, 37.17418 ], [ -91.07063, 37.17757 ], [ -91.07105, 37.16271 ], [ -91.03435, 37.16934 ], [ -91.03514, 37.14018 ], [ -91.0169, 37.14355 ], [ -91.01777, 37.09568 ], [ -90.96356, 37.09736 ], [ -90.96447, 37.05358 ], [ -90.77955, 37.05032 ], [ -90.77902, 37.13792 ], [ -90.7568, 37.13774 ], [ -90.75587, 37.16672 ], [ -90.73715, 37.16641 ], [ -90.73545, 37.27104 ] ] ] } },
{ "type": "Feature", "properties": { "fid": 99, "ZoneCode": "291010", "AbrvFull": "MO SAL", "NameFull": "Missouri Salem", "ZoneNum": 10, "AbrvPart": "SAL", "NamePart": "Salem", "ZoneType": "Multizone partial", "StateAbrv": "MO", "StateName": "Missouri", "ProjAbrv": "TM", "ProjType": "Transverse Mercator", "LatOrigin": "35°45'N", "LonOriginE": "268°42'E", "LonOriginW": "91°18'W", "Lat0_deg": 35.75, "Lon0_E_deg": 268.7, "Lon0_W_deg": -91.3, "ProjScale": 1.000041, "SkewAz_deg": -9999, "FalseN_m": 0.0, "FalseE_m": 3200400.0, "FalseN_ift": 0.0, "FalseE_ift": 10500000.0, "DesignBy": "State", "Ref_frame": "NATRF2022" }, "geometry": { "type": "Polygon", "coordinates": [ [ [ -91.5288, 37.78899 ], [ -91.80622, 37.79129 ], [ -91.8091, 37.59886 ], [ -91.75479, 37.59877 ], [ -91.75504, 37.42411 ], [ -91.64663, 37.42273 ], [ -91.64769, 37.24833 ], [ -91.65158, 37.24835 ], [ -91.65561, 37.04893 ], [ -91.65811, 36.88872 ], [ -91.47812, 36.88582 ], [ -91.25013, 36.88515 ], [ -91.22283, 36.88386 ], [ -91.21715, 37.0862 ], [ -91.10974, 37.08406 ], [ -91.06542, 37.0885 ], [ -91.06674, 37.09378 ], [ -91.01777, 37.09568 ], [ -91.0169, 37.14355 ], [ -91.03514, 37.14018 ], [ -91.03435, 37.16934 ], [ -91.07105, 37.16271 ], [ -91.07063, 37.17757 ], [ -91.08886, 37.17418 ], [ -91.08826, 37.20319 ], [ -91.12603, 37.19948 ], [ -91.12315, 37.2545 ], [ -91.15932, 37.25494 ], [ -91.15843, 37.31292 ], [ -91.17616, 37.31259 ], [ -91.1754, 37.41481 ], [ -91.21186, 37.41528 ], [ -91.21098, 37.50191 ], [ -91.31424, 37.50513 ], [ -91.31246, 37.59282 ], [ -91.15507, 37.58809 ], [ -91.15334, 37.69734 ], [ -91.31065, 37.70005 ], [ -91.30831, 37.78719 ], [ -91.5288, 37.78899 ] ] ] } },
{ "type": "Feature", "properties": { "fid": 100, "ZoneCode": "291011", "AbrvFull": "MO CUBA", "NameFull": "Missouri Cuba", "ZoneNum": 11, "AbrvPart": "CUBA", "NamePart": "Cuba", "ZoneType": "Multizone partial", "StateAbrv": "MO", "StateName": "Missouri", "ProjAbrv": "LC1", "ProjType": "Lambert Conformal Conic, one parallel", "LatOrigin": "38°03'N", "LonOriginE": "268°54'E", "LonOriginW": "91°06'W", "Lat0_deg": 38.05, "Lon0_E_deg": 268.9, "Lon0_W_deg": -91.1, "ProjScale": 1.000039, "SkewAz_deg": -9999, "FalseN_m": 266700.0, "FalseE_m": 3505200.0, "FalseN_ift": 875000.0, "FalseE_ift": 11500000.0, "DesignBy": "State", "Ref_frame": "NATRF2022" }, "geometry": { "type": "Polygon", "coordinates": [ [ [ -90.78018, 38.20411 ], [ -90.97019, 38.20551 ], [ -91.00014, 38.20409 ], [ -91.36763, 38.20401 ], [ -91.36748, 38.20974 ], [ -91.53533, 38.21097 ], [ -91.53438, 38.15259 ], [ -91.52502, 38.15243 ], [ -91.52639, 37.94097 ], [ -91.5288, 37.78899 ], [ -91.30831, 37.78719 ], [ -91.31065, 37.70005 ], [ -91.15334, 37.69734 ], [ -91.14697, 37.6972 ], [ -91.14652, 37.74081 ], [ -90.94718, 37.73806 ], [ -90.87413, 37.7342 ], [ -90.76195, 37.73719 ], [ -90.64513, 37.73481 ], [ -90.63998, 38.07655 ], [ -90.68478, 38.08627 ], [ -90.6814, 38.10268 ], [ -90.78018, 38.20411 ] ] ] } },
{ "type": "Feature", "properties": { "fid": 101, "ZoneCode": "291012", "AbrvFull": "MO WASH", "NameFull": "Missouri Washington", "ZoneNum": 12, "AbrvPart": "WASH", "NamePart": "Washington", "ZoneType": "Multizone partial", "StateAbrv": "MO", "StateName": "Missouri", "ProjAbrv": "LC1", "ProjType": "Lambert Conformal Conic, one parallel", "LatOrigin": "38°30'N", "LonOriginE": "268°48'E", "LonOriginW": "91°12'W", "Lat0_deg": 38.5, "Lon0_E_deg": 268.8, "Lon0_W_deg": -91.2, "ProjScale": 1.000025, "SkewAz_deg": -9999, "FalseN_m": 304800.0, "FalseE_m": 3810000.0, "FalseN_ift": 1000000.0, "FalseE_ift": 12500000.0, "DesignBy": "State", "Ref_frame": "NATRF2022" }, "geometry": { "type": "Polygon", "coordinates": [ [ [ -90.73233, 38.6393 ], [ -90.7507, 38.6251 ], [ -90.77362, 38.59462 ], [ -90.81299, 38.58555 ], [ -90.84984, 38.56226 ], [ -90.91655, 38.53473 ], [ -90.94772, 38.53894 ], [ -91.01413, 38.56601 ], [ -91.03232, 38.59349 ], [ -91.0559, 38.60827 ], [ -91.07732, 38.60934 ], [ -91.13253, 38.59828 ], [ -91.18296, 38.6079 ], [ -91.22655, 38.62157 ], [ -91.2276, 38.64298 ], [ -91.31309, 38.70672 ], [ -91.34912, 38.69544 ], [ -91.39513, 38.70799 ], [ -91.49653, 38.70946 ], [ -91.5026, 38.695 ], [ -91.54531, 38.67688 ], [ -91.58766, 38.68219 ], [ -91.64037, 38.70379 ], [ -91.64453, 38.37501 ], [ -91.64473, 38.28851 ], [ -91.64489, 38.15368 ], [ -91.53438, 38.15259 ], [ -91.53533, 38.21097 ], [ -91.36748, 38.20974 ], [ -91.36763, 38.20401 ], [ -91.00014, 38.20409 ], [ -90.97019, 38.20551 ], [ -90.78018, 38.20411 ], [ -90.77228, 38.25005 ], [ -90.73763, 38.41545 ], [ -90.73263, 38.57645 ], [ -90.73233, 38.6393 ] ] ] } },
{ "type": "Feature", "properties": { "fid": 102, "ZoneCode": "291013", "AbrvFull": "MO STCH", "NameFull": "Missouri St Charles", "ZoneNum": 13, "AbrvPart": "STCH", "NamePart": "St Charles", "ZoneType": "Multizone partial", "StateAbrv": "MO", "StateName": "Missouri", "ProjAbrv": "LC1", "ProjType": "Lambert Conformal Conic, one parallel", "LatOrigin": "38°48'N", "LonOriginE": "269°06'E", "LonOriginW": "90°54'W", "Lat0_deg": 38.8, "Lon0_E_deg": 269.1, "Lon0_W_deg": -90.9, "ProjScale": 1.000023, "SkewAz_deg": -9999, "FalseN_m": 342900.0, "FalseE_m": 4114800.0, "FalseN_ift": 1125000.0, "FalseE_ift": 13500000.0, "DesignBy": "State", "Ref_frame": "NATRF2022" }, "geometry": { "type": "Polygon", "coordinates": [ [ [ -91.40903, 39.14254 ], [ -91.6296, 39.14785 ], [ -91.634, 39.05906 ], [ -91.64343, 38.82214 ], [ -91.64717, 38.7034 ], [ -91.64037, 38.70379 ], [ -91.58766, 38.68219 ], [ -91.54531, 38.67688 ], [ -91.5026, 38.695 ], [ -91.49653, 38.70946 ], [ -91.39513, 38.70799 ], [ -91.34912, 38.69544 ], [ -91.31309, 38.70672 ], [ -91.2276, 38.64298 ], [ -91.22655, 38.62157 ], [ -91.18296, 38.6079 ], [ -91.13253, 38.59828 ], [ -91.07732, 38.60934 ], [ -91.0559, 38.60827 ], [ -91.03232, 38.59349 ], [ -91.01413, 38.56601 ], [ -90.94772, 38.53894 ], [ -90.91655, 38.53473 ], [ -90.84984, 38.56226 ], [ -90.81299, 38.58555 ], [ -90.77362, 38.59462 ], [ -90.7507, 38.6251 ], [ -90.73233, 38.6393 ], [ -90.67925, 38.6656 ], [ -90.67453, 38.68219 ], [ -90.62575, 38.69053 ], [ -90.6039, 38.68198 ], [ -90.55068, 38.68235 ], [ -90.53036, 38.69863 ], [ -90.53364, 38.72687 ], [ -90.49579, 38.74826 ], [ -90.48266, 38.76347 ], [ -90.47319, 38.79098 ], [ -90.44062, 38.82765 ], [ -90.41555, 38.82888 ], [ -90.38227, 38.82194 ], [ -90.36216, 38.82786 ], [ -90.34911, 38.8417 ], [ -90.3368, 38.88203 ], [ -90.32021, 38.89115 ], [ -90.29874, 38.88776 ], [ -90.26818, 38.86104 ], [ -90.19568, 38.82126 ], [ -90.18306, 38.81805 ], [ -90.15846, 38.82879 ], [ -90.12678, 38.82133 ], [ -90.11771, 38.80575 ], [ -90.10911, 38.83745 ], [ -90.11333, 38.84931 ], [ -90.16331, 38.87475 ], [ -90.19761, 38.88765 ], [ -90.22304, 38.90739 ], [ -90.25025, 38.91934 ], [ -90.30945, 38.92412 ], [ -90.39272, 38.95907 ], [ -90.45081, 38.96777 ], [ -90.47212, 38.95884 ], [ -90.48706, 38.92586 ], [ -90.50745, 38.90277 ], [ -90.54683, 38.87401 ], [ -90.57758, 38.86838 ], [ -90.62336, 38.88715 ], [ -90.66302, 38.92628 ], [ -90.66318, 38.93422 ], [ -90.694, 38.93386 ], [ -90.68377, 38.91599 ], [ -90.70732, 38.92149 ], [ -90.72452, 38.90979 ], [ -90.72884, 38.93114 ], [ -90.75411, 38.92075 ], [ -90.77821, 38.92249 ], [ -90.80442, 38.91114 ], [ -90.81783, 38.87597 ], [ -90.86422, 38.88783 ], [ -90.93283, 38.8859 ], [ -90.95755, 38.89329 ], [ -90.95854, 38.87087 ], [ -91.11125, 38.87271 ], [ -91.11019, 38.9319 ], [ -91.18935, 38.93215 ], [ -91.18839, 38.99214 ], [ -91.26429, 38.99276 ], [ -91.26023, 39.13985 ], [ -91.40903, 39.14254 ] ] ] } },
{ "type": "Feature", "properties": { "fid": 103, "ZoneCode": "291014", "AbrvFull": "MO TROY", "NameFull": "Missouri Troy", "ZoneNum": 14, "AbrvPart": "TROY", "NamePart": "Troy", "ZoneType": "Multizone partial", "StateAbrv": "MO", "StateName": "Missouri", "ProjAbrv": "TM", "ProjType": "Transverse Mercator", "LatOrigin": "35°45'N", "LonOriginE": "269°00'E", "LonOriginW": "91°00'W", "Lat0_deg": 35.75, "Lon0_E_deg": 269.0, "Lon0_W_deg": -91.0, "ProjScale": 1.000023, "SkewAz_deg": -9999, "FalseN_m": 0.0, "FalseE_m": 4419600.0, "FalseN_ift": 0.0, "FalseE_ift": 14500000.0, "DesignBy": "State", "Ref_frame": "NATRF2022" }, "geometry": { "type": "Polygon", "coordinates": [ [ [ -91.17801, 39.5982 ], [ -91.20331, 39.59839 ], [ -91.36498, 39.50395 ], [ -91.46044, 39.45072 ], [ -91.40903, 39.14254 ], [ -91.26023, 39.13985 ], [ -91.26429, 38.99276 ], [ -91.18839, 38.99214 ], [ -91.18935, 38.93215 ], [ -91.11019, 38.9319 ], [ -91.11125, 38.87271 ], [ -90.95854, 38.87087 ], [ -90.95755, 38.89329 ], [ -90.93283, 38.8859 ], [ -90.86422, 38.88783 ], [ -90.81783, 38.87597 ], [ -90.80442, 38.91114 ], [ -90.77821, 38.92249 ], [ -90.75411, 38.92075 ], [ -90.72884, 38.93114 ], [ -90.72452, 38.90979 ], [ -90.70732, 38.92149 ], [ -90.68377, 38.91599 ], [ -90.694, 38.93386 ], [ -90.66318, 38.93422 ], [ -90.67634, 38.96441 ], [ -90.67903, 38.99387 ], [ -90.71158, 39.0468 ], [ -90.71254, 39.05706 ], [ -90.68274, 39.08835 ], [ -90.68739, 39.11991 ], [ -90.70915, 39.15511 ], [ -90.71711, 39.21391 ], [ -90.72698, 39.25117 ], [ -90.7516, 39.26543 ], [ -90.79346, 39.3095 ], [ -90.81685, 39.3205 ], [ -90.8475, 39.34527 ], [ -90.89646, 39.36918 ], [ -90.93401, 39.39213 ], [ -90.93902, 39.40274 ], [ -90.99379, 39.42296 ], [ -91.03827, 39.44844 ], [ -91.06241, 39.47412 ], [ -91.0643, 39.49464 ], [ -91.10091, 39.539 ], [ -91.14827, 39.5458 ], [ -91.16842, 39.56493 ], [ -91.17801, 39.5982 ] ] ] } },
{ "type": "Feature", "properties": { "fid": 104, "ZoneCode": "291015", "AbrvFull": "MO BRAN", "NameFull": "Missouri Branson", "ZoneNum": 15, "AbrvPart": "BRAN", "NamePart": "Branson", "ZoneType": "Multizone partial", "StateAbrv": "MO", "StateName": "Missouri", "ProjAbrv": "LC1", "ProjType": "Lambert Conformal Conic, one parallel", "LatOrigin": "36°39'N", "LonOriginE": "267°30'E", "LonOriginW": "92°30'W", "Lat0_deg": 36.65, "Lon0_E_deg": 267.5, "Lon0_W_deg": -92.5, "ProjScale": 1.000041, "SkewAz_deg": -9999, "FalseN_m": 114300.0, "FalseE_m": 4724400.0, "FalseN_ift": 375000.0, "FalseE_ift": 15500000.0, "DesignBy": "State", "Ref_frame": "NATRF2022" }, "geometry": { "type": "Polygon", "coordinates": [ [ [ -91.65561, 37.04893 ], [ -91.87515, 37.0507 ], [ -91.98073, 37.05564 ], [ -92.12547, 37.05666 ], [ -92.30479, 37.06125 ], [ -92.50015, 37.0632 ], [ -92.63727, 37.06662 ], [ -92.90327, 37.07065 ], [ -92.90934, 36.80918 ], [ -93.25018, 36.81624 ], [ -93.34204, 36.8173 ], [ -93.33745, 36.99249 ], [ -93.61013, 36.99581 ], [ -93.61293, 36.82056 ], [ -93.5738, 36.82003 ], [ -93.58426, 36.49917 ], [ -93.13747, 36.49785 ], [ -92.72675, 36.49788 ], [ -92.47411, 36.49876 ], [ -92.37474, 36.4973 ], [ -92.11518, 36.49882 ], [ -91.99991, 36.49841 ], [ -91.67233, 36.49939 ], [ -91.67202, 36.60621 ], [ -91.67833, 36.62506 ], [ -91.67424, 36.78783 ], [ -91.66002, 36.78753 ], [ -91.65811, 36.88872 ], [ -91.65561, 37.04893 ] ] ] } },
{ "type": "Feature", "properties": { "fid": 105, "ZoneCode": "291016", "AbrvFull": "MO MRFD", "NameFull": "Missouri Marshfield", "ZoneNum": 16, "AbrvPart": "MRFD", "NamePart": "Marshfield", "ZoneType": "Multizone partial", "StateAbrv": "MO", "StateName": "Missouri", "ProjAbrv": "LC1", "ProjType": "Lambert Conformal Conic, one parallel", "LatOrigin": "37°21'N", "LonOriginE": "267°30'E", "LonOriginW": "92°30'W", "Lat0_deg": 37.35, "Lon0_E_deg": 267.5, "Lon0_W_deg": -92.5, "ProjScale": 1.000052, "SkewAz_deg": -9999, "FalseN_m": 190500.0, "FalseE_m": 5029200.0, "FalseN_ift": 625000.0, "FalseE_ift": 16500000.0, "DesignBy": "State", "Ref_frame": "NATRF2022" }, "geometry": { "type": "Polygon", "coordinates": [ [ [ -91.8091, 37.59886 ], [ -92.18326, 37.60524 ], [ -92.24946, 37.60454 ], [ -92.25226, 37.47294 ], [ -92.4871, 37.47602 ], [ -92.68667, 37.48155 ], [ -93.07158, 37.48744 ], [ -93.07338, 37.41499 ], [ -93.07678, 37.27004 ], [ -93.06154, 37.26983 ], [ -93.06527, 37.08869 ], [ -92.95717, 37.08765 ], [ -92.90292, 37.08522 ], [ -92.90327, 37.07065 ], [ -92.63727, 37.06662 ], [ -92.50015, 37.0632 ], [ -92.30479, 37.06125 ], [ -92.12547, 37.05666 ], [ -91.98073, 37.05564 ], [ -91.87515, 37.0507 ], [ -91.65561, 37.04893 ], [ -91.65158, 37.24835 ], [ -91.64769, 37.24833 ], [ -91.64663, 37.42273 ], [ -91.75504, 37.42411 ], [ -91.75479, 37.59877 ], [ -91.8091, 37.59886 ] ] ] } },
{ "type": "Feature", "properties": { "fid": 106, "ZoneCode": "291017", "AbrvFull": "MO ROL", "NameFull": "Missouri Rolla", "ZoneNum": 17, "AbrvPart": "ROL", "NamePart": "Rolla", "ZoneType": "Multizone partial", "StateAbrv": "MO", "StateName": "Missouri", "ProjAbrv": "TM", "ProjType": "Transverse Mercator", "LatOrigin": "35°45'N", "LonOriginE": "268°03'E", "LonOriginW": "91°57'W", "Lat0_deg": 35.75, "Lon0_E_deg": 268.05, "Lon0_W_deg": -91.95, "ProjScale": 1.000036, "SkewAz_deg": -9999, "FalseN_m": 0.0, "FalseE_m": 5334000.0, "FalseN_ift": 0.0, "FalseE_ift": 17500000.0, "DesignBy": "State", "Ref_frame": "NATRF2022" }, "geometry": { "type": "Polygon", "coordinates": [ [ [ -91.64473, 38.28851 ], [ -91.75732, 38.28872 ], [ -91.77535, 38.29204 ], [ -91.86312, 38.29361 ], [ -91.88399, 38.2899 ], [ -92.00082, 38.2883 ], [ -92.19567, 38.29224 ], [ -92.19777, 38.16154 ], [ -92.18137, 38.16124 ], [ -92.18537, 38.01634 ], [ -92.40627, 38.02118 ], [ -92.40923, 37.85918 ], [ -92.41367, 37.71394 ], [ -92.24886, 37.64844 ], [ -92.24946, 37.60454 ], [ -92.18326, 37.60524 ], [ -91.8091, 37.59886 ], [ -91.80622, 37.79129 ], [ -91.5288, 37.78899 ], [ -91.52639, 37.94097 ], [ -91.52502, 38.15243 ], [ -91.53438, 38.15259 ], [ -91.64489, 38.15368 ], [ -91.64473, 38.28851 ] ] ] } },
{ "type": "Feature", "properties": { "fid": 107, "ZoneCode": "291018", "AbrvFull": "MO COL", "NameFull": "Missouri Columbia", "ZoneNum": 18, "AbrvPart": "COL", "NamePart": "Columbia", "ZoneType": "Multizone partial", "StateAbrv": "MO", "StateName": "Missouri", "ProjAbrv": "TM", "ProjType": "Transverse Mercator", "LatOrigin": "35°45'N", "LonOriginE": "267°57'E", "LonOriginW": "92°03'W", "Lat0_deg": 35.75, "Lon0_E_deg": 267.95, "Lon0_W_deg": -92.05, "ProjScale": 1.000021, "SkewAz_deg": -9999, "FalseN_m": 0.0, "FalseE_m": 5638800.0, "FalseN_ift": 0.0, "FalseE_ift": 18500000.0, "DesignBy": "State", "Ref_frame": "NATRF2022" }, "geometry": { "type": "Polygon", "coordinates": [ [ [ -92.31447, 39.24645 ], [ -92.43023, 39.2488 ], [ -92.51355, 39.08881 ], [ -92.56512, 38.99827 ], [ -92.55638, 38.98564 ], [ -92.57014, 38.97921 ], [ -92.51499, 38.93811 ], [ -92.47426, 38.9016 ], [ -92.47779, 38.87411 ], [ -92.45672, 38.86027 ], [ -92.44486, 38.83834 ], [ -92.41687, 38.81887 ], [ -92.38439, 38.81549 ], [ -92.37961, 38.80008 ], [ -92.40941, 38.76428 ], [ -92.39487, 38.73913 ], [ -92.49518, 38.42783 ], [ -92.40348, 38.42533 ], [ -92.40841, 38.34134 ], [ -92.32768, 38.33723 ], [ -92.28448, 38.33753 ], [ -92.25018, 38.32271 ], [ -92.22468, 38.33573 ], [ -92.19448, 38.33554 ], [ -92.19567, 38.29224 ], [ -92.00082, 38.2883 ], [ -91.88399, 38.2899 ], [ -91.86312, 38.29361 ], [ -91.77535, 38.29204 ], [ -91.75732, 38.28872 ], [ -91.64473, 38.28851 ], [ -91.64453, 38.37501 ], [ -91.64037, 38.70379 ], [ -91.64717, 38.7034 ], [ -91.64343, 38.82214 ], [ -91.634, 39.05906 ], [ -92.11039, 39.0642 ], [ -92.10437, 39.23981 ], [ -92.31447, 39.24645 ] ] ] } },
{ "type": "Feature", "properties": { "fid": 108, "ZoneCode": "291019", "AbrvFull": "MO HAN", "NameFull": "Missouri Hannibal", "ZoneNum": 19, "AbrvPart": "HAN", "NamePart": "Hannibal", "ZoneType": "Multizone partial", "StateAbrv": "MO", "StateName": "Missouri", "ProjAbrv": "TM", "ProjType": "Transverse Mercator", "LatOrigin": "35°45'N", "LonOriginE": "268°18'E", "LonOriginW": "91°42'W", "Lat0_deg": 35.75, "Lon0_E_deg": 268.3, "Lon0_W_deg": -91.7, "ProjScale": 1.000016, "SkewAz_deg": -9999, "FalseN_m": 0.0, "FalseE_m": 5943600.0, "FalseN_ift": 0.0, "FalseE_ift": 19500000.0, "DesignBy": "State", "Ref_frame": "NATRF2022" }, "geometry": { "type": "Polygon", "coordinates": [ [ [ -91.43552, 39.94522 ], [ -91.72853, 39.94742 ], [ -92.03779, 39.9506 ], [ -92.16288, 39.95424 ], [ -92.28788, 39.95249 ], [ -92.29233, 39.79508 ], [ -92.30087, 39.60535 ], [ -92.30937, 39.36151 ], [ -92.31447, 39.24645 ], [ -92.10437, 39.23981 ], [ -92.11039, 39.0642 ], [ -91.634, 39.05906 ], [ -91.6296, 39.14785 ], [ -91.40903, 39.14254 ], [ -91.46044, 39.45072 ], [ -91.36498, 39.50395 ], [ -91.20331, 39.59839 ], [ -91.17801, 39.5982 ], [ -91.22333, 39.6176 ], [ -91.27614, 39.66576 ], [ -91.34725, 39.71048 ], [ -91.36775, 39.72903 ], [ -91.36344, 39.7928 ], [ -91.37649, 39.81003 ], [ -91.4338, 39.84187 ], [ -91.44784, 39.87795 ], [ -91.44351, 39.89358 ], [ -91.42088, 39.91487 ], [ -91.42183, 39.93297 ], [ -91.43552, 39.94522 ] ] ] } },
{ "type": "Feature", "properties": { "fid": 109, "ZoneCode": "291020", "AbrvFull": "MO KIRK", "NameFull": "Missouri Kirksville", "ZoneNum": 20, "AbrvPart": "KIRK", "NamePart": "Kirksville", "ZoneType": "Multizone partial", "StateAbrv": "MO", "StateName": "Missouri", "ProjAbrv": "LC1", "ProjType": "Lambert Conformal Conic, one parallel", "LatOrigin": "40°15'N", "LonOriginE": "267°30'E", "LonOriginW": "92°30'W", "Lat0_deg": 40.25, "Lon0_E_deg": 267.5, "Lon0_W_deg": -92.5, "ProjScale": 1.000026, "SkewAz_deg": -9999, "FalseN_m": 495300.0, "FalseE_m": 6248400.0, "FalseN_ift": 1625000.0, "FalseE_ift": 20500000.0, "DesignBy": "State", "Ref_frame": "NATRF2022" }, "geometry": { "type": "Polygon", "coordinates": [ [ [ -91.43552, 39.94522 ], [ -91.44345, 39.95368 ], [ -91.49488, 40.03645 ], [ -91.48961, 40.05744 ], [ -91.51084, 40.12614 ], [ -91.50822, 40.15767 ], [ -91.51308, 40.17854 ], [ -91.50448, 40.19826 ], [ -91.5065, 40.2363 ], [ -91.49052, 40.2595 ], [ -91.49273, 40.27822 ], [ -91.46214, 40.34241 ], [ -91.44486, 40.36314 ], [ -91.41942, 40.37826 ], [ -91.44124, 40.38626 ], [ -91.46389, 40.37566 ], [ -91.48315, 40.38249 ], [ -91.49809, 40.40193 ], [ -91.52461, 40.41077 ], [ -91.51901, 40.4313 ], [ -91.53281, 40.43678 ], [ -91.52615, 40.45863 ], [ -91.56772, 40.46228 ], [ -91.59464, 40.495 ], [ -91.61695, 40.50479 ], [ -91.62516, 40.5435 ], [ -91.68171, 40.55304 ], [ -91.69156, 40.56484 ], [ -91.68538, 40.57889 ], [ -91.71202, 40.59505 ], [ -91.72911, 40.61364 ], [ -91.8684, 40.60806 ], [ -92.09661, 40.60183 ], [ -92.48522, 40.59509 ], [ -92.65941, 40.59034 ], [ -93.0135, 40.5863 ], [ -93.26043, 40.58081 ], [ -93.37439, 40.58033 ], [ -93.37484, 40.47221 ], [ -93.36686, 40.47152 ], [ -93.36731, 40.33931 ], [ -93.36656, 40.0331 ], [ -93.36195, 40.0331 ], [ -93.08303, 40.03725 ], [ -92.89927, 40.03662 ], [ -92.62519, 40.0383 ], [ -92.54116, 40.03719 ], [ -92.34314, 40.03722 ], [ -92.34471, 39.9533 ], [ -92.28788, 39.95249 ], [ -92.16288, 39.95424 ], [ -92.03779, 39.9506 ], [ -91.72853, 39.94742 ], [ -91.43552, 39.94522 ] ] ] } },
{ "type": "Feature", "properties": { "fid": 110, "ZoneCode": "291021", "AbrvFull": "MO SPFD", "NameFull": "Missouri Springfield", "ZoneNum": 21, "AbrvPart": "SPFD", "NamePart": "Springfield", "ZoneType": "Multizone partial", "StateAbrv": "MO", "StateName": "Missouri", "ProjAbrv": "TM", "ProjType": "Transverse Mercator", "LatOrigin": "35°45'N", "LonOriginE": "266°45'E", "LonOriginW": "93°15'W", "Lat0_deg": 35.75, "Lon0_E_deg": 266.75, "Lon0_W_deg": -93.25, "ProjScale": 1.000046, "SkewAz_deg": -9999, "FalseN_m": 0.0, "FalseE_m": 6553200.0, "FalseN_ift": 0.0, "FalseE_ift": 21500000.0, "DesignBy": "State", "Ref_frame": "NATRF2022" }, "geometry": { "type": "Polygon", "coordinates": [ [ [ -93.07338, 37.41499 ], [ -93.51163, 37.42539 ], [ -93.62115, 37.42742 ], [ -93.62584, 37.28201 ], [ -93.60509, 37.28148 ], [ -93.61013, 36.99581 ], [ -93.33745, 36.99249 ], [ -93.34204, 36.8173 ], [ -93.25018, 36.81624 ], [ -92.90934, 36.80918 ], [ -92.90327, 37.07065 ], [ -92.90292, 37.08522 ], [ -92.95717, 37.08765 ], [ -93.06527, 37.08869 ], [ -93.06154, 37.26983 ], [ -93.07678, 37.27004 ], [ -93.07338, 37.41499 ] ] ] } },
{ "type": "Feature", "properties": { "fid": 111, "ZoneCode": "291022", "AbrvFull": "MO LEBN", "NameFull": "Missouri Lebanon", "ZoneNum": 22, "AbrvPart": "LEBN", "NamePart": "Lebanon", "ZoneType": "Multizone partial", "StateAbrv": "MO", "StateName": "Missouri", "ProjAbrv": "LC1", "ProjType": "Lambert Conformal Conic, one parallel", "LatOrigin": "37°45'N", "LonOriginE": "267°03'E", "LonOriginW": "92°57'W", "Lat0_deg": 37.75, "Lon0_E_deg": 267.05, "Lon0_W_deg": -92.95, "ProjScale": 1.000044, "SkewAz_deg": -9999, "FalseN_m": 228600.0, "FalseE_m": 6858000.0, "FalseN_ift": 750000.0, "FalseE_ift": 22500000.0, "DesignBy": "State", "Ref_frame": "NATRF2022" }, "geometry": { "type": "Polygon", "coordinates": [ [ [ -93.07245, 37.90263 ], [ -93.18271, 37.90414 ], [ -93.18791, 37.80274 ], [ -93.29372, 37.80479 ], [ -93.5741, 37.81334 ], [ -93.5732, 37.82804 ], [ -93.6284, 37.82944 ], [ -93.63244, 37.7423 ], [ -93.60949, 37.74176 ], [ -93.62115, 37.42742 ], [ -93.51163, 37.42539 ], [ -93.07338, 37.41499 ], [ -93.07158, 37.48744 ], [ -92.68667, 37.48155 ], [ -92.4871, 37.47602 ], [ -92.25226, 37.47294 ], [ -92.24946, 37.60454 ], [ -92.24886, 37.64844 ], [ -92.41367, 37.71394 ], [ -92.40923, 37.85918 ], [ -92.41945, 37.85976 ], [ -92.44946, 37.83536 ], [ -92.45249, 37.82428 ], [ -92.4922, 37.82962 ], [ -92.5137, 37.81196 ], [ -92.54893, 37.80047 ], [ -92.56434, 37.80584 ], [ -92.57072, 37.82263 ], [ -92.60008, 37.84034 ], [ -92.61468, 37.86354 ], [ -92.62018, 37.89252 ], [ -92.85538, 37.89574 ], [ -93.07245, 37.90263 ] ] ] } },
{ "type": "Feature", "properties": { "fid": 112, "ZoneCode": "291023", "AbrvFull": "MO BNVL", "NameFull": "Missouri Boonville", "ZoneNum": 23, "AbrvPart": "BNVL", "NamePart": "Boonville", "ZoneType": "Multizone partial", "StateAbrv": "MO", "StateName": "Missouri", "ProjAbrv": "TM", "ProjType": "Transverse Mercator", "LatOrigin": "35°45'N", "LonOriginE": "267°21'E", "LonOriginW": "92°39'W", "Lat0_deg": 35.75, "Lon0_E_deg": 267.35, "Lon0_W_deg": -92.65, "ProjScale": 1.000029, "SkewAz_deg": -9999, "FalseN_m": 0.0, "FalseE_m": 7162800.0, "FalseN_ift": 0.0, "FalseE_ift": 23500000.0, "DesignBy": "State", "Ref_frame": "NATRF2022" }, "geometry": { "type": "Polygon", "coordinates": [ [ [ -92.43023, 39.2488 ], [ -92.79037, 39.34359 ], [ -92.84922, 39.22622 ], [ -92.86033, 39.20107 ], [ -92.9048, 39.16616 ], [ -92.90607, 39.14764 ], [ -92.92261, 39.13079 ], [ -92.94165, 39.12589 ], [ -92.94279, 39.10353 ], [ -92.90897, 39.09555 ], [ -92.90736, 39.08421 ], [ -92.93457, 39.06455 ], [ -93.04847, 38.97242 ], [ -93.0545, 38.81712 ], [ -93.06797, 38.51481 ], [ -93.07205, 38.44227 ], [ -93.06876, 38.44227 ], [ -93.08216, 38.1865 ], [ -93.05907, 38.18569 ], [ -93.07245, 37.90263 ], [ -92.85538, 37.89574 ], [ -92.62018, 37.89252 ], [ -92.61468, 37.86354 ], [ -92.60008, 37.84034 ], [ -92.57072, 37.82263 ], [ -92.56434, 37.80584 ], [ -92.54893, 37.80047 ], [ -92.5137, 37.81196 ], [ -92.4922, 37.82962 ], [ -92.45249, 37.82428 ], [ -92.44946, 37.83536 ], [ -92.41945, 37.85976 ], [ -92.40923, 37.85918 ], [ -92.40627, 38.02118 ], [ -92.18537, 38.01634 ], [ -92.18137, 38.16124 ], [ -92.19777, 38.16154 ], [ -92.19567, 38.29224 ], [ -92.19448, 38.33554 ], [ -92.22468, 38.33573 ], [ -92.25018, 38.32271 ], [ -92.28448, 38.33753 ], [ -92.32768, 38.33723 ], [ -92.40841, 38.34134 ], [ -92.40348, 38.42533 ], [ -92.49518, 38.42783 ], [ -92.39487, 38.73913 ], [ -92.40941, 38.76428 ], [ -92.37961, 38.80008 ], [ -92.38439, 38.81549 ], [ -92.41687, 38.81887 ], [ -92.44486, 38.83834 ], [ -92.45672, 38.86027 ], [ -92.47779, 38.87411 ], [ -92.47426, 38.9016 ], [ -92.51499, 38.93811 ], [ -92.57014, 38.97921 ], [ -92.55638, 38.98564 ], [ -92.56512, 38.99827 ], [ -92.51355, 39.08881 ], [ -92.43023, 39.2488 ] ] ] } },
{ "type": "Feature", "properties": { "fid": 113, "ZoneCode": "291024", "AbrvFull": "MO SED", "NameFull": "Missouri Sedalia", "ZoneNum": 24, "AbrvPart": "SED", "NamePart": "Sedalia", "ZoneType": "Multizone partial", "StateAbrv": "MO", "StateName": "Missouri", "ProjAbrv": "TM", "ProjType": "Transverse Mercator", "LatOrigin": "35°45'N", "LonOriginE": "266°48'E", "LonOriginW": "93°12'W", "Lat0_deg": 35.75, "Lon0_E_deg": 266.8, "Lon0_W_deg": -93.2, "ProjScale": 1.000032, "SkewAz_deg": -9999, "FalseN_m": 0.0, "FalseE_m": 7467600.0, "FalseN_ift": 0.0, "FalseE_ift": 24500000.0, "DesignBy": "State", "Ref_frame": "NATRF2022" }, "geometry": { "type": "Polygon", "coordinates": [ [ [ -92.84922, 39.22622 ], [ -92.86523, 39.2359 ], [ -92.90614, 39.22234 ], [ -92.91957, 39.23162 ], [ -92.91547, 39.25338 ], [ -92.9474, 39.27009 ], [ -92.95898, 39.28304 ], [ -92.9598, 39.31253 ], [ -93.02378, 39.31312 ], [ -93.04475, 39.31767 ], [ -93.07291, 39.33552 ], [ -93.07636, 39.36069 ], [ -93.08776, 39.37891 ], [ -93.10607, 39.38372 ], [ -93.13963, 39.37864 ], [ -93.16432, 39.40501 ], [ -93.18943, 39.41049 ], [ -93.20071, 39.40179 ], [ -93.1902, 39.38179 ], [ -93.19204, 39.36571 ], [ -93.23008, 39.32788 ], [ -93.25592, 39.33784 ], [ -93.27772, 39.31155 ], [ -93.33225, 39.30961 ], [ -93.34378, 39.2871 ], [ -93.32896, 39.26548 ], [ -93.33334, 39.25001 ], [ -93.36814, 39.23331 ], [ -93.40379, 39.22744 ], [ -93.41523, 39.2418 ], [ -93.4029, 39.26005 ], [ -93.41145, 39.26715 ], [ -93.44423, 39.26853 ], [ -93.46498, 39.29237 ], [ -93.47723, 39.2928 ], [ -93.49728, 38.92843 ], [ -93.49312, 38.89916 ], [ -93.50955, 38.63584 ], [ -93.50757, 38.63586 ], [ -93.51508, 38.45452 ], [ -93.51196, 38.44681 ], [ -93.52348, 38.20722 ], [ -93.49728, 38.19909 ], [ -93.5121, 37.91354 ], [ -93.56871, 37.91492 ], [ -93.5732, 37.82804 ], [ -93.5741, 37.81334 ], [ -93.29372, 37.80479 ], [ -93.18791, 37.80274 ], [ -93.18271, 37.90414 ], [ -93.07245, 37.90263 ], [ -93.05907, 38.18569 ], [ -93.08216, 38.1865 ], [ -93.06876, 38.44227 ], [ -93.07205, 38.44227 ], [ -93.06797, 38.51481 ], [ -93.0545, 38.81712 ], [ -93.04847, 38.97242 ], [ -92.93457, 39.06455 ], [ -92.90736, 39.08421 ], [ -92.90897, 39.09555 ], [ -92.94279, 39.10353 ], [ -92.94165, 39.12589 ], [ -92.92261, 39.13079 ], [ -92.90607, 39.14764 ], [ -92.9048, 39.16616 ], [ -92.86033, 39.20107 ], [ -92.84922, 39.22622 ] ] ] } },
{ "type": "Feature", "properties": { "fid": 114, "ZoneCode": "291025", "AbrvFull": "MO MOBY", "NameFull": "Missouri Moberly", "ZoneNum": 25, "AbrvPart": "MOBY", "NamePart": "Moberly", "ZoneType": "Multizone partial", "StateAbrv": "MO", "StateName": "Missouri", "ProjAbrv": "LC1", "ProjType": "Lambert Conformal Conic, one parallel", "LatOrigin": "39°36'N", "LonOriginE": "267°00'E", "LonOriginW": "93°00'W", "Lat0_deg": 39.6, "Lon0_E_deg": 267.0, "Lon0_W_deg": -93.0, "ProjScale": 1.000022, "SkewAz_deg": -9999, "FalseN_m": 419100.0, "FalseE_m": 7772400.0, "FalseN_ift": 1375000.0, "FalseE_ift": 25500000.0, "DesignBy": "State", "Ref_frame": "NATRF2022" }, "geometry": { "type": "Polygon", "coordinates": [ [ [ -92.28788, 39.95249 ], [ -92.34471, 39.9533 ], [ -92.34314, 40.03722 ], [ -92.54116, 40.03719 ], [ -92.62519, 40.0383 ], [ -92.89927, 40.03662 ], [ -93.08303, 40.03725 ], [ -93.36195, 40.0331 ], [ -93.36196, 39.96761 ], [ -93.60534, 39.96324 ], [ -93.76197, 39.95955 ], [ -93.75915, 39.8092 ], [ -93.75817, 39.62479 ], [ -93.75918, 39.52456 ], [ -93.75846, 39.20702 ], [ -93.70013, 39.20968 ], [ -93.68159, 39.23124 ], [ -93.65053, 39.24821 ], [ -93.58495, 39.24043 ], [ -93.55954, 39.2188 ], [ -93.51606, 39.21529 ], [ -93.48788, 39.22888 ], [ -93.49622, 39.26489 ], [ -93.49202, 39.28294 ], [ -93.47723, 39.2928 ], [ -93.46498, 39.29237 ], [ -93.44423, 39.26853 ], [ -93.41145, 39.26715 ], [ -93.4029, 39.26005 ], [ -93.41523, 39.2418 ], [ -93.40379, 39.22744 ], [ -93.36814, 39.23331 ], [ -93.33334, 39.25001 ], [ -93.32896, 39.26548 ], [ -93.34378, 39.2871 ], [ -93.33225, 39.30961 ], [ -93.27772, 39.31155 ], [ -93.25592, 39.33784 ], [ -93.23008, 39.32788 ], [ -93.19204, 39.36571 ], [ -93.1902, 39.38179 ], [ -93.20071, 39.40179 ], [ -93.18943, 39.41049 ], [ -93.16432, 39.40501 ], [ -93.13963, 39.37864 ], [ -93.10607, 39.38372 ], [ -93.08776, 39.37891 ], [ -93.07636, 39.36069 ], [ -93.07291, 39.33552 ], [ -93.04475, 39.31767 ], [ -93.02378, 39.31312 ], [ -92.9598, 39.31253 ], [ -92.95898, 39.28304 ], [ -92.9474, 39.27009 ], [ -92.91547, 39.25338 ], [ -92.91957, 39.23162 ], [ -92.90614, 39.22234 ], [ -92.86523, 39.2359 ], [ -92.84922, 39.22622 ], [ -92.79037, 39.34359 ], [ -92.43023, 39.2488 ], [ -92.31447, 39.24645 ], [ -92.30937, 39.36151 ], [ -92.30087, 39.60535 ], [ -92.29233, 39.79508 ], [ -92.28788, 39.95249 ] ] ] } },
{ "type": "Feature", "properties": { "fid": 115, "ZoneCode": "291026", "AbrvFull": "MO MONT", "NameFull": "Missouri Monett", "ZoneNum": 26, "AbrvPart": "MONT", "NamePart": "Monett", "ZoneType": "Multizone partial", "StateAbrv": "MO", "StateName": "Missouri", "ProjAbrv": "TM", "ProjType": "Transverse Mercator", "LatOrigin": "35°45'N", "LonOriginE": "266°09'E", "LonOriginW": "93°51'W", "Lat0_deg": 35.75, "Lon0_E_deg": 266.15, "Lon0_W_deg": -93.85, "ProjScale": 1.00005, "SkewAz_deg": -9999, "FalseN_m": 0.0, "FalseE_m": 8077200.0, "FalseN_ift": 0.0, "FalseE_ift": 26500000.0, "DesignBy": "State", "Ref_frame": "NATRF2022" }, "geometry": { "type": "Polygon", "coordinates": [ [ [ -93.6284, 37.82944 ], [ -93.8114, 37.83457 ], [ -93.80865, 37.89278 ], [ -94.06567, 37.90099 ], [ -94.07334, 37.75571 ], [ -94.06872, 37.75557 ], [ -94.07351, 37.64476 ], [ -94.07923, 37.42895 ], [ -94.08383, 37.29085 ], [ -94.05231, 37.29008 ], [ -94.05791, 37.09139 ], [ -94.06638, 36.83023 ], [ -94.06724, 36.74665 ], [ -94.07709, 36.49867 ], [ -93.58426, 36.49917 ], [ -93.5738, 36.82003 ], [ -93.61293, 36.82056 ], [ -93.61013, 36.99581 ], [ -93.60509, 37.28148 ], [ -93.62584, 37.28201 ], [ -93.62115, 37.42742 ], [ -93.60949, 37.74176 ], [ -93.63244, 37.7423 ], [ -93.6284, 37.82944 ] ] ] } },
{ "type": "Feature", "properties": { "fid": 116, "ZoneCode": "291027", "AbrvFull": "MO WARB", "NameFull": "Missouri Warrensburg", "ZoneNum": 27, "AbrvPart": "WARB", "NamePart": "Warrensburg", "ZoneType": "Multizone partial", "StateAbrv": "MO", "StateName": "Missouri", "ProjAbrv": "TM", "ProjType": "Transverse Mercator", "LatOrigin": "35°45'N", "LonOriginE": "266°12'E", "LonOriginW": "93°48'W", "Lat0_deg": 35.75, "Lon0_E_deg": 266.2, "Lon0_W_deg": -93.8, "ProjScale": 1.000032, "SkewAz_deg": -9999, "FalseN_m": 0.0, "FalseE_m": 8382000.0, "FalseN_ift": 0.0, "FalseE_ift": 27500000.0, "DesignBy": "State", "Ref_frame": "NATRF2022" }, "geometry": { "type": "Polygon", "coordinates": [ [ [ -93.49728, 38.92843 ], [ -93.83472, 38.93791 ], [ -93.83632, 38.90871 ], [ -94.11019, 38.91761 ], [ -94.11363, 38.91696 ], [ -94.1191, 38.83317 ], [ -94.12937, 38.65586 ], [ -94.11641, 38.65552 ], [ -94.11966, 38.56871 ], [ -94.06432, 38.56738 ], [ -94.06782, 38.46602 ], [ -94.06502, 38.46582 ], [ -94.07521, 38.2145 ], [ -94.04989, 38.21399 ], [ -94.06567, 37.90099 ], [ -93.80865, 37.89278 ], [ -93.8114, 37.83457 ], [ -93.6284, 37.82944 ], [ -93.5732, 37.82804 ], [ -93.56871, 37.91492 ], [ -93.5121, 37.91354 ], [ -93.49728, 38.19909 ], [ -93.52348, 38.20722 ], [ -93.51196, 38.44681 ], [ -93.51508, 38.45452 ], [ -93.50757, 38.63586 ], [ -93.50955, 38.63584 ], [ -93.49312, 38.89916 ], [ -93.49728, 38.92843 ] ] ] } },
{ "type": "Feature", "properties": { "fid": 117, "ZoneCode": "291028", "AbrvFull": "MO JOPN", "NameFull": "Missouri Joplin", "ZoneNum": 28, "AbrvPart": "JOPN", "NamePart": "Joplin", "ZoneType": "Multizone partial", "StateAbrv": "MO", "StateName": "Missouri", "ProjAbrv": "TM", "ProjType": "Transverse Mercator", "LatOrigin": "35°45'N", "LonOriginE": "265°39'E", "LonOriginW": "94°21'W", "Lat0_deg": 35.75, "Lon0_E_deg": 265.65, "Lon0_W_deg": -94.35, "ProjScale": 1.000041, "SkewAz_deg": -9999, "FalseN_m": 0.0, "FalseE_m": 8686800.0, "FalseN_ift": 0.0, "FalseE_ift": 28500000.0, "DesignBy": "State", "Ref_frame": "NATRF2022" }, "geometry": { "type": "Polygon", "coordinates": [ [ [ -94.1191, 38.83317 ], [ -94.28759, 38.83508 ], [ -94.51012, 38.84246 ], [ -94.60803, 38.84721 ], [ -94.60908, 38.7381 ], [ -94.6119, 38.60589 ], [ -94.61335, 38.4587 ], [ -94.6125, 38.22038 ], [ -94.61416, 37.97401 ], [ -94.61767, 37.77619 ], [ -94.61672, 37.50012 ], [ -94.61831, 37.19469 ], [ -94.61796, 36.99891 ], [ -94.61847, 36.81628 ], [ -94.61786, 36.49953 ], [ -94.37442, 36.49962 ], [ -94.07709, 36.49867 ], [ -94.06724, 36.74665 ], [ -94.06638, 36.83023 ], [ -94.05791, 37.09139 ], [ -94.05231, 37.29008 ], [ -94.08383, 37.29085 ], [ -94.07923, 37.42895 ], [ -94.07351, 37.64476 ], [ -94.06872, 37.75557 ], [ -94.07334, 37.75571 ], [ -94.06567, 37.90099 ], [ -94.04989, 38.21399 ], [ -94.07521, 38.2145 ], [ -94.06502, 38.46582 ], [ -94.06782, 38.46602 ], [ -94.06432, 38.56738 ], [ -94.11966, 38.56871 ], [ -94.11641, 38.65552 ], [ -94.12937, 38.65586 ], [ -94.1191, 38.83317 ] ] ] } },
{ "type": "Feature", "properties": { "fid": 118, "ZoneCode": "291029", "AbrvFull": "MO SJOS", "NameFull": "Missouri St Joseph", "ZoneNum": 29, "AbrvPart": "SJOS", "NamePart": "St Joseph", "ZoneType": "Multizone partial", "StateAbrv": "MO", "StateName": "Missouri", "ProjAbrv": "LC1", "ProjType": "Lambert Conformal Conic, one parallel", "LatOrigin": "39°51'N", "LonOriginE": "265°30'E", "LonOriginW": "94°30'W", "Lat0_deg": 39.85, "Lon0_E_deg": 265.5, "Lon0_W_deg": -94.5, "ProjScale": 1.00003, "SkewAz_deg": -9999, "FalseN_m": 457200.0, "FalseE_m": 8991600.0, "FalseN_ift": 1500000.0, "FalseE_ift": 29500000.0, "DesignBy": "State", "Ref_frame": "NATRF2022" }, "geometry": { "type": "Polygon", "coordinates": [ [ [ -93.76197, 39.95955 ], [ -93.76492, 40.10202 ], [ -93.76402, 40.13291 ], [ -94.10361, 40.13466 ], [ -94.2167, 40.13663 ], [ -94.2188, 40.03489 ], [ -94.32997, 40.03926 ], [ -94.6066, 40.0392 ], [ -94.60616, 40.12632 ], [ -94.78337, 40.12698 ], [ -95.04308, 40.1301 ], [ -95.06566, 40.15097 ], [ -95.06064, 40.17173 ], [ -95.07353, 40.19554 ], [ -95.06385, 40.20586 ], [ -95.06683, 40.22825 ], [ -95.05794, 40.23815 ], [ -95.0736, 40.24338 ], [ -95.0717, 40.26086 ], [ -95.24193, 40.26277 ], [ -95.55482, 40.26446 ], [ -95.52417, 40.25113 ], [ -95.47869, 40.24366 ], [ -95.4699, 40.2227 ], [ -95.48132, 40.20308 ], [ -95.47792, 40.18384 ], [ -95.44069, 40.16228 ], [ -95.43135, 40.13916 ], [ -95.39655, 40.1247 ], [ -95.39422, 40.10826 ], [ -95.40855, 40.09699 ], [ -95.42, 40.05044 ], [ -95.39153, 40.02706 ], [ -95.34657, 40.02827 ], [ -95.31221, 40.0094 ], [ -95.30829, 40.0 ], [ -95.30161, 39.984 ], [ -95.27233, 39.97104 ], [ -95.25025, 39.94864 ], [ -95.20527, 39.93975 ], [ -95.20348, 39.90565 ], [ -95.18956, 39.90015 ], [ -95.14605, 39.90418 ], [ -95.13968, 39.88059 ], [ -95.085, 39.86188 ], [ -95.03525, 39.86592 ], [ -95.01513, 39.89964 ], [ -94.98706, 39.89632 ], [ -94.95518, 39.90129 ], [ -94.9279, 39.88611 ], [ -94.93985, 39.85204 ], [ -94.91677, 39.83581 ], [ -94.89148, 39.83464 ], [ -94.87666, 39.82252 ], [ -94.87624, 39.80739 ], [ -94.89053, 39.79143 ], [ -94.91955, 39.79029 ], [ -94.93464, 39.77314 ], [ -94.90544, 39.75951 ], [ -94.86965, 39.7729 ], [ -94.85903, 39.75412 ], [ -94.87563, 39.73049 ], [ -94.90261, 39.7242 ], [ -94.94754, 39.74534 ], [ -94.97133, 39.72571 ], [ -94.96933, 39.69073 ], [ -94.9884, 39.6771 ], [ -95.02459, 39.66849 ], [ -95.04952, 39.63788 ], [ -95.05515, 39.62166 ], [ -95.04669, 39.59675 ], [ -95.0569, 39.58057 ], [ -95.09215, 39.58112 ], [ -95.11307, 39.55918 ], [ -95.10289, 39.53335 ], [ -95.01086, 39.53322 ], [ -94.60121, 39.53017 ], [ -94.60082, 39.45616 ], [ -94.32421, 39.45563 ], [ -94.21064, 39.45468 ], [ -94.20842, 39.5272 ], [ -94.00328, 39.52457 ], [ -93.80856, 39.52568 ], [ -93.75918, 39.52456 ], [ -93.75817, 39.62479 ], [ -93.75915, 39.8092 ], [ -93.76197, 39.95955 ] ] ] } },
{ "type": "Feature", "properties": { "fid": 119, "ZoneCode": "291030", "AbrvFull": "MO MARY", "NameFull": "Missouri Maryville", "ZoneNum": 30, "AbrvPart": "MARY", "NamePart": "Maryville", "ZoneType": "Multizone partial", "StateAbrv": "MO", "StateName": "Missouri", "ProjAbrv": "LC1", "ProjType": "Lambert Conformal Conic, one parallel", "LatOrigin": "40°15'N", "LonOriginE": "265°30'E", "LonOriginW": "94°30'W", "Lat0_deg": 40.25, "Lon0_E_deg": 265.5, "Lon0_W_deg": -94.5, "ProjScale": 1.000036, "SkewAz_deg": -9999, "FalseN_m": 495300.0, "FalseE_m": 9296400.0, "FalseN_ift": 1625000.0, "FalseE_ift": 30500000.0, "DesignBy": "State", "Ref_frame": "NATRF2022" }, "geometry": { "type": "Polygon", "coordinates": [ [ [ -93.37439, 40.58033 ], [ -93.54758, 40.58041 ], [ -93.69437, 40.57784 ], [ -93.81548, 40.57728 ], [ -94.07214, 40.57303 ], [ -94.48911, 40.57071 ], [ -94.66907, 40.57172 ], [ -94.96649, 40.57584 ], [ -95.76564, 40.58521 ], [ -95.77355, 40.57821 ], [ -95.76362, 40.5483 ], [ -95.76928, 40.53666 ], [ -95.75711, 40.52599 ], [ -95.6972, 40.52848 ], [ -95.69415, 40.55694 ], [ -95.67178, 40.56263 ], [ -95.65227, 40.53811 ], [ -95.66168, 40.51731 ], [ -95.69997, 40.50528 ], [ -95.69313, 40.4694 ], [ -95.65973, 40.44448 ], [ -95.66144, 40.41592 ], [ -95.64393, 40.38685 ], [ -95.64241, 40.36983 ], [ -95.62481, 40.34921 ], [ -95.62765, 40.33241 ], [ -95.65661, 40.31947 ], [ -95.64533, 40.30569 ], [ -95.61565, 40.31415 ], [ -95.55329, 40.29116 ], [ -95.55482, 40.26446 ], [ -95.24193, 40.26277 ], [ -95.0717, 40.26086 ], [ -95.0736, 40.24338 ], [ -95.05794, 40.23815 ], [ -95.06683, 40.22825 ], [ -95.06385, 40.20586 ], [ -95.07353, 40.19554 ], [ -95.06064, 40.17173 ], [ -95.06566, 40.15097 ], [ -95.04308, 40.1301 ], [ -94.78337, 40.12698 ], [ -94.60616, 40.12632 ], [ -94.6066, 40.0392 ], [ -94.32997, 40.03926 ], [ -94.2188, 40.03489 ], [ -94.2167, 40.13663 ], [ -94.10361, 40.13466 ], [ -93.76402, 40.13291 ], [ -93.76492, 40.10202 ], [ -93.76197, 39.95955 ], [ -93.60534, 39.96324 ], [ -93.36196, 39.96761 ], [ -93.36195, 40.0331 ], [ -93.36656, 40.0331 ], [ -93.36731, 40.33931 ], [ -93.36686, 40.47152 ], [ -93.37484, 40.47221 ], [ -93.37439, 40.58033 ] ] ] } },
{ "type": "Feature", "properties": { "fid": 120, "ZoneCode": "301001", "AbrvFull": "MT AS", "NameFull": "Montana Assiniboine", "ZoneNum": 1, "AbrvPart": "AS", "NamePart": "Assiniboine", "ZoneType": "Multizone partial", "StateAbrv": "MT", "StateName": "Montana", "ProjAbrv": "LC1", "ProjType": "Lambert Conformal Conic, one parallel", "LatOrigin": "48°36'N", "LonOriginE": "254°21'E", "LonOriginW": "105°39'W", "Lat0_deg": 48.6, "Lon0_E_deg": 254.35, "Lon0_W_deg": -105.65, "ProjScale": 1.000107, "SkewAz_deg": -9999, "FalseN_m": 38100.0, "FalseE_m": 266700.0, "FalseN_ift": 125000.0, "FalseE_ift": 875000.0, "DesignBy": "State", "Ref_frame": "NATRF2022" }, "geometry": { "type": "Polygon", "coordinates": [ [ [ -104.04677, 48.3893 ], [ -104.04889, 48.83777 ], [ -104.04869, 48.9999 ], [ -104.68501, 48.99901 ], [ -105.70341, 48.99981 ], [ -106.22942, 48.99937 ], [ -106.60914, 48.99986 ], [ -107.17981, 49.00007 ], [ -107.17982, 48.91267 ], [ -107.20603, 48.91271 ], [ -107.20632, 48.56817 ], [ -107.19271, 48.56811 ], [ -107.19268, 48.51055 ], [ -106.85, 48.5094 ], [ -106.85, 48.63466 ], [ -106.41738, 48.63469 ], [ -106.02098, 48.63192 ], [ -106.01982, 48.56322 ], [ -104.75762, 48.56313 ], [ -104.75764, 48.47656 ], [ -104.62773, 48.47635 ], [ -104.62776, 48.38936 ], [ -104.04677, 48.3893 ] ] ] } },
{ "type": "Feature", "properties": { "fid": 121, "ZoneCode": "301002", "AbrvFull": "MT BP", "NameFull": "Montana Bears Paw", "ZoneNum": 2, "AbrvPart": "BP", "NamePart": "Bears Paw", "ZoneType": "Multizone partial", "StateAbrv": "MT", "StateName": "Montana", "ProjAbrv": "OMC", "ProjType": "Hotine Oblique Mercator, center", "LatOrigin": "48°42'N", "LonOriginE": "250°30'E", "LonOriginW": "109°30'W", "Lat0_deg": 48.7, "Lon0_E_deg": 250.5, "Lon0_W_deg": -109.5, "ProjScale": 1.000119, "SkewAz_deg": -75, "FalseN_m": 152400.0, "FalseE_m": 304800.0, "FalseN_ift": 500000.0, "FalseE_ift": 1000000.0, "DesignBy": "State", "Ref_frame": "NATRF2022" }, "geometry": { "type": "Polygon", "coordinates": [ [ [ -108.23636, 48.99964 ], [ -108.83549, 48.99924 ], [ -109.42062, 49.00043 ], [ -110.74306, 48.99861 ], [ -110.7427, 48.91409 ], [ -110.75059, 48.91409 ], [ -110.75011, 48.56652 ], [ -110.75618, 48.56649 ], [ -110.75587, 48.4 ], [ -110.25, 48.4 ], [ -110.25, 48.30582 ], [ -110.09, 48.30609 ], [ -110.09, 48.4381 ], [ -109.49683, 48.43829 ], [ -109.49703, 48.39474 ], [ -109.51878, 48.39473 ], [ -109.51908, 48.29346 ], [ -109.55164, 48.29348 ], [ -109.55176, 48.22137 ], [ -109.53394, 48.22132 ], [ -109.53429, 48.13456 ], [ -109.53292, 47.87108 ], [ -109.53866, 47.87102 ], [ -109.53868, 47.73886 ], [ -109.51091, 47.74451 ], [ -109.48724, 47.73094 ], [ -109.42531, 47.72015 ], [ -109.3497, 47.75079 ], [ -109.31284, 47.75838 ], [ -109.28193, 47.77694 ], [ -109.27417, 47.79324 ], [ -109.2299, 47.79492 ], [ -109.19028, 47.7909 ], [ -109.16034, 47.77981 ], [ -109.13277, 47.78112 ], [ -109.0659, 47.80107 ], [ -109.03026, 47.79245 ], [ -109.00072, 47.80312 ], [ -108.97402, 47.80147 ], [ -108.94274, 47.79182 ], [ -108.94566, 47.7729 ], [ -108.92042, 47.75649 ], [ -108.95001, 47.7369 ], [ -108.94366, 47.72913 ], [ -108.91941, 47.7354 ], [ -108.89111, 47.73446 ], [ -108.89107, 47.87061 ], [ -108.88832, 47.92272 ], [ -108.67169, 47.92326 ], [ -108.62559, 47.92041 ], [ -108.62326, 47.95724 ], [ -108.60758, 47.991 ], [ -108.56956, 47.98127 ], [ -108.45192, 47.97722 ], [ -108.50133, 47.93041 ], [ -108.45615, 47.89398 ], [ -108.44375, 47.8964 ], [ -108.40006, 47.88346 ], [ -108.36511, 47.88841 ], [ -108.28097, 48.38642 ], [ -108.29074, 48.40051 ], [ -108.32795, 48.42839 ], [ -108.34632, 48.42231 ], [ -108.34619, 48.56845 ], [ -108.31901, 48.56843 ], [ -108.31912, 48.74221 ], [ -108.25938, 48.74223 ], [ -108.25937, 48.91359 ], [ -108.23636, 48.91352 ], [ -108.23636, 48.99964 ] ] ] } },
{ "type": "Feature", "properties": { "fid": 122, "ZoneCode": "301003", "AbrvFull": "MT BT", "NameFull": "Montana Big Timber", "ZoneNum": 3, "AbrvPart": "BT", "NamePart": "Big Timber", "ZoneType": "Multizone partial", "StateAbrv": "MT", "StateName": "Montana", "ProjAbrv": "TM", "ProjType": "Transverse Mercator", "LatOrigin": "44°00'N", "LonOriginE": "250°00'E", "LonOriginW": "110°00'W", "Lat0_deg": 44.0, "Lon0_E_deg": 250.0, "Lon0_W_deg": -110.0, "ProjScale": 1.000209, "SkewAz_deg": -9999, "FalseN_m": 0.0, "FalseE_m": 342900.0, "FalseN_ift": 0.0, "FalseE_ift": 1125000.0, "DesignBy": "State", "Ref_frame": "NATRF2022" }, "geometry": { "type": "Polygon", "coordinates": [ [ [ -109.41716, 46.04476 ], [ -109.60515, 46.04499 ], [ -109.60419, 46.13248 ], [ -109.65384, 46.13247 ], [ -109.65387, 46.2194 ], [ -109.75828, 46.21897 ], [ -110.28197, 46.22061 ], [ -110.28192, 46.1844 ], [ -110.40928, 46.18437 ], [ -110.40927, 46.19207 ], [ -110.78383, 46.1927 ], [ -110.78403, 46.14183 ], [ -110.79077, 46.14185 ], [ -110.79055, 46.04919 ], [ -110.7924, 45.98878 ], [ -110.78852, 45.93128 ], [ -110.7894, 45.78631 ], [ -110.79526, 45.78632 ], [ -110.79477, 45.59068 ], [ -110.85738, 45.59065 ], [ -110.85825, 45.52488 ], [ -110.91922, 45.52486 ], [ -110.9179, 45.35127 ], [ -111.03817, 45.35139 ], [ -111.03861, 45.17638 ], [ -111.04661, 45.17633 ], [ -111.04507, 45.00095 ], [ -110.79012, 45.00088 ], [ -110.70448, 44.99217 ], [ -110.50698, 44.99252 ], [ -110.44574, 44.99368 ], [ -110.40712, 44.9995 ], [ -110.18322, 44.99695 ], [ -110.10578, 45.00353 ], [ -109.82566, 45.00322 ], [ -109.79848, 45.00233 ], [ -109.79867, 45.17213 ], [ -110.06452, 45.17213 ], [ -110.06458, 45.34876 ], [ -109.93198, 45.34876 ], [ -109.93202, 45.52246 ], [ -109.80884, 45.52247 ], [ -109.80879, 45.56593 ], [ -109.68538, 45.56561 ], [ -109.68538, 45.60902 ], [ -109.56207, 45.60912 ], [ -109.56391, 45.78347 ], [ -109.54655, 45.78348 ], [ -109.54882, 45.87075 ], [ -109.50596, 45.87022 ], [ -109.5066, 45.95911 ], [ -109.42303, 45.96001 ], [ -109.42301, 46.03302 ], [ -109.41716, 46.04476 ] ] ] } },
{ "type": "Feature", "properties": { "fid": 123, "ZoneCode": "301004", "AbrvFull": "MT BF", "NameFull": "Montana Blackfeet", "ZoneNum": 4, "AbrvPart": "BF", "NamePart": "Blackfeet", "ZoneType": "Multizone partial", "StateAbrv": "MT", "StateName": "Montana", "ProjAbrv": "TM", "ProjType": "Transverse Mercator", "LatOrigin": "47°45'N", "LonOriginE": "247°42'E", "LonOriginW": "112°18'W", "Lat0_deg": 47.75, "Lon0_E_deg": 247.7, "Lon0_W_deg": -112.3, "ProjScale": 1.00018, "SkewAz_deg": -9999, "FalseN_m": 0.0, "FalseE_m": 266700.0, "FalseN_ift": 0.0, "FalseE_ift": 875000.0, "DesignBy": "State", "Ref_frame": "NATRF2022" }, "geometry": { "type": "Polygon", "coordinates": [ [ [ -112.19341, 48.99868 ], [ -113.0757, 48.99851 ], [ -113.11505, 48.97938 ], [ -113.13302, 48.97577 ], [ -113.19675, 48.94389 ], [ -113.2857, 48.93654 ], [ -113.31738, 48.93931 ], [ -113.36335, 48.92855 ], [ -113.40499, 48.89418 ], [ -113.39322, 48.86502 ], [ -113.37539, 48.86335 ], [ -113.37241, 48.84096 ], [ -113.38335, 48.81751 ], [ -113.39311, 48.76002 ], [ -113.41771, 48.71168 ], [ -113.43353, 48.6709 ], [ -113.43012, 48.65874 ], [ -113.45324, 48.62937 ], [ -113.4648, 48.60576 ], [ -113.49366, 48.59327 ], [ -113.49342, 48.58316 ], [ -113.51593, 48.57074 ], [ -113.49229, 48.55233 ], [ -113.46737, 48.54756 ], [ -113.47269, 48.52501 ], [ -113.46658, 48.47453 ], [ -113.47916, 48.45312 ], [ -113.45178, 48.44583 ], [ -113.41347, 48.42089 ], [ -113.38951, 48.4164 ], [ -113.35598, 48.42391 ], [ -113.34656, 48.39409 ], [ -113.33297, 48.38763 ], [ -113.33916, 48.37134 ], [ -113.38705, 48.3415 ], [ -113.37427, 48.32393 ], [ -113.34801, 48.31137 ], [ -113.348, 48.30311 ], [ -113.32258, 48.28772 ], [ -113.2978, 48.28425 ], [ -113.28958, 48.26534 ], [ -113.24979, 48.25521 ], [ -113.22768, 48.23575 ], [ -113.23685, 48.218 ], [ -113.23484, 48.17481 ], [ -113.20785, 48.16438 ], [ -113.19015, 48.17525 ], [ -113.16621, 48.16546 ], [ -113.13468, 48.13818 ], [ -113.0908, 48.13644 ], [ -113.06391, 48.14998 ], [ -113.05118, 48.12131 ], [ -113.03015, 48.13327 ], [ -113.01481, 48.13103 ], [ -112.92175, 48.13103 ], [ -112.92175, 48.16464 ], [ -112.9016, 48.15935 ], [ -112.87223, 48.16291 ], [ -112.85741, 48.17529 ], [ -112.81417, 48.18532 ], [ -112.80727, 48.19431 ], [ -112.76928, 48.20565 ], [ -112.74737, 48.2305 ], [ -112.67887, 48.24818 ], [ -112.64145, 48.24229 ], [ -112.60968, 48.2572 ], [ -112.59009, 48.30389 ], [ -112.56241, 48.32145 ], [ -112.54192, 48.3253 ], [ -112.50563, 48.34665 ], [ -112.48262, 48.34258 ], [ -112.47254, 48.34962 ], [ -112.40402, 48.33002 ], [ -112.39419, 48.31147 ], [ -112.3874, 48.31952 ], [ -112.36552, 48.31159 ], [ -112.3278, 48.33147 ], [ -112.34803, 48.35015 ], [ -112.33117, 48.36377 ], [ -112.32782, 48.39059 ], [ -112.31598, 48.38941 ], [ -112.2623, 48.42559 ], [ -112.26726, 48.44013 ], [ -112.24358, 48.44593 ], [ -112.22615, 48.46811 ], [ -112.2292, 48.48188 ], [ -112.18478, 48.47726 ], [ -112.18459, 48.56647 ], [ -112.1891, 48.56647 ], [ -112.18902, 48.91399 ], [ -112.1932, 48.91402 ], [ -112.19341, 48.99868 ] ] ] } },
{ "type": "Feature", "properties": { "fid": 124, "ZoneCode": "301005", "AbrvFull": "MT BC", "NameFull": "Montana Bobcat", "ZoneNum": 5, "AbrvPart": "BC", "NamePart": "Bobcat", "ZoneType": "Multizone partial", "StateAbrv": "MT", "StateName": "Montana", "ProjAbrv": "LC1", "ProjType": "Lambert Conformal Conic, one parallel", "LatOrigin": "46°03'N", "LonOriginE": "248°24'E", "LonOriginW": "111°36'W", "Lat0_deg": 46.05, "Lon0_E_deg": 248.4, "Lon0_W_deg": -111.6, "ProjScale": 1.000206, "SkewAz_deg": -9999, "FalseN_m": 114300.0, "FalseE_m": 228600.0, "FalseN_ift": 375000.0, "FalseE_ift": 750000.0, "DesignBy": "State", "Ref_frame": "NATRF2022" }, "geometry": { "type": "Polygon", "coordinates": [ [ [ -110.79055, 46.04919 ], [ -111.66042, 46.04919 ], [ -111.78456, 46.04981 ], [ -112.29, 46.04981 ], [ -112.4, 45.6 ], [ -111.79, 45.35052 ], [ -111.37303, 45.35052 ], [ -111.03817, 45.35139 ], [ -110.9179, 45.35127 ], [ -110.91922, 45.52486 ], [ -110.85825, 45.52488 ], [ -110.85738, 45.59065 ], [ -110.79477, 45.59068 ], [ -110.79526, 45.78632 ], [ -110.7894, 45.78631 ], [ -110.78852, 45.93128 ], [ -110.7924, 45.98878 ], [ -110.79055, 46.04919 ] ] ] } },
{ "type": "Feature", "properties": { "fid": 125, "ZoneCode": "301006", "AbrvFull": "MT BR", "NameFull": "Montana Broadus", "ZoneNum": 6, "AbrvPart": "BR", "NamePart": "Broadus", "ZoneType": "Multizone partial", "StateAbrv": "MT", "StateName": "Montana", "ProjAbrv": "LC1", "ProjType": "Lambert Conformal Conic, one parallel", "LatOrigin": "45°33'N", "LonOriginE": "254°27'E", "LonOriginW": "105°33'W", "Lat0_deg": 45.55, "Lon0_E_deg": 254.45, "Lon0_W_deg": -105.55, "ProjScale": 1.000145, "SkewAz_deg": -9999, "FalseN_m": 76200.0, "FalseE_m": 304800.0, "FalseN_ift": 250000.0, "FalseE_ift": 1000000.0, "DesignBy": "State", "Ref_frame": "NATRF2022" }, "geometry": { "type": "Polygon", "coordinates": [ [ [ -104.04419, 45.88198 ], [ -104.13483, 45.88193 ], [ -104.13484, 45.96883 ], [ -104.32799, 45.96802 ], [ -104.39088, 45.97036 ], [ -104.39074, 46.05483 ], [ -104.51608, 46.05484 ], [ -104.51613, 46.1362 ], [ -104.9392, 46.13658 ], [ -104.93929, 45.78696 ], [ -105.31505, 45.78819 ], [ -106.19173, 45.7886 ], [ -106.87712, 45.78822 ], [ -106.9128, 45.78822 ], [ -106.91296, 45.68392 ], [ -106.97407, 45.68395 ], [ -106.97405, 45.69114 ], [ -107.01629, 45.6914 ], [ -107.01864, 45.56591 ], [ -107.02049, 45.15807 ], [ -107.01059, 45.10755 ], [ -107.00516, 44.99637 ], [ -106.12621, 44.99327 ], [ -105.92817, 44.99349 ], [ -105.91315, 45.00024 ], [ -105.64523, 45.00043 ], [ -104.88916, 45.00003 ], [ -104.59232, 44.99866 ], [ -104.03969, 44.99807 ], [ -104.04081, 45.46261 ], [ -104.0426, 45.74994 ], [ -104.04419, 45.88198 ] ] ] } },
{ "type": "Feature", "properties": { "fid": 126, "ZoneCode": "301007", "AbrvFull": "MT BU", "NameFull": "Montana Butte", "ZoneNum": 7, "AbrvPart": "BU", "NamePart": "Butte", "ZoneType": "Multizone partial", "StateAbrv": "MT", "StateName": "Montana", "ProjAbrv": "TM", "ProjType": "Transverse Mercator", "LatOrigin": "44°45'N", "LonOriginE": "247°12'E", "LonOriginW": "112°48'W", "Lat0_deg": 44.75, "Lon0_E_deg": 247.2, "Lon0_W_deg": -112.8, "ProjScale": 1.000252, "SkewAz_deg": -9999, "FalseN_m": 0.0, "FalseE_m": 266700.0, "FalseN_ift": 0.0, "FalseE_ift": 875000.0, "DesignBy": "State", "Ref_frame": "NATRF2022" }, "geometry": { "type": "Polygon", "coordinates": [ [ [ -112.4, 45.6 ], [ -112.29, 46.04981 ], [ -112.46174, 46.07589 ], [ -112.46633, 46.09298 ], [ -112.49585, 46.10886 ], [ -112.52, 46.13639 ], [ -112.51704, 46.16587 ], [ -112.50514, 46.1833 ], [ -112.5258, 46.18505 ], [ -112.54523, 46.175 ], [ -112.57658, 46.1785 ], [ -112.58211, 46.19869 ], [ -112.57357, 46.21181 ], [ -112.5944, 46.22798 ], [ -112.5586, 46.26582 ], [ -112.8892, 46.26594 ], [ -113.03682, 46.26683 ], [ -113.03682, 46.22333 ], [ -113.28453, 46.22278 ], [ -113.28504, 46.13579 ], [ -113.27436, 46.1358 ], [ -113.27436, 46.05933 ], [ -113.27801, 46.04527 ], [ -113.3358, 46.00538 ], [ -113.36247, 46.00716 ], [ -113.37845, 46.01863 ], [ -113.39691, 46.01424 ], [ -113.39927, 46.00047 ], [ -113.44067, 45.98141 ], [ -113.45802, 45.9843 ], [ -113.46816, 45.96812 ], [ -113.45933, 45.96229 ], [ -113.48003, 45.93976 ], [ -113.49984, 45.94844 ], [ -113.51614, 45.93881 ], [ -113.49553, 45.93618 ], [ -113.48474, 45.91091 ], [ -113.47079, 45.89779 ], [ -113.45969, 45.87168 ], [ -113.44142, 45.85582 ], [ -113.42966, 45.83108 ], [ -113.43494, 45.80661 ], [ -113.39506, 45.76649 ], [ -113.36294, 45.75802 ], [ -113.36443, 45.77104 ], [ -113.34623, 45.80514 ], [ -113.33591, 45.81324 ], [ -113.3083, 45.80639 ], [ -113.29817, 45.81861 ], [ -113.27542, 45.81797 ], [ -113.24998, 45.83961 ], [ -113.25505, 45.84558 ], [ -113.22884, 45.86646 ], [ -113.17979, 45.88501 ], [ -113.10027, 45.88172 ], [ -113.08465, 45.85534 ], [ -113.06491, 45.85069 ], [ -112.98836, 45.80848 ], [ -112.94533, 45.79903 ], [ -112.92706, 45.80139 ], [ -112.90247, 45.7803 ], [ -112.88473, 45.78926 ], [ -112.86839, 45.77776 ], [ -112.84106, 45.77807 ], [ -113.03, 45.16 ], [ -112.5, 45.16 ], [ -112.4, 45.6 ] ] ] } },
{ "type": "Feature", "properties": { "fid": 127, "ZoneCode": "301008", "AbrvFull": "MT CF", "NameFull": "Montana Canyon Ferry", "ZoneNum": 8, "AbrvPart": "CF", "NamePart": "Canyon Ferry", "ZoneType": "Multizone partial", "StateAbrv": "MT", "StateName": "Montana", "ProjAbrv": "TM", "ProjType": "Transverse Mercator", "LatOrigin": "45°30'N", "LonOriginE": "248°12'E", "LonOriginW": "111°48'W", "Lat0_deg": 45.5, "Lon0_E_deg": 248.2, "Lon0_W_deg": -111.8, "ProjScale": 1.000188, "SkewAz_deg": -9999, "FalseN_m": 0.0, "FalseE_m": 266700.0, "FalseN_ift": 0.0, "FalseE_ift": 875000.0, "DesignBy": "State", "Ref_frame": "NATRF2022" }, "geometry": { "type": "Polygon", "coordinates": [ [ [ -110.28197, 46.22061 ], [ -110.28147, 46.48983 ], [ -110.273, 46.48983 ], [ -110.27334, 46.71051 ], [ -110.30273, 46.68865 ], [ -110.32538, 46.68572 ], [ -110.32851, 46.67318 ], [ -110.37529, 46.69291 ], [ -110.422, 46.67802 ], [ -110.43722, 46.68623 ], [ -110.45785, 46.67866 ], [ -110.48011, 46.68914 ], [ -110.48306, 46.70147 ], [ -110.50632, 46.71277 ], [ -110.52434, 46.71279 ], [ -110.56433, 46.73886 ], [ -110.5637, 46.77136 ], [ -110.62069, 46.77222 ], [ -110.64952, 46.80147 ], [ -110.65075, 46.8245 ], [ -110.67892, 46.82477 ], [ -110.69742, 46.84496 ], [ -110.71674, 46.83818 ], [ -110.73591, 46.84847 ], [ -110.75159, 46.84453 ], [ -110.76234, 46.88258 ], [ -110.75271, 46.89018 ], [ -110.7902, 46.91011 ], [ -110.80498, 46.90186 ], [ -110.825, 46.91487 ], [ -110.85604, 46.92135 ], [ -110.85901, 46.94606 ], [ -110.87065, 46.94454 ], [ -110.91303, 46.98056 ], [ -110.9964, 47.00509 ], [ -111.055, 47.00907 ], [ -111.07228, 47.00566 ], [ -111.105, 47.02899 ], [ -111.0768, 47.04528 ], [ -111.08092, 47.08803 ], [ -111.15856, 47.0883 ], [ -111.15839, 47.01177 ], [ -111.28521, 47.01175 ], [ -111.28527, 47.00103 ], [ -111.53937, 47.00056 ], [ -111.53921, 46.91337 ], [ -111.79024, 46.91376 ], [ -112.53575, 46.83423 ], [ -112.5356, 46.69948 ], [ -112.41085, 46.69951 ], [ -112.41064, 46.65601 ], [ -112.32087, 46.65593 ], [ -112.29833, 46.62562 ], [ -112.2932, 46.60509 ], [ -112.31675, 46.57442 ], [ -112.29371, 46.53113 ], [ -112.30629, 46.51039 ], [ -112.30185, 46.48988 ], [ -112.30466, 46.44991 ], [ -112.32338, 46.43294 ], [ -112.31057, 46.42117 ], [ -111.78456, 46.04981 ], [ -111.66042, 46.04919 ], [ -110.79055, 46.04919 ], [ -110.79077, 46.14185 ], [ -110.78403, 46.14183 ], [ -110.78383, 46.1927 ], [ -110.40927, 46.19207 ], [ -110.40928, 46.18437 ], [ -110.28192, 46.1844 ], [ -110.28197, 46.22061 ] ] ] } },
{ "type": "Feature", "properties": { "fid": 128, "ZoneCode": "301009", "AbrvFull": "MT CR", "NameFull": "Montana Crow", "ZoneNum": 9, "AbrvPart": "CR", "NamePart": "Crow", "ZoneType": "Multizone partial", "StateAbrv": "MT", "StateName": "Montana", "ProjAbrv": "TM", "ProjType": "Transverse Mercator", "LatOrigin": "44°30'N", "LonOriginE": "252°15'E", "LonOriginW": "107°45'W", "Lat0_deg": 44.5, "Lon0_E_deg": 252.25, "Lon0_W_deg": -107.75, "ProjScale": 1.000148, "SkewAz_deg": -9999, "FalseN_m": 0.0, "FalseE_m": 266700.0, "FalseN_ift": 0.0, "FalseE_ift": 875000.0, "DesignBy": "State", "Ref_frame": "NATRF2022" }, "geometry": { "type": "Polygon", "coordinates": [ [ [ -107.00516, 44.99637 ], [ -107.01059, 45.10755 ], [ -107.02049, 45.15807 ], [ -107.01864, 45.56591 ], [ -107.01629, 45.6914 ], [ -106.97405, 45.69114 ], [ -106.97407, 45.68395 ], [ -106.91296, 45.68392 ], [ -106.9128, 45.78822 ], [ -106.87712, 45.78822 ], [ -106.87722, 45.83171 ], [ -106.93908, 45.83161 ], [ -106.93909, 45.87004 ], [ -107.05216, 45.87005 ], [ -107.05195, 45.91349 ], [ -107.17636, 45.91332 ], [ -107.17636, 45.95676 ], [ -107.42513, 45.95667 ], [ -107.42493, 46.04337 ], [ -107.67445, 46.04361 ], [ -107.67447, 45.98576 ], [ -107.79875, 45.98568 ], [ -107.79882, 45.95672 ], [ -107.84038, 45.95681 ], [ -107.84037, 45.92802 ], [ -107.88187, 45.92815 ], [ -107.88185, 45.89923 ], [ -108.04735, 45.89948 ], [ -108.04756, 45.78348 ], [ -108.06957, 45.78351 ], [ -108.0697, 45.68149 ], [ -108.24274, 45.68148 ], [ -108.24296, 45.78376 ], [ -108.36493, 45.78375 ], [ -108.36245, 45.75007 ], [ -108.39761, 45.73986 ], [ -108.39766, 45.69909 ], [ -108.41834, 45.69639 ], [ -108.4176, 45.66749 ], [ -108.45806, 45.64586 ], [ -108.45802, 45.63142 ], [ -108.48787, 45.63136 ], [ -108.50968, 45.62394 ], [ -108.5095, 45.60936 ], [ -108.54012, 45.58024 ], [ -108.53981, 45.5585 ], [ -108.57783, 45.54017 ], [ -108.58882, 45.52158 ], [ -108.63819, 45.50174 ], [ -108.62306, 45.47542 ], [ -108.64071, 45.46794 ], [ -108.68222, 45.43313 ], [ -108.68573, 45.39185 ], [ -108.69962, 45.34895 ], [ -108.69962, 45.21771 ], [ -108.5914, 45.21744 ], [ -108.35459, 45.22001 ], [ -108.09805, 45.22052 ], [ -108.12798, 45.21791 ], [ -108.14526, 45.19361 ], [ -108.15169, 45.16948 ], [ -108.1735, 45.15656 ], [ -108.16987, 45.13275 ], [ -108.18163, 45.12446 ], [ -108.18863, 45.1003 ], [ -108.21752, 45.09412 ], [ -108.2202, 45.07834 ], [ -108.23925, 45.06311 ], [ -108.22365, 45.04622 ], [ -108.24252, 45.04475 ], [ -108.25695, 45.00649 ], [ -108.22951, 45.00041 ], [ -107.61322, 45.00062 ], [ -107.48375, 45.00143 ], [ -107.12742, 44.99984 ], [ -107.08489, 44.9966 ], [ -107.00516, 44.99637 ] ] ] } },
{ "type": "Feature", "properties": { "fid": 129, "ZoneCode": "301010", "AbrvFull": "MT FH", "NameFull": "Montana Flathead", "ZoneNum": 10, "AbrvPart": "FH", "NamePart": "Flathead", "ZoneType": "Multizone partial", "StateAbrv": "MT", "StateName": "Montana", "ProjAbrv": "OMC", "ProjType": "Hotine Oblique Mercator, center", "LatOrigin": "48°09'N", "LonOriginE": "245°51'E", "LonOriginW": "114°09'W", "Lat0_deg": 48.15, "Lon0_E_deg": 245.85, "Lon0_W_deg": -114.15, "ProjScale": 1.000142, "SkewAz_deg": -40, "FalseN_m": 76200.0, "FalseE_m": 304800.0, "FalseN_ift": 250000.0, "FalseE_ift": 1000000.0, "DesignBy": "State", "Ref_frame": "NATRF2022" }, "geometry": { "type": "Polygon", "coordinates": [ [ [ -114.06818, 48.99886 ], [ -114.36192, 49.00111 ], [ -115.05533, 48.99963 ], [ -115.25105, 48.99964 ], [ -115.15453, 48.01769 ], [ -115.01067, 48.01762 ], [ -115.01068, 48.00314 ], [ -114.98943, 48.00314 ], [ -114.98934, 47.87281 ], [ -114.86112, 47.8728 ], [ -114.86112, 47.87578 ], [ -114.60458, 47.87561 ], [ -114.60446, 47.78987 ], [ -114.47729, 47.78994 ], [ -114.47745, 47.8754 ], [ -114.49215, 47.87541 ], [ -114.49219, 47.96199 ], [ -114.03854, 47.96255 ], [ -114.03899, 47.98754 ], [ -114.05788, 48.00005 ], [ -114.06166, 47.99009 ], [ -114.07828, 48.02315 ], [ -114.05024, 48.02299 ], [ -114.0499, 48.03734 ], [ -114.02833, 48.03734 ], [ -114.02904, 48.05165 ], [ -113.88454, 48.0519 ], [ -113.86818, 48.04328 ], [ -113.05118, 48.12131 ], [ -113.06391, 48.14998 ], [ -113.0908, 48.13644 ], [ -113.13468, 48.13818 ], [ -113.16621, 48.16546 ], [ -113.19015, 48.17525 ], [ -113.20785, 48.16438 ], [ -113.23484, 48.17481 ], [ -113.23685, 48.218 ], [ -113.22768, 48.23575 ], [ -113.24979, 48.25521 ], [ -113.28958, 48.26534 ], [ -113.2978, 48.28425 ], [ -113.32258, 48.28772 ], [ -113.348, 48.30311 ], [ -113.34801, 48.31137 ], [ -113.37427, 48.32393 ], [ -113.38705, 48.3415 ], [ -113.33916, 48.37134 ], [ -113.33297, 48.38763 ], [ -113.34656, 48.39409 ], [ -113.35598, 48.42391 ], [ -113.38951, 48.4164 ], [ -113.41347, 48.42089 ], [ -113.45178, 48.44583 ], [ -113.47916, 48.45312 ], [ -113.46658, 48.47453 ], [ -113.47269, 48.52501 ], [ -113.46737, 48.54756 ], [ -113.49229, 48.55233 ], [ -113.51593, 48.57074 ], [ -113.54349, 48.58687 ], [ -113.59905, 48.57517 ], [ -113.6419, 48.60057 ], [ -113.66356, 48.58564 ], [ -113.70792, 48.59471 ], [ -113.75045, 48.61434 ], [ -113.74217, 48.63555 ], [ -113.74557, 48.65277 ], [ -113.72589, 48.67146 ], [ -113.74096, 48.69268 ], [ -113.71982, 48.69489 ], [ -113.70294, 48.71987 ], [ -113.71489, 48.74259 ], [ -113.73925, 48.75281 ], [ -113.74271, 48.76522 ], [ -113.76165, 48.7733 ], [ -113.77281, 48.80084 ], [ -113.75694, 48.81832 ], [ -113.78615, 48.83373 ], [ -113.79046, 48.84549 ], [ -113.80878, 48.83847 ], [ -113.84116, 48.85594 ], [ -113.87504, 48.8373 ], [ -113.91156, 48.84925 ], [ -113.91868, 48.83504 ], [ -113.95686, 48.81747 ], [ -114.00413, 48.83322 ], [ -113.99075, 48.83945 ], [ -113.99303, 48.85412 ], [ -114.01723, 48.86475 ], [ -114.0311, 48.87993 ], [ -114.05809, 48.88895 ], [ -114.01887, 48.90303 ], [ -114.0136, 48.91008 ], [ -114.02477, 48.9334 ], [ -114.04561, 48.93364 ], [ -114.04247, 48.94589 ], [ -114.02121, 48.96134 ], [ -114.05036, 48.96337 ], [ -114.06818, 48.99886 ] ] ] } },
{ "type": "Feature", "properties": { "fid": 130, "ZoneCode": "301011", "AbrvFull": "MT GV", "NameFull": "Montana Gros Ventre", "ZoneNum": 11, "AbrvPart": "GV", "NamePart": "Gros Ventre", "ZoneType": "Multizone partial", "StateAbrv": "MT", "StateName": "Montana", "ProjAbrv": "TM", "ProjType": "Transverse Mercator", "LatOrigin": "47°00'N", "LonOriginE": "252°21'E", "LonOriginW": "107°39'W", "Lat0_deg": 47.0, "Lon0_E_deg": 252.35, "Lon0_W_deg": -107.65, "ProjScale": 1.00011, "SkewAz_deg": -9999, "FalseN_m": 0.0, "FalseE_m": 342900.0, "FalseN_ift": 0.0, "FalseE_ift": 1125000.0, "DesignBy": "State", "Ref_frame": "NATRF2022" }, "geometry": { "type": "Polygon", "coordinates": [ [ [ -107.17981, 49.00007 ], [ -107.41554, 48.99936 ], [ -107.77656, 48.9998 ], [ -108.23636, 48.99964 ], [ -108.23636, 48.91352 ], [ -108.25937, 48.91359 ], [ -108.25938, 48.74223 ], [ -108.31912, 48.74221 ], [ -108.31901, 48.56843 ], [ -108.34619, 48.56845 ], [ -108.34632, 48.42231 ], [ -108.32795, 48.42839 ], [ -108.29074, 48.40051 ], [ -108.28097, 48.38642 ], [ -108.36511, 47.88841 ], [ -108.40006, 47.88346 ], [ -108.44375, 47.8964 ], [ -108.45615, 47.89398 ], [ -108.50133, 47.93041 ], [ -108.45192, 47.97722 ], [ -108.56956, 47.98127 ], [ -108.60758, 47.991 ], [ -108.62326, 47.95724 ], [ -108.62559, 47.92041 ], [ -108.67169, 47.92326 ], [ -108.88832, 47.92272 ], [ -108.89107, 47.87061 ], [ -108.89111, 47.73446 ], [ -108.82399, 47.71025 ], [ -108.78406, 47.6821 ], [ -108.78982, 47.66294 ], [ -108.77162, 47.64552 ], [ -108.72884, 47.64983 ], [ -108.70986, 47.63277 ], [ -108.6883, 47.63149 ], [ -108.6714, 47.61956 ], [ -108.61097, 47.62433 ], [ -108.57242, 47.60948 ], [ -108.52607, 47.62082 ], [ -108.50923, 47.6012 ], [ -108.47454, 47.59827 ], [ -108.45691, 47.61573 ], [ -108.44246, 47.61477 ], [ -108.42896, 47.58846 ], [ -108.38634, 47.59201 ], [ -108.37785, 47.57761 ], [ -108.35627, 47.58021 ], [ -108.35038, 47.56744 ], [ -108.32476, 47.57166 ], [ -108.33196, 47.58329 ], [ -108.28237, 47.57962 ], [ -108.25962, 47.58799 ], [ -108.23797, 47.58237 ], [ -108.19957, 47.58973 ], [ -108.17855, 47.58006 ], [ -108.14754, 47.58364 ], [ -108.13727, 47.59243 ], [ -108.07958, 47.59201 ], [ -108.06542, 47.59829 ], [ -108.02223, 47.58207 ], [ -107.97618, 47.58593 ], [ -107.96158, 47.56988 ], [ -107.9311, 47.56907 ], [ -107.93021, 47.54432 ], [ -107.91918, 47.52059 ], [ -107.89811, 47.51007 ], [ -107.90912, 47.48801 ], [ -107.91173, 47.45238 ], [ -107.86354, 47.45605 ], [ -107.86622, 47.48254 ], [ -107.85047, 47.49195 ], [ -107.86492, 47.51374 ], [ -107.84223, 47.52491 ], [ -107.81719, 47.54628 ], [ -107.77786, 47.54365 ], [ -107.76192, 47.54805 ], [ -107.76311, 47.56343 ], [ -107.73227, 47.57187 ], [ -107.73152, 47.58541 ], [ -107.70952, 47.60026 ], [ -107.69469, 47.62976 ], [ -107.67117, 47.62989 ], [ -107.66199, 47.62089 ], [ -107.64668, 47.62944 ], [ -107.65494, 47.65245 ], [ -107.63758, 47.64881 ], [ -107.61711, 47.63156 ], [ -107.61085, 47.64737 ], [ -107.56757, 47.64296 ], [ -107.52079, 47.64292 ], [ -107.49934, 47.62401 ], [ -107.45151, 47.62214 ], [ -107.4347, 47.63141 ], [ -107.43912, 47.64678 ], [ -107.41974, 47.6623 ], [ -107.42809, 47.67732 ], [ -107.41489, 47.69173 ], [ -107.4144, 47.87051 ], [ -107.40468, 47.87051 ], [ -107.40451, 48.21844 ], [ -107.36973, 48.21837 ], [ -107.36925, 48.30516 ], [ -107.26046, 48.30477 ], [ -107.26028, 48.39408 ], [ -107.30107, 48.394 ], [ -107.30172, 48.48094 ], [ -107.25794, 48.48099 ], [ -107.25803, 48.51482 ], [ -107.21333, 48.5079 ], [ -107.19268, 48.51055 ], [ -107.19271, 48.56811 ], [ -107.20632, 48.56817 ], [ -107.20603, 48.91271 ], [ -107.17982, 48.91267 ], [ -107.17981, 49.00007 ] ] ] } },
{ "type": "Feature", "properties": { "fid": 131, "ZoneCode": "301012", "AbrvFull": "MT INT", "NameFull": "Montana Interstate", "ZoneNum": 12, "AbrvPart": "INT", "NamePart": "Interstate", "ZoneType": "Multizone partial", "StateAbrv": "MT", "StateName": "Montana", "ProjAbrv": "OMC", "ProjType": "Hotine Oblique Mercator, center", "LatOrigin": "46°33'N", "LonOriginE": "254°54'E", "LonOriginW": "105°06'W", "Lat0_deg": 46.55, "Lon0_E_deg": 254.9, "Lon0_W_deg": -105.1, "ProjScale": 1.000105, "SkewAz_deg": 31, "FalseN_m": 114300.0, "FalseE_m": 381000.0, "FalseN_ift": 375000.0, "FalseE_ift": 1250000.0, "DesignBy": "State", "Ref_frame": "NATRF2022" }, "geometry": { "type": "Polygon", "coordinates": [ [ [ -104.04419, 45.88198 ], [ -104.04668, 46.00018 ], [ -104.04549, 46.1661 ], [ -104.04515, 46.51006 ], [ -104.04598, 46.87453 ], [ -104.04509, 47.05037 ], [ -104.04485, 47.40672 ], [ -104.04272, 47.7905 ], [ -105.36326, 47.79042 ], [ -105.36351, 47.52956 ], [ -105.40658, 47.52953 ], [ -105.40631, 47.18158 ], [ -105.83304, 47.18109 ], [ -105.83264, 47.09311 ], [ -105.9599, 47.09297 ], [ -105.95982, 47.181 ], [ -106.08678, 47.18094 ], [ -106.08634, 46.83146 ], [ -106.12063, 46.83144 ], [ -106.12037, 46.48365 ], [ -106.15514, 46.48363 ], [ -106.15494, 46.22429 ], [ -106.15163, 46.22429 ], [ -106.15343, 46.13726 ], [ -106.19163, 46.13718 ], [ -106.19173, 45.7886 ], [ -105.31505, 45.78819 ], [ -104.93929, 45.78696 ], [ -104.9392, 46.13658 ], [ -104.51613, 46.1362 ], [ -104.51608, 46.05484 ], [ -104.39074, 46.05483 ], [ -104.39088, 45.97036 ], [ -104.32799, 45.96802 ], [ -104.13484, 45.96883 ], [ -104.13483, 45.88193 ], [ -104.04419, 45.88198 ] ] ] } },
{ "type": "Feature", "properties": { "fid": 132, "ZoneCode": "301013", "AbrvFull": "MT KA", "NameFull": "Montana Kainai", "ZoneNum": 13, "AbrvPart": "KA", "NamePart": "Kainai", "ZoneType": "Multizone partial", "StateAbrv": "MT", "StateName": "Montana", "ProjAbrv": "TM", "ProjType": "Transverse Mercator", "LatOrigin": "48°15'N", "LonOriginE": "247°15'E", "LonOriginW": "112°45'W", "Lat0_deg": 48.25, "Lon0_E_deg": 247.25, "Lon0_W_deg": -112.75, "ProjScale": 1.000188, "SkewAz_deg": -9999, "FalseN_m": 0.0, "FalseE_m": 228600.0, "FalseN_ift": 0.0, "FalseE_ift": 750000.0, "DesignBy": "State", "Ref_frame": "NATRF2022" }, "geometry": { "type": "Polygon", "coordinates": [ [ [ -113.0757, 48.99851 ], [ -113.69476, 48.9975 ], [ -114.06818, 48.99886 ], [ -114.05036, 48.96337 ], [ -114.02121, 48.96134 ], [ -114.04247, 48.94589 ], [ -114.04561, 48.93364 ], [ -114.02477, 48.9334 ], [ -114.0136, 48.91008 ], [ -114.01887, 48.90303 ], [ -114.05809, 48.88895 ], [ -114.0311, 48.87993 ], [ -114.01723, 48.86475 ], [ -113.99303, 48.85412 ], [ -113.99075, 48.83945 ], [ -114.00413, 48.83322 ], [ -113.95686, 48.81747 ], [ -113.91868, 48.83504 ], [ -113.91156, 48.84925 ], [ -113.87504, 48.8373 ], [ -113.84116, 48.85594 ], [ -113.80878, 48.83847 ], [ -113.79046, 48.84549 ], [ -113.78615, 48.83373 ], [ -113.75694, 48.81832 ], [ -113.77281, 48.80084 ], [ -113.76165, 48.7733 ], [ -113.74271, 48.76522 ], [ -113.73925, 48.75281 ], [ -113.71489, 48.74259 ], [ -113.70294, 48.71987 ], [ -113.71982, 48.69489 ], [ -113.74096, 48.69268 ], [ -113.72589, 48.67146 ], [ -113.74557, 48.65277 ], [ -113.74217, 48.63555 ], [ -113.75045, 48.61434 ], [ -113.70792, 48.59471 ], [ -113.66356, 48.58564 ], [ -113.6419, 48.60057 ], [ -113.59905, 48.57517 ], [ -113.54349, 48.58687 ], [ -113.51593, 48.57074 ], [ -113.49342, 48.58316 ], [ -113.49366, 48.59327 ], [ -113.4648, 48.60576 ], [ -113.45324, 48.62937 ], [ -113.43012, 48.65874 ], [ -113.43353, 48.6709 ], [ -113.41771, 48.71168 ], [ -113.39311, 48.76002 ], [ -113.38335, 48.81751 ], [ -113.37241, 48.84096 ], [ -113.37539, 48.86335 ], [ -113.39322, 48.86502 ], [ -113.40499, 48.89418 ], [ -113.36335, 48.92855 ], [ -113.31738, 48.93931 ], [ -113.2857, 48.93654 ], [ -113.19675, 48.94389 ], [ -113.13302, 48.97577 ], [ -113.11505, 48.97938 ], [ -113.0757, 48.99851 ] ] ] } },
{ "type": "Feature", "properties": { "fid": 133, "ZoneCode": "301014", "AbrvFull": "MT MN", "NameFull": "Montana Mission", "ZoneNum": 14, "AbrvPart": "MN", "NamePart": "Mission", "ZoneType": "Multizone partial", "StateAbrv": "MT", "StateName": "Montana", "ProjAbrv": "TM", "ProjType": "Transverse Mercator", "LatOrigin": "46°45'N", "LonOriginE": "245°21'E", "LonOriginW": "114°39'W", "Lat0_deg": 46.75, "Lon0_E_deg": 245.35, "Lon0_W_deg": -114.65, "ProjScale": 1.000126, "SkewAz_deg": -9999, "FalseN_m": 0.0, "FalseE_m": 228600.0, "FalseN_ift": 0.0, "FalseE_ift": 750000.0, "DesignBy": "State", "Ref_frame": "NATRF2022" }, "geometry": { "type": "Polygon", "coordinates": [ [ [ -113.86818, 48.04328 ], [ -113.88454, 48.0519 ], [ -114.02904, 48.05165 ], [ -114.02833, 48.03734 ], [ -114.0499, 48.03734 ], [ -114.05024, 48.02299 ], [ -114.07828, 48.02315 ], [ -114.06166, 47.99009 ], [ -114.05788, 48.00005 ], [ -114.03899, 47.98754 ], [ -114.03854, 47.96255 ], [ -114.49219, 47.96199 ], [ -114.49215, 47.87541 ], [ -114.47745, 47.8754 ], [ -114.47729, 47.78994 ], [ -114.60446, 47.78987 ], [ -114.60458, 47.87561 ], [ -114.86112, 47.87578 ], [ -114.86112, 47.8728 ], [ -114.98934, 47.87281 ], [ -114.98943, 48.00314 ], [ -115.01068, 48.00314 ], [ -115.01067, 48.01762 ], [ -115.15453, 48.01769 ], [ -115.15076, 47.99548 ], [ -115.13628, 47.98437 ], [ -115.15482, 47.9614 ], [ -115.1505, 47.43383 ], [ -115.12117, 47.41998 ], [ -115.08787, 47.42714 ], [ -115.06706, 47.41708 ], [ -115.03371, 47.4144 ], [ -115.01406, 47.40068 ], [ -114.98226, 47.3968 ], [ -114.96906, 47.37405 ], [ -114.96898, 47.31263 ], [ -114.90601, 47.31248 ], [ -114.90605, 47.29797 ], [ -114.84245, 47.29794 ], [ -114.84232, 47.26885 ], [ -114.7972, 47.26892 ], [ -114.76119, 47.25993 ], [ -114.75165, 47.26381 ], [ -114.70885, 47.25469 ], [ -114.68729, 47.27431 ], [ -114.59346, 47.25709 ], [ -114.54995, 47.25155 ], [ -114.5427, 47.23988 ], [ -114.49132, 47.22021 ], [ -114.46909, 47.21934 ], [ -114.45439, 47.20796 ], [ -114.42386, 47.21009 ], [ -114.40336, 47.19684 ], [ -114.36224, 47.18706 ], [ -114.34611, 47.17624 ], [ -114.35592, 47.1579 ], [ -114.29246, 47.12785 ], [ -114.25358, 47.12101 ], [ -114.23609, 47.1343 ], [ -114.2121, 47.12771 ], [ -114.18717, 47.13819 ], [ -113.9335, 47.13829 ], [ -113.93357, 47.18172 ], [ -113.82145, 47.18171 ], [ -113.82117, 47.2687 ], [ -113.84354, 47.27206 ], [ -113.87077, 47.28816 ], [ -113.88702, 47.31787 ], [ -113.88184, 47.33852 ], [ -113.88904, 47.35501 ], [ -113.87111, 47.39197 ], [ -113.89134, 47.41678 ], [ -113.90368, 47.44762 ], [ -113.93241, 47.4576 ], [ -113.92877, 47.4659 ], [ -113.95118, 47.47599 ], [ -113.93546, 47.49801 ], [ -113.91422, 47.50095 ], [ -113.90858, 47.51444 ], [ -113.92767, 47.52057 ], [ -113.92946, 47.53953 ], [ -113.9195, 47.54941 ], [ -113.93226, 47.57716 ], [ -113.92483, 47.60024 ], [ -113.63408, 47.60003 ], [ -113.62509, 47.62202 ], [ -113.62266, 47.65866 ], [ -113.60595, 47.66318 ], [ -113.59811, 47.68315 ], [ -113.60392, 47.72144 ], [ -113.64059, 47.72 ], [ -113.66402, 47.746 ], [ -113.64974, 47.75585 ], [ -113.65268, 47.77381 ], [ -113.67064, 47.78315 ], [ -113.6817, 47.80515 ], [ -113.66959, 47.81232 ], [ -113.6662, 47.84065 ], [ -113.67525, 47.86557 ], [ -113.66529, 47.8829 ], [ -113.67201, 47.89635 ], [ -113.69873, 47.91675 ], [ -113.7185, 47.91673 ], [ -113.74718, 47.95295 ], [ -113.77036, 47.94766 ], [ -113.77234, 47.95797 ], [ -113.81331, 47.98331 ], [ -113.84231, 47.97888 ], [ -113.86554, 48.01391 ], [ -113.85923, 48.02552 ], [ -113.86818, 48.04328 ] ] ] } },
{ "type": "Feature", "properties": { "fid": 134, "ZoneCode": "301015", "AbrvFull": "MT MLA", "NameFull": "Montana Missoula", "ZoneNum": 15, "AbrvPart": "MLA", "NamePart": "Missoula", "ZoneType": "Multizone partial", "StateAbrv": "MT", "StateName": "Montana", "ProjAbrv": "TM", "ProjType": "Transverse Mercator", "LatOrigin": "45°30'N", "LonOriginE": "245°51'E", "LonOriginW": "114°09'W", "Lat0_deg": 45.5, "Lon0_E_deg": 245.85, "Lon0_W_deg": -114.15, "ProjScale": 1.000158, "SkewAz_deg": -9999, "FalseN_m": 0.0, "FalseE_m": 304800.0, "FalseN_ift": 0.0, "FalseE_ift": 1000000.0, "DesignBy": "State", "Ref_frame": "NATRF2022" }, "geometry": { "type": "Polygon", "coordinates": [ [ [ -113.63408, 47.60003 ], [ -113.92483, 47.60024 ], [ -113.93226, 47.57716 ], [ -113.9195, 47.54941 ], [ -113.92946, 47.53953 ], [ -113.92767, 47.52057 ], [ -113.90858, 47.51444 ], [ -113.91422, 47.50095 ], [ -113.93546, 47.49801 ], [ -113.95118, 47.47599 ], [ -113.92877, 47.4659 ], [ -113.93241, 47.4576 ], [ -113.90368, 47.44762 ], [ -113.89134, 47.41678 ], [ -113.87111, 47.39197 ], [ -113.88904, 47.35501 ], [ -113.88184, 47.33852 ], [ -113.88702, 47.31787 ], [ -113.87077, 47.28816 ], [ -113.84354, 47.27206 ], [ -113.82117, 47.2687 ], [ -113.82145, 47.18171 ], [ -113.93357, 47.18172 ], [ -113.9335, 47.13829 ], [ -114.18717, 47.13819 ], [ -114.2121, 47.12771 ], [ -114.23609, 47.1343 ], [ -114.25358, 47.12101 ], [ -114.29246, 47.12785 ], [ -114.35592, 47.1579 ], [ -114.34611, 47.17624 ], [ -114.36224, 47.18706 ], [ -114.40336, 47.19684 ], [ -114.42386, 47.21009 ], [ -114.45439, 47.20796 ], [ -114.46909, 47.21934 ], [ -114.49132, 47.22021 ], [ -114.5427, 47.23988 ], [ -114.54995, 47.25155 ], [ -114.59346, 47.25709 ], [ -114.68729, 47.27431 ], [ -114.70885, 47.25469 ], [ -114.75165, 47.26381 ], [ -114.76119, 47.25993 ], [ -114.7972, 47.26892 ], [ -114.79713, 47.24003 ], [ -114.77585, 47.24005 ], [ -114.77583, 47.22557 ], [ -114.71227, 47.22559 ], [ -114.71228, 47.18219 ], [ -114.69136, 47.18227 ], [ -114.6914, 47.1672 ], [ -114.65023, 47.16716 ], [ -114.65047, 47.13824 ], [ -114.62915, 47.13826 ], [ -114.62921, 47.12372 ], [ -114.58673, 47.12376 ], [ -114.58667, 47.09485 ], [ -114.56565, 47.09485 ], [ -114.56609, 47.06738 ], [ -114.48369, 47.06751 ], [ -114.48323, 47.02336 ], [ -114.41953, 47.02325 ], [ -114.41937, 47.0089 ], [ -114.45136, 47.0089 ], [ -114.45126, 46.9932 ], [ -114.48613, 46.9992 ], [ -114.50265, 47.00914 ], [ -114.52536, 47.00925 ], [ -114.52533, 46.99233 ], [ -114.54717, 46.99244 ], [ -114.54644, 46.96337 ], [ -114.56613, 46.96341 ], [ -114.56626, 46.83356 ], [ -114.549, 46.83363 ], [ -114.54913, 46.74737 ], [ -114.67492, 46.74741 ], [ -114.64718, 46.73139 ], [ -114.62079, 46.70726 ], [ -114.62354, 46.69093 ], [ -114.64144, 46.67949 ], [ -114.63523, 46.65925 ], [ -114.61503, 46.65541 ], [ -114.61311, 46.63847 ], [ -114.58453, 46.63341 ], [ -114.5417, 46.64994 ], [ -114.52385, 46.64059 ], [ -114.46683, 46.6318 ], [ -114.45373, 46.64845 ], [ -114.42418, 46.66063 ], [ -114.35792, 46.6687 ], [ -114.337, 46.66231 ], [ -114.3207, 46.64695 ], [ -114.32271, 46.61062 ], [ -114.3442, 46.58997 ], [ -114.33121, 46.5725 ], [ -114.34789, 46.55147 ], [ -114.34298, 46.51804 ], [ -114.37559, 46.50175 ], [ -114.40235, 46.50058 ], [ -114.4011, 46.47859 ], [ -114.37943, 46.46029 ], [ -114.38366, 46.44615 ], [ -114.36879, 46.43651 ], [ -114.38491, 46.42759 ], [ -114.38484, 46.41136 ], [ -114.42245, 46.38705 ], [ -114.41016, 46.3655 ], [ -114.41469, 46.33955 ], [ -114.43343, 46.30555 ], [ -114.42762, 46.28337 ], [ -114.47079, 46.26538 ], [ -114.46601, 46.24684 ], [ -114.45209, 46.24129 ], [ -114.4433, 46.20305 ], [ -114.44523, 46.16795 ], [ -114.47768, 46.16066 ], [ -114.51469, 46.16773 ], [ -114.52736, 46.14541 ], [ -114.52123, 46.12533 ], [ -114.47445, 46.11311 ], [ -114.45948, 46.09393 ], [ -114.46699, 46.06578 ], [ -114.49335, 46.05258 ], [ -114.50731, 46.03116 ], [ -114.48026, 46.03 ], [ -113.7729, 46.03 ], [ -113.80349, 46.03745 ], [ -113.78745, 46.07444 ], [ -113.77119, 46.08611 ], [ -113.75325, 46.1128 ], [ -113.78036, 46.14449 ], [ -113.79522, 46.15229 ], [ -113.78489, 46.18117 ], [ -113.81778, 46.19101 ], [ -113.82117, 46.21247 ], [ -113.77508, 46.2284 ], [ -113.75053, 46.27215 ], [ -113.78579, 46.28808 ], [ -113.77182, 46.32125 ], [ -113.7855, 46.3391 ], [ -113.78203, 46.35952 ], [ -113.82581, 46.41008 ], [ -113.85766, 46.41942 ], [ -113.84922, 46.44098 ], [ -113.87465, 46.50833 ], [ -113.85003, 46.51483 ], [ -113.84518, 46.54658 ], [ -113.82871, 46.57072 ], [ -113.83526, 46.58403 ], [ -113.8117, 46.58907 ], [ -113.81639, 46.61481 ], [ -113.80283, 46.62947 ], [ -113.81765, 46.63731 ], [ -113.82774, 46.6609 ], [ -113.79356, 46.65817 ], [ -113.668, 46.65837 ], [ -113.66817, 46.71623 ], [ -113.55153, 46.71651 ], [ -113.54508, 46.74462 ], [ -113.47986, 46.74471 ], [ -113.47983, 46.80277 ], [ -113.41708, 46.8025 ], [ -113.4166, 46.83211 ], [ -113.3029, 46.83216 ], [ -113.30294, 47.17964 ], [ -113.46645, 47.17919 ], [ -113.46648, 47.60006 ], [ -113.63408, 47.60003 ] ] ] } },
{ "type": "Feature", "properties": { "fid": 135, "ZoneCode": "301016", "AbrvFull": "MT RL", "NameFull": "Montana Red Lodge", "ZoneNum": 16, "AbrvPart": "RL", "NamePart": "Red Lodge", "ZoneType": "Multizone partial", "StateAbrv": "MT", "StateName": "Montana", "ProjAbrv": "LC1", "ProjType": "Lambert Conformal Conic, one parallel", "LatOrigin": "45°39'N", "LonOriginE": "250°30'E", "LonOriginW": "109°30'W", "Lat0_deg": 45.65, "Lon0_E_deg": 250.5, "Lon0_W_deg": -109.5, "ProjScale": 1.000188, "SkewAz_deg": -9999, "FalseN_m": 114300.0, "FalseE_m": 266700.0, "FalseN_ift": 375000.0, "FalseE_ift": 875000.0, "DesignBy": "State", "Ref_frame": "NATRF2022" }, "geometry": { "type": "Polygon", "coordinates": [ [ [ -109.41716, 46.04476 ], [ -109.42301, 46.03302 ], [ -109.42303, 45.96001 ], [ -109.5066, 45.95911 ], [ -109.50596, 45.87022 ], [ -109.54882, 45.87075 ], [ -109.54655, 45.78348 ], [ -109.56391, 45.78347 ], [ -109.56207, 45.60912 ], [ -109.68538, 45.60902 ], [ -109.68538, 45.56561 ], [ -109.80879, 45.56593 ], [ -109.80884, 45.52247 ], [ -109.93202, 45.52246 ], [ -109.93198, 45.34876 ], [ -110.06458, 45.34876 ], [ -110.06452, 45.17213 ], [ -109.79867, 45.17213 ], [ -109.79848, 45.00233 ], [ -109.52858, 45.00333 ], [ -109.32684, 45.00529 ], [ -109.11475, 45.0058 ], [ -108.96, 45.44 ], [ -108.96, 45.68282 ], [ -108.90473, 45.68282 ], [ -108.90485, 45.78426 ], [ -108.90193, 45.78426 ], [ -108.90165, 45.95942 ], [ -108.92232, 45.95944 ], [ -108.92537, 46.03194 ], [ -108.92459, 46.13237 ], [ -109.13445, 46.13186 ], [ -109.41623, 46.13237 ], [ -109.41716, 46.04476 ] ] ] } },
{ "type": "Feature", "properties": { "fid": 136, "ZoneCode": "301017", "AbrvFull": "MT SX", "NameFull": "Montana Sioux", "ZoneNum": 17, "AbrvPart": "SX", "NamePart": "Sioux", "ZoneType": "Multizone partial", "StateAbrv": "MT", "StateName": "Montana", "ProjAbrv": "LC1", "ProjType": "Lambert Conformal Conic, one parallel", "LatOrigin": "48°06'N", "LonOriginE": "254°15'E", "LonOriginW": "105°45'W", "Lat0_deg": 48.1, "Lon0_E_deg": 254.25, "Lon0_W_deg": -105.75, "ProjScale": 1.000099, "SkewAz_deg": -9999, "FalseN_m": 76200.0, "FalseE_m": 304800.0, "FalseN_ift": 250000.0, "FalseE_ift": 1000000.0, "DesignBy": "State", "Ref_frame": "NATRF2022" }, "geometry": { "type": "Polygon", "coordinates": [ [ [ -104.04677, 48.3893 ], [ -104.62776, 48.38936 ], [ -104.62773, 48.47635 ], [ -104.75764, 48.47656 ], [ -104.75762, 48.56313 ], [ -106.01982, 48.56322 ], [ -106.02098, 48.63192 ], [ -106.41738, 48.63469 ], [ -106.85, 48.63466 ], [ -106.85, 48.5094 ], [ -107.19268, 48.51055 ], [ -107.21333, 48.5079 ], [ -107.25803, 48.51482 ], [ -107.25794, 48.48099 ], [ -107.30172, 48.48094 ], [ -107.30107, 48.394 ], [ -107.26028, 48.39408 ], [ -107.26046, 48.30477 ], [ -107.36925, 48.30516 ], [ -107.36973, 48.21837 ], [ -107.40451, 48.21844 ], [ -107.40468, 47.87051 ], [ -107.4144, 47.87051 ], [ -107.41489, 47.69173 ], [ -107.36023, 47.69122 ], [ -107.33176, 47.68069 ], [ -107.28428, 47.68045 ], [ -107.249, 47.66157 ], [ -107.17509, 47.66191 ], [ -107.15882, 47.66779 ], [ -107.11411, 47.66903 ], [ -107.07051, 47.6624 ], [ -107.01136, 47.66311 ], [ -106.99923, 47.67366 ], [ -106.94455, 47.67629 ], [ -106.92556, 47.66947 ], [ -106.88116, 47.67813 ], [ -106.86991, 47.70227 ], [ -106.87922, 47.7181 ], [ -106.86167, 47.73737 ], [ -106.83417, 47.7434 ], [ -106.7857, 47.74251 ], [ -106.76019, 47.73145 ], [ -106.73445, 47.73416 ], [ -106.71144, 47.75524 ], [ -106.71197, 47.77211 ], [ -106.67743, 47.77591 ], [ -106.66176, 47.77174 ], [ -106.65303, 47.79026 ], [ -106.62179, 47.79086 ], [ -106.60896, 47.77797 ], [ -106.60228, 47.79042 ], [ -105.36326, 47.79042 ], [ -104.04272, 47.7905 ], [ -104.04144, 47.86305 ], [ -104.04404, 47.99608 ], [ -104.04677, 48.3893 ] ] ] } },
{ "type": "Feature", "properties": { "fid": 137, "ZoneCode": "301018", "AbrvFull": "MT SC", "NameFull": "Montana Stone Child", "ZoneNum": 18, "AbrvPart": "SC", "NamePart": "Stone Child", "ZoneType": "Multizone partial", "StateAbrv": "MT", "StateName": "Montana", "ProjAbrv": "OMC", "ProjType": "Hotine Oblique Mercator, center", "LatOrigin": "50°00'N", "LonOriginE": "250°12'E", "LonOriginW": "109°48'W", "Lat0_deg": 50.0, "Lon0_E_deg": 250.2, "Lon0_W_deg": -109.8, "ProjScale": 0.999985, "SkewAz_deg": 40, "FalseN_m": 228600.0, "FalseE_m": 152400.0, "FalseN_ift": 750000.0, "FalseE_ift": 500000.0, "DesignBy": "State", "Ref_frame": "NATRF2022" }, "geometry": { "type": "Polygon", "coordinates": [ [ [ -109.53429, 48.13456 ], [ -109.53394, 48.22132 ], [ -109.55176, 48.22137 ], [ -109.55164, 48.29348 ], [ -109.51908, 48.29346 ], [ -109.51878, 48.39473 ], [ -109.49703, 48.39474 ], [ -109.49683, 48.43829 ], [ -110.09, 48.4381 ], [ -110.09, 48.30609 ], [ -110.09, 48.295 ], [ -110.005, 48.245 ], [ -110.005, 48.13286 ], [ -109.59811, 48.1325 ], [ -109.53429, 48.13456 ] ] ] } },
{ "type": "Feature", "properties": { "fid": 138, "ZoneCode": "301019", "AbrvFull": "MT SG", "NameFull": "Montana Sweet Grass", "ZoneNum": 19, "AbrvPart": "SG", "NamePart": "Sweet Grass", "ZoneType": "Multizone partial", "StateAbrv": "MT", "StateName": "Montana", "ProjAbrv": "LC1", "ProjType": "Lambert Conformal Conic, one parallel", "LatOrigin": "48°33'N", "LonOriginE": "248°09'E", "LonOriginW": "111°51'W", "Lat0_deg": 48.55, "Lon0_E_deg": 248.15, "Lon0_W_deg": -111.85, "ProjScale": 1.000155, "SkewAz_deg": -9999, "FalseN_m": 76200.0, "FalseE_m": 266700.0, "FalseN_ift": 250000.0, "FalseE_ift": 875000.0, "DesignBy": "State", "Ref_frame": "NATRF2022" }, "geometry": { "type": "Polygon", "coordinates": [ [ [ -110.74306, 48.99861 ], [ -111.57569, 48.99668 ], [ -112.02363, 48.99866 ], [ -112.19341, 48.99868 ], [ -112.1932, 48.91402 ], [ -112.18902, 48.91399 ], [ -112.1891, 48.56647 ], [ -112.18459, 48.56647 ], [ -112.18478, 48.47726 ], [ -112.2292, 48.48188 ], [ -112.22615, 48.46811 ], [ -112.24358, 48.44593 ], [ -112.26726, 48.44013 ], [ -112.2623, 48.42559 ], [ -112.31598, 48.38941 ], [ -112.32782, 48.39059 ], [ -112.33117, 48.36377 ], [ -112.34803, 48.35015 ], [ -112.3278, 48.33147 ], [ -112.36552, 48.31159 ], [ -112.3874, 48.31952 ], [ -112.39419, 48.31147 ], [ -112.40402, 48.33002 ], [ -112.47254, 48.34962 ], [ -112.48262, 48.34258 ], [ -112.50563, 48.34665 ], [ -112.54192, 48.3253 ], [ -112.56241, 48.32145 ], [ -112.59009, 48.30389 ], [ -112.60968, 48.2572 ], [ -112.64145, 48.24229 ], [ -112.67887, 48.24818 ], [ -112.74737, 48.2305 ], [ -112.76928, 48.20565 ], [ -112.80727, 48.19431 ], [ -112.81417, 48.18532 ], [ -112.85741, 48.17529 ], [ -112.87223, 48.16291 ], [ -112.9016, 48.15935 ], [ -112.92175, 48.16464 ], [ -112.92175, 48.13103 ], [ -112.82674, 48.13318 ], [ -112.50269, 48.13237 ], [ -112.17775, 48.13072 ], [ -111.4091, 48.13222 ], [ -111.13554, 48.13329 ], [ -110.82717, 48.13321 ], [ -110.82741, 48.21957 ], [ -110.75587, 48.2196 ], [ -110.75587, 48.4 ], [ -110.75618, 48.56649 ], [ -110.75011, 48.56652 ], [ -110.75059, 48.91409 ], [ -110.7427, 48.91409 ], [ -110.74306, 48.99861 ] ] ] } },
{ "type": "Feature", "properties": { "fid": 139, "ZoneCode": "352001", "AbrvFull": "NM BERN", "NameFull": "New Mexico Bernalillo-Albuquerque", "ZoneNum": 1, "AbrvPart": "BERN", "NamePart": "Bernalillo-Albuquerque", "ZoneType": "Multizone partial", "StateAbrv": "NM", "StateName": "New Mexico", "ProjAbrv": "OMC", "ProjType": "Hotine Oblique Mercator, center", "LatOrigin": "35°15'N", "LonOriginE": "253°21'E", "LonOriginW": "106°39'W", "Lat0_deg": 35.25, "Lon0_E_deg": 253.35, "Lon0_W_deg": -106.65, "ProjScale": 1.00025, "SkewAz_deg": -45, "FalseN_m": 76200.0, "FalseE_m": 152400.0, "FalseN_ift": 250000.0, "FalseE_ift": 500000.0, "DesignBy": "State", "Ref_frame": "NATRF2022" }, "geometry": { "type": "Polygon", "coordinates": [ [ [ -107.19724, 35.21946 ], [ -107.06656, 34.95719 ], [ -107.02448, 34.86995 ], [ -106.72067, 34.87005 ], [ -106.6858, 34.90636 ], [ -106.42949, 34.9034 ], [ -106.41156, 34.88973 ], [ -106.41178, 34.87025 ], [ -106.1882, 34.86928 ], [ -106.14974, 34.87014 ], [ -106.14983, 34.95346 ], [ -106.24376, 34.95336 ], [ -106.24422, 35.21566 ], [ -106.36724, 35.21741 ], [ -106.60448, 35.21786 ], [ -106.63815, 35.20388 ], [ -106.65816, 35.21792 ], [ -107.0984, 35.2185 ], [ -107.19724, 35.21946 ] ] ] } },
{ "type": "Feature", "properties": { "fid": 140, "ZoneCode": "352002", "AbrvFull": "NM DONA", "NameFull": "New Mexico Dona Ana-Las Cruces", "ZoneNum": 2, "AbrvPart": "DONA", "NamePart": "Dona Ana-Las Cruces", "ZoneType": "Multizone partial", "StateAbrv": "NM", "StateName": "New Mexico", "ProjAbrv": "TM", "ProjType": "Transverse Mercator", "LatOrigin": "31°15'N", "LonOriginE": "253°12'E", "LonOriginW": "106°48'W", "Lat0_deg": 31.25, "Lon0_E_deg": 253.2, "Lon0_W_deg": -106.8, "ProjScale": 1.000195, "SkewAz_deg": -9999, "FalseN_m": 0.0, "FalseE_m": 266700.0, "FalseN_ift": 0.0, "FalseE_ift": 875000.0, "DesignBy": "State", "Ref_frame": "NATRF2022" }, "geometry": { "type": "Polygon", "coordinates": [ [ [ -106.37717, 32.0015 ], [ -106.37658, 32.95805 ], [ -106.34071, 32.95838 ], [ -106.34051, 33.05278 ], [ -106.88789, 32.82278 ], [ -106.88773, 32.77927 ], [ -107.09429, 32.77889 ], [ -107.29947, 32.78017 ], [ -107.29963, 32.60537 ], [ -107.29777, 32.51832 ], [ -107.29862, 32.38798 ], [ -107.29874, 32.08235 ], [ -107.29659, 32.04315 ], [ -107.29679, 31.78364 ], [ -106.52805, 31.78389 ], [ -106.54714, 31.8073 ], [ -106.57724, 31.81041 ], [ -106.6053, 31.82772 ], [ -106.60169, 31.84437 ], [ -106.61479, 31.84641 ], [ -106.63592, 31.86623 ], [ -106.63069, 31.88641 ], [ -106.64006, 31.90527 ], [ -106.61286, 31.92037 ], [ -106.62974, 31.92657 ], [ -106.62212, 31.93662 ], [ -106.61957, 31.97158 ], [ -106.63954, 31.98034 ], [ -106.61849, 32.0005 ], [ -106.37717, 32.0015 ] ] ] } },
{ "type": "Feature", "properties": { "fid": 141, "ZoneCode": "482001", "AbrvFull": "TX ATSC", "NameFull": "Texas Atascosa", "ZoneNum": 1, "AbrvPart": "ATSC", "NamePart": "Atascosa", "ZoneType": "Multizone partial", "StateAbrv": "TX", "StateName": "Texas", "ProjAbrv": "OMC", "ProjType": "Hotine Oblique Mercator, center", "LatOrigin": "28°30'N", "LonOriginE": "261°38'E", "LonOriginW": "98°22'W", "Lat0_deg": 28.5, "Lon0_E_deg": 261.633333333, "Lon0_W_deg": -98.366666666699999, "ProjScale": 1.000005, "SkewAz_deg": -14, "FalseN_m": 266700.0, "FalseE_m": 419100.0, "FalseN_ift": 875000.0, "FalseE_ift": 1375000.0, "DesignBy": "State", "Ref_frame": "NATRF2022" }, "geometry": { "type": "Polygon", "coordinates": [ [ [ -98.40734, 29.11444 ], [ -98.80476, 29.25069 ], [ -98.8049, 29.09043 ], [ -98.80479, 29.02459 ], [ -98.80084, 28.64749 ], [ -98.80121, 28.25027 ], [ -98.80006, 28.20087 ], [ -98.80332, 28.05748 ], [ -98.56611, 28.05713 ], [ -98.2355, 28.05797 ], [ -97.88315, 28.0569 ], [ -97.90122, 28.06784 ], [ -97.90877, 28.09187 ], [ -97.89812, 28.09945 ], [ -97.90408, 28.11423 ], [ -97.81772, 28.17685 ], [ -97.80877, 28.18342 ], [ -97.99132, 28.49673 ], [ -98.08976, 28.66298 ], [ -98.00525, 28.69024 ], [ -98.18437, 28.87526 ], [ -98.27016, 28.96887 ], [ -98.40734, 29.11444 ] ] ] } },
{ "type": "Feature", "properties": { "fid": 142, "ZoneCode": "482002", "AbrvFull": "TX BELL", "NameFull": "Texas Bell", "ZoneNum": 2, "AbrvPart": "BELL", "NamePart": "Bell", "ZoneType": "Multizone partial", "StateAbrv": "TX", "StateName": "Texas", "ProjAbrv": "OMC", "ProjType": "Hotine Oblique Mercator, center", "LatOrigin": "31°24'N", "LonOriginE": "262°21'E", "LonOriginW": "97°39'W", "Lat0_deg": 31.4, "Lon0_E_deg": 262.35, "Lon0_W_deg": -97.65, "ProjScale": 1.000034, "SkewAz_deg": -36, "FalseN_m": 304800.0, "FalseE_m": 723900.0, "FalseN_ift": 1000000.0, "FalseE_ift": 2375000.0, "DesignBy": "State", "Ref_frame": "NATRF2022" }, "geometry": { "type": "Polygon", "coordinates": [ [ [ -97.27811, 31.2798 ], [ -97.34343, 31.24422 ], [ -97.41861, 31.3202 ], [ -97.50017, 31.43693 ], [ -97.68983, 31.71102 ], [ -97.76643, 31.67246 ], [ -98.00546, 32.0179 ], [ -98.20839, 31.91751 ], [ -98.15657, 31.84171 ], [ -98.46374, 31.68399 ], [ -98.41556, 31.61841 ], [ -98.27107, 31.4164 ], [ -98.18001, 31.46372 ], [ -97.94502, 31.12518 ], [ -97.9071, 31.06937 ], [ -97.91385, 31.06588 ], [ -97.91168, 31.03492 ], [ -97.88572, 31.00039 ], [ -97.84036, 30.92932 ], [ -97.8281, 30.90441 ], [ -97.62405, 30.87 ], [ -97.31548, 30.75236 ], [ -97.25896, 30.88958 ], [ -97.25031, 30.89511 ], [ -97.07006, 30.98603 ], [ -97.27811, 31.2798 ] ] ] } },
{ "type": "Feature", "properties": { "fid": 143, "ZoneCode": "482003", "AbrvFull": "TX BEND", "NameFull": "Texas Big Bend", "ZoneNum": 3, "AbrvPart": "BEND", "NamePart": "Big Bend", "ZoneType": "Multizone partial", "StateAbrv": "TX", "StateName": "Texas", "ProjAbrv": "TM", "ProjType": "Transverse Mercator", "LatOrigin": "27°30'N", "LonOriginE": "256°10'E", "LonOriginW": "103°50'W", "Lat0_deg": 27.5, "Lon0_E_deg": 256.16666666700002, "Lon0_W_deg": -103.833333333, "ProjScale": 1.000222, "SkewAz_deg": -9999, "FalseN_m": 0.0, "FalseE_m": 1028700.0, "FalseN_ift": 0.0, "FalseE_ift": 3375000.0, "DesignBy": "State", "Ref_frame": "NATRF2022" }, "geometry": { "type": "Polygon", "coordinates": [ [ [ -104.06028, 30.03097 ], [ -103.9981, 30.03274 ], [ -103.60146, 30.07752 ], [ -103.5275, 30.0925 ], [ -103.48339, 30.10983 ], [ -103.43735, 30.13648 ], [ -103.39731, 30.16966 ], [ -103.36449, 30.20837 ], [ -103.33987, 30.25144 ], [ -103.32423, 30.29756 ], [ -103.31804, 30.34534 ], [ -103.32152, 30.39333 ], [ -103.33455, 30.44006 ], [ -103.35678, 30.48412 ], [ -103.39643, 30.53339 ], [ -103.65228, 30.79085 ], [ -103.6885, 30.82178 ], [ -103.74016, 30.85238 ], [ -103.79777, 30.87367 ], [ -103.84527, 30.88325 ], [ -103.91484, 30.88587 ], [ -103.99007, 30.87367 ], [ -104.04768, 30.85238 ], [ -104.09934, 30.82178 ], [ -104.13864, 30.78771 ], [ -104.17047, 30.74827 ], [ -104.18875, 30.71608 ], [ -104.33362, 30.41131 ], [ -104.3515, 30.35965 ], [ -104.35739, 30.31184 ], [ -104.35361, 30.26388 ], [ -104.3403, 30.21721 ], [ -104.31788, 30.17325 ], [ -104.28704, 30.13333 ], [ -104.24871, 30.09866 ], [ -104.20407, 30.0703 ], [ -104.15447, 30.04908 ], [ -104.10817, 30.0369 ], [ -104.06028, 30.03097 ] ] ] } },
{ "type": "Feature", "properties": { "fid": 144, "ZoneCode": "482004", "AbrvFull": "TX BRAZ", "NameFull": "Texas Brazos", "ZoneNum": 4, "AbrvPart": "BRAZ", "NamePart": "Brazos", "ZoneType": "Multizone partial", "StateAbrv": "TX", "StateName": "Texas", "ProjAbrv": "OMC", "ProjType": "Hotine Oblique Mercator, center", "LatOrigin": "30°20'N", "LonOriginE": "263°24'E", "LonOriginW": "96°36'W", "Lat0_deg": 30.333333333300001, "Lon0_E_deg": 263.4, "Lon0_W_deg": -96.6, "ProjScale": 1.000005, "SkewAz_deg": 60, "FalseN_m": 304800.0, "FalseE_m": 1371600.0, "FalseN_ift": 1000000.0, "FalseE_ift": 4500000.0, "DesignBy": "State", "Ref_frame": "NATRF2022" }, "geometry": { "type": "Polygon", "coordinates": [ [ [ -95.61787, 30.93042 ], [ -95.63868, 30.92674 ], [ -95.66495, 30.97088 ], [ -95.68116, 30.98696 ], [ -95.65842, 31.01631 ], [ -95.66318, 31.03322 ], [ -95.6347, 31.03732 ], [ -95.62998, 31.05175 ], [ -95.64755, 31.05538 ], [ -95.64895, 31.07047 ], [ -95.66355, 31.08388 ], [ -95.67647, 31.07591 ], [ -95.69239, 31.08196 ], [ -95.72338, 31.07983 ], [ -95.76441, 31.09421 ], [ -95.97384, 31.09215 ], [ -96.00807, 31.07311 ], [ -96.04891, 31.06814 ], [ -96.07746, 31.04793 ], [ -96.17092, 30.9944 ], [ -96.19307, 30.99116 ], [ -96.26322, 30.96412 ], [ -96.338, 30.92053 ], [ -96.38741, 30.86401 ], [ -96.41014, 30.82584 ], [ -96.42339, 30.79271 ], [ -96.45763, 30.74447 ], [ -96.56698, 30.69567 ], [ -96.59578, 30.71507 ], [ -96.59947, 30.72863 ], [ -96.6214, 30.73072 ], [ -96.81744, 30.63179 ], [ -97.00702, 30.53498 ], [ -97.15522, 30.45734 ], [ -97.33446, 30.40284 ], [ -97.36949, 30.41964 ], [ -97.49248, 30.21001 ], [ -97.64937, 30.06794 ], [ -97.65369, 30.07156 ], [ -97.70776, 30.02406 ], [ -97.76133, 29.98732 ], [ -97.79259, 29.94506 ], [ -97.84918, 29.916 ], [ -97.8939, 29.88373 ], [ -97.89867, 29.85711 ], [ -97.87601, 29.86056 ], [ -97.84863, 29.84335 ], [ -97.84235, 29.79922 ], [ -97.81714, 29.79038 ], [ -97.80028, 29.76621 ], [ -97.8036, 29.75373 ], [ -97.78162, 29.75972 ], [ -97.7586, 29.72505 ], [ -97.76846, 29.7191 ], [ -97.73837, 29.71291 ], [ -97.74335, 29.69884 ], [ -97.72185, 29.68209 ], [ -97.65325, 29.6678 ], [ -97.65165, 29.65397 ], [ -97.63318, 29.64986 ], [ -97.6175, 29.63355 ], [ -97.59774, 29.63072 ], [ -97.31789, 29.78466 ], [ -97.10502, 29.97719 ], [ -97.02446, 30.05144 ], [ -97.01916, 30.032 ], [ -96.84586, 30.11603 ], [ -96.79455, 30.16055 ], [ -96.74146, 30.19757 ], [ -96.74192, 30.22801 ], [ -96.73164, 30.24389 ], [ -96.70753, 30.24534 ], [ -96.68527, 30.25601 ], [ -96.65789, 30.28778 ], [ -96.63324, 30.29954 ], [ -96.60599, 30.30212 ], [ -96.56792, 30.31324 ], [ -96.56236, 30.32246 ], [ -96.54091, 30.31799 ], [ -96.49604, 30.32436 ], [ -96.4905, 30.33562 ], [ -96.46211, 30.33635 ], [ -96.45514, 30.34453 ], [ -96.42274, 30.34337 ], [ -96.36051, 30.36784 ], [ -96.34091, 30.36781 ], [ -96.31279, 30.3843 ], [ -96.26867, 30.35868 ], [ -96.19954, 30.38291 ], [ -96.19325, 30.39965 ], [ -96.17347, 30.38922 ], [ -96.17657, 30.3761 ], [ -96.14987, 30.36879 ], [ -96.1602, 30.33849 ], [ -96.12048, 30.30569 ], [ -96.09719, 30.31111 ], [ -96.10058, 30.29281 ], [ -96.08589, 30.28898 ], [ -96.09912, 30.25517 ], [ -96.08458, 30.25125 ], [ -96.09316, 30.22519 ], [ -96.08894, 30.22872 ], [ -95.95377, 30.23696 ], [ -95.92328, 30.23728 ], [ -95.80431, 30.24557 ], [ -95.80435, 30.3378 ], [ -95.81748, 30.50022 ], [ -95.83024, 30.63028 ], [ -95.86308, 30.86429 ], [ -95.84316, 30.86187 ], [ -95.78453, 30.87931 ], [ -95.76493, 30.89633 ], [ -95.73339, 30.90006 ], [ -95.71651, 30.91141 ], [ -95.66381, 30.90412 ], [ -95.6545, 30.89324 ], [ -95.6296, 30.90008 ], [ -95.61192, 30.91824 ], [ -95.61787, 30.93042 ] ] ] } },
{ "type": "Feature", "properties": { "fid": 145, "ZoneCode": "482005", "AbrvFull": "TX BRKS", "NameFull": "Texas Brooks", "ZoneNum": 5, "AbrvPart": "BRKS", "NamePart": "Brooks", "ZoneType": "Multizone partial", "StateAbrv": "TX", "StateName": "Texas", "ProjAbrv": "LC1", "ProjType": "Lambert Conformal Conic, one parallel", "LatOrigin": "26°58'N", "LonOriginE": "261°45'E", "LonOriginW": "98°15'W", "Lat0_deg": 26.9666666667, "Lon0_E_deg": 261.75, "Lon0_W_deg": -98.25, "ProjScale": 1.000006, "SkewAz_deg": -9999, "FalseN_m": 304800.0, "FalseE_m": 1676400.0, "FalseN_ift": 1000000.0, "FalseE_ift": 5500000.0, "DesignBy": "State", "Ref_frame": "NATRF2022" }, "geometry": { "type": "Polygon", "coordinates": [ [ [ -98.23246, 27.26249 ], [ -98.52328, 27.26515 ], [ -98.52229, 27.34328 ], [ -98.55245, 27.34376 ], [ -98.55262, 27.3591 ], [ -98.58954, 27.3587 ], [ -98.58948, 27.33824 ], [ -98.62493, 27.33807 ], [ -98.62503, 27.35773 ], [ -98.74938, 27.35667 ], [ -98.79832, 27.35403 ], [ -98.79809, 27.26801 ], [ -99.12539, 27.27079 ], [ -99.33361, 27.27322 ], [ -99.37062, 27.31917 ], [ -99.45379, 27.26506 ], [ -99.44154, 27.24992 ], [ -99.44329, 27.21941 ], [ -99.43259, 27.2097 ], [ -99.42642, 27.17829 ], [ -99.43984, 27.15158 ], [ -99.43067, 27.12531 ], [ -99.44204, 27.10597 ], [ -99.43027, 27.09487 ], [ -99.43447, 27.07852 ], [ -99.45103, 27.06677 ], [ -99.44612, 27.02305 ], [ -99.43018, 27.01054 ], [ -99.41548, 27.01724 ], [ -99.40369, 26.99736 ], [ -99.37731, 26.97382 ], [ -99.39295, 26.9638 ], [ -99.38825, 26.94422 ], [ -99.36705, 26.92903 ], [ -99.3373, 26.92276 ], [ -99.32182, 26.90685 ], [ -99.3289, 26.88022 ], [ -99.31675, 26.86583 ], [ -99.29515, 26.86544 ], [ -99.26861, 26.84321 ], [ -99.26221, 26.81567 ], [ -99.24244, 26.78826 ], [ -99.24002, 26.74585 ], [ -99.20891, 26.72476 ], [ -99.20995, 26.69394 ], [ -99.20024, 26.65582 ], [ -99.17806, 26.62055 ], [ -99.16942, 26.57168 ], [ -99.01111, 26.67502 ], [ -98.95423, 26.78569 ], [ -98.52224, 26.78359 ], [ -98.3512, 26.78325 ], [ -97.98549, 26.78092 ], [ -97.9853, 26.61581 ], [ -97.86169, 26.598 ], [ -97.76437, 26.59807 ], [ -97.50026, 26.60099 ], [ -97.4743, 26.59981 ], [ -97.22537, 26.60023 ], [ -97.2517, 26.66187 ], [ -97.28272, 26.76342 ], [ -97.30042, 26.83461 ], [ -97.31595, 26.92929 ], [ -97.32322, 27.01026 ], [ -97.31982, 27.11002 ], [ -97.30936, 27.19611 ], [ -97.28834, 27.27758 ], [ -97.42572, 27.27796 ], [ -97.50886, 27.26664 ], [ -97.6505, 27.28349 ], [ -97.7274, 27.26599 ], [ -97.75787, 27.28312 ], [ -97.79393, 27.28044 ], [ -97.81592, 27.27137 ], [ -97.81566, 27.25581 ], [ -97.84134, 27.24396 ], [ -97.8554, 27.25242 ], [ -97.86812, 27.24032 ], [ -97.9519, 27.23325 ], [ -97.9592, 27.21294 ], [ -97.98589, 27.20931 ], [ -97.98608, 27.26049 ], [ -98.23246, 27.26249 ] ] ] } },
{ "type": "Feature", "properties": { "fid": 146, "ZoneCode": "482006", "AbrvFull": "TX BRWN", "NameFull": "Texas Brown", "ZoneNum": 6, "AbrvPart": "BRWN", "NamePart": "Brown", "ZoneType": "Multizone partial", "StateAbrv": "TX", "StateName": "Texas", "ProjAbrv": "OMC", "ProjType": "Hotine Oblique Mercator, center", "LatOrigin": "31°52'N", "LonOriginE": "261°16'E", "LonOriginW": "98°44'W", "Lat0_deg": 31.866666666699999, "Lon0_E_deg": 261.26666666699998, "Lon0_W_deg": -98.733333333299996, "ProjScale": 1.000055, "SkewAz_deg": -10, "FalseN_m": 304800.0, "FalseE_m": 1943100.0, "FalseN_ift": 1000000.0, "FalseE_ift": 6375000.0, "DesignBy": "State", "Ref_frame": "NATRF2022" }, "geometry": { "type": "Polygon", "coordinates": [ [ [ -98.57626, 32.51516 ], [ -99.09605, 32.51477 ], [ -99.11429, 32.51481 ], [ -99.11645, 32.36502 ], [ -99.11866, 32.07959 ], [ -99.19587, 32.07924 ], [ -99.2036, 31.74865 ], [ -99.20277, 31.46723 ], [ -99.18856, 31.47034 ], [ -99.18487, 31.45496 ], [ -99.16212, 31.46785 ], [ -99.11615, 31.46824 ], [ -99.09794, 31.44819 ], [ -99.09062, 31.46093 ], [ -99.09183, 31.25017 ], [ -99.09243, 30.92197 ], [ -98.96461, 30.92137 ], [ -98.96361, 30.75007 ], [ -98.96423, 30.49848 ], [ -98.59167, 30.49988 ], [ -98.41146, 30.5021 ], [ -98.35104, 30.4861 ], [ -98.35198, 30.55839 ], [ -98.37595, 30.57389 ], [ -98.39876, 30.56373 ], [ -98.41183, 30.58818 ], [ -98.40018, 30.59845 ], [ -98.41759, 30.62727 ], [ -98.41859, 30.64593 ], [ -98.43899, 30.67329 ], [ -98.40398, 30.6762 ], [ -98.41396, 30.70439 ], [ -98.3719, 30.74049 ], [ -98.37524, 30.74657 ], [ -98.42663, 30.75153 ], [ -98.42253, 30.77504 ], [ -98.4321, 30.78631 ], [ -98.41391, 30.79431 ], [ -98.40334, 30.81794 ], [ -98.39005, 30.81844 ], [ -98.37688, 30.83489 ], [ -98.40498, 30.84382 ], [ -98.42159, 30.835 ], [ -98.41935, 30.85912 ], [ -98.45738, 30.8789 ], [ -98.44875, 30.89034 ], [ -98.44576, 30.92143 ], [ -98.42233, 30.92426 ], [ -98.41451, 30.94211 ], [ -98.4471, 30.95176 ], [ -98.4529, 30.96873 ], [ -98.44187, 30.98432 ], [ -98.45923, 31.00775 ], [ -98.43953, 31.02513 ], [ -98.44486, 31.03855 ], [ -98.47578, 31.05335 ], [ -98.48393, 31.06727 ], [ -98.45603, 31.07961 ], [ -98.482, 31.11918 ], [ -98.50111, 31.11695 ], [ -98.52346, 31.08889 ], [ -98.54833, 31.12421 ], [ -98.52812, 31.13709 ], [ -98.52939, 31.15242 ], [ -98.51034, 31.15567 ], [ -98.54469, 31.17865 ], [ -98.54235, 31.19454 ], [ -98.56964, 31.20327 ], [ -98.56273, 31.23044 ], [ -98.26679, 31.41052 ], [ -98.27107, 31.4164 ], [ -98.41556, 31.61841 ], [ -98.46374, 31.68399 ], [ -98.15657, 31.84171 ], [ -98.20839, 31.91751 ], [ -98.25121, 31.98013 ], [ -98.3275, 31.94126 ], [ -98.39524, 32.03987 ], [ -98.4544, 32.12165 ], [ -98.55116, 32.26144 ], [ -98.47468, 32.29908 ], [ -98.47518, 32.51304 ], [ -98.57626, 32.51516 ] ] ] } },
{ "type": "Feature", "properties": { "fid": 147, "ZoneCode": "482007", "AbrvFull": "TX BURN", "NameFull": "Texas Burnet", "ZoneNum": 7, "AbrvPart": "BURN", "NamePart": "Burnet", "ZoneType": "Multizone partial", "StateAbrv": "TX", "StateName": "Texas", "ProjAbrv": "OMC", "ProjType": "Hotine Oblique Mercator, center", "LatOrigin": "30°43'N", "LonOriginE": "261°48'E", "LonOriginW": "98°12'W", "Lat0_deg": 30.7166666667, "Lon0_E_deg": 261.8, "Lon0_W_deg": -98.2, "ProjScale": 1.000053, "SkewAz_deg": 15, "FalseN_m": 304800.0, "FalseE_m": 2247900.0, "FalseN_ift": 1000000.0, "FalseE_ift": 7375000.0, "DesignBy": "State", "Ref_frame": "NATRF2022" }, "geometry": { "type": "Polygon", "coordinates": [ [ [ -97.8281, 30.90441 ], [ -97.84036, 30.92932 ], [ -97.88572, 31.00039 ], [ -97.91168, 31.03492 ], [ -97.91385, 31.06588 ], [ -97.9071, 31.06937 ], [ -97.94502, 31.12518 ], [ -98.18001, 31.46372 ], [ -98.27107, 31.4164 ], [ -98.26679, 31.41052 ], [ -98.56273, 31.23044 ], [ -98.56964, 31.20327 ], [ -98.54235, 31.19454 ], [ -98.54469, 31.17865 ], [ -98.51034, 31.15567 ], [ -98.52939, 31.15242 ], [ -98.52812, 31.13709 ], [ -98.54833, 31.12421 ], [ -98.52346, 31.08889 ], [ -98.50111, 31.11695 ], [ -98.482, 31.11918 ], [ -98.45603, 31.07961 ], [ -98.48393, 31.06727 ], [ -98.47578, 31.05335 ], [ -98.44486, 31.03855 ], [ -98.43953, 31.02513 ], [ -98.45923, 31.00775 ], [ -98.44187, 30.98432 ], [ -98.4529, 30.96873 ], [ -98.4471, 30.95176 ], [ -98.41451, 30.94211 ], [ -98.42233, 30.92426 ], [ -98.44576, 30.92143 ], [ -98.44875, 30.89034 ], [ -98.45738, 30.8789 ], [ -98.41935, 30.85912 ], [ -98.42159, 30.835 ], [ -98.40498, 30.84382 ], [ -98.37688, 30.83489 ], [ -98.39005, 30.81844 ], [ -98.40334, 30.81794 ], [ -98.41391, 30.79431 ], [ -98.4321, 30.78631 ], [ -98.42253, 30.77504 ], [ -98.42663, 30.75153 ], [ -98.37524, 30.74657 ], [ -98.3719, 30.74049 ], [ -98.41396, 30.70439 ], [ -98.40398, 30.6762 ], [ -98.43899, 30.67329 ], [ -98.41859, 30.64593 ], [ -98.41759, 30.62727 ], [ -98.40018, 30.59845 ], [ -98.41183, 30.58818 ], [ -98.39876, 30.56373 ], [ -98.37595, 30.57389 ], [ -98.35198, 30.55839 ], [ -98.35104, 30.4861 ], [ -98.41146, 30.5021 ], [ -98.59167, 30.49988 ], [ -98.58786, 30.23498 ], [ -98.5879, 30.13895 ], [ -98.41402, 29.93756 ], [ -98.2976, 30.03799 ], [ -98.17302, 30.35624 ], [ -98.09771, 30.46763 ], [ -98.09778, 30.49806 ], [ -98.12342, 30.48648 ], [ -97.96286, 30.78564 ], [ -97.8281, 30.90441 ] ] ] } },
{ "type": "Feature", "properties": { "fid": 148, "ZoneCode": "482008", "AbrvFull": "TX CALA", "NameFull": "Texas Callahan", "ZoneNum": 8, "AbrvPart": "CALA", "NamePart": "Callahan", "ZoneType": "Multizone partial", "StateAbrv": "TX", "StateName": "Texas", "ProjAbrv": "OMC", "ProjType": "Hotine Oblique Mercator, center", "LatOrigin": "32°09'N", "LonOriginE": "260°42'E", "LonOriginW": "99°18'W", "Lat0_deg": 32.15, "Lon0_E_deg": 260.7, "Lon0_W_deg": -99.3, "ProjScale": 1.000071, "SkewAz_deg": 5, "FalseN_m": 304800.0, "FalseE_m": 2552700.0, "FalseN_ift": 1000000.0, "FalseE_ift": 8375000.0, "DesignBy": "State", "Ref_frame": "NATRF2022" }, "geometry": { "type": "Polygon", "coordinates": [ [ [ -99.09602, 32.95704 ], [ -99.612, 32.95696 ], [ -99.61203, 32.51465 ], [ -99.62958, 32.51466 ], [ -99.63084, 32.34135 ], [ -99.63141, 32.08127 ], [ -99.71397, 32.08209 ], [ -99.71461, 32.00014 ], [ -99.72206, 31.56276 ], [ -99.70573, 31.5769 ], [ -99.69467, 31.55839 ], [ -99.67342, 31.55529 ], [ -99.69025, 31.53203 ], [ -99.65879, 31.53478 ], [ -99.65256, 31.52747 ], [ -99.67636, 31.49726 ], [ -99.6466, 31.49169 ], [ -99.62622, 31.46753 ], [ -99.60819, 31.48081 ], [ -99.62468, 31.4935 ], [ -99.61429, 31.50156 ], [ -99.60185, 31.49195 ], [ -99.57256, 31.49365 ], [ -99.53721, 31.48362 ], [ -99.51368, 31.4255 ], [ -99.493, 31.44451 ], [ -99.47055, 31.42199 ], [ -99.46944, 31.43013 ], [ -99.4369, 31.44603 ], [ -99.44949, 31.46993 ], [ -99.44082, 31.47501 ], [ -99.41689, 31.46139 ], [ -99.39879, 31.46008 ], [ -99.40228, 31.4462 ], [ -99.35721, 31.43085 ], [ -99.31487, 31.40988 ], [ -99.3026, 31.4325 ], [ -99.23845, 31.48313 ], [ -99.20277, 31.46723 ], [ -99.2036, 31.74865 ], [ -99.19587, 32.07924 ], [ -99.11866, 32.07959 ], [ -99.11645, 32.36502 ], [ -99.11429, 32.51481 ], [ -99.09605, 32.51477 ], [ -99.09602, 32.95704 ] ] ] } },
{ "type": "Feature", "properties": { "fid": 149, "ZoneCode": "482009", "AbrvFull": "TX CHLD", "NameFull": "Texas Childress", "ZoneNum": 9, "AbrvPart": "CHLD", "NamePart": "Childress", "ZoneType": "Multizone partial", "StateAbrv": "TX", "StateName": "Texas", "ProjAbrv": "TM", "ProjType": "Transverse Mercator", "LatOrigin": "31°00'N", "LonOriginE": "259°40'E", "LonOriginW": "100°20'W", "Lat0_deg": 31.0, "Lon0_E_deg": 259.66666666700002, "Lon0_W_deg": -100.333333333, "ProjScale": 1.000088, "SkewAz_deg": -9999, "FalseN_m": 0.0, "FalseE_m": 2857500.0, "FalseN_ift": 0.0, "FalseE_ift": 9375000.0, "DesignBy": "State", "Ref_frame": "NATRF2022" }, "geometry": { "type": "Polygon", "coordinates": [ [ [ -100.00038, 35.1827 ], [ -100.97453, 35.18319 ], [ -101.08628, 35.18214 ], [ -101.09075, 34.74825 ], [ -100.94494, 34.74828 ], [ -100.94613, 34.31276 ], [ -101.04148, 34.31244 ], [ -101.04116, 33.83363 ], [ -100.7416, 33.83508 ], [ -100.37539, 33.83597 ], [ -100.04848, 33.83597 ], [ -100.04703, 34.22978 ], [ -100.03784, 34.23841 ], [ -100.00979, 34.24196 ], [ -99.99762, 34.22436 ], [ -99.9975, 34.56057 ], [ -100.00042, 34.56944 ], [ -100.00038, 35.1827 ] ] ] } },
{ "type": "Feature", "properties": { "fid": 150, "ZoneCode": "482010", "AbrvFull": "TX CRP", "NameFull": "Texas Corpus Christi", "ZoneNum": 10, "AbrvPart": "CRP", "NamePart": "Corpus Christi", "ZoneType": "Multizone partial", "StateAbrv": "TX", "StateName": "Texas", "ProjAbrv": "OMC", "ProjType": "Hotine Oblique Mercator, center", "LatOrigin": "27°42'N", "LonOriginE": "262°25'E", "LonOriginW": "97°35'W", "Lat0_deg": 27.7, "Lon0_E_deg": 262.41666666700002, "Lon0_W_deg": -97.583333333300004, "ProjScale": 0.999986, "SkewAz_deg": 55, "FalseN_m": 304800.0, "FalseE_m": 3162300.0, "FalseN_ift": 1000000.0, "FalseE_ift": 10375000.0, "DesignBy": "State", "Ref_frame": "NATRF2022" }, "geometry": { "type": "Polygon", "coordinates": [ [ [ -96.8159, 28.02284 ], [ -96.85268, 28.06045 ], [ -96.83086, 28.108 ], [ -96.79075, 28.31628 ], [ -96.795, 28.36468 ], [ -96.77863, 28.40426 ], [ -96.76426, 28.42586 ], [ -96.7894, 28.44717 ], [ -96.81349, 28.43026 ], [ -96.83992, 28.45888 ], [ -96.8484, 28.47607 ], [ -96.86256, 28.47751 ], [ -96.88066, 28.50387 ], [ -96.90172, 28.50964 ], [ -96.91528, 28.4858 ], [ -96.95555, 28.50436 ], [ -96.98215, 28.49964 ], [ -97.01974, 28.52026 ], [ -97.03062, 28.54153 ], [ -97.05138, 28.53703 ], [ -97.04853, 28.54998 ], [ -97.08279, 28.5426 ], [ -97.09084, 28.53458 ], [ -97.10517, 28.55481 ], [ -97.12505, 28.54531 ], [ -97.16156, 28.55272 ], [ -97.37511, 28.38917 ], [ -97.56762, 28.12968 ], [ -97.81772, 28.17685 ], [ -97.90408, 28.11423 ], [ -97.89812, 28.09945 ], [ -97.90877, 28.09187 ], [ -97.90122, 28.06784 ], [ -97.88315, 28.0569 ], [ -98.2355, 28.05797 ], [ -98.23246, 27.26249 ], [ -97.98608, 27.26049 ], [ -97.98589, 27.20931 ], [ -97.9592, 27.21294 ], [ -97.9519, 27.23325 ], [ -97.86812, 27.24032 ], [ -97.8554, 27.25242 ], [ -97.84134, 27.24396 ], [ -97.81566, 27.25581 ], [ -97.81592, 27.27137 ], [ -97.79393, 27.28044 ], [ -97.75787, 27.28312 ], [ -97.7274, 27.26599 ], [ -97.6505, 27.28349 ], [ -97.50886, 27.26664 ], [ -97.42572, 27.27796 ], [ -97.28834, 27.27758 ], [ -97.25026, 27.39231 ], [ -97.19982, 27.50032 ], [ -97.12526, 27.6406 ], [ -97.05022, 27.75031 ], [ -97.02185, 27.78336 ], [ -96.98428, 27.80378 ], [ -96.95949, 27.8753 ], [ -96.87526, 27.96992 ], [ -96.8159, 28.02284 ] ] ] } },
{ "type": "Feature", "properties": { "fid": 151, "ZoneCode": "482011", "AbrvFull": "TX DFW", "NameFull": "Texas Dallas-Fort Worth", "ZoneNum": 11, "AbrvPart": "DFW", "NamePart": "Dallas-Fort Worth", "ZoneType": "Multizone partial", "StateAbrv": "TX", "StateName": "Texas", "ProjAbrv": "OMC", "ProjType": "Hotine Oblique Mercator, center", "LatOrigin": "33°00'N", "LonOriginE": "263°06'E", "LonOriginW": "96°54'W", "Lat0_deg": 33.0, "Lon0_E_deg": 263.1, "Lon0_W_deg": -96.9, "ProjScale": 1.000012, "SkewAz_deg": 6, "FalseN_m": 304800.0, "FalseE_m": 3467100.0, "FalseN_ift": 1000000.0, "FalseE_ift": 11375000.0, "DesignBy": "State", "Ref_frame": "NATRF2022" }, "geometry": { "type": "Polygon", "coordinates": [ [ [ -96.37945, 33.72576 ], [ -96.40822, 33.75054 ], [ -96.43022, 33.77865 ], [ -96.50098, 33.7728 ], [ -96.51658, 33.78828 ], [ -96.51742, 33.80585 ], [ -96.53249, 33.82303 ], [ -96.57315, 33.81918 ], [ -96.62315, 33.8415 ], [ -96.62975, 33.85086 ], [ -96.58536, 33.88895 ], [ -96.59217, 33.89551 ], [ -96.62829, 33.89448 ], [ -96.6599, 33.91667 ], [ -96.67345, 33.91228 ], [ -96.69071, 33.84996 ], [ -96.71373, 33.83133 ], [ -96.76159, 33.82441 ], [ -96.76938, 33.82748 ], [ -96.77959, 33.85794 ], [ -96.79428, 33.86889 ], [ -96.83216, 33.87484 ], [ -96.85059, 33.84721 ], [ -96.88301, 33.86802 ], [ -96.89573, 33.89641 ], [ -96.90525, 33.94722 ], [ -96.92427, 33.95916 ], [ -96.97381, 33.9357 ], [ -96.97941, 33.95618 ], [ -96.99625, 33.94266 ], [ -96.98381, 33.89319 ], [ -96.99709, 33.87102 ], [ -97.02144, 33.84638 ], [ -97.04104, 33.83762 ], [ -97.06954, 33.86037 ], [ -97.09011, 33.84396 ], [ -97.0576, 33.83651 ], [ -97.04832, 33.81727 ], [ -97.09265, 33.8042 ], [ -97.08519, 33.76474 ], [ -97.09564, 33.72922 ], [ -97.12358, 33.71704 ], [ -97.15437, 33.72409 ], [ -97.19297, 33.76078 ], [ -97.1904, 33.78115 ], [ -97.20483, 33.79991 ], [ -97.19468, 33.83119 ], [ -97.16682, 33.8404 ], [ -97.18546, 33.9007 ], [ -97.2126, 33.9159 ], [ -97.24505, 33.90322 ], [ -97.25564, 33.8637 ], [ -97.27287, 33.86167 ], [ -97.30763, 33.88801 ], [ -97.31425, 33.86699 ], [ -97.32873, 33.85543 ], [ -97.33188, 33.88448 ], [ -97.35733, 33.83137 ], [ -97.37469, 33.81855 ], [ -97.4268, 33.81864 ], [ -97.44488, 33.82405 ], [ -97.4632, 33.84309 ], [ -97.45218, 33.86896 ], [ -97.45106, 33.89168 ], [ -97.46142, 33.90523 ], [ -97.48416, 33.91551 ], [ -97.48706, 33.43368 ], [ -97.38301, 33.43289 ], [ -97.39071, 33.25012 ], [ -97.39848, 32.99084 ], [ -97.54418, 32.99418 ], [ -97.5475, 32.84043 ], [ -97.55058, 32.55539 ], [ -97.61707, 32.55548 ], [ -97.61509, 32.20349 ], [ -97.58976, 32.19316 ], [ -97.60237, 32.17885 ], [ -97.56769, 32.17501 ], [ -97.56832, 32.15024 ], [ -97.51572, 32.13377 ], [ -97.51179, 32.16194 ], [ -97.47181, 32.17552 ], [ -97.47598, 32.18168 ], [ -97.08704, 32.26682 ], [ -96.94066, 32.05209 ], [ -96.74987, 32.1465 ], [ -96.62527, 32.20658 ], [ -96.38291, 32.32893 ], [ -96.43064, 32.3324 ], [ -96.451, 32.34441 ], [ -96.4545, 32.36105 ], [ -96.43755, 32.37839 ], [ -96.43452, 32.41144 ], [ -96.477, 32.43408 ], [ -96.48358, 32.45049 ], [ -96.49736, 32.45308 ], [ -96.49351, 32.46704 ], [ -96.51021, 32.48193 ], [ -96.51245, 32.51333 ], [ -96.50421, 32.52715 ], [ -96.52312, 32.54521 ], [ -96.51941, 32.77743 ], [ -96.51701, 32.98286 ], [ -96.29723, 32.98175 ], [ -96.29529, 33.2083 ], [ -96.29541, 33.35194 ], [ -96.38449, 33.34112 ], [ -96.38237, 33.59649 ], [ -96.37945, 33.72576 ] ] ] } },
{ "type": "Feature", "properties": { "fid": 152, "ZoneCode": "482012", "AbrvFull": "TX DEAF", "NameFull": "Texas Deaf Smith", "ZoneNum": 12, "AbrvPart": "DEAF", "NamePart": "Deaf Smith", "ZoneType": "Multizone partial", "StateAbrv": "TX", "StateName": "Texas", "ProjAbrv": "OMC", "ProjType": "Hotine Oblique Mercator, center", "LatOrigin": "35°35'N", "LonOriginE": "257°30'E", "LonOriginW": "102°30'W", "Lat0_deg": 35.583333333299997, "Lon0_E_deg": 257.5, "Lon0_W_deg": -102.5, "ProjScale": 1.000175, "SkewAz_deg": 5, "FalseN_m": 304800.0, "FalseE_m": 3771900.0, "FalseN_ift": 1000000.0, "FalseE_ift": 12375000.0, "DesignBy": "State", "Ref_frame": "NATRF2022" }, "geometry": { "type": "Polygon", "coordinates": [ [ [ -102.16246, 36.50033 ], [ -103.04171, 36.50044 ], [ -103.04086, 35.95727 ], [ -103.04252, 35.21433 ], [ -103.04298, 34.74736 ], [ -102.62549, 34.74731 ], [ -102.3709, 34.74602 ], [ -102.16884, 34.74742 ], [ -102.1676, 34.87506 ], [ -102.16769, 35.16054 ], [ -102.16272, 35.62315 ], [ -102.16307, 36.31359 ], [ -102.16246, 36.50033 ] ] ] } },
{ "type": "Feature", "properties": { "fid": 153, "ZoneCode": "482013", "AbrvFull": "TX DKNS", "NameFull": "Texas Dickens", "ZoneNum": 13, "AbrvPart": "DKNS", "NamePart": "Dickens", "ZoneType": "Multizone partial", "StateAbrv": "TX", "StateName": "Texas", "ProjAbrv": "TM", "ProjType": "Transverse Mercator", "LatOrigin": "33°21'N", "LonOriginE": "259°38'E", "LonOriginW": "100°22'W", "Lat0_deg": 33.35, "Lon0_E_deg": 259.633333333, "Lon0_W_deg": -100.366666667, "ProjScale": 1.000077, "SkewAz_deg": -9999, "FalseN_m": 304800.0, "FalseE_m": 4076700.0, "FalseN_ift": 1000000.0, "FalseE_ift": 13375000.0, "DesignBy": "State", "Ref_frame": "NATRF2022" }, "geometry": { "type": "Polygon", "coordinates": [ [ [ -100.04848, 33.83597 ], [ -100.37539, 33.83597 ], [ -100.7416, 33.83508 ], [ -101.04116, 33.83363 ], [ -101.03885, 33.50009 ], [ -101.03879, 33.39721 ], [ -101.03866, 32.97023 ], [ -100.99018, 32.96502 ], [ -100.49883, 32.96304 ], [ -100.14422, 32.95998 ], [ -99.98883, 32.96012 ], [ -99.98942, 33.2501 ], [ -99.99643, 33.83597 ], [ -100.04848, 33.83597 ] ] ] } },
{ "type": "Feature", "properties": { "fid": 154, "ZoneCode": "482014", "AbrvFull": "TX ELP", "NameFull": "Texas El Paso", "ZoneNum": 14, "AbrvPart": "ELP", "NamePart": "El Paso", "ZoneType": "Multizone partial", "StateAbrv": "TX", "StateName": "Texas", "ProjAbrv": "OMC", "ProjType": "Hotine Oblique Mercator, center", "LatOrigin": "31°46'N", "LonOriginE": "253°42'E", "LonOriginW": "106°18'W", "Lat0_deg": 31.766666666700001, "Lon0_E_deg": 253.7, "Lon0_W_deg": -106.3, "ProjScale": 1.000184, "SkewAz_deg": -45, "FalseN_m": 304800.0, "FalseE_m": 4381500.0, "FalseN_ift": 1000000.0, "FalseE_ift": 14375000.0, "DesignBy": "State", "Ref_frame": "NATRF2022" }, "geometry": { "type": "Polygon", "coordinates": [ [ [ -106.37717, 32.0015 ], [ -106.61849, 32.0005 ], [ -106.63954, 31.98034 ], [ -106.61957, 31.97158 ], [ -106.62212, 31.93662 ], [ -106.62974, 31.92657 ], [ -106.61286, 31.92037 ], [ -106.64006, 31.90527 ], [ -106.63069, 31.88641 ], [ -106.63592, 31.86623 ], [ -106.61479, 31.84641 ], [ -106.60169, 31.84437 ], [ -106.6053, 31.82772 ], [ -106.57724, 31.81041 ], [ -106.54714, 31.8073 ], [ -106.52805, 31.78389 ], [ -106.49055, 31.74892 ], [ -106.47321, 31.75049 ], [ -106.45143, 31.76443 ], [ -106.4173, 31.75159 ], [ -106.38107, 31.73208 ], [ -106.37404, 31.71485 ], [ -106.34956, 31.69671 ], [ -106.33472, 31.66411 ], [ -106.30794, 31.62952 ], [ -106.28014, 31.56146 ], [ -106.24485, 31.53796 ], [ -106.21962, 31.48156 ], [ -106.20012, 31.46241 ], [ -106.17239, 31.45308 ], [ -106.13229, 31.42508 ], [ -106.11011, 31.42302 ], [ -106.07531, 31.39762 ], [ -106.00692, 31.39282 ], [ -105.99724, 31.38716 ], [ -105.95855, 31.42346 ], [ -105.95926, 31.47842 ], [ -105.99325, 31.47839 ], [ -105.99801, 32.00238 ], [ -106.37717, 32.0015 ] ] ] } },
{ "type": "Feature", "properties": { "fid": 155, "ZoneCode": "482015", "AbrvFull": "TX FALL", "NameFull": "Texas Falls", "ZoneNum": 15, "AbrvPart": "FALL", "NamePart": "Falls", "ZoneType": "Multizone partial", "StateAbrv": "TX", "StateName": "Texas", "ProjAbrv": "OMC", "ProjType": "Hotine Oblique Mercator, center", "LatOrigin": "31°19'N", "LonOriginE": "263°37'E", "LonOriginW": "96°23'W", "Lat0_deg": 31.316666666700002, "Lon0_E_deg": 263.616666667, "Lon0_W_deg": -96.383333333300001, "ProjScale": 1.0, "SkewAz_deg": 50, "FalseN_m": 304800.0, "FalseE_m": 4724400.0, "FalseN_ift": 1000000.0, "FalseE_ift": 15500000.0, "DesignBy": "State", "Ref_frame": "NATRF2022" }, "geometry": { "type": "Polygon", "coordinates": [ [ [ -96.05279, 32.0059 ], [ -96.05478, 32.01253 ], [ -96.3357, 31.87597 ], [ -96.49671, 31.79619 ], [ -96.71911, 31.81489 ], [ -96.93221, 31.70889 ], [ -96.80112, 31.52227 ], [ -96.97876, 31.43047 ], [ -97.27811, 31.2798 ], [ -97.07006, 30.98603 ], [ -97.25031, 30.89511 ], [ -97.25896, 30.88958 ], [ -97.31548, 30.75236 ], [ -97.26995, 30.73536 ], [ -97.15522, 30.45734 ], [ -97.00702, 30.53498 ], [ -96.81744, 30.63179 ], [ -96.6214, 30.73072 ], [ -96.59947, 30.72863 ], [ -96.59578, 30.71507 ], [ -96.56698, 30.69567 ], [ -96.45763, 30.74447 ], [ -96.42339, 30.79271 ], [ -96.41014, 30.82584 ], [ -96.38741, 30.86401 ], [ -96.338, 30.92053 ], [ -96.26322, 30.96412 ], [ -96.19307, 30.99116 ], [ -96.17092, 30.9944 ], [ -96.07746, 31.04793 ], [ -96.04891, 31.06814 ], [ -96.00807, 31.07311 ], [ -95.97384, 31.09215 ], [ -95.76441, 31.09421 ], [ -95.77558, 31.1361 ], [ -95.7574, 31.14157 ], [ -95.74941, 31.15524 ], [ -95.7287, 31.16406 ], [ -95.74544, 31.18189 ], [ -95.74794, 31.20831 ], [ -95.72792, 31.22466 ], [ -95.72523, 31.27108 ], [ -95.69075, 31.29739 ], [ -95.67103, 31.29624 ], [ -95.67179, 31.31603 ], [ -95.6572, 31.318 ], [ -95.66207, 31.35701 ], [ -95.69174, 31.37493 ], [ -95.69832, 31.40634 ], [ -95.71168, 31.42359 ], [ -95.71109, 31.45413 ], [ -95.72556, 31.4623 ], [ -95.74684, 31.45817 ], [ -95.7295, 31.48918 ], [ -95.74185, 31.48655 ], [ -95.73703, 31.51853 ], [ -95.75871, 31.53322 ], [ -95.75107, 31.55196 ], [ -95.71851, 31.55366 ], [ -95.7293, 31.5829 ], [ -95.71011, 31.61559 ], [ -95.73568, 31.65382 ], [ -95.75727, 31.64355 ], [ -95.74867, 31.61771 ], [ -95.76723, 31.59758 ], [ -95.79564, 31.62893 ], [ -95.79408, 31.66031 ], [ -95.77974, 31.68394 ], [ -95.81056, 31.67346 ], [ -95.83532, 31.6956 ], [ -95.86126, 31.68745 ], [ -95.88044, 31.70335 ], [ -95.86714, 31.71819 ], [ -95.87594, 31.7555 ], [ -95.90392, 31.7674 ], [ -95.92424, 31.76585 ], [ -95.95302, 31.77628 ], [ -95.96307, 31.78943 ], [ -95.98057, 31.78456 ], [ -95.97323, 31.81914 ], [ -95.99454, 31.84336 ], [ -95.97029, 31.87719 ], [ -95.99413, 31.86626 ], [ -96.00791, 31.88114 ], [ -96.02762, 31.87788 ], [ -96.01947, 31.90377 ], [ -96.0014, 31.90817 ], [ -96.02249, 31.95755 ], [ -96.05469, 31.94823 ], [ -96.04644, 31.97018 ], [ -96.06486, 31.98095 ], [ -96.05279, 32.0059 ] ] ] } },
{ "type": "Feature", "properties": { "fid": 156, "ZoneCode": "482016", "AbrvFull": "TX FRIO", "NameFull": "Texas Frio", "ZoneNum": 16, "AbrvPart": "FRIO", "NamePart": "Frio", "ZoneType": "Multizone partial", "StateAbrv": "TX", "StateName": "Texas", "ProjAbrv": "TM", "ProjType": "Transverse Mercator", "LatOrigin": "25°15'N", "LonOriginE": "260°56'E", "LonOriginW": "99°04'W", "Lat0_deg": 25.25, "Lon0_E_deg": 260.93333333300001, "Lon0_W_deg": -99.066666666700002, "ProjScale": 1.000018, "SkewAz_deg": -9999, "FalseN_m": 0.0, "FalseE_m": 4991100.0, "FalseN_ift": 0.0, "FalseE_ift": 16375000.0, "DesignBy": "State", "Ref_frame": "NATRF2022" }, "geometry": { "type": "Polygon", "coordinates": [ [ [ -98.8049, 29.09043 ], [ -98.98073, 29.09116 ], [ -99.41388, 29.09134 ], [ -99.41109, 28.75025 ], [ -99.40902, 28.64057 ], [ -99.39574, 28.64078 ], [ -99.39668, 28.50027 ], [ -99.39441, 28.34979 ], [ -99.39567, 28.25228 ], [ -99.39418, 28.20463 ], [ -99.38895, 28.03042 ], [ -99.10208, 28.04374 ], [ -99.0003, 28.05051 ], [ -98.80332, 28.05748 ], [ -98.80006, 28.20087 ], [ -98.80121, 28.25027 ], [ -98.80084, 28.64749 ], [ -98.80479, 29.02459 ], [ -98.8049, 29.09043 ] ] ] } },
{ "type": "Feature", "properties": { "fid": 157, "ZoneCode": "482017", "AbrvFull": "TX GAAD", "NameFull": "Texas Gaines-Andrews", "ZoneNum": 17, "AbrvPart": "GAAD", "NamePart": "Gaines-Andrews", "ZoneType": "Multizone partial", "StateAbrv": "TX", "StateName": "Texas", "ProjAbrv": "TM", "ProjType": "Transverse Mercator", "LatOrigin": "29°15'N", "LonOriginE": "257°25'E", "LonOriginW": "102°35'W", "Lat0_deg": 29.25, "Lon0_E_deg": 257.41666666700002, "Lon0_W_deg": -102.583333333, "ProjScale": 1.00014, "SkewAz_deg": -9999, "FalseN_m": 0.0, "FalseE_m": 5295900.0, "FalseN_ift": 0.0, "FalseE_ift": 17375000.0, "DesignBy": "State", "Ref_frame": "NATRF2022" }, "geometry": { "type": "Polygon", "coordinates": [ [ [ -102.20852, 32.95896 ], [ -102.38201, 32.95861 ], [ -103.0647, 32.9591 ], [ -103.06452, 32.08705 ], [ -102.80156, 32.08715 ], [ -102.79909, 32.0858 ], [ -102.56965, 32.08705 ], [ -102.21125, 32.0868 ], [ -102.21104, 32.52324 ], [ -102.2027, 32.52327 ], [ -102.20621, 32.84306 ], [ -102.20852, 32.95896 ] ] ] } },
{ "type": "Feature", "properties": { "fid": 158, "ZoneCode": "482018", "AbrvFull": "TX GRAY", "NameFull": "Texas Gray", "ZoneNum": 18, "AbrvPart": "GRAY", "NamePart": "Gray", "ZoneType": "Multizone partial", "StateAbrv": "TX", "StateName": "Texas", "ProjAbrv": "TM", "ProjType": "Transverse Mercator", "LatOrigin": "32°30'N", "LonOriginE": "259°36'E", "LonOriginW": "100°24'W", "Lat0_deg": 32.5, "Lon0_E_deg": 259.6, "Lon0_W_deg": -100.4, "ProjScale": 1.000111, "SkewAz_deg": -9999, "FalseN_m": 0.0, "FalseE_m": 5600700.0, "FalseN_ift": 0.0, "FalseE_ift": 18375000.0, "DesignBy": "State", "Ref_frame": "NATRF2022" }, "geometry": { "type": "Polygon", "coordinates": [ [ [ -100.00038, 35.1827 ], [ -100.00041, 36.4997 ], [ -100.27671, 36.49988 ], [ -100.4952, 36.49929 ], [ -100.97383, 36.4999 ], [ -101.08516, 36.49924 ], [ -101.08612, 35.87002 ], [ -101.08589, 35.59893 ], [ -101.08628, 35.18214 ], [ -100.97453, 35.18319 ], [ -100.00038, 35.1827 ] ] ] } },
{ "type": "Feature", "properties": { "fid": 159, "ZoneCode": "482019", "AbrvFull": "TX GREG", "NameFull": "Texas Gregg", "ZoneNum": 19, "AbrvPart": "GREG", "NamePart": "Gregg", "ZoneType": "Multizone partial", "StateAbrv": "TX", "StateName": "Texas", "ProjAbrv": "TM", "ProjType": "Transverse Mercator", "LatOrigin": "28°45'N", "LonOriginE": "265°36'E", "LonOriginW": "94°24'W", "Lat0_deg": 28.75, "Lon0_E_deg": 265.6, "Lon0_W_deg": -94.4, "ProjScale": 0.999997, "SkewAz_deg": -9999, "FalseN_m": 0.0, "FalseE_m": 5905500.0, "FalseN_ift": 0.0, "FalseE_ift": 19375000.0, "DesignBy": "State", "Ref_frame": "NATRF2022" }, "geometry": { "type": "Polygon", "coordinates": [ [ [ -93.83492, 31.58621 ], [ -93.83806, 31.6068 ], [ -93.81872, 31.61456 ], [ -93.82172, 31.67396 ], [ -93.80688, 31.68157 ], [ -93.79455, 31.70208 ], [ -93.81692, 31.70877 ], [ -93.81548, 31.72977 ], [ -93.83688, 31.75017 ], [ -93.8226, 31.77356 ], [ -93.83769, 31.78082 ], [ -93.83934, 31.80033 ], [ -93.87484, 31.82231 ], [ -93.87296, 31.83599 ], [ -93.88919, 31.85682 ], [ -93.88189, 31.86484 ], [ -93.90062, 31.87387 ], [ -93.90062, 31.89679 ], [ -93.92208, 31.88601 ], [ -93.93213, 31.89367 ], [ -93.9299, 31.91272 ], [ -93.95355, 31.91056 ], [ -93.97083, 31.91997 ], [ -93.98232, 31.93976 ], [ -94.01651, 31.98117 ], [ -94.01851, 31.99243 ], [ -94.04272, 31.99927 ], [ -94.04319, 32.79712 ], [ -94.04288, 33.16128 ], [ -94.04331, 33.55158 ], [ -94.07304, 33.5722 ], [ -94.09625, 33.57398 ], [ -94.12067, 33.56699 ], [ -94.13083, 33.55205 ], [ -94.16248, 33.58894 ], [ -94.18441, 33.59439 ], [ -94.1954, 33.58184 ], [ -94.19545, 33.55516 ], [ -94.20855, 33.56656 ], [ -94.22376, 33.55348 ], [ -94.2513, 33.55772 ], [ -94.23821, 33.57716 ], [ -94.24447, 33.58949 ], [ -94.26344, 33.57663 ], [ -94.27424, 33.55876 ], [ -94.29046, 33.55835 ], [ -94.28274, 33.58128 ], [ -94.30161, 33.57211 ], [ -94.3093, 33.55175 ], [ -94.33227, 33.55373 ], [ -94.3385, 33.56727 ], [ -94.35277, 33.56089 ], [ -94.35652, 33.54298 ], [ -94.38679, 33.54512 ], [ -94.40059, 33.5568 ], [ -94.37892, 33.57016 ], [ -94.38285, 33.58335 ], [ -94.41245, 33.56902 ], [ -94.42803, 33.59004 ], [ -94.45348, 33.59197 ], [ -94.46906, 33.60764 ], [ -94.45398, 33.61576 ], [ -94.46275, 33.63079 ], [ -94.44678, 33.64018 ], [ -94.49167, 33.63645 ], [ -94.50565, 33.62067 ], [ -94.51747, 33.63306 ], [ -94.52036, 33.61746 ], [ -94.53481, 33.62134 ], [ -94.51853, 33.63757 ], [ -94.52813, 33.64125 ], [ -94.56408, 33.62627 ], [ -94.56856, 33.63692 ], [ -94.54544, 33.64623 ], [ -94.54964, 33.66068 ], [ -94.58005, 33.6445 ], [ -94.59083, 33.64556 ], [ -94.5612, 33.6685 ], [ -94.58078, 33.66639 ], [ -94.58793, 33.68626 ], [ -94.60116, 33.66276 ], [ -94.62684, 33.68204 ], [ -94.6392, 33.66374 ], [ -94.66865, 33.66385 ], [ -94.64534, 33.67364 ], [ -94.66785, 33.69461 ], [ -94.6848, 33.68435 ], [ -94.71834, 33.68866 ], [ -94.70602, 33.70629 ], [ -94.71963, 33.70392 ], [ -94.71953, 33.68886 ], [ -94.7461, 33.70302 ], [ -94.74692, 33.32894 ], [ -94.73031, 33.30881 ], [ -94.69183, 33.31241 ], [ -94.68631, 33.29278 ], [ -94.67235, 33.28973 ], [ -94.65226, 33.26886 ], [ -94.654, 33.06127 ], [ -94.65399, 32.87951 ], [ -94.70576, 32.87916 ], [ -94.69766, 32.84308 ], [ -94.67235, 32.83476 ], [ -94.70214, 32.82052 ], [ -94.70179, 32.65227 ], [ -94.72792, 32.65542 ], [ -94.74614, 32.66754 ], [ -94.7585, 32.65979 ], [ -94.82022, 32.59065 ], [ -94.9748, 32.53594 ], [ -94.98693, 32.53725 ], [ -94.98504, 32.09634 ], [ -94.98504, 31.84619 ], [ -94.93753, 31.84556 ], [ -94.93591, 31.83148 ], [ -94.95543, 31.79637 ], [ -94.97813, 31.79351 ], [ -94.95136, 31.76914 ], [ -94.93863, 31.77223 ], [ -94.93167, 31.75451 ], [ -94.96731, 31.75393 ], [ -94.97276, 31.73763 ], [ -94.95834, 31.7241 ], [ -94.96595, 31.69776 ], [ -94.94857, 31.65741 ], [ -94.95197, 31.64135 ], [ -94.93347, 31.62182 ], [ -94.92422, 31.57949 ], [ -94.9123, 31.56903 ], [ -94.89225, 31.57809 ], [ -94.8972, 31.55281 ], [ -94.88397, 31.52969 ], [ -94.86586, 31.52692 ], [ -94.85307, 31.50847 ], [ -94.84004, 31.50772 ], [ -94.82287, 31.48398 ], [ -94.80429, 31.4904 ], [ -94.72868, 31.45723 ], [ -94.68635, 31.45082 ], [ -94.66284, 31.4588 ], [ -94.62899, 31.44026 ], [ -94.58434, 31.44425 ], [ -94.58145, 31.43319 ], [ -94.55484, 31.43512 ], [ -94.53706, 31.39861 ], [ -94.50219, 31.41053 ], [ -94.48714, 31.39079 ], [ -94.46979, 31.38397 ], [ -94.47079, 31.37232 ], [ -94.44942, 31.32134 ], [ -94.39602, 31.30236 ], [ -94.38303, 31.27411 ], [ -94.33535, 31.22957 ], [ -94.33963, 31.26327 ], [ -94.31593, 31.3045 ], [ -94.32222, 31.32358 ], [ -94.31344, 31.33752 ], [ -94.33119, 31.36297 ], [ -94.32693, 31.39999 ], [ -94.31279, 31.40433 ], [ -94.30493, 31.42182 ], [ -94.32093, 31.44494 ], [ -94.31192, 31.46887 ], [ -94.31883, 31.48165 ], [ -94.30553, 31.49661 ], [ -94.30062, 31.52646 ], [ -94.3134, 31.57554 ], [ -94.31087, 31.58919 ], [ -94.35036, 31.60699 ], [ -94.37368, 31.63553 ], [ -94.39408, 31.63832 ], [ -94.39909, 31.6536 ], [ -94.09072, 31.62061 ], [ -93.98446, 31.56942 ], [ -93.96965, 31.57237 ], [ -93.89654, 31.61184 ], [ -93.88526, 31.60143 ], [ -93.83492, 31.58621 ] ] ] } },
{ "type": "Feature", "properties": { "fid": 160, "ZoneCode": "482020", "AbrvFull": "TX HARR", "NameFull": "Texas Harris", "ZoneNum": 20, "AbrvPart": "HARR", "NamePart": "Harris", "ZoneType": "Multizone partial", "StateAbrv": "TX", "StateName": "Texas", "ProjAbrv": "OMC", "ProjType": "Hotine Oblique Mercator, center", "LatOrigin": "29°34'N", "LonOriginE": "264°36'E", "LonOriginW": "95°24'W", "Lat0_deg": 29.566666666700002, "Lon0_E_deg": 264.6, "Lon0_W_deg": -95.4, "ProjScale": 0.99999, "SkewAz_deg": -20, "FalseN_m": 304800.0, "FalseE_m": 6210300.0, "FalseN_ift": 1000000.0, "FalseE_ift": 20375000.0, "DesignBy": "State", "Ref_frame": "NATRF2022" }, "geometry": { "type": "Polygon", "coordinates": [ [ [ -94.62431, 29.33487 ], [ -94.79494, 29.3544 ], [ -94.88111, 29.51273 ], [ -94.90984, 29.49644 ], [ -94.97806, 29.51167 ], [ -95.0031, 29.52606 ], [ -95.0182, 29.5546 ], [ -95.00608, 29.57707 ], [ -94.98261, 29.60177 ], [ -95.01504, 29.63195 ], [ -95.00164, 29.66439 ], [ -94.96858, 29.68255 ], [ -94.93259, 29.67512 ], [ -94.91558, 29.69818 ], [ -94.92991, 29.69737 ], [ -94.93257, 29.71434 ], [ -94.9454, 29.71624 ], [ -94.9283, 29.73875 ], [ -94.92983, 29.75 ], [ -94.91381, 29.7663 ], [ -94.92384, 29.79472 ], [ -94.90922, 29.81363 ], [ -94.91287, 29.82946 ], [ -94.9346, 29.83429 ], [ -94.95309, 29.8553 ], [ -94.97704, 29.86806 ], [ -94.98792, 29.90474 ], [ -94.99866, 29.91977 ], [ -94.98536, 29.97228 ], [ -94.99981, 29.99144 ], [ -95.03118, 29.99332 ], [ -95.10019, 30.1768 ], [ -95.1659, 30.34498 ], [ -95.22577, 30.31945 ], [ -95.22061, 30.33739 ], [ -95.20381, 30.3521 ], [ -95.21798, 30.35624 ], [ -95.23555, 30.37863 ], [ -95.26071, 30.38345 ], [ -95.30839, 30.40575 ], [ -95.32953, 30.43319 ], [ -95.3507, 30.47606 ], [ -95.36187, 30.50892 ], [ -95.59897, 30.509 ], [ -95.83024, 30.63028 ], [ -95.81748, 30.50022 ], [ -95.80435, 30.3378 ], [ -95.80431, 30.24557 ], [ -95.92328, 30.23728 ], [ -95.95377, 30.23696 ], [ -96.08894, 30.22872 ], [ -96.09316, 30.22519 ], [ -96.09894, 30.21453 ], [ -96.1137, 30.2272 ], [ -96.12823, 30.21161 ], [ -96.14507, 30.21857 ], [ -96.15901, 30.20661 ], [ -96.15487, 30.14137 ], [ -96.17629, 30.15482 ], [ -96.17194, 30.14116 ], [ -96.19142, 30.13467 ], [ -96.17282, 30.09934 ], [ -96.16027, 30.10807 ], [ -96.15842, 30.09171 ], [ -96.14063, 30.05823 ], [ -96.11721, 30.05013 ], [ -96.11322, 30.027 ], [ -96.09471, 30.02538 ], [ -96.08454, 30.00514 ], [ -96.10452, 29.99638 ], [ -96.0957, 29.97814 ], [ -96.10526, 29.95917 ], [ -96.12275, 29.96855 ], [ -96.11946, 29.95502 ], [ -96.13165, 29.9375 ], [ -96.11336, 29.91557 ], [ -96.12627, 29.89885 ], [ -96.09581, 29.87668 ], [ -96.11223, 29.87256 ], [ -96.10166, 29.85396 ], [ -96.12131, 29.84196 ], [ -96.1025, 29.80967 ], [ -96.04923, 29.80319 ], [ -96.0296, 29.75467 ], [ -96.03969, 29.73972 ], [ -96.03239, 29.71748 ], [ -96.0116, 29.71984 ], [ -96.00758, 29.70294 ], [ -96.02264, 29.70501 ], [ -96.01664, 29.68006 ], [ -96.03216, 29.68852 ], [ -96.05722, 29.68194 ], [ -96.04384, 29.66579 ], [ -96.02966, 29.67522 ], [ -96.01604, 29.66372 ], [ -96.03185, 29.65557 ], [ -96.01754, 29.64546 ], [ -96.02485, 29.60288 ], [ -96.08891, 29.60166 ], [ -96.05956, 29.58852 ], [ -96.06, 29.56866 ], [ -96.0446, 29.56224 ], [ -96.04167, 29.54027 ], [ -96.05515, 29.53986 ], [ -96.05392, 29.51201 ], [ -96.02425, 29.50691 ], [ -96.02608, 29.49533 ], [ -96.05968, 29.49187 ], [ -96.06068, 29.47647 ], [ -96.03277, 29.45414 ], [ -96.03659, 29.44569 ], [ -96.00385, 29.42887 ], [ -95.99293, 29.43363 ], [ -95.98206, 29.41077 ], [ -95.97343, 29.41145 ], [ -95.96841, 29.38345 ], [ -95.94729, 29.37252 ], [ -95.93951, 29.35253 ], [ -95.95338, 29.34508 ], [ -95.94681, 29.33343 ], [ -95.923, 29.32927 ], [ -95.89447, 29.31498 ], [ -95.89754, 29.29928 ], [ -95.8796, 29.26676 ], [ -95.85693, 29.26797 ], [ -95.84195, 29.25871 ], [ -95.87403, 29.2297 ], [ -95.84467, 29.20468 ], [ -95.8578, 29.19332 ], [ -95.83837, 29.17656 ], [ -95.8507, 29.15188 ], [ -95.83754, 29.12991 ], [ -95.84631, 29.1078 ], [ -95.82904, 29.08892 ], [ -95.8058, 29.09041 ], [ -95.79366, 29.07249 ], [ -95.77045, 29.06621 ], [ -95.76755, 29.05325 ], [ -95.78545, 29.03896 ], [ -95.77834, 28.99705 ], [ -95.76717, 28.98871 ], [ -95.76494, 28.96736 ], [ -95.70546, 28.96862 ], [ -95.67955, 28.96573 ], [ -95.64582, 28.93889 ], [ -95.6519, 28.92568 ], [ -95.64167, 28.90375 ], [ -95.57924, 28.85961 ], [ -95.57902, 28.83963 ], [ -95.56771, 28.82976 ], [ -95.53047, 28.8291 ], [ -95.50401, 28.83752 ], [ -95.50709, 28.825 ], [ -95.49565, 28.76484 ], [ -95.42007, 28.80563 ], [ -95.4017, 28.80592 ], [ -95.35347, 28.81786 ], [ -95.32211, 28.83444 ], [ -95.30812, 28.85883 ], [ -95.22723, 28.91038 ], [ -95.18051, 28.94924 ], [ -95.13947, 28.9917 ], [ -95.10545, 29.01605 ], [ -95.09434, 29.03224 ], [ -95.0864, 29.06824 ], [ -95.0002, 29.10445 ], [ -94.91212, 29.15932 ], [ -94.84015, 29.19835 ], [ -94.77269, 29.23172 ], [ -94.71331, 29.28252 ], [ -94.69231, 29.27705 ], [ -94.66622, 29.28105 ], [ -94.64242, 29.30014 ], [ -94.62431, 29.33487 ] ] ] } },
{ "type": "Feature", "properties": { "fid": 161, "ZoneCode": "482021", "AbrvFull": "TX HOCK", "NameFull": "Texas Hockley", "ZoneNum": 21, "AbrvPart": "HOCK", "NamePart": "Hockley", "ZoneType": "Multizone partial", "StateAbrv": "TX", "StateName": "Texas", "ProjAbrv": "TM", "ProjType": "Transverse Mercator", "LatOrigin": "30°15'N", "LonOriginE": "257°35'E", "LonOriginW": "102°25'W", "Lat0_deg": 30.25, "Lon0_E_deg": 257.58333333299998, "Lon0_W_deg": -102.416666667, "ProjScale": 1.000162, "SkewAz_deg": -9999, "FalseN_m": 0.0, "FalseE_m": 6515100.0, "FalseN_ift": 0.0, "FalseE_ift": 21375000.0, "DesignBy": "State", "Ref_frame": "NATRF2022" }, "geometry": { "type": "Polygon", "coordinates": [ [ [ -102.07593, 33.38959 ], [ -102.08561, 33.81975 ], [ -102.09041, 34.31313 ], [ -101.99802, 34.31304 ], [ -101.99849, 34.74819 ], [ -102.16884, 34.74742 ], [ -102.3709, 34.74602 ], [ -102.62549, 34.74731 ], [ -103.04298, 34.74736 ], [ -103.04387, 34.22127 ], [ -103.04365, 34.00364 ], [ -103.06462, 32.9999 ], [ -103.0647, 32.9591 ], [ -102.38201, 32.95861 ], [ -102.20852, 32.95896 ], [ -102.07621, 32.9597 ], [ -102.07538, 33.00009 ], [ -102.07593, 33.38959 ] ] ] } },
{ "type": "Feature", "properties": { "fid": 162, "ZoneCode": "482022", "AbrvFull": "TX HWRD", "NameFull": "Texas Howard", "ZoneNum": 22, "AbrvPart": "HWRD", "NamePart": "Howard", "ZoneType": "Multizone partial", "StateAbrv": "TX", "StateName": "Texas", "ProjAbrv": "OMC", "ProjType": "Hotine Oblique Mercator, center", "LatOrigin": "32°43'N", "LonOriginE": "258°30'E", "LonOriginW": "101°30'W", "Lat0_deg": 32.7166666667, "Lon0_E_deg": 258.5, "Lon0_W_deg": -101.5, "ProjScale": 1.000114, "SkewAz_deg": 17, "FalseN_m": 304800.0, "FalseE_m": 6819900.0, "FalseN_ift": 1000000.0, "FalseE_ift": 22375000.0, "DesignBy": "State", "Ref_frame": "NATRF2022" }, "geometry": { "type": "Polygon", "coordinates": [ [ [ -101.03879, 33.39721 ], [ -101.3679, 33.39647 ], [ -101.62543, 33.39465 ], [ -102.07593, 33.38959 ], [ -102.07538, 33.00009 ], [ -102.07621, 32.9597 ], [ -102.20852, 32.95896 ], [ -102.20621, 32.84306 ], [ -102.2027, 32.52327 ], [ -102.21104, 32.52324 ], [ -102.21125, 32.0868 ], [ -101.26422, 32.08714 ], [ -101.184, 32.08721 ], [ -101.17461, 32.49525 ], [ -101.17338, 32.9636 ], [ -101.03866, 32.97023 ], [ -101.03879, 33.39721 ] ] ] } },
{ "type": "Feature", "properties": { "fid": 163, "ZoneCode": "482023", "AbrvFull": "TX JEFF", "NameFull": "Texas Jefferson", "ZoneNum": 23, "AbrvPart": "JEFF", "NamePart": "Jefferson", "ZoneType": "Multizone partial", "StateAbrv": "TX", "StateName": "Texas", "ProjAbrv": "OMC", "ProjType": "Hotine Oblique Mercator, center", "LatOrigin": "30°45'N", "LonOriginE": "265°51'E", "LonOriginW": "94°09'W", "Lat0_deg": 30.75, "Lon0_E_deg": 265.85, "Lon0_W_deg": -94.15, "ProjScale": 0.99999, "SkewAz_deg": -11, "FalseN_m": 304800.0, "FalseE_m": 7124700.0, "FalseN_ift": 1000000.0, "FalseE_ift": 23375000.0, "DesignBy": "State", "Ref_frame": "NATRF2022" }, "geometry": { "type": "Polygon", "coordinates": [ [ [ -93.83492, 31.58621 ], [ -93.88526, 31.60143 ], [ -93.89654, 31.61184 ], [ -93.96965, 31.57237 ], [ -93.98446, 31.56942 ], [ -94.09072, 31.62061 ], [ -94.39909, 31.6536 ], [ -94.39408, 31.63832 ], [ -94.37368, 31.63553 ], [ -94.35036, 31.60699 ], [ -94.31087, 31.58919 ], [ -94.3134, 31.57554 ], [ -94.30062, 31.52646 ], [ -94.30553, 31.49661 ], [ -94.31883, 31.48165 ], [ -94.31192, 31.46887 ], [ -94.32093, 31.44494 ], [ -94.30493, 31.42182 ], [ -94.31279, 31.40433 ], [ -94.32693, 31.39999 ], [ -94.33119, 31.36297 ], [ -94.31344, 31.33752 ], [ -94.32222, 31.32358 ], [ -94.31593, 31.3045 ], [ -94.33963, 31.26327 ], [ -94.33535, 31.22957 ], [ -94.38303, 31.27411 ], [ -94.39602, 31.30236 ], [ -94.44942, 31.32134 ], [ -94.47079, 31.37232 ], [ -94.46979, 31.38397 ], [ -94.48714, 31.39079 ], [ -94.50219, 31.41053 ], [ -94.53706, 31.39861 ], [ -94.55484, 31.43512 ], [ -94.58145, 31.43319 ], [ -94.58434, 31.44425 ], [ -94.62899, 31.44026 ], [ -94.66284, 31.4588 ], [ -94.68635, 31.45082 ], [ -94.72868, 31.45723 ], [ -94.80429, 31.4904 ], [ -94.82287, 31.48398 ], [ -94.84004, 31.50772 ], [ -94.85307, 31.50847 ], [ -94.86586, 31.52692 ], [ -95.00303, 31.42622 ], [ -94.97603, 31.40774 ], [ -94.95811, 31.38693 ], [ -94.95782, 31.34285 ], [ -94.9095, 31.33706 ], [ -94.89902, 31.32697 ], [ -94.89468, 31.29171 ], [ -94.87671, 31.28339 ], [ -94.89768, 31.25801 ], [ -94.87455, 31.24965 ], [ -94.86117, 31.23275 ], [ -94.86574, 31.21207 ], [ -94.85007, 31.17855 ], [ -94.85221, 31.14802 ], [ -94.73859, 31.10369 ], [ -94.71862, 31.10699 ], [ -94.69835, 31.09625 ], [ -94.67301, 31.09583 ], [ -94.6583, 31.08478 ], [ -94.61441, 31.08521 ], [ -94.59892, 31.06856 ], [ -94.56207, 31.05887 ], [ -94.65799, 31.01201 ], [ -94.54204, 30.51135 ], [ -94.53793, 30.49106 ], [ -94.73273, 30.49007 ], [ -94.59634, 30.1121 ], [ -94.44491, 30.11302 ], [ -94.4422, 29.88705 ], [ -94.35798, 29.88746 ], [ -94.35338, 29.57484 ], [ -94.35488, 29.50633 ], [ -94.12518, 29.59556 ], [ -94.03356, 29.625 ], [ -93.90604, 29.625 ], [ -93.87501, 29.62143 ], [ -93.84859, 29.60026 ], [ -93.81435, 29.59658 ], [ -93.83741, 29.68989 ], [ -93.87002, 29.73548 ], [ -93.88882, 29.74223 ], [ -93.89847, 29.77158 ], [ -93.92241, 29.78505 ], [ -93.92881, 29.79708 ], [ -93.92274, 29.81881 ], [ -93.90358, 29.835 ], [ -93.8599, 29.85992 ], [ -93.83037, 29.89436 ], [ -93.81729, 29.91842 ], [ -93.80655, 29.95745 ], [ -93.79009, 29.98656 ], [ -93.77157, 29.99592 ], [ -93.73973, 30.02399 ], [ -93.73671, 30.03839 ], [ -93.71377, 30.06569 ], [ -93.73277, 30.08286 ], [ -93.70426, 30.11066 ], [ -93.70125, 30.13738 ], [ -93.69285, 30.13521 ], [ -93.71054, 30.17973 ], [ -93.71419, 30.20866 ], [ -93.70458, 30.28995 ], [ -93.74203, 30.30095 ], [ -93.76585, 30.33311 ], [ -93.75486, 30.36609 ], [ -93.75741, 30.39081 ], [ -93.69813, 30.43888 ], [ -93.71707, 30.49445 ], [ -93.71432, 30.51856 ], [ -93.74025, 30.53957 ], [ -93.72918, 30.54485 ], [ -93.72747, 30.57472 ], [ -93.71378, 30.58758 ], [ -93.67866, 30.5941 ], [ -93.6831, 30.64076 ], [ -93.65497, 30.67019 ], [ -93.63134, 30.67787 ], [ -93.62044, 30.69414 ], [ -93.61723, 30.71858 ], [ -93.60539, 30.71716 ], [ -93.61913, 30.742 ], [ -93.61435, 30.7602 ], [ -93.5921, 30.76368 ], [ -93.58223, 30.80312 ], [ -93.56298, 30.80601 ], [ -93.55363, 30.83514 ], [ -93.56859, 30.84365 ], [ -93.5585, 30.86791 ], [ -93.57408, 30.88453 ], [ -93.5492, 30.89744 ], [ -93.55837, 30.91354 ], [ -93.53201, 30.92375 ], [ -93.52601, 30.93754 ], [ -93.53176, 30.95822 ], [ -93.57433, 30.97371 ], [ -93.56543, 30.99058 ], [ -93.57821, 31.0 ], [ -93.56563, 31.01316 ], [ -93.55593, 31.00374 ], [ -93.53918, 31.00821 ], [ -93.50829, 31.03235 ], [ -93.52474, 31.03901 ], [ -93.52764, 31.07451 ], [ -93.5522, 31.07893 ], [ -93.56318, 31.09699 ], [ -93.53937, 31.11521 ], [ -93.5487, 31.15584 ], [ -93.53428, 31.18543 ], [ -93.54893, 31.1866 ], [ -93.58912, 31.16589 ], [ -93.60231, 31.18174 ], [ -93.60729, 31.2054 ], [ -93.59839, 31.2311 ], [ -93.61825, 31.23311 ], [ -93.61394, 31.25938 ], [ -93.62083, 31.2713 ], [ -93.63969, 31.26916 ], [ -93.68751, 31.31081 ], [ -93.67384, 31.32386 ], [ -93.66844, 31.35301 ], [ -93.64764, 31.3581 ], [ -93.63926, 31.37154 ], [ -93.671, 31.36622 ], [ -93.67412, 31.39768 ], [ -93.70488, 31.41088 ], [ -93.69263, 31.43719 ], [ -93.74948, 31.46869 ], [ -93.74515, 31.48564 ], [ -93.7226, 31.49277 ], [ -93.71249, 31.51336 ], [ -93.73738, 31.51386 ], [ -93.74723, 31.53062 ], [ -93.78503, 31.52596 ], [ -93.81858, 31.55483 ], [ -93.81843, 31.57094 ], [ -93.83492, 31.58621 ] ] ] } },
{ "type": "Feature", "properties": { "fid": 164, "ZoneCode": "482024", "AbrvFull": "TX KEND", "NameFull": "Texas Kendall", "ZoneNum": 24, "AbrvPart": "KEND", "NamePart": "Kendall", "ZoneType": "Multizone partial", "StateAbrv": "TX", "StateName": "Texas", "ProjAbrv": "OMC", "ProjType": "Hotine Oblique Mercator, center", "LatOrigin": "30°38'N", "LonOriginE": "261°00'E", "LonOriginW": "99°00'W", "Lat0_deg": 30.633333333300001, "Lon0_E_deg": 261.0, "Lon0_W_deg": -99.0, "ProjScale": 1.000072, "SkewAz_deg": -22, "FalseN_m": 304800.0, "FalseE_m": 7429500.0, "FalseN_ift": 1000000.0, "FalseE_ift": 24375000.0, "DesignBy": "State", "Ref_frame": "NATRF2022" }, "geometry": { "type": "Polygon", "coordinates": [ [ [ -99.20277, 31.46723 ], [ -99.23845, 31.48313 ], [ -99.3026, 31.4325 ], [ -99.31487, 31.40988 ], [ -99.35721, 31.43085 ], [ -99.40228, 31.4462 ], [ -99.39879, 31.46008 ], [ -99.41689, 31.46139 ], [ -99.44082, 31.47501 ], [ -99.44949, 31.46993 ], [ -99.4369, 31.44603 ], [ -99.46944, 31.43013 ], [ -99.47055, 31.42199 ], [ -99.493, 31.44451 ], [ -99.51368, 31.4255 ], [ -99.53721, 31.48362 ], [ -99.57256, 31.49365 ], [ -99.60185, 31.49195 ], [ -99.6025, 31.36256 ], [ -99.60152, 31.12517 ], [ -99.60322, 31.0873 ], [ -99.60363, 30.94073 ], [ -99.48475, 30.94061 ], [ -99.48381, 30.74088 ], [ -99.48449, 30.49964 ], [ -99.304, 30.49983 ], [ -99.30172, 30.28665 ], [ -99.30099, 30.1343 ], [ -98.92015, 30.13829 ], [ -98.92007, 29.89096 ], [ -98.91772, 29.7814 ], [ -98.77878, 29.72017 ], [ -98.73777, 29.71675 ], [ -98.69999, 29.73744 ], [ -98.64569, 29.74568 ], [ -98.48687, 29.87522 ], [ -98.41402, 29.93756 ], [ -98.5879, 30.13895 ], [ -98.58786, 30.23498 ], [ -98.59167, 30.49988 ], [ -98.96423, 30.49848 ], [ -98.96361, 30.75007 ], [ -98.96461, 30.92137 ], [ -99.09243, 30.92197 ], [ -99.09183, 31.25017 ], [ -99.09062, 31.46093 ], [ -99.09794, 31.44819 ], [ -99.11615, 31.46824 ], [ -99.16212, 31.46785 ], [ -99.18487, 31.45496 ], [ -99.18856, 31.47034 ], [ -99.20277, 31.46723 ] ] ] } },
{ "type": "Feature", "properties": { "fid": 165, "ZoneCode": "482025", "AbrvFull": "TX KERR", "NameFull": "Texas Kerr", "ZoneNum": 25, "AbrvPart": "KERR", "NamePart": "Kerr", "ZoneType": "Multizone partial", "StateAbrv": "TX", "StateName": "Texas", "ProjAbrv": "LC1", "ProjType": "Lambert Conformal Conic, one parallel", "LatOrigin": "29°50'N", "LonOriginE": "259°54'E", "LonOriginW": "100°06'W", "Lat0_deg": 29.833333333300001, "Lon0_E_deg": 259.9, "Lon0_W_deg": -100.1, "ProjScale": 1.000082, "SkewAz_deg": -9999, "FalseN_m": 495300.0, "FalseE_m": 7810500.0, "FalseN_ift": 1625000.0, "FalseE_ift": 25625000.0, "DesignBy": "State", "Ref_frame": "NATRF2022" }, "geometry": { "type": "Polygon", "coordinates": [ [ [ -99.30172, 30.28665 ], [ -99.75414, 30.2907 ], [ -100.12386, 30.29039 ], [ -100.50036, 30.28786 ], [ -100.72159, 30.28828 ], [ -101.00515, 30.28733 ], [ -101.24969, 30.28826 ], [ -101.7584, 30.28804 ], [ -101.75966, 29.91843 ], [ -101.76092, 29.7818 ], [ -101.73335, 29.77118 ], [ -101.71973, 29.77574 ], [ -101.71206, 29.76278 ], [ -101.69011, 29.77105 ], [ -101.68144, 29.76078 ], [ -101.66299, 29.77106 ], [ -101.64694, 29.75457 ], [ -101.62966, 29.76917 ], [ -101.60665, 29.77411 ], [ -101.57581, 29.76932 ], [ -101.56775, 29.79873 ], [ -101.5419, 29.81078 ], [ -101.53501, 29.79768 ], [ -101.53919, 29.76177 ], [ -101.50039, 29.76587 ], [ -101.47886, 29.78409 ], [ -101.4558, 29.78805 ], [ -101.44888, 29.7507 ], [ -101.41093, 29.77015 ], [ -101.40015, 29.76008 ], [ -101.41558, 29.74653 ], [ -101.39701, 29.73396 ], [ -101.39836, 29.717 ], [ -101.37539, 29.70181 ], [ -101.36322, 29.65264 ], [ -101.34786, 29.66221 ], [ -101.31413, 29.65905 ], [ -101.30003, 29.6407 ], [ -101.31171, 29.61537 ], [ -101.31164, 29.58513 ], [ -101.29096, 29.57154 ], [ -101.27788, 29.59081 ], [ -101.27876, 29.61947 ], [ -101.26223, 29.63061 ], [ -101.24733, 29.61848 ], [ -101.2523, 29.60417 ], [ -101.24103, 29.56503 ], [ -101.26118, 29.53678 ], [ -101.25489, 29.52034 ], [ -101.23527, 29.52485 ], [ -101.17382, 29.51457 ], [ -101.15188, 29.47701 ], [ -101.13004, 29.47842 ], [ -101.11525, 29.46846 ], [ -101.08715, 29.46941 ], [ -101.06015, 29.45866 ], [ -101.05696, 29.44077 ], [ -101.04336, 29.42988 ], [ -101.0366, 29.40611 ], [ -101.02026, 29.39225 ], [ -101.00395, 29.3647 ], [ -100.95073, 29.34771 ], [ -100.94126, 29.33393 ], [ -100.90642, 29.31303 ], [ -100.88684, 29.30785 ], [ -100.87813, 29.28086 ], [ -100.85639, 29.27575 ], [ -100.79463, 29.24161 ], [ -100.74556, 29.25481 ], [ -100.73907, 29.2904 ], [ -100.74859, 29.305 ], [ -100.74509, 29.32805 ], [ -100.71199, 29.33801 ], [ -100.71064, 29.36978 ], [ -100.69914, 29.41975 ], [ -100.69993, 29.6239 ], [ -100.02998, 29.62342 ], [ -99.75176, 29.62477 ], [ -99.60394, 29.62718 ], [ -99.35958, 29.62734 ], [ -99.27388, 29.62584 ], [ -98.98379, 29.62345 ], [ -98.97613, 29.61326 ], [ -98.98707, 29.58466 ], [ -98.9852, 29.56408 ], [ -98.96473, 29.5589 ], [ -98.92716, 29.56225 ], [ -98.80655, 29.69071 ], [ -98.77878, 29.72017 ], [ -98.91772, 29.7814 ], [ -98.92007, 29.89096 ], [ -98.92015, 30.13829 ], [ -99.30099, 30.1343 ], [ -99.30172, 30.28665 ] ] ] } },
{ "type": "Feature", "properties": { "fid": 166, "ZoneCode": "482026", "AbrvFull": "TX KMBL", "NameFull": "Texas Kimble", "ZoneNum": 26, "AbrvPart": "KMBL", "NamePart": "Kimble", "ZoneType": "Multizone partial", "StateAbrv": "TX", "StateName": "Texas", "ProjAbrv": "LC1", "ProjType": "Lambert Conformal Conic, one parallel", "LatOrigin": "30°41'N", "LonOriginE": "259°09'E", "LonOriginW": "100°51'W", "Lat0_deg": 30.683333333299998, "Lon0_E_deg": 259.15, "Lon0_W_deg": -100.85, "ProjScale": 1.000095, "SkewAz_deg": -9999, "FalseN_m": 685800.0, "FalseE_m": 8077200.0, "FalseN_ift": 2250000.0, "FalseE_ift": 26500000.0, "DesignBy": "State", "Ref_frame": "NATRF2022" }, "geometry": { "type": "Polygon", "coordinates": [ [ [ -100.11522, 31.08799 ], [ -100.25036, 31.08848 ], [ -100.68876, 31.08658 ], [ -101.00039, 31.08187 ], [ -101.25039, 31.07941 ], [ -101.86237, 31.07977 ], [ -101.9572, 31.08212 ], [ -102.3888, 31.08716 ], [ -102.31857, 31.06099 ], [ -102.29268, 31.03668 ], [ -102.26596, 31.03427 ], [ -102.24657, 31.04205 ], [ -102.20203, 31.03103 ], [ -102.18963, 31.00337 ], [ -102.15193, 31.0073 ], [ -102.1394, 30.99493 ], [ -102.12776, 31.00118 ], [ -102.1099, 30.99032 ], [ -102.08173, 30.98669 ], [ -102.04918, 31.00364 ], [ -102.01167, 30.97934 ], [ -101.99303, 30.98934 ], [ -101.96112, 30.97071 ], [ -101.95189, 30.95568 ], [ -101.92102, 30.94641 ], [ -101.9082, 30.92825 ], [ -101.88344, 30.92565 ], [ -101.87428, 30.91224 ], [ -101.89118, 30.89074 ], [ -101.86005, 30.87362 ], [ -101.84509, 30.84103 ], [ -101.84721, 30.82841 ], [ -101.83292, 30.80824 ], [ -101.83989, 30.78528 ], [ -101.83453, 30.75795 ], [ -101.81583, 30.75202 ], [ -101.80742, 30.6995 ], [ -101.7758, 30.68089 ], [ -101.76842, 30.65308 ], [ -101.75043, 30.64969 ], [ -101.71206, 30.65464 ], [ -101.68968, 30.63905 ], [ -101.66983, 30.63791 ], [ -101.65263, 30.61937 ], [ -101.66353, 30.58886 ], [ -101.64624, 30.56076 ], [ -101.6676, 30.52802 ], [ -101.67996, 30.5218 ], [ -101.6751, 30.50214 ], [ -101.69182, 30.49142 ], [ -101.68887, 30.46762 ], [ -101.7001, 30.4576 ], [ -101.7219, 30.47102 ], [ -101.73097, 30.45945 ], [ -101.72032, 30.44223 ], [ -101.74043, 30.4209 ], [ -101.72873, 30.40829 ], [ -101.70163, 30.40224 ], [ -101.69742, 30.38049 ], [ -101.65853, 30.35786 ], [ -101.66956, 30.33936 ], [ -101.70061, 30.34593 ], [ -101.73699, 30.32698 ], [ -101.74451, 30.30128 ], [ -101.7584, 30.28804 ], [ -101.24969, 30.28826 ], [ -101.00515, 30.28733 ], [ -100.72159, 30.28828 ], [ -100.50036, 30.28786 ], [ -100.12386, 30.29039 ], [ -99.75414, 30.2907 ], [ -99.30172, 30.28665 ], [ -99.304, 30.49983 ], [ -99.48449, 30.49964 ], [ -99.48381, 30.74088 ], [ -99.48475, 30.94061 ], [ -99.60363, 30.94073 ], [ -99.60322, 31.0873 ], [ -100.00035, 31.08743 ], [ -100.11522, 31.08799 ] ] ] } },
{ "type": "Feature", "properties": { "fid": 167, "ZoneCode": "482027", "AbrvFull": "TX LBK", "NameFull": "Texas Lubbock", "ZoneNum": 27, "AbrvPart": "LBK", "NamePart": "Lubbock", "ZoneType": "Multizone partial", "StateAbrv": "TX", "StateName": "Texas", "ProjAbrv": "OMC", "ProjType": "Hotine Oblique Mercator, center", "LatOrigin": "33°51'N", "LonOriginE": "258°38'E", "LonOriginW": "101°22'W", "Lat0_deg": 33.85, "Lon0_E_deg": 258.633333333, "Lon0_W_deg": -101.366666667, "ProjScale": 1.000131, "SkewAz_deg": 8, "FalseN_m": 304800.0, "FalseE_m": 8343900.0, "FalseN_ift": 1000000.0, "FalseE_ift": 27375000.0, "DesignBy": "State", "Ref_frame": "NATRF2022" }, "geometry": { "type": "Polygon", "coordinates": [ [ [ -101.09075, 34.74825 ], [ -101.37544, 34.74821 ], [ -101.44112, 34.74742 ], [ -101.99849, 34.74819 ], [ -101.99802, 34.31304 ], [ -102.09041, 34.31313 ], [ -102.08561, 33.81975 ], [ -102.07593, 33.38959 ], [ -101.62543, 33.39465 ], [ -101.3679, 33.39647 ], [ -101.03879, 33.39721 ], [ -101.03885, 33.50009 ], [ -101.04116, 33.83363 ], [ -101.04148, 34.31244 ], [ -100.94613, 34.31276 ], [ -100.94494, 34.74828 ], [ -101.09075, 34.74825 ] ] ] } },
{ "type": "Feature", "properties": { "fid": 168, "ZoneCode": "482028", "AbrvFull": "TX MAV", "NameFull": "Texas Maverick", "ZoneNum": 28, "AbrvPart": "MAV", "NamePart": "Maverick", "ZoneType": "Multizone partial", "StateAbrv": "TX", "StateName": "Texas", "ProjAbrv": "LC1", "ProjType": "Lambert Conformal Conic, one parallel", "LatOrigin": "28°36'N", "LonOriginE": "260°03'E", "LonOriginW": "99°57'W", "Lat0_deg": 28.6, "Lon0_E_deg": 260.05, "Lon0_W_deg": -99.95, "ProjScale": 1.00002, "SkewAz_deg": -9999, "FalseN_m": 304800.0, "FalseE_m": 8648700.0, "FalseN_ift": 1000000.0, "FalseE_ift": 28375000.0, "DesignBy": "State", "Ref_frame": "NATRF2022" }, "geometry": { "type": "Polygon", "coordinates": [ [ [ -99.39418, 28.20463 ], [ -99.39567, 28.25228 ], [ -99.39441, 28.34979 ], [ -99.39668, 28.50027 ], [ -99.39574, 28.64078 ], [ -99.40902, 28.64057 ], [ -99.41109, 28.75025 ], [ -99.41388, 29.09134 ], [ -99.6846, 29.08927 ], [ -99.86235, 29.08885 ], [ -100.00107, 29.08702 ], [ -100.25035, 29.08522 ], [ -100.37535, 29.08581 ], [ -100.66755, 29.08429 ], [ -100.66321, 29.04804 ], [ -100.64589, 28.98642 ], [ -100.65154, 28.94558 ], [ -100.62348, 28.9096 ], [ -100.60075, 28.90008 ], [ -100.60384, 28.88839 ], [ -100.59104, 28.86305 ], [ -100.57299, 28.84846 ], [ -100.57047, 28.82604 ], [ -100.54658, 28.82492 ], [ -100.53243, 28.79106 ], [ -100.53355, 28.76108 ], [ -100.50761, 28.7406 ], [ -100.51053, 28.69267 ], [ -100.50035, 28.66196 ], [ -100.46207, 28.64111 ], [ -100.44575, 28.64063 ], [ -100.4476, 28.61007 ], [ -100.43187, 28.59784 ], [ -100.39846, 28.58517 ], [ -100.41139, 28.55196 ], [ -100.38696, 28.51402 ], [ -100.33474, 28.50026 ], [ -100.34418, 28.48625 ], [ -100.3682, 28.47891 ], [ -100.34153, 28.44957 ], [ -100.33619, 28.43018 ], [ -100.34945, 28.40371 ], [ -100.34187, 28.38495 ], [ -100.28864, 28.31698 ], [ -100.29347, 28.27847 ], [ -100.25779, 28.24034 ], [ -100.22363, 28.23522 ], [ -100.21219, 28.19684 ], [ -99.49991, 28.20324 ], [ -99.39418, 28.20463 ] ] ] } },
{ "type": "Feature", "properties": { "fid": 169, "ZoneCode": "482029", "AbrvFull": "TX MCLN", "NameFull": "Texas McLennan", "ZoneNum": 29, "AbrvPart": "MCLN", "NamePart": "McLennan", "ZoneType": "Multizone partial", "StateAbrv": "TX", "StateName": "Texas", "ProjAbrv": "OMC", "ProjType": "Hotine Oblique Mercator, center", "LatOrigin": "31°53'N", "LonOriginE": "263°00'E", "LonOriginW": "97°00'W", "Lat0_deg": 31.883333333300001, "Lon0_E_deg": 263.0, "Lon0_W_deg": -97.0, "ProjScale": 1.000016, "SkewAz_deg": 60, "FalseN_m": 304800.0, "FalseE_m": 8991600.0, "FalseN_ift": 1000000.0, "FalseE_ift": 29500000.0, "DesignBy": "State", "Ref_frame": "NATRF2022" }, "geometry": { "type": "Polygon", "coordinates": [ [ [ -96.05478, 32.01253 ], [ -96.06265, 32.02644 ], [ -96.06953, 32.0765 ], [ -96.06601, 32.08581 ], [ -96.10536, 32.07534 ], [ -96.11773, 32.09463 ], [ -96.1147, 32.12649 ], [ -96.10242, 32.14227 ], [ -96.11569, 32.16092 ], [ -96.13841, 32.15142 ], [ -96.16697, 32.15867 ], [ -96.17648, 32.18138 ], [ -96.15791, 32.19133 ], [ -96.15585, 32.21501 ], [ -96.17585, 32.20394 ], [ -96.19696, 32.20694 ], [ -96.22937, 32.23618 ], [ -96.23397, 32.25001 ], [ -96.25655, 32.24506 ], [ -96.26767, 32.2592 ], [ -96.28589, 32.25598 ], [ -96.28401, 32.27923 ], [ -96.32312, 32.3062 ], [ -96.33902, 32.30597 ], [ -96.38291, 32.32893 ], [ -96.62527, 32.20658 ], [ -96.74987, 32.1465 ], [ -96.94066, 32.05209 ], [ -97.08704, 32.26682 ], [ -97.47598, 32.18168 ], [ -97.47181, 32.17552 ], [ -97.51179, 32.16194 ], [ -97.51572, 32.13377 ], [ -97.56832, 32.15024 ], [ -97.56769, 32.17501 ], [ -97.60237, 32.17885 ], [ -97.58976, 32.19316 ], [ -97.61509, 32.20349 ], [ -97.63088, 32.2074 ], [ -97.8654, 32.08706 ], [ -98.00546, 32.0179 ], [ -97.76643, 31.67246 ], [ -97.68983, 31.71102 ], [ -97.50017, 31.43693 ], [ -97.41861, 31.3202 ], [ -97.34343, 31.24422 ], [ -97.27811, 31.2798 ], [ -96.97876, 31.43047 ], [ -96.80112, 31.52227 ], [ -96.93221, 31.70889 ], [ -96.71911, 31.81489 ], [ -96.49671, 31.79619 ], [ -96.3357, 31.87597 ], [ -96.05478, 32.01253 ] ] ] } },
{ "type": "Feature", "properties": { "fid": 170, "ZoneCode": "482030", "AbrvFull": "TX MDNA", "NameFull": "Texas Medina", "ZoneNum": 30, "AbrvPart": "MDNA", "NamePart": "Medina", "ZoneType": "Multizone partial", "StateAbrv": "TX", "StateName": "Texas", "ProjAbrv": "OMC", "ProjType": "Hotine Oblique Mercator, center", "LatOrigin": "29°21'N", "LonOriginE": "260°03'E", "LonOriginW": "99°57'W", "Lat0_deg": 29.35, "Lon0_E_deg": 260.05, "Lon0_W_deg": -99.95, "ProjScale": 1.000048, "SkewAz_deg": -85, "FalseN_m": 304800.0, "FalseE_m": 9258300.0, "FalseN_ift": 1000000.0, "FalseE_ift": 30375000.0, "DesignBy": "State", "Ref_frame": "NATRF2022" }, "geometry": { "type": "Polygon", "coordinates": [ [ [ -98.80476, 29.25069 ], [ -98.80459, 29.32341 ], [ -98.80655, 29.69071 ], [ -98.92716, 29.56225 ], [ -98.96473, 29.5589 ], [ -98.9852, 29.56408 ], [ -98.98707, 29.58466 ], [ -98.97613, 29.61326 ], [ -98.98379, 29.62345 ], [ -99.27388, 29.62584 ], [ -99.35958, 29.62734 ], [ -99.60394, 29.62718 ], [ -99.75176, 29.62477 ], [ -100.02998, 29.62342 ], [ -100.69993, 29.6239 ], [ -100.69914, 29.41975 ], [ -100.71064, 29.36978 ], [ -100.71199, 29.33801 ], [ -100.74509, 29.32805 ], [ -100.74859, 29.305 ], [ -100.73907, 29.2904 ], [ -100.74556, 29.25481 ], [ -100.79463, 29.24161 ], [ -100.766, 29.18585 ], [ -100.7759, 29.17334 ], [ -100.73779, 29.13908 ], [ -100.6752, 29.10074 ], [ -100.66755, 29.08429 ], [ -100.37535, 29.08581 ], [ -100.25035, 29.08522 ], [ -100.00107, 29.08702 ], [ -99.86235, 29.08885 ], [ -99.6846, 29.08927 ], [ -99.41388, 29.09134 ], [ -98.98073, 29.09116 ], [ -98.8049, 29.09043 ], [ -98.80476, 29.25069 ] ] ] } },
{ "type": "Feature", "properties": { "fid": 171, "ZoneCode": "482031", "AbrvFull": "TX MIDL", "NameFull": "Texas Midland", "ZoneNum": 31, "AbrvPart": "MIDL", "NamePart": "Midland", "ZoneType": "Multizone partial", "StateAbrv": "TX", "StateName": "Texas", "ProjAbrv": "LC1", "ProjType": "Lambert Conformal Conic, one parallel", "LatOrigin": "31°55'N", "LonOriginE": "257°33'E", "LonOriginW": "102°27'W", "Lat0_deg": 31.916666666699999, "Lon0_E_deg": 257.55, "Lon0_W_deg": -102.45, "ProjScale": 1.000131, "SkewAz_deg": -9999, "FalseN_m": 304800.0, "FalseE_m": 9601200.0, "FalseN_ift": 1000000.0, "FalseE_ift": 31500000.0, "DesignBy": "State", "Ref_frame": "NATRF2022" }, "geometry": { "type": "Polygon", "coordinates": [ [ [ -101.26422, 32.08714 ], [ -102.21125, 32.0868 ], [ -102.56965, 32.08705 ], [ -102.79909, 32.0858 ], [ -102.80156, 32.08715 ], [ -103.06452, 32.08705 ], [ -103.06451, 32.00042 ], [ -103.98018, 32.00013 ], [ -103.97446, 31.97921 ], [ -103.95192, 31.98742 ], [ -103.9409, 31.94455 ], [ -103.9224, 31.94253 ], [ -103.91225, 31.90242 ], [ -103.88239, 31.89192 ], [ -103.88558, 31.87037 ], [ -103.83964, 31.8894 ], [ -103.82938, 31.88799 ], [ -103.82868, 31.86255 ], [ -103.81307, 31.84632 ], [ -103.82111, 31.83864 ], [ -103.80712, 31.82176 ], [ -103.80946, 31.79432 ], [ -103.79723, 31.77019 ], [ -103.74681, 31.73951 ], [ -103.72401, 31.73925 ], [ -103.7006, 31.7484 ], [ -103.68582, 31.74216 ], [ -103.67603, 31.72275 ], [ -103.65947, 31.7104 ], [ -103.62573, 31.70503 ], [ -103.62075, 31.69034 ], [ -103.63564, 31.69029 ], [ -103.63242, 31.67362 ], [ -103.61089, 31.6518 ], [ -102.59769, 31.65109 ], [ -102.00705, 31.65163 ], [ -101.61625, 31.65153 ], [ -101.26712, 31.65085 ], [ -101.26422, 32.08714 ] ] ] } },
{ "type": "Feature", "properties": { "fid": 172, "ZoneCode": "482032", "AbrvFull": "TX PARK", "NameFull": "Texas Parker", "ZoneNum": 32, "AbrvPart": "PARK", "NamePart": "Parker", "ZoneType": "Multizone partial", "StateAbrv": "TX", "StateName": "Texas", "ProjAbrv": "TM", "ProjType": "Transverse Mercator", "LatOrigin": "29°15'N", "LonOriginE": "262°06'E", "LonOriginW": "97°54'W", "Lat0_deg": 29.25, "Lon0_E_deg": 262.1, "Lon0_W_deg": -97.9, "ProjScale": 1.000033, "SkewAz_deg": -9999, "FalseN_m": 0.0, "FalseE_m": 9867900.0, "FalseN_ift": 0.0, "FalseE_ift": 32375000.0, "DesignBy": "State", "Ref_frame": "NATRF2022" }, "geometry": { "type": "Polygon", "coordinates": [ [ [ -97.48416, 33.91551 ], [ -97.50093, 33.91954 ], [ -97.55827, 33.8971 ], [ -97.58925, 33.90392 ], [ -97.59698, 33.92023 ], [ -97.58883, 33.95188 ], [ -97.60909, 33.96809 ], [ -97.66149, 33.99082 ], [ -97.68769, 33.98718 ], [ -97.70954, 33.95488 ], [ -97.73222, 33.93668 ], [ -97.76304, 33.93415 ], [ -97.7594, 33.91882 ], [ -97.78613, 33.91342 ], [ -97.78466, 33.89063 ], [ -97.80174, 33.89515 ], [ -97.8335, 33.8581 ], [ -97.87818, 33.85053 ], [ -97.93967, 33.87945 ], [ -97.95706, 33.87877 ], [ -97.98437, 33.89802 ], [ -97.97998, 33.9114 ], [ -97.95715, 33.91445 ], [ -97.95551, 33.93819 ], [ -97.97117, 33.93713 ], [ -97.96104, 33.9511 ], [ -97.9468, 33.99089 ], [ -97.97417, 34.00672 ], [ -97.98739, 33.99982 ], [ -98.04112, 33.99346 ], [ -98.08443, 34.00289 ], [ -98.08402, 34.01437 ], [ -98.10362, 34.02921 ], [ -98.08384, 34.04172 ], [ -98.10063, 34.04998 ], [ -98.12021, 34.07213 ], [ -98.08975, 34.12821 ], [ -98.10194, 34.14683 ], [ -98.12338, 34.15454 ], [ -98.16879, 34.11426 ], [ -98.20007, 34.11678 ], [ -98.23247, 34.13464 ], [ -98.25647, 34.12948 ], [ -98.30021, 34.13458 ], [ -98.32258, 34.14972 ], [ -98.36402, 34.15711 ], [ -98.38708, 34.14091 ], [ -98.37976, 34.13117 ], [ -98.39844, 34.12846 ], [ -98.39839, 34.10457 ], [ -98.42353, 34.08284 ], [ -98.42326, 33.61888 ], [ -98.42044, 33.3751 ], [ -98.42089, 33.26985 ], [ -98.42462, 33.1501 ], [ -98.42721, 32.9523 ], [ -98.57562, 32.95435 ], [ -98.57626, 32.51516 ], [ -98.47518, 32.51304 ], [ -98.47468, 32.29908 ], [ -98.55116, 32.26144 ], [ -98.4544, 32.12165 ], [ -98.39524, 32.03987 ], [ -98.3275, 31.94126 ], [ -98.25121, 31.98013 ], [ -98.20839, 31.91751 ], [ -98.00546, 32.0179 ], [ -97.8654, 32.08706 ], [ -97.63088, 32.2074 ], [ -97.61509, 32.20349 ], [ -97.61707, 32.55548 ], [ -97.55058, 32.55539 ], [ -97.5475, 32.84043 ], [ -97.54418, 32.99418 ], [ -97.39848, 32.99084 ], [ -97.39071, 33.25012 ], [ -97.38301, 33.43289 ], [ -97.48706, 33.43368 ], [ -97.48416, 33.91551 ] ] ] } },
{ "type": "Feature", "properties": { "fid": 173, "ZoneCode": "482033", "AbrvFull": "TX PCOS", "NameFull": "Texas Pecos", "ZoneNum": 33, "AbrvPart": "PCOS", "NamePart": "Pecos", "ZoneType": "Multizone partial", "StateAbrv": "TX", "StateName": "Texas", "ProjAbrv": "OMC", "ProjType": "Hotine Oblique Mercator, center", "LatOrigin": "31°07'N", "LonOriginE": "257°00'E", "LonOriginW": "103°00'W", "Lat0_deg": 31.116666666699999, "Lon0_E_deg": 257.0, "Lon0_W_deg": -103.0, "ProjScale": 1.000138, "SkewAz_deg": -60, "FalseN_m": 304800.0, "FalseE_m": 10210800.0, "FalseN_ift": 1000000.0, "FalseE_ift": 33500000.0, "DesignBy": "State", "Ref_frame": "NATRF2022" }, "geometry": { "type": "Polygon", "coordinates": [ [ [ -103.98018, 32.00013 ], [ -104.02451, 32.0001 ], [ -104.03624, 31.86966 ], [ -104.10235, 31.1052 ], [ -103.62545, 30.79356 ], [ -103.56076, 30.75014 ], [ -103.25045, 30.53402 ], [ -102.84042, 30.24635 ], [ -102.56705, 30.05281 ], [ -102.56694, 30.28327 ], [ -102.34308, 30.28412 ], [ -102.34299, 30.59876 ], [ -102.13841, 30.59752 ], [ -102.13778, 30.65598 ], [ -101.99761, 30.65409 ], [ -101.76842, 30.65308 ], [ -101.7758, 30.68089 ], [ -101.80742, 30.6995 ], [ -101.81583, 30.75202 ], [ -101.83453, 30.75795 ], [ -101.83989, 30.78528 ], [ -101.83292, 30.80824 ], [ -101.84721, 30.82841 ], [ -101.84509, 30.84103 ], [ -101.86005, 30.87362 ], [ -101.89118, 30.89074 ], [ -101.87428, 30.91224 ], [ -101.88344, 30.92565 ], [ -101.9082, 30.92825 ], [ -101.92102, 30.94641 ], [ -101.95189, 30.95568 ], [ -101.96112, 30.97071 ], [ -101.99303, 30.98934 ], [ -102.01167, 30.97934 ], [ -102.04918, 31.00364 ], [ -102.08173, 30.98669 ], [ -102.1099, 30.99032 ], [ -102.12776, 31.00118 ], [ -102.1394, 30.99493 ], [ -102.15193, 31.0073 ], [ -102.18963, 31.00337 ], [ -102.20203, 31.03103 ], [ -102.24657, 31.04205 ], [ -102.26596, 31.03427 ], [ -102.29268, 31.03668 ], [ -102.31857, 31.06099 ], [ -102.3888, 31.08716 ], [ -102.40615, 31.08787 ], [ -102.43013, 31.12906 ], [ -102.42287, 31.14925 ], [ -102.42954, 31.19356 ], [ -102.45806, 31.22357 ], [ -102.4911, 31.23564 ], [ -102.5023, 31.25298 ], [ -102.52148, 31.26259 ], [ -102.57907, 31.27153 ], [ -102.60068, 31.2671 ], [ -102.61638, 31.28939 ], [ -102.62895, 31.29103 ], [ -102.64101, 31.30968 ], [ -102.6765, 31.32682 ], [ -102.72487, 31.30842 ], [ -102.72998, 31.2877 ], [ -102.75372, 31.27905 ], [ -102.7726, 31.2935 ], [ -102.82709, 31.26791 ], [ -102.83885, 31.28583 ], [ -102.87728, 31.30521 ], [ -102.87539, 31.31629 ], [ -102.89567, 31.32207 ], [ -102.93358, 31.35008 ], [ -102.96567, 31.35131 ], [ -102.99627, 31.36143 ], [ -103.02389, 31.37957 ], [ -103.05599, 31.38443 ], [ -103.06735, 31.3652 ], [ -103.14249, 31.36541 ], [ -103.18122, 31.37025 ], [ -103.24493, 31.38937 ], [ -103.26896, 31.42709 ], [ -103.32994, 31.412 ], [ -103.34459, 31.42225 ], [ -103.36922, 31.41414 ], [ -103.39381, 31.43133 ], [ -103.41858, 31.42616 ], [ -103.44054, 31.43193 ], [ -103.45431, 31.42582 ], [ -103.48303, 31.4471 ], [ -103.48993, 31.45971 ], [ -103.4821, 31.47716 ], [ -103.5035, 31.50548 ], [ -103.4956, 31.55029 ], [ -103.51142, 31.567 ], [ -103.5042, 31.59665 ], [ -103.51131, 31.62627 ], [ -103.54933, 31.64463 ], [ -103.57303, 31.63229 ], [ -103.61089, 31.6518 ], [ -103.63242, 31.67362 ], [ -103.63564, 31.69029 ], [ -103.62075, 31.69034 ], [ -103.62573, 31.70503 ], [ -103.65947, 31.7104 ], [ -103.67603, 31.72275 ], [ -103.68582, 31.74216 ], [ -103.7006, 31.7484 ], [ -103.72401, 31.73925 ], [ -103.74681, 31.73951 ], [ -103.79723, 31.77019 ], [ -103.80946, 31.79432 ], [ -103.80712, 31.82176 ], [ -103.82111, 31.83864 ], [ -103.81307, 31.84632 ], [ -103.82868, 31.86255 ], [ -103.82938, 31.88799 ], [ -103.83964, 31.8894 ], [ -103.88558, 31.87037 ], [ -103.88239, 31.89192 ], [ -103.91225, 31.90242 ], [ -103.9224, 31.94253 ], [ -103.9409, 31.94455 ], [ -103.95192, 31.98742 ], [ -103.97446, 31.97921 ], [ -103.98018, 32.00013 ] ] ] } },
{ "type": "Feature", "properties": { "fid": 174, "ZoneCode": "482034", "AbrvFull": "TX POTR", "NameFull": "Texas Potter", "ZoneNum": 34, "AbrvPart": "POTR", "NamePart": "Potter", "ZoneType": "Multizone partial", "StateAbrv": "TX", "StateName": "Texas", "ProjAbrv": "OMC", "ProjType": "Hotine Oblique Mercator, center", "LatOrigin": "35°32'N", "LonOriginE": "258°30'E", "LonOriginW": "101°30'W", "Lat0_deg": 35.5333333333, "Lon0_E_deg": 258.5, "Lon0_W_deg": -101.5, "ProjScale": 1.000143, "SkewAz_deg": 5, "FalseN_m": 304800.0, "FalseE_m": 10477500.0, "FalseN_ift": 1000000.0, "FalseE_ift": 34375000.0, "DesignBy": "State", "Ref_frame": "NATRF2022" }, "geometry": { "type": "Polygon", "coordinates": [ [ [ -101.08516, 36.49924 ], [ -101.37544, 36.49934 ], [ -102.16246, 36.50033 ], [ -102.16307, 36.31359 ], [ -102.16272, 35.62315 ], [ -102.16769, 35.16054 ], [ -102.1676, 34.87506 ], [ -102.16884, 34.74742 ], [ -101.99849, 34.74819 ], [ -101.44112, 34.74742 ], [ -101.37544, 34.74821 ], [ -101.09075, 34.74825 ], [ -101.08628, 35.18214 ], [ -101.08589, 35.59893 ], [ -101.08612, 35.87002 ], [ -101.08516, 36.49924 ] ] ] } },
{ "type": "Feature", "properties": { "fid": 175, "ZoneCode": "482035", "AbrvFull": "TX PRBO", "NameFull": "Texas Presidio-Borderline", "ZoneNum": 35, "AbrvPart": "PRBO", "NamePart": "Presidio-Borderline", "ZoneType": "Multizone partial", "StateAbrv": "TX", "StateName": "Texas", "ProjAbrv": "OMC", "ProjType": "Hotine Oblique Mercator, center", "LatOrigin": "30°00'N", "LonOriginE": "255°27'E", "LonOriginW": "104°33'W", "Lat0_deg": 30.0, "Lon0_E_deg": 255.45, "Lon0_W_deg": -104.55, "ProjScale": 1.00013, "SkewAz_deg": -33, "FalseN_m": 304800.0, "FalseE_m": 10782300.0, "FalseN_ift": 1000000.0, "FalseE_ift": 35375000.0, "DesignBy": "State", "Ref_frame": "NATRF2022" }, "geometry": { "type": "Polygon", "coordinates": [ [ [ -104.54233, 30.54145 ], [ -104.9798, 30.62926 ], [ -104.97141, 30.60985 ], [ -104.92993, 30.5992 ], [ -104.89905, 30.57077 ], [ -104.8877, 30.54673 ], [ -104.86022, 30.43991 ], [ -104.8613, 30.42612 ], [ -104.84763, 30.41398 ], [ -104.8594, 30.39113 ], [ -104.83744, 30.37385 ], [ -104.81642, 30.37519 ], [ -104.8114, 30.3327 ], [ -104.79726, 30.33035 ], [ -104.76144, 30.30082 ], [ -104.76017, 30.27167 ], [ -104.73372, 30.2614 ], [ -104.70625, 30.23481 ], [ -104.71033, 30.22129 ], [ -104.68708, 30.17934 ], [ -104.69658, 30.13487 ], [ -104.69438, 30.10189 ], [ -104.68583, 30.08206 ], [ -104.70725, 30.05013 ], [ -104.69567, 30.03766 ], [ -104.68066, 29.9772 ], [ -104.6852, 29.95723 ], [ -104.67318, 29.95456 ], [ -104.68327, 29.92911 ], [ -104.67487, 29.91094 ], [ -104.65716, 29.90603 ], [ -104.64587, 29.87832 ], [ -104.63393, 29.87121 ], [ -104.62225, 29.84188 ], [ -104.60953, 29.83986 ], [ -104.59509, 29.80546 ], [ -104.56593, 29.77147 ], [ -104.56911, 29.75166 ], [ -104.55006, 29.73823 ], [ -104.55167, 29.71641 ], [ -104.54383, 29.6963 ], [ -104.53062, 29.69107 ], [ -104.5442, 29.68127 ], [ -104.52498, 29.66597 ], [ -104.50766, 29.63228 ], [ -104.498, 29.6397 ], [ -104.47733, 29.62862 ], [ -104.46675, 29.60939 ], [ -104.39892, 29.5719 ], [ -104.39488, 29.55628 ], [ -104.3382, 29.52018 ], [ -104.31107, 29.52315 ], [ -104.26217, 29.5135 ], [ -104.235, 29.49578 ], [ -104.2307, 29.47867 ], [ -104.20892, 29.48073 ], [ -104.21117, 29.44976 ], [ -104.19464, 29.44199 ], [ -104.16941, 29.4078 ], [ -104.14116, 29.37782 ], [ -104.10687, 29.37344 ], [ -104.08226, 29.34606 ], [ -104.02022, 29.31205 ], [ -103.97581, 29.29625 ], [ -103.96806, 29.3 ], [ -103.91889, 29.28484 ], [ -103.8986, 29.28707 ], [ -103.81337, 29.27397 ], [ -103.7927, 29.2625 ], [ -103.79279, 29.50019 ], [ -103.79378, 29.56312 ], [ -103.88076, 29.58194 ], [ -103.93058, 29.61396 ], [ -103.97296, 29.66665 ], [ -104.01387, 29.70251 ], [ -104.08524, 29.7426 ], [ -104.19934, 29.78981 ], [ -104.23538, 29.81573 ], [ -104.27857, 29.91436 ], [ -104.29998, 29.94811 ], [ -104.35423, 30.0215 ], [ -104.36582, 30.07467 ], [ -104.35739, 30.15747 ], [ -104.35727, 30.20755 ], [ -104.36723, 30.25741 ], [ -104.38743, 30.30578 ], [ -104.42891, 30.38286 ], [ -104.4569, 30.42512 ], [ -104.53792, 30.51175 ], [ -104.54233, 30.54145 ] ] ] } },
{ "type": "Feature", "properties": { "fid": 176, "ZoneCode": "482036", "AbrvFull": "TX RGV", "NameFull": "Texas Rio Grande Valley", "ZoneNum": 36, "AbrvPart": "RGV", "NamePart": "Rio Grande Valley", "ZoneType": "Multizone partial", "StateAbrv": "TX", "StateName": "Texas", "ProjAbrv": "OMC", "ProjType": "Hotine Oblique Mercator, center", "LatOrigin": "26°27'N", "LonOriginE": "261°50'E", "LonOriginW": "98°10'W", "Lat0_deg": 26.45, "Lon0_E_deg": 261.83333333299998, "Lon0_W_deg": -98.166666666699996, "ProjScale": 1.0, "SkewAz_deg": -68, "FalseN_m": 304800.0, "FalseE_m": 11125200.0, "FalseN_ift": 1000000.0, "FalseE_ift": 36500000.0, "DesignBy": "State", "Ref_frame": "NATRF2022" }, "geometry": { "type": "Polygon", "coordinates": [ [ [ -97.22537, 26.60023 ], [ -97.4743, 26.59981 ], [ -97.50026, 26.60099 ], [ -97.76437, 26.59807 ], [ -97.86169, 26.598 ], [ -97.9853, 26.61581 ], [ -97.98549, 26.78092 ], [ -98.3512, 26.78325 ], [ -98.52224, 26.78359 ], [ -98.95423, 26.78569 ], [ -99.01111, 26.67502 ], [ -99.16942, 26.57168 ], [ -99.16674, 26.53608 ], [ -99.12838, 26.5255 ], [ -99.10485, 26.50038 ], [ -99.09198, 26.47238 ], [ -99.11085, 26.42628 ], [ -99.08201, 26.39667 ], [ -99.06211, 26.39739 ], [ -99.03706, 26.4136 ], [ -99.01064, 26.39214 ], [ -98.9872, 26.3922 ], [ -98.97416, 26.40115 ], [ -98.95297, 26.39093 ], [ -98.95585, 26.37698 ], [ -98.93616, 26.37153 ], [ -98.92928, 26.39336 ], [ -98.91738, 26.37447 ], [ -98.90168, 26.37123 ], [ -98.89569, 26.35349 ], [ -98.86191, 26.36599 ], [ -98.84156, 26.35894 ], [ -98.82045, 26.371 ], [ -98.79821, 26.36017 ], [ -98.78895, 26.33043 ], [ -98.74947, 26.32999 ], [ -98.73847, 26.3037 ], [ -98.71822, 26.28725 ], [ -98.70177, 26.28614 ], [ -98.71841, 26.27142 ], [ -98.68504, 26.26462 ], [ -98.67656, 26.24156 ], [ -98.66463, 26.23535 ], [ -98.58388, 26.25701 ], [ -98.57984, 26.23478 ], [ -98.56739, 26.24162 ], [ -98.56455, 26.22688 ], [ -98.54655, 26.23551 ], [ -98.52428, 26.22125 ], [ -98.50108, 26.22135 ], [ -98.50377, 26.2088 ], [ -98.48431, 26.21171 ], [ -98.46271, 26.2258 ], [ -98.44522, 26.22457 ], [ -98.44228, 26.19891 ], [ -98.40443, 26.18256 ], [ -98.38669, 26.15787 ], [ -98.3686, 26.15709 ], [ -98.36064, 26.17254 ], [ -98.35311, 26.15139 ], [ -98.34752, 26.164 ], [ -98.32487, 26.12231 ], [ -98.30945, 26.113 ], [ -98.2669, 26.12087 ], [ -98.26994, 26.1075 ], [ -98.28853, 26.10531 ], [ -98.24874, 26.07204 ], [ -98.22122, 26.07661 ], [ -98.1923, 26.05345 ], [ -98.1759, 26.07492 ], [ -98.14778, 26.04964 ], [ -98.13017, 26.07432 ], [ -98.12687, 26.06185 ], [ -98.10381, 26.06709 ], [ -98.09443, 26.05863 ], [ -98.07909, 26.07051 ], [ -98.06509, 26.04483 ], [ -98.03924, 26.04128 ], [ -98.03149, 26.06422 ], [ -98.01119, 26.05658 ], [ -97.9873, 26.06572 ], [ -97.96607, 26.05194 ], [ -97.95117, 26.06196 ], [ -97.93792, 26.05352 ], [ -97.89365, 26.06017 ], [ -97.88765, 26.06644 ], [ -97.8605, 26.05292 ], [ -97.7899, 26.05117 ], [ -97.79726, 26.03944 ], [ -97.77728, 26.02933 ], [ -97.76261, 26.04062 ], [ -97.76158, 26.02579 ], [ -97.7349, 26.03202 ], [ -97.70951, 26.02636 ], [ -97.7093, 26.03472 ], [ -97.65105, 26.01622 ], [ -97.60765, 25.97589 ], [ -97.59906, 25.95679 ], [ -97.58175, 25.9616 ], [ -97.56611, 25.94541 ], [ -97.584, 25.93555 ], [ -97.55978, 25.92615 ], [ -97.54667, 25.93455 ], [ -97.52081, 25.886 ], [ -97.49889, 25.89872 ], [ -97.49735, 25.88009 ], [ -97.47082, 25.88835 ], [ -97.42679, 25.8413 ], [ -97.37319, 25.83996 ], [ -97.37556, 25.854 ], [ -97.35936, 25.86921 ], [ -97.3574, 25.88683 ], [ -97.37417, 25.90592 ], [ -97.34891, 25.93081 ], [ -97.32465, 25.91859 ], [ -97.30459, 25.93516 ], [ -97.2767, 25.93534 ], [ -97.28964, 25.95403 ], [ -97.24701, 25.94823 ], [ -97.20996, 25.96346 ], [ -97.19032, 25.95386 ], [ -97.17709, 25.96535 ], [ -97.09112, 25.97384 ], [ -97.09786, 26.03862 ], [ -97.08999, 26.07534 ], [ -97.1083, 26.10451 ], [ -97.11015, 26.14058 ], [ -97.12612, 26.25035 ], [ -97.1565, 26.37535 ], [ -97.18457, 26.47585 ], [ -97.22537, 26.60023 ] ] ] } },
{ "type": "Feature", "properties": { "fid": 177, "ZoneCode": "482037", "AbrvFull": "TX ROCK", "NameFull": "Texas Rockwall", "ZoneNum": 37, "AbrvPart": "ROCK", "NamePart": "Rockwall", "ZoneType": "Multizone partial", "StateAbrv": "TX", "StateName": "Texas", "ProjAbrv": "OMC", "ProjType": "Hotine Oblique Mercator, center", "LatOrigin": "33°00'N", "LonOriginE": "264°03'E", "LonOriginW": "95°57'W", "Lat0_deg": 33.0, "Lon0_E_deg": 264.05, "Lon0_W_deg": -95.95, "ProjScale": 1.000003, "SkewAz_deg": 5, "FalseN_m": 304800.0, "FalseE_m": 11391900.0, "FalseN_ift": 1000000.0, "FalseE_ift": 37375000.0, "DesignBy": "State", "Ref_frame": "NATRF2022" }, "geometry": { "type": "Polygon", "coordinates": [ [ [ -95.3105, 33.8772 ], [ -95.32994, 33.88633 ], [ -95.3357, 33.87425 ], [ -95.36321, 33.86681 ], [ -95.43865, 33.86629 ], [ -95.46334, 33.8724 ], [ -95.45973, 33.88665 ], [ -95.49204, 33.87494 ], [ -95.50578, 33.87639 ], [ -95.51144, 33.8973 ], [ -95.5338, 33.88115 ], [ -95.55122, 33.88971 ], [ -95.54791, 33.90014 ], [ -95.55771, 33.93035 ], [ -95.59752, 33.94234 ], [ -95.61637, 33.92763 ], [ -95.62732, 33.90781 ], [ -95.66863, 33.907 ], [ -95.68888, 33.88849 ], [ -95.71218, 33.88552 ], [ -95.73318, 33.89645 ], [ -95.75661, 33.89203 ], [ -95.76152, 33.87312 ], [ -95.75142, 33.86068 ], [ -95.77024, 33.8452 ], [ -95.79487, 33.85961 ], [ -95.81572, 33.85982 ], [ -95.83041, 33.83479 ], [ -95.86719, 33.85129 ], [ -95.92478, 33.88484 ], [ -95.94249, 33.86097 ], [ -95.98486, 33.85249 ], [ -95.98493, 33.86581 ], [ -96.00292, 33.87359 ], [ -95.99835, 33.85105 ], [ -96.02062, 33.84063 ], [ -96.02697, 33.85747 ], [ -96.04883, 33.83647 ], [ -96.10147, 33.84671 ], [ -96.09936, 33.83047 ], [ -96.12295, 33.83996 ], [ -96.14923, 33.83709 ], [ -96.16979, 33.76915 ], [ -96.17985, 33.75962 ], [ -96.22052, 33.74739 ], [ -96.2638, 33.76752 ], [ -96.29036, 33.77083 ], [ -96.30608, 33.74431 ], [ -96.30636, 33.72306 ], [ -96.31876, 33.69675 ], [ -96.34686, 33.68622 ], [ -96.35937, 33.68943 ], [ -96.37945, 33.72576 ], [ -96.38237, 33.59649 ], [ -96.38449, 33.34112 ], [ -96.29541, 33.35194 ], [ -96.29529, 33.2083 ], [ -96.29723, 32.98175 ], [ -96.51701, 32.98286 ], [ -96.51941, 32.77743 ], [ -96.52312, 32.54521 ], [ -96.50421, 32.52715 ], [ -96.51245, 32.51333 ], [ -96.51021, 32.48193 ], [ -96.49351, 32.46704 ], [ -96.49736, 32.45308 ], [ -96.48358, 32.45049 ], [ -96.477, 32.43408 ], [ -96.43452, 32.41144 ], [ -96.43755, 32.37839 ], [ -96.4545, 32.36105 ], [ -96.451, 32.34441 ], [ -96.43064, 32.3324 ], [ -96.38291, 32.32893 ], [ -96.33902, 32.30597 ], [ -96.32312, 32.3062 ], [ -96.28401, 32.27923 ], [ -96.28589, 32.25598 ], [ -96.26767, 32.2592 ], [ -96.25655, 32.24506 ], [ -96.23397, 32.25001 ], [ -96.22937, 32.23618 ], [ -96.19696, 32.20694 ], [ -96.17585, 32.20394 ], [ -96.15585, 32.21501 ], [ -96.15791, 32.19133 ], [ -96.17648, 32.18138 ], [ -96.16697, 32.15867 ], [ -96.13841, 32.15142 ], [ -96.11569, 32.16092 ], [ -96.10242, 32.14227 ], [ -96.1147, 32.12649 ], [ -96.11773, 32.09463 ], [ -96.10536, 32.07534 ], [ -96.06601, 32.08581 ], [ -96.06953, 32.0765 ], [ -96.06265, 32.02644 ], [ -96.05478, 32.01253 ], [ -96.05279, 32.0059 ], [ -95.79321, 32.0369 ], [ -95.42851, 32.08448 ], [ -95.45684, 32.11231 ], [ -95.45991, 32.13556 ], [ -95.47791, 32.14621 ], [ -95.46258, 32.20176 ], [ -95.48873, 32.23249 ], [ -95.46758, 32.24663 ], [ -95.46995, 32.26212 ], [ -95.44697, 32.29581 ], [ -95.45782, 32.32793 ], [ -95.4491, 32.35946 ], [ -95.4704, 32.3688 ], [ -95.4938, 32.38964 ], [ -95.50164, 32.40924 ], [ -95.53912, 32.43299 ], [ -95.55231, 32.45183 ], [ -95.5943, 32.47986 ], [ -95.59454, 32.68703 ], [ -95.60546, 32.70242 ], [ -95.63462, 32.71692 ], [ -95.66539, 32.96043 ], [ -95.30896, 32.96257 ], [ -95.30763, 33.2913 ], [ -95.31019, 33.5706 ], [ -95.31103, 33.7501 ], [ -95.3105, 33.8772 ] ] ] } },
{ "type": "Feature", "properties": { "fid": 178, "ZoneCode": "482038", "AbrvFull": "TX SMTH", "NameFull": "Texas Smith", "ZoneNum": 38, "AbrvPart": "SMTH", "NamePart": "Smith", "ZoneType": "Multizone partial", "StateAbrv": "TX", "StateName": "Texas", "ProjAbrv": "OMC", "ProjType": "Hotine Oblique Mercator, center", "LatOrigin": "32°00'N", "LonOriginE": "264°30'E", "LonOriginW": "95°30'W", "Lat0_deg": 32.0, "Lon0_E_deg": 264.5, "Lon0_W_deg": -95.5, "ProjScale": 1.000002, "SkewAz_deg": -8, "FalseN_m": 304800.0, "FalseE_m": 11696700.0, "FalseN_ift": 1000000.0, "FalseE_ift": 38375000.0, "DesignBy": "State", "Ref_frame": "NATRF2022" }, "geometry": { "type": "Polygon", "coordinates": [ [ [ -94.98693, 32.53725 ], [ -95.00869, 32.51681 ], [ -95.02236, 32.5217 ], [ -95.01504, 32.5427 ], [ -95.04076, 32.53229 ], [ -95.04626, 32.53925 ], [ -95.08387, 32.54254 ], [ -95.07912, 32.55612 ], [ -95.14009, 32.55016 ], [ -95.14589, 32.56974 ], [ -95.15647, 32.56859 ], [ -95.16752, 32.54396 ], [ -95.18124, 32.5418 ], [ -95.20671, 32.55995 ], [ -95.20429, 32.57178 ], [ -95.23795, 32.56054 ], [ -95.25031, 32.57773 ], [ -95.27786, 32.57159 ], [ -95.28125, 32.58001 ], [ -95.33216, 32.60425 ], [ -95.35755, 32.6079 ], [ -95.37492, 32.59754 ], [ -95.41971, 32.60911 ], [ -95.47297, 32.60643 ], [ -95.5107, 32.627 ], [ -95.53024, 32.64749 ], [ -95.58359, 32.67467 ], [ -95.59454, 32.68703 ], [ -95.5943, 32.47986 ], [ -95.55231, 32.45183 ], [ -95.53912, 32.43299 ], [ -95.50164, 32.40924 ], [ -95.4938, 32.38964 ], [ -95.4704, 32.3688 ], [ -95.4491, 32.35946 ], [ -95.45782, 32.32793 ], [ -95.44697, 32.29581 ], [ -95.46995, 32.26212 ], [ -95.46758, 32.24663 ], [ -95.48873, 32.23249 ], [ -95.46258, 32.20176 ], [ -95.47791, 32.14621 ], [ -95.45991, 32.13556 ], [ -95.45684, 32.11231 ], [ -95.42851, 32.08448 ], [ -95.79321, 32.0369 ], [ -96.05279, 32.0059 ], [ -96.06486, 31.98095 ], [ -96.04644, 31.97018 ], [ -96.05469, 31.94823 ], [ -96.02249, 31.95755 ], [ -96.0014, 31.90817 ], [ -96.01947, 31.90377 ], [ -96.02762, 31.87788 ], [ -96.00791, 31.88114 ], [ -95.99413, 31.86626 ], [ -95.97029, 31.87719 ], [ -95.99454, 31.84336 ], [ -95.97323, 31.81914 ], [ -95.98057, 31.78456 ], [ -95.96307, 31.78943 ], [ -95.95302, 31.77628 ], [ -95.92424, 31.76585 ], [ -95.90392, 31.7674 ], [ -95.87594, 31.7555 ], [ -95.86714, 31.71819 ], [ -95.88044, 31.70335 ], [ -95.86126, 31.68745 ], [ -95.83532, 31.6956 ], [ -95.81056, 31.67346 ], [ -95.77974, 31.68394 ], [ -95.79408, 31.66031 ], [ -95.79564, 31.62893 ], [ -95.76723, 31.59758 ], [ -95.74867, 31.61771 ], [ -95.75727, 31.64355 ], [ -95.73568, 31.65382 ], [ -95.71011, 31.61559 ], [ -95.7293, 31.5829 ], [ -95.71851, 31.55366 ], [ -95.75107, 31.55196 ], [ -95.75871, 31.53322 ], [ -95.73703, 31.51853 ], [ -95.74185, 31.48655 ], [ -95.7295, 31.48918 ], [ -95.74684, 31.45817 ], [ -95.72556, 31.4623 ], [ -95.71109, 31.45413 ], [ -95.71168, 31.42359 ], [ -95.69832, 31.40634 ], [ -95.69174, 31.37493 ], [ -95.66207, 31.35701 ], [ -95.6572, 31.318 ], [ -95.67179, 31.31603 ], [ -95.67103, 31.29624 ], [ -95.69075, 31.29739 ], [ -95.72523, 31.27108 ], [ -95.72792, 31.22466 ], [ -95.74794, 31.20831 ], [ -95.74544, 31.18189 ], [ -95.7287, 31.16406 ], [ -95.74941, 31.15524 ], [ -95.7574, 31.14157 ], [ -95.77558, 31.1361 ], [ -95.76441, 31.09421 ], [ -95.72338, 31.07983 ], [ -95.69239, 31.08196 ], [ -95.67647, 31.07591 ], [ -95.66355, 31.08388 ], [ -95.64895, 31.07047 ], [ -95.64755, 31.05538 ], [ -95.62998, 31.05175 ], [ -95.6347, 31.03732 ], [ -95.66318, 31.03322 ], [ -95.65842, 31.01631 ], [ -95.68116, 30.98696 ], [ -95.66495, 30.97088 ], [ -95.63868, 30.92674 ], [ -95.61787, 30.93042 ], [ -95.43935, 31.05499 ], [ -95.00021, 31.35699 ], [ -94.95811, 31.38693 ], [ -94.97603, 31.40774 ], [ -95.00303, 31.42622 ], [ -94.86586, 31.52692 ], [ -94.88397, 31.52969 ], [ -94.8972, 31.55281 ], [ -94.89225, 31.57809 ], [ -94.9123, 31.56903 ], [ -94.92422, 31.57949 ], [ -94.93347, 31.62182 ], [ -94.95197, 31.64135 ], [ -94.94857, 31.65741 ], [ -94.96595, 31.69776 ], [ -94.95834, 31.7241 ], [ -94.97276, 31.73763 ], [ -94.96731, 31.75393 ], [ -94.93167, 31.75451 ], [ -94.93863, 31.77223 ], [ -94.95136, 31.76914 ], [ -94.97813, 31.79351 ], [ -94.95543, 31.79637 ], [ -94.93591, 31.83148 ], [ -94.93753, 31.84556 ], [ -94.98504, 31.84619 ], [ -94.98504, 32.09634 ], [ -94.98693, 32.53725 ] ] ] } },
{ "type": "Feature", "properties": { "fid": 179, "ZoneCode": "482039", "AbrvFull": "TX TALR", "NameFull": "Texas Taylor", "ZoneNum": 39, "AbrvPart": "TALR", "NamePart": "Taylor", "ZoneType": "Multizone partial", "StateAbrv": "TX", "StateName": "Texas", "ProjAbrv": "OMC", "ProjType": "Hotine Oblique Mercator, center", "LatOrigin": "32°19'N", "LonOriginE": "260°12'E", "LonOriginW": "99°48'W", "Lat0_deg": 32.316666666700002, "Lon0_E_deg": 260.2, "Lon0_W_deg": -99.8, "ProjScale": 1.000084, "SkewAz_deg": 5, "FalseN_m": 304800.0, "FalseE_m": 12001500.0, "FalseN_ift": 1000000.0, "FalseE_ift": 39375000.0, "DesignBy": "State", "Ref_frame": "NATRF2022" }, "geometry": { "type": "Polygon", "coordinates": [ [ [ -99.98883, 32.96012 ], [ -100.14422, 32.95998 ], [ -100.14667, 32.50029 ], [ -100.14807, 32.44754 ], [ -100.15191, 32.08264 ], [ -100.23514, 32.08237 ], [ -100.23612, 31.73991 ], [ -100.23378, 31.5822 ], [ -100.11123, 31.58027 ], [ -100.11522, 31.08799 ], [ -100.00035, 31.08743 ], [ -99.60322, 31.0873 ], [ -99.60152, 31.12517 ], [ -99.6025, 31.36256 ], [ -99.60185, 31.49195 ], [ -99.61429, 31.50156 ], [ -99.62468, 31.4935 ], [ -99.60819, 31.48081 ], [ -99.62622, 31.46753 ], [ -99.6466, 31.49169 ], [ -99.67636, 31.49726 ], [ -99.65256, 31.52747 ], [ -99.65879, 31.53478 ], [ -99.69025, 31.53203 ], [ -99.67342, 31.55529 ], [ -99.69467, 31.55839 ], [ -99.70573, 31.5769 ], [ -99.72206, 31.56276 ], [ -99.71461, 32.00014 ], [ -99.71397, 32.08209 ], [ -99.63141, 32.08127 ], [ -99.63084, 32.34135 ], [ -99.62958, 32.51466 ], [ -99.61203, 32.51465 ], [ -99.612, 32.95696 ], [ -99.98883, 32.96012 ] ] ] } },
{ "type": "Feature", "properties": { "fid": 180, "ZoneCode": "482040", "AbrvFull": "TX TRRL", "NameFull": "Texas Terrell", "ZoneNum": 40, "AbrvPart": "TRRL", "NamePart": "Terrell", "ZoneType": "Multizone partial", "StateAbrv": "TX", "StateName": "Texas", "ProjAbrv": "OMC", "ProjType": "Hotine Oblique Mercator, center", "LatOrigin": "29°50'N", "LonOriginE": "258°00'E", "LonOriginW": "102°00'W", "Lat0_deg": 29.833333333300001, "Lon0_E_deg": 258.0, "Lon0_W_deg": -102.0, "ProjScale": 1.000099, "SkewAz_deg": 15, "FalseN_m": 304800.0, "FalseE_m": 12306300.0, "FalseN_ift": 1000000.0, "FalseE_ift": 40375000.0, "DesignBy": "State", "Ref_frame": "NATRF2022" }, "geometry": { "type": "Polygon", "coordinates": [ [ [ -101.7584, 30.28804 ], [ -101.74451, 30.30128 ], [ -101.73699, 30.32698 ], [ -101.70061, 30.34593 ], [ -101.66956, 30.33936 ], [ -101.65853, 30.35786 ], [ -101.69742, 30.38049 ], [ -101.70163, 30.40224 ], [ -101.72873, 30.40829 ], [ -101.74043, 30.4209 ], [ -101.72032, 30.44223 ], [ -101.73097, 30.45945 ], [ -101.7219, 30.47102 ], [ -101.7001, 30.4576 ], [ -101.68887, 30.46762 ], [ -101.69182, 30.49142 ], [ -101.6751, 30.50214 ], [ -101.67996, 30.5218 ], [ -101.6676, 30.52802 ], [ -101.64624, 30.56076 ], [ -101.66353, 30.58886 ], [ -101.65263, 30.61937 ], [ -101.66983, 30.63791 ], [ -101.68968, 30.63905 ], [ -101.71206, 30.65464 ], [ -101.75043, 30.64969 ], [ -101.76842, 30.65308 ], [ -101.99761, 30.65409 ], [ -102.13778, 30.65598 ], [ -102.13841, 30.59752 ], [ -102.34299, 30.59876 ], [ -102.34308, 30.28412 ], [ -102.56694, 30.28327 ], [ -102.56705, 30.05281 ], [ -102.32082, 29.87893 ], [ -102.3, 29.87737 ], [ -102.27708, 29.86278 ], [ -102.24941, 29.86381 ], [ -102.24531, 29.8504 ], [ -102.19926, 29.83668 ], [ -102.18894, 29.84881 ], [ -102.18134, 29.83083 ], [ -102.14357, 29.80332 ], [ -102.11975, 29.80248 ], [ -102.11672, 29.79304 ], [ -102.08438, 29.79506 ], [ -102.04902, 29.78567 ], [ -102.03582, 29.80406 ], [ -102.01446, 29.79764 ], [ -102.00066, 29.8052 ], [ -101.9843, 29.79926 ], [ -101.98157, 29.81502 ], [ -101.95548, 29.79533 ], [ -101.94589, 29.80176 ], [ -101.92491, 29.78403 ], [ -101.91048, 29.79829 ], [ -101.87577, 29.7938 ], [ -101.84983, 29.80728 ], [ -101.83759, 29.79336 ], [ -101.81869, 29.7915 ], [ -101.82506, 29.80826 ], [ -101.80361, 29.80345 ], [ -101.81081, 29.78363 ], [ -101.78853, 29.77927 ], [ -101.78277, 29.78932 ], [ -101.76092, 29.7818 ], [ -101.75966, 29.91843 ], [ -101.7584, 30.28804 ] ] ] } },
{ "type": "Feature", "properties": { "fid": 181, "ZoneCode": "482041", "AbrvFull": "TX TIUS", "NameFull": "Texas Titus", "ZoneNum": 41, "AbrvPart": "TIUS", "NamePart": "Titus", "ZoneType": "Multizone partial", "StateAbrv": "TX", "StateName": "Texas", "ProjAbrv": "TM", "ProjType": "Transverse Mercator", "LatOrigin": "30°00'N", "LonOriginE": "264°54'E", "LonOriginW": "95°06'W", "Lat0_deg": 30.0, "Lon0_E_deg": 264.9, "Lon0_W_deg": -95.1, "ProjScale": 1.000006, "SkewAz_deg": -9999, "FalseN_m": 0.0, "FalseE_m": 12611100.0, "FalseN_ift": 0.0, "FalseE_ift": 41375000.0, "DesignBy": "State", "Ref_frame": "NATRF2022" }, "geometry": { "type": "Polygon", "coordinates": [ [ [ -94.7461, 33.70302 ], [ -94.75774, 33.71782 ], [ -94.75137, 33.73373 ], [ -94.77313, 33.72719 ], [ -94.78864, 33.73567 ], [ -94.75812, 33.75654 ], [ -94.77134, 33.76065 ], [ -94.78007, 33.74447 ], [ -94.80225, 33.73279 ], [ -94.82338, 33.76918 ], [ -94.82795, 33.74088 ], [ -94.84931, 33.73959 ], [ -94.87467, 33.74916 ], [ -94.88693, 33.76907 ], [ -94.8982, 33.76902 ], [ -94.92235, 33.79354 ], [ -94.91104, 33.81502 ], [ -94.92657, 33.82634 ], [ -94.92329, 33.80874 ], [ -94.94222, 33.80578 ], [ -94.95352, 33.81648 ], [ -94.94389, 33.83023 ], [ -94.9644, 33.83702 ], [ -94.96889, 33.86091 ], [ -94.99216, 33.85203 ], [ -95.04902, 33.86409 ], [ -95.0601, 33.90187 ], [ -95.07558, 33.90122 ], [ -95.08241, 33.87988 ], [ -95.1, 33.89679 ], [ -95.07974, 33.9086 ], [ -95.08245, 33.92174 ], [ -95.11315, 33.90449 ], [ -95.13164, 33.91603 ], [ -95.12957, 33.93672 ], [ -95.15714, 33.93673 ], [ -95.17164, 33.94677 ], [ -95.21668, 33.96265 ], [ -95.25088, 33.93606 ], [ -95.24763, 33.91474 ], [ -95.26136, 33.88772 ], [ -95.26976, 33.91146 ], [ -95.28553, 33.90366 ], [ -95.28072, 33.87549 ], [ -95.3105, 33.8772 ], [ -95.31103, 33.7501 ], [ -95.31019, 33.5706 ], [ -95.30763, 33.2913 ], [ -95.30896, 32.96257 ], [ -95.66539, 32.96043 ], [ -95.63462, 32.71692 ], [ -95.60546, 32.70242 ], [ -95.59454, 32.68703 ], [ -95.58359, 32.67467 ], [ -95.53024, 32.64749 ], [ -95.5107, 32.627 ], [ -95.47297, 32.60643 ], [ -95.41971, 32.60911 ], [ -95.37492, 32.59754 ], [ -95.35755, 32.6079 ], [ -95.33216, 32.60425 ], [ -95.28125, 32.58001 ], [ -95.27786, 32.57159 ], [ -95.25031, 32.57773 ], [ -95.23795, 32.56054 ], [ -95.20429, 32.57178 ], [ -95.20671, 32.55995 ], [ -95.18124, 32.5418 ], [ -95.16752, 32.54396 ], [ -95.15647, 32.56859 ], [ -95.14589, 32.56974 ], [ -95.14009, 32.55016 ], [ -95.07912, 32.55612 ], [ -95.08387, 32.54254 ], [ -95.04626, 32.53925 ], [ -95.04076, 32.53229 ], [ -95.01504, 32.5427 ], [ -95.02236, 32.5217 ], [ -95.00869, 32.51681 ], [ -94.98693, 32.53725 ], [ -94.9748, 32.53594 ], [ -94.82022, 32.59065 ], [ -94.7585, 32.65979 ], [ -94.74614, 32.66754 ], [ -94.72792, 32.65542 ], [ -94.70179, 32.65227 ], [ -94.70214, 32.82052 ], [ -94.67235, 32.83476 ], [ -94.69766, 32.84308 ], [ -94.70576, 32.87916 ], [ -94.65399, 32.87951 ], [ -94.654, 33.06127 ], [ -94.65226, 33.26886 ], [ -94.67235, 33.28973 ], [ -94.68631, 33.29278 ], [ -94.69183, 33.31241 ], [ -94.73031, 33.30881 ], [ -94.74692, 33.32894 ], [ -94.7461, 33.70302 ] ] ] } },
{ "type": "Feature", "properties": { "fid": 182, "ZoneCode": "482042", "AbrvFull": "TX TOMG", "NameFull": "Texas Tom Green", "ZoneNum": 42, "AbrvPart": "TOMG", "NamePart": "Tom Green", "ZoneType": "Multizone partial", "StateAbrv": "TX", "StateName": "Texas", "ProjAbrv": "TM", "ProjType": "Transverse Mercator", "LatOrigin": "28°30'N", "LonOriginE": "259°26'E", "LonOriginW": "100°34'W", "Lat0_deg": 28.5, "Lon0_E_deg": 259.43333333300001, "Lon0_W_deg": -100.56666666700001, "ProjScale": 1.00009, "SkewAz_deg": -9999, "FalseN_m": 0.0, "FalseE_m": 12915900.0, "FalseN_ift": 0.0, "FalseE_ift": 42375000.0, "DesignBy": "State", "Ref_frame": "NATRF2022" }, "geometry": { "type": "Polygon", "coordinates": [ [ [ -100.14422, 32.95998 ], [ -100.49883, 32.96304 ], [ -100.99018, 32.96502 ], [ -101.03866, 32.97023 ], [ -101.17338, 32.9636 ], [ -101.17461, 32.49525 ], [ -101.184, 32.08721 ], [ -101.26422, 32.08714 ], [ -101.26712, 31.65085 ], [ -101.26795, 31.52869 ], [ -100.99101, 31.52763 ], [ -100.69306, 31.52395 ], [ -100.68876, 31.08658 ], [ -100.25036, 31.08848 ], [ -100.11522, 31.08799 ], [ -100.11123, 31.58027 ], [ -100.23378, 31.5822 ], [ -100.23612, 31.73991 ], [ -100.23514, 32.08237 ], [ -100.15191, 32.08264 ], [ -100.14807, 32.44754 ], [ -100.14667, 32.50029 ], [ -100.14422, 32.95998 ] ] ] } },
{ "type": "Feature", "properties": { "fid": 183, "ZoneCode": "482043", "AbrvFull": "TX TVBX", "NameFull": "Texas Travis-Bexar", "ZoneNum": 43, "AbrvPart": "TVBX", "NamePart": "Travis-Bexar", "ZoneType": "Multizone partial", "StateAbrv": "TX", "StateName": "Texas", "ProjAbrv": "OMC", "ProjType": "Hotine Oblique Mercator, center", "LatOrigin": "29°45'N", "LonOriginE": "262°00'E", "LonOriginW": "98°00'W", "Lat0_deg": 29.75, "Lon0_E_deg": 262.0, "Lon0_W_deg": -98.0, "ProjScale": 1.000028, "SkewAz_deg": 30, "FalseN_m": 266700.0, "FalseE_m": 13220700.0, "FalseN_ift": 875000.0, "FalseE_ift": 43375000.0, "DesignBy": "State", "Ref_frame": "NATRF2022" }, "geometry": { "type": "Polygon", "coordinates": [ [ [ -97.31548, 30.75236 ], [ -97.62405, 30.87 ], [ -97.8281, 30.90441 ], [ -97.96286, 30.78564 ], [ -98.12342, 30.48648 ], [ -98.09778, 30.49806 ], [ -98.09771, 30.46763 ], [ -98.17302, 30.35624 ], [ -98.2976, 30.03799 ], [ -98.41402, 29.93756 ], [ -98.48687, 29.87522 ], [ -98.64569, 29.74568 ], [ -98.69999, 29.73744 ], [ -98.73777, 29.71675 ], [ -98.77878, 29.72017 ], [ -98.80655, 29.69071 ], [ -98.80459, 29.32341 ], [ -98.80476, 29.25069 ], [ -98.40734, 29.11444 ], [ -98.29596, 29.24732 ], [ -98.13719, 29.44043 ], [ -98.12257, 29.37855 ], [ -98.11307, 29.36533 ], [ -98.08468, 29.37959 ], [ -97.84038, 29.37679 ], [ -97.75386, 29.48858 ], [ -97.74658, 29.50034 ], [ -97.63318, 29.64986 ], [ -97.65165, 29.65397 ], [ -97.65325, 29.6678 ], [ -97.72185, 29.68209 ], [ -97.74335, 29.69884 ], [ -97.73837, 29.71291 ], [ -97.76846, 29.7191 ], [ -97.7586, 29.72505 ], [ -97.78162, 29.75972 ], [ -97.8036, 29.75373 ], [ -97.80028, 29.76621 ], [ -97.81714, 29.79038 ], [ -97.84235, 29.79922 ], [ -97.84863, 29.84335 ], [ -97.87601, 29.86056 ], [ -97.89867, 29.85711 ], [ -97.8939, 29.88373 ], [ -97.84918, 29.916 ], [ -97.79259, 29.94506 ], [ -97.76133, 29.98732 ], [ -97.70776, 30.02406 ], [ -97.65369, 30.07156 ], [ -97.64937, 30.06794 ], [ -97.49248, 30.21001 ], [ -97.36949, 30.41964 ], [ -97.33446, 30.40284 ], [ -97.15522, 30.45734 ], [ -97.26995, 30.73536 ], [ -97.31548, 30.75236 ] ] ] } },
{ "type": "Feature", "properties": { "fid": 184, "ZoneCode": "482044", "AbrvFull": "TX VICT", "NameFull": "Texas Victoria", "ZoneNum": 44, "AbrvPart": "VICT", "NamePart": "Victoria", "ZoneType": "Multizone partial", "StateAbrv": "TX", "StateName": "Texas", "ProjAbrv": "OMC", "ProjType": "Hotine Oblique Mercator, center", "LatOrigin": "28°40'N", "LonOriginE": "263°12'E", "LonOriginW": "96°48'W", "Lat0_deg": 28.666666666699999, "Lon0_E_deg": 263.2, "Lon0_W_deg": -96.8, "ProjScale": 0.999983, "SkewAz_deg": 58, "FalseN_m": 266700.0, "FalseE_m": 13563600.0, "FalseN_ift": 875000.0, "FalseE_ift": 44500000.0, "DesignBy": "State", "Ref_frame": "NATRF2022" }, "geometry": { "type": "Polygon", "coordinates": [ [ [ -96.08891, 29.60166 ], [ -96.11625, 29.62334 ], [ -96.14184, 29.61964 ], [ -96.17605, 29.63337 ], [ -96.30767, 29.51452 ], [ -96.34922, 29.40605 ], [ -96.37581, 29.39327 ], [ -96.60434, 29.26578 ], [ -96.64031, 29.2478 ], [ -96.65847, 29.26388 ], [ -96.87526, 29.11006 ], [ -96.93859, 29.06324 ], [ -96.97638, 29.10405 ], [ -97.03319, 29.06433 ], [ -97.30592, 28.86404 ], [ -97.31041, 28.8773 ], [ -97.3255, 28.87484 ], [ -97.33998, 28.89565 ], [ -97.37147, 28.89926 ], [ -97.38242, 28.91567 ], [ -97.41734, 28.92523 ], [ -97.77853, 28.66803 ], [ -97.79523, 28.6734 ], [ -97.82531, 28.67034 ], [ -97.89334, 28.69997 ], [ -97.91511, 28.71965 ], [ -98.00525, 28.69024 ], [ -98.08976, 28.66298 ], [ -97.99132, 28.49673 ], [ -97.80877, 28.18342 ], [ -97.81772, 28.17685 ], [ -97.56762, 28.12968 ], [ -97.37511, 28.38917 ], [ -97.16156, 28.55272 ], [ -97.12505, 28.54531 ], [ -97.10517, 28.55481 ], [ -97.09084, 28.53458 ], [ -97.08279, 28.5426 ], [ -97.04853, 28.54998 ], [ -97.05138, 28.53703 ], [ -97.03062, 28.54153 ], [ -97.01974, 28.52026 ], [ -96.98215, 28.49964 ], [ -96.95555, 28.50436 ], [ -96.91528, 28.4858 ], [ -96.90172, 28.50964 ], [ -96.88066, 28.50387 ], [ -96.86256, 28.47751 ], [ -96.8484, 28.47607 ], [ -96.83992, 28.45888 ], [ -96.81349, 28.43026 ], [ -96.7894, 28.44717 ], [ -96.76426, 28.42586 ], [ -96.77863, 28.40426 ], [ -96.795, 28.36468 ], [ -96.79075, 28.31628 ], [ -96.83086, 28.108 ], [ -96.85268, 28.06045 ], [ -96.8159, 28.02284 ], [ -96.74625, 28.07962 ], [ -96.61878, 28.16952 ], [ -96.531, 28.22116 ], [ -96.37525, 28.29076 ], [ -96.35269, 28.31292 ], [ -96.34129, 28.3407 ], [ -96.32076, 28.36287 ], [ -96.29417, 28.36831 ], [ -96.27177, 28.38293 ], [ -96.25819, 28.40787 ], [ -96.18224, 28.45204 ], [ -96.07833, 28.5 ], [ -95.87524, 28.58279 ], [ -95.75024, 28.63842 ], [ -95.53202, 28.75026 ], [ -95.49565, 28.76484 ], [ -95.50709, 28.825 ], [ -95.50401, 28.83752 ], [ -95.53047, 28.8291 ], [ -95.56771, 28.82976 ], [ -95.57902, 28.83963 ], [ -95.57924, 28.85961 ], [ -95.64167, 28.90375 ], [ -95.6519, 28.92568 ], [ -95.64582, 28.93889 ], [ -95.67955, 28.96573 ], [ -95.70546, 28.96862 ], [ -95.76494, 28.96736 ], [ -95.76717, 28.98871 ], [ -95.77834, 28.99705 ], [ -95.78545, 29.03896 ], [ -95.76755, 29.05325 ], [ -95.77045, 29.06621 ], [ -95.79366, 29.07249 ], [ -95.8058, 29.09041 ], [ -95.82904, 29.08892 ], [ -95.84631, 29.1078 ], [ -95.83754, 29.12991 ], [ -95.8507, 29.15188 ], [ -95.83837, 29.17656 ], [ -95.8578, 29.19332 ], [ -95.84467, 29.20468 ], [ -95.87403, 29.2297 ], [ -95.84195, 29.25871 ], [ -95.85693, 29.26797 ], [ -95.8796, 29.26676 ], [ -95.89754, 29.29928 ], [ -95.89447, 29.31498 ], [ -95.923, 29.32927 ], [ -95.94681, 29.33343 ], [ -95.95338, 29.34508 ], [ -95.93951, 29.35253 ], [ -95.94729, 29.37252 ], [ -95.96841, 29.38345 ], [ -95.97343, 29.41145 ], [ -95.98206, 29.41077 ], [ -95.99293, 29.43363 ], [ -96.00385, 29.42887 ], [ -96.03659, 29.44569 ], [ -96.03277, 29.45414 ], [ -96.06068, 29.47647 ], [ -96.05968, 29.49187 ], [ -96.02608, 29.49533 ], [ -96.02425, 29.50691 ], [ -96.05392, 29.51201 ], [ -96.05515, 29.53986 ], [ -96.04167, 29.54027 ], [ -96.0446, 29.56224 ], [ -96.06, 29.56866 ], [ -96.05956, 29.58852 ], [ -96.08891, 29.60166 ] ] ] } },
{ "type": "Feature", "properties": { "fid": 185, "ZoneCode": "482045", "AbrvFull": "TX WLKR", "NameFull": "Texas Walker", "ZoneNum": 45, "AbrvPart": "WLKR", "NamePart": "Walker", "ZoneType": "Multizone partial", "StateAbrv": "TX", "StateName": "Texas", "ProjAbrv": "OMC", "ProjType": "Hotine Oblique Mercator, center", "LatOrigin": "30°16'N", "LonOriginE": "265°01'E", "LonOriginW": "94°59'W", "Lat0_deg": 30.266666666700001, "Lon0_E_deg": 265.01666666699998, "Lon0_W_deg": -94.983333333299996, "ProjScale": 0.999991, "SkewAz_deg": -20, "FalseN_m": 304800.0, "FalseE_m": 13868400.0, "FalseN_ift": 1000000.0, "FalseE_ift": 45500000.0, "DesignBy": "State", "Ref_frame": "NATRF2022" }, "geometry": { "type": "Polygon", "coordinates": [ [ [ -94.35488, 29.50633 ], [ -94.35338, 29.57484 ], [ -94.35798, 29.88746 ], [ -94.4422, 29.88705 ], [ -94.44491, 30.11302 ], [ -94.59634, 30.1121 ], [ -94.73273, 30.49007 ], [ -94.53793, 30.49106 ], [ -94.54204, 30.51135 ], [ -94.65799, 31.01201 ], [ -94.56207, 31.05887 ], [ -94.59892, 31.06856 ], [ -94.61441, 31.08521 ], [ -94.6583, 31.08478 ], [ -94.67301, 31.09583 ], [ -94.69835, 31.09625 ], [ -94.71862, 31.10699 ], [ -94.73859, 31.10369 ], [ -94.85221, 31.14802 ], [ -94.85007, 31.17855 ], [ -94.86574, 31.21207 ], [ -94.86117, 31.23275 ], [ -94.87455, 31.24965 ], [ -94.89768, 31.25801 ], [ -94.87671, 31.28339 ], [ -94.89468, 31.29171 ], [ -94.89902, 31.32697 ], [ -94.9095, 31.33706 ], [ -94.95782, 31.34285 ], [ -94.95811, 31.38693 ], [ -95.00021, 31.35699 ], [ -95.43935, 31.05499 ], [ -95.61787, 30.93042 ], [ -95.61192, 30.91824 ], [ -95.6296, 30.90008 ], [ -95.6545, 30.89324 ], [ -95.66381, 30.90412 ], [ -95.71651, 30.91141 ], [ -95.73339, 30.90006 ], [ -95.76493, 30.89633 ], [ -95.78453, 30.87931 ], [ -95.84316, 30.86187 ], [ -95.86308, 30.86429 ], [ -95.83024, 30.63028 ], [ -95.59897, 30.509 ], [ -95.36187, 30.50892 ], [ -95.3507, 30.47606 ], [ -95.32953, 30.43319 ], [ -95.30839, 30.40575 ], [ -95.26071, 30.38345 ], [ -95.23555, 30.37863 ], [ -95.21798, 30.35624 ], [ -95.20381, 30.3521 ], [ -95.22061, 30.33739 ], [ -95.22577, 30.31945 ], [ -95.1659, 30.34498 ], [ -95.10019, 30.1768 ], [ -95.03118, 29.99332 ], [ -94.99981, 29.99144 ], [ -94.98536, 29.97228 ], [ -94.99866, 29.91977 ], [ -94.98792, 29.90474 ], [ -94.97704, 29.86806 ], [ -94.95309, 29.8553 ], [ -94.9346, 29.83429 ], [ -94.91287, 29.82946 ], [ -94.90922, 29.81363 ], [ -94.92384, 29.79472 ], [ -94.91381, 29.7663 ], [ -94.92983, 29.75 ], [ -94.9283, 29.73875 ], [ -94.9454, 29.71624 ], [ -94.93257, 29.71434 ], [ -94.92991, 29.69737 ], [ -94.91558, 29.69818 ], [ -94.93259, 29.67512 ], [ -94.96858, 29.68255 ], [ -95.00164, 29.66439 ], [ -95.01504, 29.63195 ], [ -94.98261, 29.60177 ], [ -95.00608, 29.57707 ], [ -95.0182, 29.5546 ], [ -95.0031, 29.52606 ], [ -94.97806, 29.51167 ], [ -94.90984, 29.49644 ], [ -94.88111, 29.51273 ], [ -94.79494, 29.3544 ], [ -94.62431, 29.33487 ], [ -94.62858, 29.35828 ], [ -94.65031, 29.38282 ], [ -94.62519, 29.39766 ], [ -94.49945, 29.45234 ], [ -94.35488, 29.50633 ] ] ] } },
{ "type": "Feature", "properties": { "fid": 186, "ZoneCode": "482046", "AbrvFull": "TX WARD", "NameFull": "Texas Ward", "ZoneNum": 46, "AbrvPart": "WARD", "NamePart": "Ward", "ZoneType": "Multizone partial", "StateAbrv": "TX", "StateName": "Texas", "ProjAbrv": "LC1", "ProjType": "Lambert Conformal Conic, one parallel", "LatOrigin": "31°20'N", "LonOriginE": "257°48'E", "LonOriginW": "102°12'W", "Lat0_deg": 31.333333333300001, "Lon0_E_deg": 257.8, "Lon0_W_deg": -102.2, "ProjScale": 1.000115, "SkewAz_deg": -9999, "FalseN_m": 304800.0, "FalseE_m": 14173200.0, "FalseN_ift": 1000000.0, "FalseE_ift": 46500000.0, "DesignBy": "State", "Ref_frame": "NATRF2022" }, "geometry": { "type": "Polygon", "coordinates": [ [ [ -101.26712, 31.65085 ], [ -101.61625, 31.65153 ], [ -102.00705, 31.65163 ], [ -102.59769, 31.65109 ], [ -103.61089, 31.6518 ], [ -103.57303, 31.63229 ], [ -103.54933, 31.64463 ], [ -103.51131, 31.62627 ], [ -103.5042, 31.59665 ], [ -103.51142, 31.567 ], [ -103.4956, 31.55029 ], [ -103.5035, 31.50548 ], [ -103.4821, 31.47716 ], [ -103.48993, 31.45971 ], [ -103.48303, 31.4471 ], [ -103.45431, 31.42582 ], [ -103.44054, 31.43193 ], [ -103.41858, 31.42616 ], [ -103.39381, 31.43133 ], [ -103.36922, 31.41414 ], [ -103.34459, 31.42225 ], [ -103.32994, 31.412 ], [ -103.26896, 31.42709 ], [ -103.24493, 31.38937 ], [ -103.18122, 31.37025 ], [ -103.14249, 31.36541 ], [ -103.06735, 31.3652 ], [ -103.05599, 31.38443 ], [ -103.02389, 31.37957 ], [ -102.99627, 31.36143 ], [ -102.96567, 31.35131 ], [ -102.93358, 31.35008 ], [ -102.89567, 31.32207 ], [ -102.87539, 31.31629 ], [ -102.87728, 31.30521 ], [ -102.83885, 31.28583 ], [ -102.82709, 31.26791 ], [ -102.7726, 31.2935 ], [ -102.75372, 31.27905 ], [ -102.72998, 31.2877 ], [ -102.72487, 31.30842 ], [ -102.6765, 31.32682 ], [ -102.64101, 31.30968 ], [ -102.62895, 31.29103 ], [ -102.61638, 31.28939 ], [ -102.60068, 31.2671 ], [ -102.57907, 31.27153 ], [ -102.52148, 31.26259 ], [ -102.5023, 31.25298 ], [ -102.4911, 31.23564 ], [ -102.45806, 31.22357 ], [ -102.42954, 31.19356 ], [ -102.42287, 31.14925 ], [ -102.43013, 31.12906 ], [ -102.40615, 31.08787 ], [ -102.3888, 31.08716 ], [ -101.9572, 31.08212 ], [ -101.86237, 31.07977 ], [ -101.25039, 31.07941 ], [ -101.00039, 31.08187 ], [ -100.68876, 31.08658 ], [ -100.69306, 31.52395 ], [ -100.99101, 31.52763 ], [ -101.26795, 31.52869 ], [ -101.26712, 31.65085 ] ] ] } },
{ "type": "Feature", "properties": { "fid": 187, "ZoneCode": "482047", "AbrvFull": "TX WASH", "NameFull": "Texas Washington", "ZoneNum": 47, "AbrvPart": "WASH", "NamePart": "Washington", "ZoneType": "Multizone partial", "StateAbrv": "TX", "StateName": "Texas", "ProjAbrv": "OMC", "ProjType": "Hotine Oblique Mercator, center", "LatOrigin": "29°21'N", "LonOriginE": "262°48'E", "LonOriginW": "97°12'W", "Lat0_deg": 29.35, "Lon0_E_deg": 262.8, "Lon0_W_deg": -97.2, "ProjScale": 1.0, "SkewAz_deg": 54, "FalseN_m": 266700.0, "FalseE_m": 14478000.0, "FalseN_ift": 875000.0, "FalseE_ift": 47500000.0, "DesignBy": "State", "Ref_frame": "NATRF2022" }, "geometry": { "type": "Polygon", "coordinates": [ [ [ -96.09316, 30.22519 ], [ -96.08458, 30.25125 ], [ -96.09912, 30.25517 ], [ -96.08589, 30.28898 ], [ -96.10058, 30.29281 ], [ -96.09719, 30.31111 ], [ -96.12048, 30.30569 ], [ -96.1602, 30.33849 ], [ -96.14987, 30.36879 ], [ -96.17657, 30.3761 ], [ -96.17347, 30.38922 ], [ -96.19325, 30.39965 ], [ -96.19954, 30.38291 ], [ -96.26867, 30.35868 ], [ -96.31279, 30.3843 ], [ -96.34091, 30.36781 ], [ -96.36051, 30.36784 ], [ -96.42274, 30.34337 ], [ -96.45514, 30.34453 ], [ -96.46211, 30.33635 ], [ -96.4905, 30.33562 ], [ -96.49604, 30.32436 ], [ -96.54091, 30.31799 ], [ -96.56236, 30.32246 ], [ -96.56792, 30.31324 ], [ -96.60599, 30.30212 ], [ -96.63324, 30.29954 ], [ -96.65789, 30.28778 ], [ -96.68527, 30.25601 ], [ -96.70753, 30.24534 ], [ -96.73164, 30.24389 ], [ -96.74192, 30.22801 ], [ -96.74146, 30.19757 ], [ -96.79455, 30.16055 ], [ -96.84586, 30.11603 ], [ -97.01916, 30.032 ], [ -97.02446, 30.05144 ], [ -97.10502, 29.97719 ], [ -97.31789, 29.78466 ], [ -97.59774, 29.63072 ], [ -97.6175, 29.63355 ], [ -97.63318, 29.64986 ], [ -97.74658, 29.50034 ], [ -97.75386, 29.48858 ], [ -97.84038, 29.37679 ], [ -98.08468, 29.37959 ], [ -98.11307, 29.36533 ], [ -98.12257, 29.37855 ], [ -98.13719, 29.44043 ], [ -98.29596, 29.24732 ], [ -98.40734, 29.11444 ], [ -98.27016, 28.96887 ], [ -98.18437, 28.87526 ], [ -98.00525, 28.69024 ], [ -97.91511, 28.71965 ], [ -97.89334, 28.69997 ], [ -97.82531, 28.67034 ], [ -97.79523, 28.6734 ], [ -97.77853, 28.66803 ], [ -97.41734, 28.92523 ], [ -97.38242, 28.91567 ], [ -97.37147, 28.89926 ], [ -97.33998, 28.89565 ], [ -97.3255, 28.87484 ], [ -97.31041, 28.8773 ], [ -97.30592, 28.86404 ], [ -97.03319, 29.06433 ], [ -96.97638, 29.10405 ], [ -96.93859, 29.06324 ], [ -96.87526, 29.11006 ], [ -96.65847, 29.26388 ], [ -96.64031, 29.2478 ], [ -96.60434, 29.26578 ], [ -96.37581, 29.39327 ], [ -96.34922, 29.40605 ], [ -96.30767, 29.51452 ], [ -96.17605, 29.63337 ], [ -96.14184, 29.61964 ], [ -96.11625, 29.62334 ], [ -96.08891, 29.60166 ], [ -96.02485, 29.60288 ], [ -96.01754, 29.64546 ], [ -96.03185, 29.65557 ], [ -96.01604, 29.66372 ], [ -96.02966, 29.67522 ], [ -96.04384, 29.66579 ], [ -96.05722, 29.68194 ], [ -96.03216, 29.68852 ], [ -96.01664, 29.68006 ], [ -96.02264, 29.70501 ], [ -96.00758, 29.70294 ], [ -96.0116, 29.71984 ], [ -96.03239, 29.71748 ], [ -96.03969, 29.73972 ], [ -96.0296, 29.75467 ], [ -96.04923, 29.80319 ], [ -96.1025, 29.80967 ], [ -96.12131, 29.84196 ], [ -96.10166, 29.85396 ], [ -96.11223, 29.87256 ], [ -96.09581, 29.87668 ], [ -96.12627, 29.89885 ], [ -96.11336, 29.91557 ], [ -96.13165, 29.9375 ], [ -96.11946, 29.95502 ], [ -96.12275, 29.96855 ], [ -96.10526, 29.95917 ], [ -96.0957, 29.97814 ], [ -96.10452, 29.99638 ], [ -96.08454, 30.00514 ], [ -96.09471, 30.02538 ], [ -96.11322, 30.027 ], [ -96.11721, 30.05013 ], [ -96.14063, 30.05823 ], [ -96.15842, 30.09171 ], [ -96.16027, 30.10807 ], [ -96.17282, 30.09934 ], [ -96.19142, 30.13467 ], [ -96.17194, 30.14116 ], [ -96.17629, 30.15482 ], [ -96.15487, 30.14137 ], [ -96.15901, 30.20661 ], [ -96.14507, 30.21857 ], [ -96.12823, 30.21161 ], [ -96.1137, 30.2272 ], [ -96.09894, 30.21453 ], [ -96.09316, 30.22519 ] ] ] } },
{ "type": "Feature", "properties": { "fid": 188, "ZoneCode": "482048", "AbrvFull": "TX WEBB", "NameFull": "Texas Webb", "ZoneNum": 48, "AbrvPart": "WEBB", "NamePart": "Webb", "ZoneType": "Multizone partial", "StateAbrv": "TX", "StateName": "Texas", "ProjAbrv": "OMC", "ProjType": "Hotine Oblique Mercator, center", "LatOrigin": "27°42'N", "LonOriginE": "260°47'E", "LonOriginW": "99°13'W", "Lat0_deg": 27.7, "Lon0_E_deg": 260.78333333299997, "Lon0_W_deg": -99.216666666699993, "ProjScale": 1.000001, "SkewAz_deg": -80, "FalseN_m": 304800.0, "FalseE_m": 14782800.0, "FalseN_ift": 1000000.0, "FalseE_ift": 48500000.0, "DesignBy": "State", "Ref_frame": "NATRF2022" }, "geometry": { "type": "Polygon", "coordinates": [ [ [ -98.80332, 28.05748 ], [ -99.0003, 28.05051 ], [ -99.10208, 28.04374 ], [ -99.38895, 28.03042 ], [ -99.39418, 28.20463 ], [ -99.49991, 28.20324 ], [ -100.21219, 28.19684 ], [ -100.15919, 28.16765 ], [ -100.1411, 28.16815 ], [ -100.11963, 28.15559 ], [ -100.0869, 28.14678 ], [ -100.05312, 28.08473 ], [ -100.01895, 28.06644 ], [ -100.00615, 28.01842 ], [ -99.98976, 27.99288 ], [ -99.96277, 27.98354 ], [ -99.93181, 27.98097 ], [ -99.93714, 27.94054 ], [ -99.91746, 27.91797 ], [ -99.90008, 27.91214 ], [ -99.89409, 27.89297 ], [ -99.90149, 27.86416 ], [ -99.88133, 27.84955 ], [ -99.87229, 27.79526 ], [ -99.84966, 27.79246 ], [ -99.83305, 27.76289 ], [ -99.81312, 27.774 ], [ -99.80165, 27.74177 ], [ -99.79153, 27.73186 ], [ -99.77074, 27.73213 ], [ -99.73846, 27.69311 ], [ -99.72152, 27.66616 ], [ -99.7046, 27.65495 ], [ -99.69125, 27.66873 ], [ -99.65807, 27.648 ], [ -99.66611, 27.63609 ], [ -99.63893, 27.62676 ], [ -99.6214, 27.64376 ], [ -99.59404, 27.63857 ], [ -99.57764, 27.6186 ], [ -99.57863, 27.60229 ], [ -99.55494, 27.61446 ], [ -99.54189, 27.606 ], [ -99.52971, 27.57976 ], [ -99.51105, 27.56451 ], [ -99.52192, 27.54409 ], [ -99.52839, 27.49855 ], [ -99.49683, 27.50011 ], [ -99.47925, 27.47864 ], [ -99.4951, 27.45152 ], [ -99.48776, 27.4134 ], [ -99.49214, 27.38052 ], [ -99.50798, 27.35301 ], [ -99.5044, 27.3399 ], [ -99.53803, 27.31709 ], [ -99.52965, 27.30605 ], [ -99.49502, 27.30394 ], [ -99.4878, 27.2887 ], [ -99.4965, 27.27339 ], [ -99.48039, 27.26014 ], [ -99.45379, 27.26506 ], [ -99.37062, 27.31917 ], [ -99.33361, 27.27322 ], [ -99.12539, 27.27079 ], [ -98.79809, 27.26801 ], [ -98.79832, 27.35403 ], [ -98.74938, 27.35667 ], [ -98.62503, 27.35773 ], [ -98.62493, 27.33807 ], [ -98.58948, 27.33824 ], [ -98.58954, 27.3587 ], [ -98.55262, 27.3591 ], [ -98.55245, 27.34376 ], [ -98.52229, 27.34328 ], [ -98.52328, 27.26515 ], [ -98.23246, 27.26249 ], [ -98.2355, 28.05797 ], [ -98.56611, 28.05713 ], [ -98.80332, 28.05748 ] ] ] } },
{ "type": "Feature", "properties": { "fid": 189, "ZoneCode": "482049", "AbrvFull": "TX WICH", "NameFull": "Texas Wichita", "ZoneNum": 49, "AbrvPart": "WICH", "NamePart": "Wichita", "ZoneType": "Multizone partial", "StateAbrv": "TX", "StateName": "Texas", "ProjAbrv": "TM", "ProjType": "Transverse Mercator", "LatOrigin": "29°45'N", "LonOriginE": "261°21'E", "LonOriginW": "98°39'W", "Lat0_deg": 29.75, "Lon0_E_deg": 261.35, "Lon0_W_deg": -98.65, "ProjScale": 1.00005, "SkewAz_deg": -9999, "FalseN_m": 0.0, "FalseE_m": 15049500.0, "FalseN_ift": 0.0, "FalseE_ift": 49375000.0, "DesignBy": "State", "Ref_frame": "NATRF2022" }, "geometry": { "type": "Polygon", "coordinates": [ [ [ -98.42353, 34.08284 ], [ -98.44281, 34.08314 ], [ -98.48633, 34.0626 ], [ -98.50415, 34.07229 ], [ -98.53626, 34.10735 ], [ -98.56098, 34.12392 ], [ -98.57736, 34.1491 ], [ -98.6031, 34.1605 ], [ -98.61935, 34.15667 ], [ -98.64807, 34.16444 ], [ -98.69007, 34.13316 ], [ -98.73547, 34.13521 ], [ -98.75745, 34.12471 ], [ -98.76667, 34.13683 ], [ -98.83111, 34.16215 ], [ -98.85732, 34.16109 ], [ -98.86012, 34.14991 ], [ -98.88711, 34.16826 ], [ -98.9207, 34.18344 ], [ -98.95239, 34.2125 ], [ -98.95396, 33.37509 ], [ -98.95087, 32.95692 ], [ -99.09602, 32.95704 ], [ -99.09605, 32.51477 ], [ -98.57626, 32.51516 ], [ -98.57562, 32.95435 ], [ -98.42721, 32.9523 ], [ -98.42462, 33.1501 ], [ -98.42089, 33.26985 ], [ -98.42044, 33.3751 ], [ -98.42326, 33.61888 ], [ -98.42353, 34.08284 ] ] ] } },
{ "type": "Feature", "properties": { "fid": 190, "ZoneCode": "482050", "AbrvFull": "TX WILB", "NameFull": "Texas Wilbarger", "ZoneNum": 50, "AbrvPart": "WILB", "NamePart": "Wilbarger", "ZoneType": "Multizone partial", "StateAbrv": "TX", "StateName": "Texas", "ProjAbrv": "TM", "ProjType": "Transverse Mercator", "LatOrigin": "30°15'N", "LonOriginE": "260°36'E", "LonOriginW": "99°24'W", "Lat0_deg": 30.25, "Lon0_E_deg": 260.6, "Lon0_W_deg": -99.4, "ProjScale": 1.00005, "SkewAz_deg": -9999, "FalseN_m": 0.0, "FalseE_m": 15354300.0, "FalseN_ift": 0.0, "FalseE_ift": 50375000.0, "DesignBy": "State", "Ref_frame": "NATRF2022" }, "geometry": { "type": "Polygon", "coordinates": [ [ [ -98.95239, 34.2125 ], [ -98.96574, 34.20147 ], [ -98.9917, 34.22143 ], [ -99.01296, 34.20319 ], [ -99.03734, 34.20645 ], [ -99.04336, 34.19824 ], [ -99.06633, 34.20843 ], [ -99.09527, 34.21184 ], [ -99.121, 34.20185 ], [ -99.13755, 34.21935 ], [ -99.15657, 34.20717 ], [ -99.18978, 34.21436 ], [ -99.19925, 34.26079 ], [ -99.19555, 34.28128 ], [ -99.20777, 34.28382 ], [ -99.21316, 34.30848 ], [ -99.21072, 34.33734 ], [ -99.2343, 34.34045 ], [ -99.24285, 34.37268 ], [ -99.2753, 34.38614 ], [ -99.26127, 34.40351 ], [ -99.27883, 34.40027 ], [ -99.28791, 34.41403 ], [ -99.32007, 34.40927 ], [ -99.3287, 34.42238 ], [ -99.3569, 34.44208 ], [ -99.35897, 34.45581 ], [ -99.37555, 34.45879 ], [ -99.39519, 34.44203 ], [ -99.39675, 34.41721 ], [ -99.38718, 34.41084 ], [ -99.39873, 34.37583 ], [ -99.4275, 34.38514 ], [ -99.43346, 34.37022 ], [ -99.46638, 34.3959 ], [ -99.48722, 34.39796 ], [ -99.51762, 34.41449 ], [ -99.57976, 34.41693 ], [ -99.58621, 34.3874 ], [ -99.60003, 34.37469 ], [ -99.6242, 34.37358 ], [ -99.64814, 34.38231 ], [ -99.66395, 34.37368 ], [ -99.69453, 34.37822 ], [ -99.72703, 34.41055 ], [ -99.75345, 34.42085 ], [ -99.7656, 34.43749 ], [ -99.78376, 34.44501 ], [ -99.81431, 34.4762 ], [ -99.81672, 34.48972 ], [ -99.85305, 34.51159 ], [ -99.88874, 34.55045 ], [ -99.92321, 34.57455 ], [ -99.95382, 34.57853 ], [ -99.97101, 34.5625 ], [ -99.9975, 34.56057 ], [ -99.99762, 34.22436 ], [ -100.00979, 34.24196 ], [ -100.03784, 34.23841 ], [ -100.04703, 34.22978 ], [ -100.04848, 33.83597 ], [ -99.99643, 33.83597 ], [ -99.98942, 33.2501 ], [ -99.98883, 32.96012 ], [ -99.612, 32.95696 ], [ -99.09602, 32.95704 ], [ -98.95087, 32.95692 ], [ -98.95396, 33.37509 ], [ -98.95239, 34.2125 ] ] ] } },
{ "type": "Feature", "properties": { "fid": 191, "ZoneCode": "492001", "AbrvFull": "UT GCN", "NameFull": "Utah Grouse Creek North", "ZoneNum": 1, "AbrvPart": "GCN", "NamePart": "Grouse Creek North", "ZoneType": "Multizone partial", "StateAbrv": "UT", "StateName": "Utah", "ProjAbrv": "LC1", "ProjType": "Lambert Conformal Conic, one parallel", "LatOrigin": "43°00'N", "LonOriginE": "246°18'E", "LonOriginW": "113°42'W", "Lat0_deg": 43.0, "Lon0_E_deg": 246.3, "Lon0_W_deg": -113.7, "ProjScale": 1.000105, "SkewAz_deg": -9999, "FalseN_m": 190500.0, "FalseE_m": 152400.0, "FalseN_ift": 625000.0, "FalseE_ift": 500000.0, "DesignBy": "State", "Ref_frame": "NATRF2022" }, "geometry": { "type": "Polygon", "coordinates": [ [ [ -113.75461, 41.63598 ], [ -113.33127, 41.99498 ], [ -113.81488, 41.98865 ], [ -113.90158, 41.98855 ], [ -113.95599, 41.99121 ], [ -114.03989, 41.83345 ], [ -114.03986, 41.75184 ], [ -113.99582, 41.74392 ], [ -113.89, 41.83 ], [ -113.8, 41.83 ], [ -113.78, 41.74 ], [ -113.75461, 41.63598 ] ] ] } },
{ "type": "Feature", "properties": { "fid": 192, "ZoneCode": "492002", "AbrvFull": "UT GCS", "NameFull": "Utah Grouse Creek South", "ZoneNum": 2, "AbrvPart": "GCS", "NamePart": "Grouse Creek South", "ZoneType": "Multizone partial", "StateAbrv": "UT", "StateName": "Utah", "ProjAbrv": "LC1", "ProjType": "Lambert Conformal Conic, one parallel", "LatOrigin": "39°30'N", "LonOriginE": "246°09'E", "LonOriginW": "113°51'W", "Lat0_deg": 39.5, "Lon0_E_deg": 246.15, "Lon0_W_deg": -113.85, "ProjScale": 0.999476, "SkewAz_deg": -9999, "FalseN_m": -190500.0, "FalseE_m": 114300.0, "FalseN_ift": -625000.0, "FalseE_ift": 375000.0, "DesignBy": "State", "Ref_frame": "NATRF2022" }, "geometry": { "type": "Polygon", "coordinates": [ [ [ -113.78, 41.74 ], [ -113.8, 41.83 ], [ -113.89, 41.83 ], [ -113.99582, 41.74392 ], [ -113.89363, 41.68482 ], [ -113.78, 41.74 ] ] ] } },
{ "type": "Feature", "properties": { "fid": 193, "ZoneCode": "492003", "AbrvFull": "UT 30RT", "NameFull": "Utah US30 Rossette", "ZoneNum": 3, "AbrvPart": "30RT", "NamePart": "US30 Rossette", "ZoneType": "Multizone partial", "StateAbrv": "UT", "StateName": "Utah", "ProjAbrv": "LC1", "ProjType": "Lambert Conformal Conic, one parallel", "LatOrigin": "41°50'N", "LonOriginE": "246°39'E", "LonOriginW": "113°21'W", "Lat0_deg": 41.833333333299997, "Lon0_E_deg": 246.65, "Lon0_W_deg": -113.35, "ProjScale": 1.000243, "SkewAz_deg": -9999, "FalseN_m": 76200.0, "FalseE_m": 152400.0, "FalseN_ift": 250000.0, "FalseE_ift": 500000.0, "DesignBy": "State", "Ref_frame": "NATRF2022" }, "geometry": { "type": "Polygon", "coordinates": [ [ [ -113.19, 41.78 ], [ -112.99274, 41.99824 ], [ -113.33127, 41.99498 ], [ -113.75461, 41.63598 ], [ -113.72, 41.545 ], [ -113.42, 41.545 ], [ -113.19, 41.62 ], [ -113.19, 41.78 ] ] ] } },
{ "type": "Feature", "properties": { "fid": 194, "ZoneCode": "492004", "AbrvFull": "UT 84RH", "NameFull": "Utah Interstate 84 Rattlesnake Pass-Howell", "ZoneNum": 4, "AbrvPart": "84RH", "NamePart": "Interstate 84 Rattlesnake Pass-Howell", "ZoneType": "Multizone partial", "StateAbrv": "UT", "StateName": "Utah", "ProjAbrv": "TM", "ProjType": "Transverse Mercator", "LatOrigin": "41°15'N", "LonOriginE": "247°42'E", "LonOriginW": "112°18'W", "Lat0_deg": 41.25, "Lon0_E_deg": 247.7, "Lon0_W_deg": -112.3, "ProjScale": 1.000236, "SkewAz_deg": -9999, "FalseN_m": 0.0, "FalseE_m": 152400.0, "FalseN_ift": 0.0, "FalseE_ift": 500000.0, "DesignBy": "State", "Ref_frame": "NATRF2022" }, "geometry": { "type": "Polygon", "coordinates": [ [ [ -112.35, 41.62 ], [ -112.2, 41.725 ], [ -112.175, 41.785 ], [ -112.26497, 42.00115 ], [ -112.58818, 42.00048 ], [ -112.63, 41.62 ], [ -112.35, 41.62 ] ] ] } },
{ "type": "Feature", "properties": { "fid": 195, "ZoneCode": "492005", "AbrvFull": "UT 89TG", "NameFull": "Utah US89 Tony Grove-Franklin Basin Road", "ZoneNum": 5, "AbrvPart": "89TG", "NamePart": "US89 Tony Grove-Franklin Basin Road", "ZoneType": "Multizone partial", "StateAbrv": "UT", "StateName": "Utah", "ProjAbrv": "LC1", "ProjType": "Lambert Conformal Conic, one parallel", "LatOrigin": "41°00'N", "LonOriginE": "248°24'E", "LonOriginW": "111°36'W", "Lat0_deg": 41.0, "Lon0_E_deg": 248.4, "Lon0_W_deg": -111.6, "ProjScale": 1.000197, "SkewAz_deg": -9999, "FalseN_m": -38100.0, "FalseE_m": 114300.0, "FalseN_ift": -125000.0, "FalseE_ift": 375000.0, "DesignBy": "State", "Ref_frame": "NATRF2022" }, "geometry": { "type": "Polygon", "coordinates": [ [ [ -111.52, 41.89 ], [ -111.52, 41.99951 ], [ -111.66, 41.99938 ], [ -111.66, 41.89 ], [ -111.52, 41.89 ] ] ] } },
{ "type": "Feature", "properties": { "fid": 196, "ZoneCode": "492006", "AbrvFull": "UT 89LV", "NameFull": "Utah US89 Jct 243-Lake View Drive", "ZoneNum": 6, "AbrvPart": "89LV", "NamePart": "US89 Jct 243-Lake View Drive", "ZoneType": "Multizone partial", "StateAbrv": "UT", "StateName": "Utah", "ProjAbrv": "TM", "ProjType": "Transverse Mercator", "LatOrigin": "41°30'N", "LonOriginE": "250°00'E", "LonOriginW": "110°00'W", "Lat0_deg": 41.5, "Lon0_E_deg": 250.0, "Lon0_W_deg": -110.0, "ProjScale": 1.00016, "SkewAz_deg": -9999, "FalseN_m": 0.0, "FalseE_m": 228600.0, "FalseN_ift": 0.0, "FalseE_ift": 750000.0, "DesignBy": "State", "Ref_frame": "NATRF2022" }, "geometry": { "type": "Polygon", "coordinates": [ [ [ -111.52, 41.99951 ], [ -111.52, 41.89 ], [ -111.39, 41.89 ], [ -111.39, 42.00081 ], [ -111.52, 41.99951 ] ] ] } },
{ "type": "Feature", "properties": { "fid": 197, "ZoneCode": "492007", "AbrvFull": "UT 30ON", "NameFull": "Utah US30 Old Laketown Canyon-Northfork-Sage Creek", "ZoneNum": 7, "AbrvPart": "30ON", "NamePart": "US30 Old Laketown Canyon-Northfork-Sage Creek", "ZoneType": "Multizone partial", "StateAbrv": "UT", "StateName": "Utah", "ProjAbrv": "LC1", "ProjType": "Lambert Conformal Conic, one parallel", "LatOrigin": "41°45'N", "LonOriginE": "248°45'E", "LonOriginW": "111°15'W", "Lat0_deg": 41.75, "Lon0_E_deg": 248.75, "Lon0_W_deg": -111.25, "ProjScale": 1.000327, "SkewAz_deg": -9999, "FalseN_m": 38100.0, "FalseE_m": 114300.0, "FalseN_ift": 125000.0, "FalseE_ift": 375000.0, "DesignBy": "State", "Ref_frame": "NATRF2022" }, "geometry": { "type": "Polygon", "coordinates": [ [ [ -111.10688, 42.00156 ], [ -111.26316, 42.00131 ], [ -111.31, 41.75 ], [ -111.21, 41.75 ], [ -111.10688, 42.00156 ] ] ] } },
{ "type": "Feature", "properties": { "fid": 198, "ZoneCode": "492008", "AbrvFull": "UT 89LW", "NameFull": "Utah US89 Logan Canyon-Wood Camp Hollow", "ZoneNum": 8, "AbrvPart": "89LW", "NamePart": "US89 Logan Canyon-Wood Camp Hollow", "ZoneType": "Multizone partial", "StateAbrv": "UT", "StateName": "Utah", "ProjAbrv": "LC1", "ProjType": "Lambert Conformal Conic, one parallel", "LatOrigin": "41°45'N", "LonOriginE": "248°15'E", "LonOriginW": "111°45'W", "Lat0_deg": 41.75, "Lon0_E_deg": 248.25, "Lon0_W_deg": -111.75, "ProjScale": 1.000245, "SkewAz_deg": -9999, "FalseN_m": 76200.0, "FalseE_m": 114300.0, "FalseN_ift": 250000.0, "FalseE_ift": 375000.0, "DesignBy": "State", "Ref_frame": "NATRF2022" }, "geometry": { "type": "Polygon", "coordinates": [ [ [ -111.59, 41.75 ], [ -111.6278, 41.82385 ], [ -111.80492, 41.7542 ], [ -111.8274, 41.63471 ], [ -111.91971, 41.60983 ], [ -111.95587, 41.63316 ], [ -111.99, 41.61 ], [ -111.92034, 41.55 ], [ -111.72, 41.58 ], [ -111.72, 41.62 ], [ -111.69, 41.75 ], [ -111.59, 41.75 ] ] ] } },
{ "type": "Feature", "properties": { "fid": 199, "ZoneCode": "492009", "AbrvFull": "UT LHFR", "NameFull": "Utah SR101 Left Hand Fork Road-Richards Hollow", "ZoneNum": 9, "AbrvPart": "LHFR", "NamePart": "SR101 Left Hand Fork Road-Richards Hollow", "ZoneType": "Multizone partial", "StateAbrv": "UT", "StateName": "Utah", "ProjAbrv": "LC1", "ProjType": "Lambert Conformal Conic, one parallel", "LatOrigin": "40°00'N", "LonOriginE": "248°21'E", "LonOriginW": "111°39'W", "Lat0_deg": 40.0, "Lon0_E_deg": 248.35, "Lon0_W_deg": -111.65, "ProjScale": 0.999842, "SkewAz_deg": -9999, "FalseN_m": -114300.0, "FalseE_m": 114300.0, "FalseN_ift": -375000.0, "FalseE_ift": 375000.0, "DesignBy": "State", "Ref_frame": "NATRF2022" }, "geometry": { "type": "Polygon", "coordinates": [ [ [ -111.59, 41.75 ], [ -111.69, 41.75 ], [ -111.72, 41.62 ], [ -111.55, 41.59 ], [ -111.55, 41.64 ], [ -111.59, 41.75 ] ] ] } },
{ "type": "Feature", "properties": { "fid": 200, "ZoneCode": "492010", "AbrvFull": "UT 89BS", "NameFull": "Utah US89 Brigham City-Summit", "ZoneNum": 10, "AbrvPart": "89BS", "NamePart": "US89 Brigham City-Summit", "ZoneType": "Multizone partial", "StateAbrv": "UT", "StateName": "Utah", "ProjAbrv": "LC1", "ProjType": "Lambert Conformal Conic, one parallel", "LatOrigin": "40°30'N", "LonOriginE": "248°00'E", "LonOriginW": "112°00'W", "Lat0_deg": 40.5, "Lon0_E_deg": 248.0, "Lon0_W_deg": -112.0, "ProjScale": 1.000091, "SkewAz_deg": -9999, "FalseN_m": -38100.0, "FalseE_m": 114300.0, "FalseN_ift": -125000.0, "FalseE_ift": 375000.0, "DesignBy": "State", "Ref_frame": "NATRF2022" }, "geometry": { "type": "Polygon", "coordinates": [ [ [ -111.72, 41.58 ], [ -111.92034, 41.55 ], [ -111.99, 41.61 ], [ -111.99, 41.49 ], [ -111.75957, 41.4239 ], [ -111.72, 41.58 ] ] ] } },
{ "type": "Feature", "properties": { "fid": 201, "ZoneCode": "492011", "AbrvFull": "UT JHBD", "NameFull": "Utah Junction Hills-Beaver Dam", "ZoneNum": 11, "AbrvPart": "JHBD", "NamePart": "Junction Hills-Beaver Dam", "ZoneType": "Multizone partial", "StateAbrv": "UT", "StateName": "Utah", "ProjAbrv": "TM", "ProjType": "Transverse Mercator", "LatOrigin": "41°21'N", "LonOriginE": "247°57'E", "LonOriginW": "112°03'W", "Lat0_deg": 41.35, "Lon0_E_deg": 247.95, "Lon0_W_deg": -112.05, "ProjScale": 1.00023, "SkewAz_deg": -9999, "FalseN_m": 0.0, "FalseE_m": 114300.0, "FalseN_ift": 0.0, "FalseE_ift": 375000.0, "DesignBy": "State", "Ref_frame": "NATRF2022" }, "geometry": { "type": "Polygon", "coordinates": [ [ [ -112.1, 41.74 ], [ -111.98, 41.74 ], [ -112.0, 41.85 ], [ -112.0, 41.93 ], [ -112.07, 41.93 ], [ -112.1, 41.89 ], [ -112.1, 41.74 ] ] ] } },
{ "type": "Feature", "properties": { "fid": 202, "ZoneCode": "492012", "AbrvFull": "UT 39BC", "NameFull": "Utah US39 Beaver Creek-County Line", "ZoneNum": 12, "AbrvPart": "39BC", "NamePart": "US39 Beaver Creek-County Line", "ZoneType": "Multizone partial", "StateAbrv": "UT", "StateName": "Utah", "ProjAbrv": "LC1", "ProjType": "Lambert Conformal Conic, one parallel", "LatOrigin": "39°00'N", "LonOriginE": "248°24'E", "LonOriginW": "111°36'W", "Lat0_deg": 39.0, "Lon0_E_deg": 248.4, "Lon0_W_deg": -111.6, "ProjScale": 0.999473, "SkewAz_deg": -9999, "FalseN_m": -190500.0, "FalseE_m": 114300.0, "FalseN_ift": -625000.0, "FalseE_ift": 375000.0, "DesignBy": "State", "Ref_frame": "NATRF2022" }, "geometry": { "type": "Polygon", "coordinates": [ [ [ -111.54, 41.4 ], [ -111.52099, 41.48237 ], [ -111.66, 41.45 ], [ -111.66, 41.34 ], [ -111.5, 41.35 ], [ -111.54, 41.4 ] ] ] } },
{ "type": "Feature", "properties": { "fid": 203, "ZoneCode": "492013", "AbrvFull": "UT 39CB", "NameFull": "Utah US39 Curtis Creek-Birch Creek Reservoir", "ZoneNum": 13, "AbrvPart": "39CB", "NamePart": "US39 Curtis Creek-Birch Creek Reservoir", "ZoneType": "Multizone partial", "StateAbrv": "UT", "StateName": "Utah", "ProjAbrv": "TM", "ProjType": "Transverse Mercator", "LatOrigin": "41°00'N", "LonOriginE": "250°30'E", "LonOriginW": "109°30'W", "Lat0_deg": 41.0, "Lon0_E_deg": 250.5, "Lon0_W_deg": -109.5, "ProjScale": 1.000061, "SkewAz_deg": -9999, "FalseN_m": 0.0, "FalseE_m": 266700.0, "FalseN_ift": 0.0, "FalseE_ift": 875000.0, "DesignBy": "State", "Ref_frame": "NATRF2022" }, "geometry": { "type": "Polygon", "coordinates": [ [ [ -111.52099, 41.48237 ], [ -111.54, 41.4 ], [ -111.37, 41.38 ], [ -111.27, 41.53 ], [ -111.51, 41.53 ], [ -111.52099, 41.48237 ] ] ] } },
{ "type": "Feature", "properties": { "fid": 204, "ZoneCode": "492014", "AbrvFull": "UT WFBC", "NameFull": "Utah Wasatch Front Benches and Canyons", "ZoneNum": 14, "AbrvPart": "WFBC", "NamePart": "Wasatch Front Benches and Canyons", "ZoneType": "Multizone partial", "StateAbrv": "UT", "StateName": "Utah", "ProjAbrv": "TM", "ProjType": "Transverse Mercator", "LatOrigin": "40°00'N", "LonOriginE": "247°30'E", "LonOriginW": "112°30'W", "Lat0_deg": 40.0, "Lon0_E_deg": 247.5, "Lon0_W_deg": -112.5, "ProjScale": 1.000197, "SkewAz_deg": -9999, "FalseN_m": 0.0, "FalseE_m": 152400.0, "FalseN_ift": 0.0, "FalseE_ift": 500000.0, "DesignBy": "State", "Ref_frame": "NATRF2022" }, "geometry": { "type": "Polygon", "coordinates": [ [ [ -111.7, 41.32 ], [ -111.7, 41.37 ], [ -111.78, 41.4 ], [ -111.95, 41.4 ], [ -112.029, 41.365 ], [ -112.029, 41.345 ], [ -111.9374, 41.23704 ], [ -111.84575, 40.86427 ], [ -111.90509, 40.81674 ], [ -111.81804, 40.74641 ], [ -111.79673, 40.62628 ], [ -111.82869, 40.54077 ], [ -111.905, 40.47 ], [ -111.905, 40.45 ], [ -111.7401, 40.39545 ], [ -111.66222, 40.41873 ], [ -111.60834, 40.50608 ], [ -111.66, 40.535 ], [ -111.73547, 40.57063 ], [ -111.73547, 40.65163 ], [ -111.75588, 40.70916 ], [ -111.7, 40.735 ], [ -111.7, 40.865 ], [ -111.7, 41.17 ], [ -111.83, 41.16 ], [ -111.87, 41.24 ], [ -111.83, 41.26 ], [ -111.7, 41.24 ], [ -111.7, 41.32 ] ] ] } },
{ "type": "Feature", "properties": { "fid": 205, "ZoneCode": "492015", "AbrvFull": "UT 167N", "NameFull": "Utah SR167 Trappers Loop North-South", "ZoneNum": 15, "AbrvPart": "167N", "NamePart": "SR167 Trappers Loop North-South", "ZoneType": "Multizone partial", "StateAbrv": "UT", "StateName": "Utah", "ProjAbrv": "LC1", "ProjType": "Lambert Conformal Conic, one parallel", "LatOrigin": "42°30'N", "LonOriginE": "248°15'E", "LonOriginW": "111°45'W", "Lat0_deg": 42.5, "Lon0_E_deg": 248.25, "Lon0_W_deg": -111.75, "ProjScale": 1.000017, "SkewAz_deg": -9999, "FalseN_m": 190500.0, "FalseE_m": 114300.0, "FalseN_ift": 625000.0, "FalseE_ift": 375000.0, "DesignBy": "State", "Ref_frame": "NATRF2022" }, "geometry": { "type": "Polygon", "coordinates": [ [ [ -111.7, 41.24 ], [ -111.83, 41.26 ], [ -111.87, 41.24 ], [ -111.83, 41.16 ], [ -111.7, 41.17 ], [ -111.7, 41.24 ] ] ] } },
{ "type": "Feature", "properties": { "fid": 206, "ZoneCode": "492016", "AbrvFull": "UT 84MC", "NameFull": "Utah Interstate 84 Morgan-Croydon", "ZoneNum": 16, "AbrvPart": "84MC", "NamePart": "Interstate 84 Morgan-Croydon", "ZoneType": "Multizone partial", "StateAbrv": "UT", "StateName": "Utah", "ProjAbrv": "TM", "ProjType": "Transverse Mercator", "LatOrigin": "40°27'N", "LonOriginE": "248°30'E", "LonOriginW": "111°30'W", "Lat0_deg": 40.45, "Lon0_E_deg": 248.5, "Lon0_W_deg": -111.5, "ProjScale": 1.000253, "SkewAz_deg": -9999, "FalseN_m": 0.0, "FalseE_m": 152400.0, "FalseN_ift": 0.0, "FalseE_ift": 500000.0, "DesignBy": "State", "Ref_frame": "NATRF2022" }, "geometry": { "type": "Polygon", "coordinates": [ [ [ -111.58, 40.84 ], [ -111.35, 40.84 ], [ -111.35, 41.32 ], [ -111.7, 41.32 ], [ -111.7, 41.24 ], [ -111.7, 41.17 ], [ -111.7, 40.865 ], [ -111.6, 40.865 ], [ -111.58, 40.84 ] ] ] } },
{ "type": "Feature", "properties": { "fid": 207, "ZoneCode": "492017", "AbrvFull": "UT 80WN", "NameFull": "Utah Interstate 80 Wendover", "ZoneNum": 17, "AbrvPart": "80WN", "NamePart": "Interstate 80 Wendover", "ZoneType": "Multizone partial", "StateAbrv": "UT", "StateName": "Utah", "ProjAbrv": "TM", "ProjType": "Transverse Mercator", "LatOrigin": "39°51'N", "LonOriginE": "246°15'E", "LonOriginW": "113°45'W", "Lat0_deg": 39.85, "Lon0_E_deg": 246.25, "Lon0_W_deg": -113.75, "ProjScale": 1.000212, "SkewAz_deg": -9999, "FalseN_m": 0.0, "FalseE_m": 228600.0, "FalseN_ift": 0.0, "FalseE_ift": 750000.0, "DesignBy": "State", "Ref_frame": "NATRF2022" }, "geometry": { "type": "Polygon", "coordinates": [ [ [ -114.04632, 40.23825 ], [ -113.59, 40.23825 ], [ -113.59, 41.47075 ], [ -114.04039, 41.47075 ], [ -114.04053, 41.34197 ], [ -114.04287, 40.79507 ], [ -114.0461, 40.40185 ], [ -114.04632, 40.23825 ] ] ] } },
{ "type": "Feature", "properties": { "fid": 208, "ZoneCode": "492018", "AbrvFull": "UT TRCM", "NameFull": "Utah Tooele-Rush-Cedar-Mountain View Corridor", "ZoneNum": 18, "AbrvPart": "TRCM", "NamePart": "Tooele-Rush-Cedar-Mountain View Corridor", "ZoneType": "Multizone partial", "StateAbrv": "UT", "StateName": "Utah", "ProjAbrv": "LC1", "ProjType": "Lambert Conformal Conic, one parallel", "LatOrigin": "40°45'N", "LonOriginE": "247°42'E", "LonOriginW": "112°18'W", "Lat0_deg": 40.75, "Lon0_E_deg": 247.7, "Lon0_W_deg": -112.3, "ProjScale": 1.000222, "SkewAz_deg": -9999, "FalseN_m": 114300.0, "FalseE_m": 228600.0, "FalseN_ift": 375000.0, "FalseE_ift": 750000.0, "DesignBy": "State", "Ref_frame": "NATRF2022" }, "geometry": { "type": "Polygon", "coordinates": [ [ [ -112.17099, 40.73674 ], [ -112.24366, 40.71021 ], [ -112.31916, 40.60909 ], [ -112.45007, 40.58506 ], [ -112.64835, 40.74089 ], [ -112.67176, 40.64295 ], [ -112.73, 40.55 ], [ -112.73, 40.37059 ], [ -112.63277, 40.11 ], [ -112.51, 40.11 ], [ -112.33972, 40.25632 ], [ -112.14056, 40.15417 ], [ -112.08604, 40.30246 ], [ -111.94, 40.33452 ], [ -111.94, 40.68547 ], [ -112.17099, 40.73674 ] ] ] } },
{ "type": "Feature", "properties": { "fid": 209, "ZoneCode": "492019", "AbrvFull": "UT 80PU", "NameFull": "Utah Interstate 80 Parleys Canyon Upper", "ZoneNum": 19, "AbrvPart": "80PU", "NamePart": "Interstate 80 Parleys Canyon Upper", "ZoneType": "Multizone partial", "StateAbrv": "UT", "StateName": "Utah", "ProjAbrv": "TM", "ProjType": "Transverse Mercator", "LatOrigin": "40°18'N", "LonOriginE": "247°15'E", "LonOriginW": "112°45'W", "Lat0_deg": 40.3, "Lon0_E_deg": 247.25, "Lon0_W_deg": -112.75, "ProjScale": 1.0002, "SkewAz_deg": -9999, "FalseN_m": 0.0, "FalseE_m": 0.0, "FalseN_ift": 0.0, "FalseE_ift": 0.0, "DesignBy": "State", "Ref_frame": "NATRF2022" }, "geometry": { "type": "Polygon", "coordinates": [ [ [ -111.58, 40.84 ], [ -111.6, 40.865 ], [ -111.7, 40.865 ], [ -111.7, 40.735 ], [ -111.59029, 40.70599 ], [ -111.54669, 40.75337 ], [ -111.54669, 40.77882 ], [ -111.58, 40.84 ] ] ] } },
{ "type": "Feature", "properties": { "fid": 210, "ZoneCode": "492020", "AbrvFull": "UT BRAL", "NameFull": "Utah Brighton-Alta", "ZoneNum": 20, "AbrvPart": "BRAL", "NamePart": "Brighton-Alta", "ZoneType": "Multizone partial", "StateAbrv": "UT", "StateName": "Utah", "ProjAbrv": "TM", "ProjType": "Transverse Mercator", "LatOrigin": "40°09'N", "LonOriginE": "244°00'E", "LonOriginW": "116°00'W", "Lat0_deg": 40.15, "Lon0_E_deg": 244.0, "Lon0_W_deg": -116.0, "ProjScale": 0.998703, "SkewAz_deg": -9999, "FalseN_m": 0.0, "FalseE_m": -266700.0, "FalseN_ift": 0.0, "FalseE_ift": -875000.0, "DesignBy": "State", "Ref_frame": "NATRF2022" }, "geometry": { "type": "Polygon", "coordinates": [ [ [ -111.59029, 40.70599 ], [ -111.7, 40.735 ], [ -111.75588, 40.70916 ], [ -111.73547, 40.65163 ], [ -111.73547, 40.57063 ], [ -111.66, 40.535 ], [ -111.53, 40.59 ], [ -111.53, 40.64379 ], [ -111.56197, 40.65962 ], [ -111.59029, 40.70599 ] ] ] } },
{ "type": "Feature", "properties": { "fid": 211, "ZoneCode": "492021", "AbrvFull": "UT 80PS", "NameFull": "Utah Interstate 80 Park City-Silver Creek-US40", "ZoneNum": 21, "AbrvPart": "80PS", "NamePart": "Interstate 80 Park City-Silver Creek-US40", "ZoneType": "Multizone partial", "StateAbrv": "UT", "StateName": "Utah", "ProjAbrv": "TM", "ProjType": "Transverse Mercator", "LatOrigin": "40°12'N", "LonOriginE": "249°00'E", "LonOriginW": "111°00'W", "Lat0_deg": 40.2, "Lon0_E_deg": 249.0, "Lon0_W_deg": -111.0, "ProjScale": 1.000306, "SkewAz_deg": -9999, "FalseN_m": 0.0, "FalseE_m": 152400.0, "FalseN_ift": 0.0, "FalseE_ift": 500000.0, "DesignBy": "State", "Ref_frame": "NATRF2022" }, "geometry": { "type": "Polygon", "coordinates": [ [ [ -111.53, 40.64379 ], [ -111.50213, 40.63 ], [ -111.46784, 40.63 ], [ -111.38177, 40.56416 ], [ -111.31, 40.57903 ], [ -111.31, 40.64607 ], [ -111.36638, 40.72045 ], [ -111.48679, 40.79636 ], [ -111.54669, 40.77882 ], [ -111.54669, 40.75337 ], [ -111.59029, 40.70599 ], [ -111.56197, 40.65962 ], [ -111.53, 40.64379 ] ] ] } },
{ "type": "Feature", "properties": { "fid": 212, "ZoneCode": "492022", "AbrvFull": "UT 150S", "NameFull": "Utah SR150 Samak-Soapstone Basin Road", "ZoneNum": 22, "AbrvPart": "150S", "NamePart": "SR150 Samak-Soapstone Basin Road", "ZoneType": "Multizone partial", "StateAbrv": "UT", "StateName": "Utah", "ProjAbrv": "TM", "ProjType": "Transverse Mercator", "LatOrigin": "40°06'N", "LonOriginE": "248°00'E", "LonOriginW": "112°00'W", "Lat0_deg": 40.1, "Lon0_E_deg": 248.0, "Lon0_W_deg": -112.0, "ProjScale": 1.000285, "SkewAz_deg": -9999, "FalseN_m": 0.0, "FalseE_m": 38100.0, "FalseN_ift": 0.0, "FalseE_ift": 125000.0, "DesignBy": "State", "Ref_frame": "NATRF2022" }, "geometry": { "type": "Polygon", "coordinates": [ [ [ -110.97, 40.66 ], [ -111.04, 40.66 ], [ -111.04, 40.83 ], [ -111.23, 40.83 ], [ -111.23, 40.52 ], [ -111.08, 40.46 ], [ -111.08, 40.505 ], [ -111.03, 40.505 ], [ -111.03, 40.57 ], [ -110.97, 40.57 ], [ -110.97, 40.66 ] ] ] } },
{ "type": "Feature", "properties": { "fid": 213, "ZoneCode": "492023", "AbrvFull": "UT 150B", "NameFull": "Utah SR150 Lost Creek Lake-Bald Mountain Pass", "ZoneNum": 23, "AbrvPart": "150B", "NamePart": "SR150 Lost Creek Lake-Bald Mountain Pass", "ZoneType": "Multizone partial", "StateAbrv": "UT", "StateName": "Utah", "ProjAbrv": "TM", "ProjType": "Transverse Mercator", "LatOrigin": "40°18'N", "LonOriginE": "247°00'E", "LonOriginW": "113°00'W", "Lat0_deg": 40.3, "Lon0_E_deg": 247.0, "Lon0_W_deg": -113.0, "ProjScale": 1.000104, "SkewAz_deg": -9999, "FalseN_m": 0.0, "FalseE_m": -76200.0, "FalseN_ift": 0.0, "FalseE_ift": -250000.0, "DesignBy": "State", "Ref_frame": "NATRF2022" }, "geometry": { "type": "Polygon", "coordinates": [ [ [ -110.9, 40.73 ], [ -110.95, 40.83 ], [ -111.04, 40.83 ], [ -111.04, 40.66 ], [ -110.97, 40.66 ], [ -110.9, 40.66 ], [ -110.9, 40.73 ] ] ] } },
{ "type": "Feature", "properties": { "fid": 214, "ZoneCode": "492024", "AbrvFull": "UT 150L", "NameFull": "Utah SR150 Spring Canyon-Lost Creek Lake", "ZoneNum": 24, "AbrvPart": "150L", "NamePart": "SR150 Spring Canyon-Lost Creek Lake", "ZoneType": "Multizone partial", "StateAbrv": "UT", "StateName": "Utah", "ProjAbrv": "TM", "ProjType": "Transverse Mercator", "LatOrigin": "40°06'N", "LonOriginE": "249°30'E", "LonOriginW": "110°30'W", "Lat0_deg": 40.1, "Lon0_E_deg": 249.5, "Lon0_W_deg": -110.5, "ProjScale": 1.000404, "SkewAz_deg": -9999, "FalseN_m": 0.0, "FalseE_m": 152400.0, "FalseN_ift": 0.0, "FalseE_ift": 500000.0, "DesignBy": "State", "Ref_frame": "NATRF2022" }, "geometry": { "type": "Polygon", "coordinates": [ [ [ -110.9, 40.62 ], [ -110.9, 40.66 ], [ -110.97, 40.66 ], [ -110.97, 40.57 ], [ -111.03, 40.57 ], [ -111.03, 40.505 ], [ -111.08, 40.505 ], [ -111.08, 40.46 ], [ -110.935, 40.46 ], [ -110.935, 40.48 ], [ -110.9, 40.48 ], [ -110.9, 40.62 ] ] ] } },
{ "type": "Feature", "properties": { "fid": 215, "ZoneCode": "492025", "AbrvFull": "UT 150N", "NameFull": "Utah SR150 North Slope", "ZoneNum": 25, "AbrvPart": "150N", "NamePart": "SR150 North Slope", "ZoneType": "Multizone partial", "StateAbrv": "UT", "StateName": "Utah", "ProjAbrv": "LC1", "ProjType": "Lambert Conformal Conic, one parallel", "LatOrigin": "41°51'N", "LonOriginE": "249°09'E", "LonOriginW": "110°51'W", "Lat0_deg": 41.85, "Lon0_E_deg": 249.15, "Lon0_W_deg": -110.85, "ProjScale": 1.000283, "SkewAz_deg": -9999, "FalseN_m": 190500.0, "FalseE_m": 114300.0, "FalseN_ift": 625000.0, "FalseE_ift": 375000.0, "DesignBy": "State", "Ref_frame": "NATRF2022" }, "geometry": { "type": "Polygon", "coordinates": [ [ [ -110.72, 40.73 ], [ -110.72, 40.99645 ], [ -110.95, 40.99746 ], [ -110.95, 40.83 ], [ -110.9, 40.73 ], [ -110.72, 40.73 ] ] ] } },
{ "type": "Feature", "properties": { "fid": 216, "ZoneCode": "492026", "AbrvFull": "UT 150M", "NameFull": "Utah SR150 Mirror Lake", "ZoneNum": 26, "AbrvPart": "150M", "NamePart": "SR150 Mirror Lake", "ZoneType": "Multizone partial", "StateAbrv": "UT", "StateName": "Utah", "ProjAbrv": "LC1", "ProjType": "Lambert Conformal Conic, one parallel", "LatOrigin": "40°45'N", "LonOriginE": "249°12'E", "LonOriginW": "110°48'W", "Lat0_deg": 40.75, "Lon0_E_deg": 249.2, "Lon0_W_deg": -110.8, "ProjScale": 1.000496, "SkewAz_deg": -9999, "FalseN_m": 76200.0, "FalseE_m": 114300.0, "FalseN_ift": 250000.0, "FalseE_ift": 375000.0, "DesignBy": "State", "Ref_frame": "NATRF2022" }, "geometry": { "type": "Polygon", "coordinates": [ [ [ -110.9, 40.62 ], [ -110.875, 40.62 ], [ -110.875, 40.56 ], [ -110.72, 40.56 ], [ -110.72, 40.73 ], [ -110.9, 40.73 ], [ -110.9, 40.66 ], [ -110.9, 40.62 ] ] ] } },
{ "type": "Feature", "properties": { "fid": 217, "ZoneCode": "492027", "AbrvFull": "UT FGRG", "NameFull": "Utah Flaming Gorge", "ZoneNum": 27, "AbrvPart": "FGRG", "NamePart": "Flaming Gorge", "ZoneType": "Multizone partial", "StateAbrv": "UT", "StateName": "Utah", "ProjAbrv": "LC1", "ProjType": "Lambert Conformal Conic, one parallel", "LatOrigin": "42°30'N", "LonOriginE": "250°30'E", "LonOriginW": "109°30'W", "Lat0_deg": 42.5, "Lon0_E_deg": 250.5, "Lon0_W_deg": -109.5, "ProjScale": 0.999931, "SkewAz_deg": -9999, "FalseN_m": 228600.0, "FalseE_m": 114300.0, "FalseN_ift": 750000.0, "FalseE_ift": 375000.0, "DesignBy": "State", "Ref_frame": "NATRF2022" }, "geometry": { "type": "Polygon", "coordinates": [ [ [ -109.36, 40.96 ], [ -109.42, 40.96 ], [ -109.42, 40.99977 ], [ -109.5437, 40.9984 ], [ -109.75, 40.99809 ], [ -109.75, 40.93 ], [ -109.675, 40.9 ], [ -109.62421, 40.9 ], [ -109.46, 40.87 ], [ -109.36, 40.87 ], [ -109.36, 40.96 ] ] ] } },
{ "type": "Feature", "properties": { "fid": 218, "ZoneCode": "492028", "AbrvFull": "UT BRPR", "NameFull": "Utah Browns Park Road", "ZoneNum": 28, "AbrvPart": "BRPR", "NamePart": "Browns Park Road", "ZoneType": "Multizone partial", "StateAbrv": "UT", "StateName": "Utah", "ProjAbrv": "LC1", "ProjType": "Lambert Conformal Conic, one parallel", "LatOrigin": "40°15'N", "LonOriginE": "250°45'E", "LonOriginW": "109°15'W", "Lat0_deg": 40.25, "Lon0_E_deg": 250.75, "Lon0_W_deg": -109.25, "ProjScale": 1.000235, "SkewAz_deg": -9999, "FalseN_m": 0.0, "FalseE_m": 114300.0, "FalseN_ift": 0.0, "FalseE_ift": 375000.0, "DesignBy": "State", "Ref_frame": "NATRF2022" }, "geometry": { "type": "Polygon", "coordinates": [ [ [ -109.42, 40.99977 ], [ -109.42, 40.96 ], [ -109.36, 40.96 ], [ -109.04919, 40.90305 ], [ -109.05003, 41.00069 ], [ -109.25001, 41.00105 ], [ -109.42, 40.99977 ] ] ] } },
{ "type": "Feature", "properties": { "fid": 219, "ZoneCode": "492029", "AbrvFull": "UT 1914", "NameFull": "Utah US191 Limestone Road-US44", "ZoneNum": 29, "AbrvPart": "1914", "NamePart": "US191 Limestone Road-US44", "ZoneType": "Multizone partial", "StateAbrv": "UT", "StateName": "Utah", "ProjAbrv": "LC1", "ProjType": "Lambert Conformal Conic, one parallel", "LatOrigin": "41°30'N", "LonOriginE": "250°30'E", "LonOriginW": "109°30'W", "Lat0_deg": 41.5, "Lon0_E_deg": 250.5, "Lon0_W_deg": -109.5, "ProjScale": 1.000308, "SkewAz_deg": -9999, "FalseN_m": 152400.0, "FalseE_m": 152400.0, "FalseN_ift": 500000.0, "FalseE_ift": 500000.0, "DesignBy": "State", "Ref_frame": "NATRF2022" }, "geometry": { "type": "Polygon", "coordinates": [ [ [ -109.36, 40.87 ], [ -109.46, 40.87 ], [ -109.62421, 40.9 ], [ -109.675, 40.9 ], [ -109.75, 40.93 ], [ -109.75, 40.99809 ], [ -109.88, 40.99766 ], [ -109.88, 40.91 ], [ -109.81, 40.8 ], [ -109.52, 40.8 ], [ -109.52, 40.7 ], [ -109.44, 40.7 ], [ -109.33, 40.73 ], [ -109.33, 40.87 ], [ -109.36, 40.87 ] ] ] } },
{ "type": "Feature", "properties": { "fid": 220, "ZoneCode": "492030", "AbrvFull": "UT 191L", "NameFull": "Utah US191 Canyon Rim-Limestone Road", "ZoneNum": 30, "AbrvPart": "191L", "NamePart": "US191 Canyon Rim-Limestone Road", "ZoneType": "Multizone partial", "StateAbrv": "UT", "StateName": "Utah", "ProjAbrv": "LC1", "ProjType": "Lambert Conformal Conic, one parallel", "LatOrigin": "38°15'N", "LonOriginE": "250°21'E", "LonOriginW": "109°39'W", "Lat0_deg": 38.25, "Lon0_E_deg": 250.35, "Lon0_W_deg": -109.65, "ProjScale": 0.999483, "SkewAz_deg": -9999, "FalseN_m": -190500.0, "FalseE_m": 152400.0, "FalseN_ift": -625000.0, "FalseE_ift": 500000.0, "DesignBy": "State", "Ref_frame": "NATRF2022" }, "geometry": { "type": "Polygon", "coordinates": [ [ [ -109.44, 40.7 ], [ -109.52, 40.7 ], [ -109.52, 40.8 ], [ -109.81, 40.8 ], [ -109.81, 40.63 ], [ -109.62, 40.44 ], [ -109.55, 40.53 ], [ -109.55, 40.645 ], [ -109.44, 40.645 ], [ -109.44, 40.7 ] ] ] } },
{ "type": "Feature", "properties": { "fid": 221, "ZoneCode": "492031", "AbrvFull": "UT DMP", "NameFull": "Utah Diamond Mountain Plateau", "ZoneNum": 31, "AbrvPart": "DMP", "NamePart": "Diamond Mountain Plateau", "ZoneType": "Multizone partial", "StateAbrv": "UT", "StateName": "Utah", "ProjAbrv": "LC1", "ProjType": "Lambert Conformal Conic, one parallel", "LatOrigin": "40°45'N", "LonOriginE": "250°45'E", "LonOriginW": "109°15'W", "Lat0_deg": 40.75, "Lon0_E_deg": 250.75, "Lon0_W_deg": -109.25, "ProjScale": 1.000356, "SkewAz_deg": -9999, "FalseN_m": 76200.0, "FalseE_m": 114300.0, "FalseN_ift": 250000.0, "FalseE_ift": 375000.0, "DesignBy": "State", "Ref_frame": "NATRF2022" }, "geometry": { "type": "Polygon", "coordinates": [ [ [ -109.33, 40.59 ], [ -109.04808, 40.59 ], [ -109.04871, 40.77154 ], [ -109.23, 40.87 ], [ -109.33, 40.87 ], [ -109.33, 40.73 ], [ -109.44, 40.7 ], [ -109.44, 40.645 ], [ -109.33, 40.645 ], [ -109.33, 40.59 ] ] ] } },
{ "type": "Feature", "properties": { "fid": 222, "ZoneCode": "492032", "AbrvFull": "UT 87MH", "NameFull": "Utah SR87 Mountain Home", "ZoneNum": 32, "AbrvPart": "87MH", "NamePart": "SR87 Mountain Home", "ZoneType": "Multizone partial", "StateAbrv": "UT", "StateName": "Utah", "ProjAbrv": "LC1", "ProjType": "Lambert Conformal Conic, one parallel", "LatOrigin": "39°00'N", "LonOriginE": "249°39'E", "LonOriginW": "110°21'W", "Lat0_deg": 39.0, "Lon0_E_deg": 249.65, "Lon0_W_deg": -110.35, "ProjScale": 1.000027, "SkewAz_deg": -9999, "FalseN_m": -114300.0, "FalseE_m": 114300.0, "FalseN_ift": -375000.0, "FalseE_ift": 375000.0, "DesignBy": "State", "Ref_frame": "NATRF2022" }, "geometry": { "type": "Polygon", "coordinates": [ [ [ -110.13548, 40.38 ], [ -110.2, 40.63 ], [ -110.57, 40.63 ], [ -110.57, 40.32 ], [ -110.12, 40.32 ], [ -110.13548, 40.38 ] ] ] } },
{ "type": "Feature", "properties": { "fid": 223, "ZoneCode": "492033", "AbrvFull": "UT 121W", "NameFull": "Utah SR121 Whiterocks", "ZoneNum": 33, "AbrvPart": "121W", "NamePart": "SR121 Whiterocks", "ZoneType": "Multizone partial", "StateAbrv": "UT", "StateName": "Utah", "ProjAbrv": "LC1", "ProjType": "Lambert Conformal Conic, one parallel", "LatOrigin": "39°00'N", "LonOriginE": "250°06'E", "LonOriginW": "109°54'W", "Lat0_deg": 39.0, "Lon0_E_deg": 250.1, "Lon0_W_deg": -109.9, "ProjScale": 0.999972, "SkewAz_deg": -9999, "FalseN_m": -76200.0, "FalseE_m": 152400.0, "FalseN_ift": -250000.0, "FalseE_ift": 500000.0, "DesignBy": "State", "Ref_frame": "NATRF2022" }, "geometry": { "type": "Polygon", "coordinates": [ [ [ -109.62, 40.44 ], [ -109.81, 40.63 ], [ -110.2, 40.63 ], [ -110.13548, 40.38 ], [ -109.62, 40.38 ], [ -109.62, 40.44 ] ] ] } },
{ "type": "Feature", "properties": { "fid": 224, "ZoneCode": "492034", "AbrvFull": "UT 191R", "NameFull": "Utah US191 Stein Draw-Canyon Rim", "ZoneNum": 34, "AbrvPart": "191R", "NamePart": "US191 Stein Draw-Canyon Rim", "ZoneType": "Multizone partial", "StateAbrv": "UT", "StateName": "Utah", "ProjAbrv": "LC1", "ProjType": "Lambert Conformal Conic, one parallel", "LatOrigin": "38°00'N", "LonOriginE": "250°30'E", "LonOriginW": "109°30'W", "Lat0_deg": 38.0, "Lon0_E_deg": 250.5, "Lon0_W_deg": -109.5, "ProjScale": 0.999256, "SkewAz_deg": -9999, "FalseN_m": -228600.0, "FalseE_m": 114300.0, "FalseN_ift": -750000.0, "FalseE_ift": 375000.0, "DesignBy": "State", "Ref_frame": "NATRF2022" }, "geometry": { "type": "Polygon", "coordinates": [ [ [ -109.33, 40.59 ], [ -109.33, 40.645 ], [ -109.44, 40.645 ], [ -109.55, 40.645 ], [ -109.55, 40.53 ], [ -109.33, 40.53 ], [ -109.33, 40.59 ] ] ] } },
{ "type": "Feature", "properties": { "fid": 225, "ZoneCode": "492035", "AbrvFull": "UT 40SR", "NameFull": "Utah US40 Strawberry Reservoir", "ZoneNum": 35, "AbrvPart": "40SR", "NamePart": "US40 Strawberry Reservoir", "ZoneType": "Multizone partial", "StateAbrv": "UT", "StateName": "Utah", "ProjAbrv": "LC1", "ProjType": "Lambert Conformal Conic, one parallel", "LatOrigin": "40°12'N", "LonOriginE": "248°54'E", "LonOriginW": "111°06'W", "Lat0_deg": 40.2, "Lon0_E_deg": 248.9, "Lon0_W_deg": -111.1, "ProjScale": 1.000361, "SkewAz_deg": -9999, "FalseN_m": 76200.0, "FalseE_m": 152400.0, "FalseN_ift": 250000.0, "FalseE_ift": 500000.0, "DesignBy": "State", "Ref_frame": "NATRF2022" }, "geometry": { "type": "Polygon", "coordinates": [ [ [ -111.17749, 40.33032 ], [ -111.27, 40.4 ], [ -111.31, 40.4 ], [ -111.31, 40.24148 ], [ -111.23579, 40.05207 ], [ -110.98, 40.11527 ], [ -110.98, 40.24481 ], [ -110.9966, 40.32537 ], [ -111.05586, 40.39132 ], [ -111.17749, 40.33032 ] ] ] } },
{ "type": "Feature", "properties": { "fid": 226, "ZoneCode": "492036", "AbrvFull": "UT 191G", "NameFull": "Utah US191 Grass Hollow-Right Fork-Indian Hollow", "ZoneNum": 36, "AbrvPart": "191G", "NamePart": "US191 Grass Hollow-Right Fork-Indian Hollow", "ZoneType": "Multizone partial", "StateAbrv": "UT", "StateName": "Utah", "ProjAbrv": "LC1", "ProjType": "Lambert Conformal Conic, one parallel", "LatOrigin": "40°45'N", "LonOriginE": "249°24'E", "LonOriginW": "110°36'W", "Lat0_deg": 40.75, "Lon0_E_deg": 249.4, "Lon0_W_deg": -110.6, "ProjScale": 1.000252, "SkewAz_deg": -9999, "FalseN_m": 152400.0, "FalseE_m": 152400.0, "FalseN_ift": 500000.0, "FalseE_ift": 500000.0, "DesignBy": "State", "Ref_frame": "NATRF2022" }, "geometry": { "type": "Polygon", "coordinates": [ [ [ -110.68, 39.93 ], [ -110.52, 39.93 ], [ -110.52, 40.06 ], [ -110.69096, 40.24734 ], [ -110.9, 40.29 ], [ -110.9, 40.17 ], [ -110.68, 39.93 ] ] ] } },
{ "type": "Feature", "properties": { "fid": 227, "ZoneCode": "492037", "AbrvFull": "UT 40VS", "NameFull": "Utah US40 Vernal-State Line", "ZoneNum": 37, "AbrvPart": "40VS", "NamePart": "US40 Vernal-State Line", "ZoneType": "Multizone partial", "StateAbrv": "UT", "StateName": "Utah", "ProjAbrv": "TM", "ProjType": "Transverse Mercator", "LatOrigin": "39°36'N", "LonOriginE": "250°15'E", "LonOriginW": "109°45'W", "Lat0_deg": 39.6, "Lon0_E_deg": 250.25, "Lon0_W_deg": -109.75, "ProjScale": 1.000219, "SkewAz_deg": -9999, "FalseN_m": 0.0, "FalseE_m": 114300.0, "FalseN_ift": 0.0, "FalseE_ift": 375000.0, "DesignBy": "State", "Ref_frame": "NATRF2022" }, "geometry": { "type": "Polygon", "coordinates": [ [ [ -109.73, 40.0 ], [ -109.05107, 40.0 ], [ -109.05083, 40.38969 ], [ -109.3, 40.47 ], [ -109.4, 40.47 ], [ -109.47, 40.33 ], [ -109.73, 40.12 ], [ -109.73, 40.0 ] ] ] } },
{ "type": "Feature", "properties": { "fid": 228, "ZoneCode": "492038", "AbrvFull": "UT 89FH", "NameFull": "Utah US89 Fairview-Hilltop", "ZoneNum": 38, "AbrvPart": "89FH", "NamePart": "US89 Fairview-Hilltop", "ZoneType": "Multizone partial", "StateAbrv": "UT", "StateName": "Utah", "ProjAbrv": "TM", "ProjType": "Transverse Mercator", "LatOrigin": "39°12'N", "LonOriginE": "248°30'E", "LonOriginW": "111°30'W", "Lat0_deg": 39.2, "Lon0_E_deg": 248.5, "Lon0_W_deg": -111.5, "ProjScale": 1.000304, "SkewAz_deg": -9999, "FalseN_m": 0.0, "FalseE_m": 114300.0, "FalseN_ift": 0.0, "FalseE_ift": 375000.0, "DesignBy": "State", "Ref_frame": "NATRF2022" }, "geometry": { "type": "Polygon", "coordinates": [ [ [ -111.73, 39.58 ], [ -111.4, 39.58 ], [ -111.4, 39.75 ], [ -111.73, 39.75 ], [ -111.73, 39.58 ] ] ] } },
{ "type": "Feature", "properties": { "fid": 229, "ZoneCode": "492039", "AbrvFull": "UT 06SS", "NameFull": "Utah US6 Soldier Summit-SR96", "ZoneNum": 39, "AbrvPart": "06SS", "NamePart": "US6 Soldier Summit-SR96", "ZoneType": "Multizone partial", "StateAbrv": "UT", "StateName": "Utah", "ProjAbrv": "LC1", "ProjType": "Lambert Conformal Conic, one parallel", "LatOrigin": "39°52'N", "LonOriginE": "249°00'E", "LonOriginW": "111°00'W", "Lat0_deg": 39.866666666699999, "Lon0_E_deg": 249.0, "Lon0_W_deg": -111.0, "ProjScale": 1.000358, "SkewAz_deg": -9999, "FalseN_m": 76200.0, "FalseE_m": 114300.0, "FalseN_ift": 250000.0, "FalseE_ift": 375000.0, "DesignBy": "State", "Ref_frame": "NATRF2022" }, "geometry": { "type": "Polygon", "coordinates": [ [ [ -111.2, 39.65 ], [ -111.02, 39.65 ], [ -111.02, 39.86767 ], [ -110.98868, 39.90389 ], [ -111.08729, 39.96438 ], [ -111.2, 39.86988 ], [ -111.2, 39.65 ] ] ] } },
{ "type": "Feature", "properties": { "fid": 230, "ZoneCode": "492040", "AbrvFull": "UT 06PC", "NameFull": "Utah US6 Price Canyon-US191", "ZoneNum": 40, "AbrvPart": "06PC", "NamePart": "US6 Price Canyon-US191", "ZoneType": "Multizone partial", "StateAbrv": "UT", "StateName": "Utah", "ProjAbrv": "LC1", "ProjType": "Lambert Conformal Conic, one parallel", "LatOrigin": "39°45'N", "LonOriginE": "249°06'E", "LonOriginW": "110°54'W", "Lat0_deg": 39.75, "Lon0_E_deg": 249.1, "Lon0_W_deg": -110.9, "ProjScale": 1.000303, "SkewAz_deg": -9999, "FalseN_m": 38100.0, "FalseE_m": 114300.0, "FalseN_ift": 125000.0, "FalseE_ift": 375000.0, "DesignBy": "State", "Ref_frame": "NATRF2022" }, "geometry": { "type": "Polygon", "coordinates": [ [ [ -110.82, 39.7 ], [ -110.82, 39.79 ], [ -110.95, 39.79 ], [ -110.95, 39.68 ], [ -110.84, 39.68 ], [ -110.82, 39.7 ] ] ] } },
{ "type": "Feature", "properties": { "fid": 231, "ZoneCode": "492041", "AbrvFull": "UT 191E", "NameFull": "Utah US191 Emma Park-Bad Lands Cliffs", "ZoneNum": 41, "AbrvPart": "191E", "NamePart": "US191 Emma Park-Bad Lands Cliffs", "ZoneType": "Multizone partial", "StateAbrv": "UT", "StateName": "Utah", "ProjAbrv": "LC1", "ProjType": "Lambert Conformal Conic, one parallel", "LatOrigin": "38°48'N", "LonOriginE": "249°15'E", "LonOriginW": "110°45'W", "Lat0_deg": 38.8, "Lon0_E_deg": 249.25, "Lon0_W_deg": -110.75, "ProjScale": 1.000234, "SkewAz_deg": -9999, "FalseN_m": -38100.0, "FalseE_m": 114300.0, "FalseN_ift": -125000.0, "FalseE_ift": 375000.0, "DesignBy": "State", "Ref_frame": "NATRF2022" }, "geometry": { "type": "Polygon", "coordinates": [ [ [ -110.62505, 39.71 ], [ -110.5568, 39.71 ], [ -110.47415, 39.81291 ], [ -110.70223, 39.91 ], [ -110.77, 39.91 ], [ -110.77, 39.8557 ], [ -110.62505, 39.71 ] ] ] } },
{ "type": "Feature", "properties": { "fid": 232, "ZoneCode": "492042", "AbrvFull": "UT 06WW", "NameFull": "Utah US6 Wellington-Woodside", "ZoneNum": 42, "AbrvPart": "06WW", "NamePart": "US6 Wellington-Woodside", "ZoneType": "Multizone partial", "StateAbrv": "UT", "StateName": "Utah", "ProjAbrv": "LC1", "ProjType": "Lambert Conformal Conic, one parallel", "LatOrigin": "39°00'N", "LonOriginE": "249°30'E", "LonOriginW": "110°30'W", "Lat0_deg": 39.0, "Lon0_E_deg": 249.5, "Lon0_W_deg": -110.5, "ProjScale": 1.000222, "SkewAz_deg": -9999, "FalseN_m": 76200.0, "FalseE_m": 190500.0, "FalseN_ift": 250000.0, "FalseE_ift": 625000.0, "DesignBy": "State", "Ref_frame": "NATRF2022" }, "geometry": { "type": "Polygon", "coordinates": [ [ [ -110.46, 38.9 ], [ -110.26, 38.9 ], [ -110.3275, 39.37742 ], [ -110.57812, 39.67426 ], [ -110.82, 39.7 ], [ -110.84, 39.68 ], [ -110.87834, 39.52671 ], [ -110.66349, 39.36363 ], [ -110.53225, 39.1805 ], [ -110.46, 38.97614 ], [ -110.46, 38.9 ] ] ] } },
{ "type": "Feature", "properties": { "fid": 233, "ZoneCode": "492043", "AbrvFull": "UT 06KC", "NameFull": "Utah US6 King Cove-State Line", "ZoneNum": 43, "AbrvPart": "06KC", "NamePart": "US6 King Cove-State Line", "ZoneType": "Multizone partial", "StateAbrv": "UT", "StateName": "Utah", "ProjAbrv": "TM", "ProjType": "Transverse Mercator", "LatOrigin": "38°30'N", "LonOriginE": "246°00'E", "LonOriginW": "114°00'W", "Lat0_deg": 38.5, "Lon0_E_deg": 246.0, "Lon0_W_deg": -114.0, "ProjScale": 1.000242, "SkewAz_deg": -9999, "FalseN_m": 0.0, "FalseE_m": 114300.0, "FalseN_ift": 0.0, "FalseE_ift": 375000.0, "DesignBy": "State", "Ref_frame": "NATRF2022" }, "geometry": { "type": "Polygon", "coordinates": [ [ [ -114.04958, 38.88 ], [ -113.49, 38.88 ], [ -113.57, 39.2 ], [ -114.04855, 39.2 ], [ -114.04958, 38.88 ] ] ] } },
{ "type": "Feature", "properties": { "fid": 234, "ZoneCode": "492044", "AbrvFull": "UT 50SS", "NameFull": "Utah US50 Salina-Scipio", "ZoneNum": 44, "AbrvPart": "50SS", "NamePart": "US50 Salina-Scipio", "ZoneType": "Multizone partial", "StateAbrv": "UT", "StateName": "Utah", "ProjAbrv": "TM", "ProjType": "Transverse Mercator", "LatOrigin": "38°33'N", "LonOriginE": "248°30'E", "LonOriginW": "111°30'W", "Lat0_deg": 38.55, "Lon0_E_deg": 248.5, "Lon0_W_deg": -111.5, "ProjScale": 1.000255, "SkewAz_deg": -9999, "FalseN_m": 0.0, "FalseE_m": 152400.0, "FalseN_ift": 0.0, "FalseE_ift": 500000.0, "DesignBy": "State", "Ref_frame": "NATRF2022" }, "geometry": { "type": "Polygon", "coordinates": [ [ [ -112.14, 38.95 ], [ -111.93, 38.95 ], [ -111.93, 39.26 ], [ -112.14, 39.26 ], [ -112.14, 38.95 ] ] ] } },
{ "type": "Feature", "properties": { "fid": 235, "ZoneCode": "492045", "AbrvFull": "UT 10MH", "NameFull": "Utah SR10 Moore-Huntington", "ZoneNum": 45, "AbrvPart": "10MH", "NamePart": "SR10 Moore-Huntington", "ZoneType": "Multizone partial", "StateAbrv": "UT", "StateName": "Utah", "ProjAbrv": "TM", "ProjType": "Transverse Mercator", "LatOrigin": "38°15'N", "LonOriginE": "249°00'E", "LonOriginW": "111°00'W", "Lat0_deg": 38.25, "Lon0_E_deg": 249.0, "Lon0_W_deg": -111.0, "ProjScale": 1.000279, "SkewAz_deg": -9999, "FalseN_m": 0.0, "FalseE_m": 190500.0, "FalseN_ift": 0.0, "FalseE_ift": 625000.0, "DesignBy": "State", "Ref_frame": "NATRF2022" }, "geometry": { "type": "Polygon", "coordinates": [ [ [ -110.46, 38.97614 ], [ -110.53225, 39.1805 ], [ -110.66349, 39.36363 ], [ -110.87834, 39.52671 ], [ -111.07175, 39.39523 ], [ -111.18792, 39.27495 ], [ -111.33, 38.64 ], [ -111.10278, 38.64 ], [ -111.02, 38.79858 ], [ -111.02, 38.90782 ], [ -110.46, 38.97614 ] ] ] } },
{ "type": "Feature", "properties": { "fid": 236, "ZoneCode": "492046", "AbrvFull": "UT 70GS", "NameFull": "Utah Interstate 70 Gooseberry Road-Summit", "ZoneNum": 46, "AbrvPart": "70GS", "NamePart": "Interstate 70 Gooseberry Road-Summit", "ZoneType": "Multizone partial", "StateAbrv": "UT", "StateName": "Utah", "ProjAbrv": "TM", "ProjType": "Transverse Mercator", "LatOrigin": "38°24'N", "LonOriginE": "247°00'E", "LonOriginW": "113°00'W", "Lat0_deg": 38.4, "Lon0_E_deg": 247.0, "Lon0_W_deg": -113.0, "ProjScale": 1.000159, "SkewAz_deg": -9999, "FalseN_m": 0.0, "FalseE_m": 0.0, "FalseN_ift": 0.0, "FalseE_ift": 0.0, "DesignBy": "State", "Ref_frame": "NATRF2022" }, "geometry": { "type": "Polygon", "coordinates": [ [ [ -111.47, 38.84446 ], [ -111.47, 38.95 ], [ -111.79962, 38.95 ], [ -111.81404, 38.86317 ], [ -111.73119, 38.84 ], [ -111.65211, 38.84 ], [ -111.575, 38.80479 ], [ -111.47, 38.84446 ] ] ] } },
{ "type": "Feature", "properties": { "fid": 237, "ZoneCode": "492047", "AbrvFull": "UT 70SR", "NameFull": "Utah Interstate 70 San Rafael Swell", "ZoneNum": 47, "AbrvPart": "70SR", "NamePart": "Interstate 70 San Rafael Swell", "ZoneType": "Multizone partial", "StateAbrv": "UT", "StateName": "Utah", "ProjAbrv": "LC1", "ProjType": "Lambert Conformal Conic, one parallel", "LatOrigin": "41°00'N", "LonOriginE": "249°15'E", "LonOriginW": "110°45'W", "Lat0_deg": 41.0, "Lon0_E_deg": 249.25, "Lon0_W_deg": -110.75, "ProjScale": 0.999635, "SkewAz_deg": -9999, "FalseN_m": 304800.0, "FalseE_m": 114300.0, "FalseN_ift": 1000000.0, "FalseE_ift": 375000.0, "DesignBy": "State", "Ref_frame": "NATRF2022" }, "geometry": { "type": "Polygon", "coordinates": [ [ [ -110.46, 38.9 ], [ -110.46, 38.97614 ], [ -111.02, 38.90782 ], [ -111.02, 38.79858 ], [ -110.95115, 38.77755 ], [ -110.52198, 38.8315 ], [ -110.46, 38.9 ] ] ] } },
{ "type": "Feature", "properties": { "fid": 238, "ZoneCode": "492048", "AbrvFull": "UT 70FS", "NameFull": "Utah Interstate 70 Floy-State Line", "ZoneNum": 48, "AbrvPart": "70FS", "NamePart": "Interstate 70 Floy-State Line", "ZoneType": "Multizone partial", "StateAbrv": "UT", "StateName": "Utah", "ProjAbrv": "OMC", "ProjType": "Hotine Oblique Mercator, center", "LatOrigin": "38°42'N", "LonOriginE": "250°30'E", "LonOriginW": "109°30'W", "Lat0_deg": 38.7, "Lon0_E_deg": 250.5, "Lon0_W_deg": -109.5, "ProjScale": 1.000215, "SkewAz_deg": 51, "FalseN_m": 38100.0, "FalseE_m": 190500.0, "FalseN_ift": 125000.0, "FalseE_ift": 625000.0, "DesignBy": "State", "Ref_frame": "NATRF2022" }, "geometry": { "type": "Polygon", "coordinates": [ [ [ -109.41614, 38.68856 ], [ -109.0584, 38.76806 ], [ -109.05412, 38.87353 ], [ -109.05117, 39.1426 ], [ -109.05106, 39.32 ], [ -109.25221, 39.32 ], [ -109.62395, 39.04276 ], [ -109.95, 38.99068 ], [ -109.95, 38.89426 ], [ -109.41614, 38.68856 ] ] ] } },
{ "type": "Feature", "properties": { "fid": 239, "ZoneCode": "492049", "AbrvFull": "UT GSLE", "NameFull": "Utah Great Salt Lake Ecosystem", "ZoneNum": 49, "AbrvPart": "GSLE", "NamePart": "Great Salt Lake Ecosystem", "ZoneType": "Multizone partial", "StateAbrv": "UT", "StateName": "Utah", "ProjAbrv": "TM", "ProjType": "Transverse Mercator", "LatOrigin": "40°15'N", "LonOriginE": "247°27'E", "LonOriginW": "112°33'W", "Lat0_deg": 40.25, "Lon0_E_deg": 247.45, "Lon0_W_deg": -112.55, "ProjScale": 1.000183, "SkewAz_deg": -9999, "FalseN_m": 0.0, "FalseE_m": 228600.0, "FalseN_ift": 0.0, "FalseE_ift": 750000.0, "DesignBy": "State", "Ref_frame": "NATRF2022" }, "geometry": { "type": "Polygon", "coordinates": [ [ [ -112.63, 41.62 ], [ -112.73, 41.78 ], [ -113.19, 41.78 ], [ -113.19, 41.62 ], [ -113.12327, 40.84137 ], [ -112.64835, 40.74089 ], [ -112.45007, 40.58506 ], [ -112.31916, 40.60909 ], [ -112.24366, 40.71021 ], [ -112.17099, 40.73674 ], [ -112.07293, 40.81962 ], [ -111.95924, 40.8747 ], [ -111.92, 40.92 ], [ -111.92, 40.97 ], [ -111.96435, 41.01655 ], [ -112.13, 41.09 ], [ -112.13, 41.22 ], [ -112.06, 41.36 ], [ -112.08, 41.57 ], [ -112.35, 41.62 ], [ -112.63, 41.62 ] ] ] } },
{ "type": "Feature", "properties": { "fid": 240, "ZoneCode": "492050", "AbrvFull": "UT 70CC", "NameFull": "Utah Interstate 70 Cove Fort-Clear Creek Road", "ZoneNum": 50, "AbrvPart": "70CC", "NamePart": "Interstate 70 Cove Fort-Clear Creek Road", "ZoneType": "Multizone partial", "StateAbrv": "UT", "StateName": "Utah", "ProjAbrv": "TM", "ProjType": "Transverse Mercator", "LatOrigin": "38°09'N", "LonOriginE": "247°30'E", "LonOriginW": "112°30'W", "Lat0_deg": 38.15, "Lon0_E_deg": 247.5, "Lon0_W_deg": -112.5, "ProjScale": 1.000318, "SkewAz_deg": -9999, "FalseN_m": 0.0, "FalseE_m": 114300.0, "FalseN_ift": 0.0, "FalseE_ift": 375000.0, "DesignBy": "State", "Ref_frame": "NATRF2022" }, "geometry": { "type": "Polygon", "coordinates": [ [ [ -112.58, 38.52 ], [ -112.38, 38.52 ], [ -112.38, 38.64 ], [ -112.58, 38.64 ], [ -112.58, 38.52 ] ] ] } },
{ "type": "Feature", "properties": { "fid": 241, "ZoneCode": "492051", "AbrvFull": "UT 24PV", "NameFull": "Utah SR24 Plateau Valley", "ZoneNum": 51, "AbrvPart": "24PV", "NamePart": "SR24 Plateau Valley", "ZoneType": "Multizone partial", "StateAbrv": "UT", "StateName": "Utah", "ProjAbrv": "TM", "ProjType": "Transverse Mercator", "LatOrigin": "38°00'N", "LonOriginE": "246°06'E", "LonOriginW": "113°54'W", "Lat0_deg": 38.0, "Lon0_E_deg": 246.1, "Lon0_W_deg": -113.9, "ProjScale": 0.999946, "SkewAz_deg": -9999, "FalseN_m": 0.0, "FalseE_m": -38100.0, "FalseN_ift": 0.0, "FalseE_ift": -125000.0, "DesignBy": "State", "Ref_frame": "NATRF2022" }, "geometry": { "type": "Polygon", "coordinates": [ [ [ -111.81404, 38.86317 ], [ -111.9664, 38.8735 ], [ -112.01034, 38.71318 ], [ -111.87183, 38.68604 ], [ -111.95877, 38.3984 ], [ -111.86763, 38.37697 ], [ -111.85778, 38.41 ], [ -111.76956, 38.72 ], [ -111.70688, 38.72 ], [ -111.67372, 38.77641 ], [ -111.575, 38.76727 ], [ -111.575, 38.80479 ], [ -111.65211, 38.84 ], [ -111.73119, 38.84 ], [ -111.81404, 38.86317 ] ] ] } },
{ "type": "Feature", "properties": { "fid": 242, "ZoneCode": "492052", "AbrvFull": "UT 24FL", "NameFull": "Utah SR24 Fish Lake", "ZoneNum": 52, "AbrvPart": "24FL", "NamePart": "SR24 Fish Lake", "ZoneType": "Multizone partial", "StateAbrv": "UT", "StateName": "Utah", "ProjAbrv": "LC1", "ProjType": "Lambert Conformal Conic, one parallel", "LatOrigin": "37°15'N", "LonOriginE": "248°21'E", "LonOriginW": "111°39'W", "Lat0_deg": 37.25, "Lon0_E_deg": 248.35, "Lon0_W_deg": -111.65, "ProjScale": 1.000152, "SkewAz_deg": -9999, "FalseN_m": -76200.0, "FalseE_m": 152400.0, "FalseN_ift": -250000.0, "FalseE_ift": 500000.0, "DesignBy": "State", "Ref_frame": "NATRF2022" }, "geometry": { "type": "Polygon", "coordinates": [ [ [ -111.575, 38.76727 ], [ -111.67372, 38.77641 ], [ -111.70688, 38.72 ], [ -111.76956, 38.72 ], [ -111.85778, 38.41 ], [ -111.69, 38.41 ], [ -111.57951, 38.49 ], [ -111.5, 38.49 ], [ -111.5, 38.62 ], [ -111.5, 38.67622 ], [ -111.575, 38.76727 ] ] ] } },
{ "type": "Feature", "properties": { "fid": 243, "ZoneCode": "492053", "AbrvFull": "UT 70SL", "NameFull": "Utah Interstate 70 Summit-Last Chance Road", "ZoneNum": 53, "AbrvPart": "70SL", "NamePart": "Interstate 70 Summit-Last Chance Road", "ZoneType": "Multizone partial", "StateAbrv": "UT", "StateName": "Utah", "ProjAbrv": "TM", "ProjType": "Transverse Mercator", "LatOrigin": "38°15'N", "LonOriginE": "249°00'E", "LonOriginW": "111°00'W", "Lat0_deg": 38.25, "Lon0_E_deg": 249.0, "Lon0_W_deg": -111.0, "ProjScale": 1.000325, "SkewAz_deg": -9999, "FalseN_m": 0.0, "FalseE_m": 152400.0, "FalseN_ift": 0.0, "FalseE_ift": 500000.0, "DesignBy": "State", "Ref_frame": "NATRF2022" }, "geometry": { "type": "Polygon", "coordinates": [ [ [ -111.5, 38.62 ], [ -111.36, 38.62 ], [ -111.36, 38.78393 ], [ -111.47, 38.84446 ], [ -111.575, 38.80479 ], [ -111.575, 38.76727 ], [ -111.5, 38.67622 ], [ -111.5, 38.62 ] ] ] } },
{ "type": "Feature", "properties": { "fid": 244, "ZoneCode": "492054", "AbrvFull": "UT 24CA", "NameFull": "Utah SR24 Caineville", "ZoneNum": 54, "AbrvPart": "24CA", "NamePart": "SR24 Caineville", "ZoneType": "Multizone partial", "StateAbrv": "UT", "StateName": "Utah", "ProjAbrv": "LC1", "ProjType": "Lambert Conformal Conic, one parallel", "LatOrigin": "37°30'N", "LonOriginE": "249°03'E", "LonOriginW": "110°57'W", "Lat0_deg": 37.5, "Lon0_E_deg": 249.05, "Lon0_W_deg": -110.95, "ProjScale": 1.000113, "SkewAz_deg": -9999, "FalseN_m": -38100.0, "FalseE_m": 152400.0, "FalseN_ift": -125000.0, "FalseE_ift": 500000.0, "DesignBy": "State", "Ref_frame": "NATRF2022" }, "geometry": { "type": "Polygon", "coordinates": [ [ [ -110.93, 38.57 ], [ -110.97, 38.57 ], [ -111.10278, 38.64 ], [ -111.33, 38.64 ], [ -111.33, 38.53653 ], [ -111.27066, 38.39245 ], [ -111.11716, 38.43638 ], [ -111.03819, 38.27 ], [ -110.93, 38.27 ], [ -110.93, 38.57 ] ] ] } },
{ "type": "Feature", "properties": { "fid": 245, "ZoneCode": "492055", "AbrvFull": "UT 89ST", "NameFull": "Utah US89 Spry-Thompsonville", "ZoneNum": 55, "AbrvPart": "89ST", "NamePart": "US89 Spry-Thompsonville", "ZoneType": "Multizone partial", "StateAbrv": "UT", "StateName": "Utah", "ProjAbrv": "TM", "ProjType": "Transverse Mercator", "LatOrigin": "37°21'N", "LonOriginE": "247°45'E", "LonOriginW": "112°15'W", "Lat0_deg": 37.35, "Lon0_E_deg": 247.75, "Lon0_W_deg": -112.25, "ProjScale": 1.000296, "SkewAz_deg": -9999, "FalseN_m": 0.0, "FalseE_m": 190500.0, "FalseN_ift": 0.0, "FalseE_ift": 625000.0, "DesignBy": "State", "Ref_frame": "NATRF2022" }, "geometry": { "type": "Polygon", "coordinates": [ [ [ -111.95877, 38.3984 ], [ -112.30211, 38.47906 ], [ -112.55189, 37.81361 ], [ -112.30943, 37.75963 ], [ -112.23, 37.91 ], [ -111.96, 37.91 ], [ -111.84822, 38.37241 ], [ -111.86763, 38.37697 ], [ -111.95877, 38.3984 ] ] ] } },
{ "type": "Feature", "properties": { "fid": 246, "ZoneCode": "492056", "AbrvFull": "UT 24LB", "NameFull": "Utah SR24 Loa-Bicknell", "ZoneNum": 56, "AbrvPart": "24LB", "NamePart": "SR24 Loa-Bicknell", "ZoneType": "Multizone partial", "StateAbrv": "UT", "StateName": "Utah", "ProjAbrv": "LC1", "ProjType": "Lambert Conformal Conic, one parallel", "LatOrigin": "38°20'N", "LonOriginE": "248°27'E", "LonOriginW": "111°33'W", "Lat0_deg": 38.333333333299997, "Lon0_E_deg": 248.45, "Lon0_W_deg": -111.55, "ProjScale": 1.000343, "SkewAz_deg": -9999, "FalseN_m": 76200.0, "FalseE_m": 114300.0, "FalseN_ift": 250000.0, "FalseE_ift": 375000.0, "DesignBy": "State", "Ref_frame": "NATRF2022" }, "geometry": { "type": "Polygon", "coordinates": [ [ [ -111.31, 38.17 ], [ -111.26, 38.17 ], [ -111.26, 38.26 ], [ -111.37, 38.26 ], [ -111.37, 38.41 ], [ -111.5, 38.41 ], [ -111.5, 38.49 ], [ -111.57951, 38.49 ], [ -111.69, 38.41 ], [ -111.69, 38.24 ], [ -111.44, 38.24 ], [ -111.31, 38.17 ] ] ] } },
{ "type": "Feature", "properties": { "fid": 247, "ZoneCode": "492057", "AbrvFull": "UT 24NO", "NameFull": "Utah SR24 Notom", "ZoneNum": 57, "AbrvPart": "24NO", "NamePart": "SR24 Notom", "ZoneType": "Multizone partial", "StateAbrv": "UT", "StateName": "Utah", "ProjAbrv": "TM", "ProjType": "Transverse Mercator", "LatOrigin": "37°39'N", "LonOriginE": "249°00'E", "LonOriginW": "111°00'W", "Lat0_deg": 37.65, "Lon0_E_deg": 249.0, "Lon0_W_deg": -111.0, "ProjScale": 1.00024, "SkewAz_deg": -9999, "FalseN_m": 0.0, "FalseE_m": 152400.0, "FalseN_ift": 0.0, "FalseE_ift": 500000.0, "DesignBy": "State", "Ref_frame": "NATRF2022" }, "geometry": { "type": "Polygon", "coordinates": [ [ [ -111.03819, 38.27 ], [ -111.11716, 38.43638 ], [ -111.27066, 38.39245 ], [ -111.10656, 38.0382 ], [ -110.94952, 38.0832 ], [ -111.03819, 38.27 ] ] ] } },
{ "type": "Feature", "properties": { "fid": 248, "ZoneCode": "492058", "AbrvFull": "UT 24HA", "NameFull": "Utah SR24 Hanksville", "ZoneNum": 58, "AbrvPart": "24HA", "NamePart": "SR24 Hanksville", "ZoneType": "Multizone partial", "StateAbrv": "UT", "StateName": "Utah", "ProjAbrv": "TM", "ProjType": "Transverse Mercator", "LatOrigin": "37°48'N", "LonOriginE": "249°15'E", "LonOriginW": "110°45'W", "Lat0_deg": 37.8, "Lon0_E_deg": 249.25, "Lon0_W_deg": -110.75, "ProjScale": 1.000212, "SkewAz_deg": -9999, "FalseN_m": 0.0, "FalseE_m": 228600.0, "FalseN_ift": 0.0, "FalseE_ift": 750000.0, "DesignBy": "State", "Ref_frame": "NATRF2022" }, "geometry": { "type": "Polygon", "coordinates": [ [ [ -110.93, 38.57 ], [ -110.93, 38.27 ], [ -110.93, 38.21 ], [ -110.64, 38.21 ], [ -110.64, 38.57 ], [ -110.93, 38.57 ] ] ] } },
{ "type": "Feature", "properties": { "fid": 249, "ZoneCode": "492059", "AbrvFull": "UT 12CG", "NameFull": "Utah SR12 Carcass Creek-Grover", "ZoneNum": 59, "AbrvPart": "12CG", "NamePart": "SR12 Carcass Creek-Grover", "ZoneType": "Multizone partial", "StateAbrv": "UT", "StateName": "Utah", "ProjAbrv": "LC1", "ProjType": "Lambert Conformal Conic, one parallel", "LatOrigin": "39°00'N", "LonOriginE": "248°30'E", "LonOriginW": "111°30'W", "Lat0_deg": 39.0, "Lon0_E_deg": 248.5, "Lon0_W_deg": -111.5, "ProjScale": 1.000292, "SkewAz_deg": -9999, "FalseN_m": 152400.0, "FalseE_m": 114300.0, "FalseN_ift": 500000.0, "FalseE_ift": 375000.0, "DesignBy": "State", "Ref_frame": "NATRF2022" }, "geometry": { "type": "Polygon", "coordinates": [ [ [ -111.31, 38.17 ], [ -111.44, 38.24 ], [ -111.69, 38.24 ], [ -111.71, 38.24 ], [ -111.71, 38.08 ], [ -111.6, 38.08 ], [ -111.51, 38.12 ], [ -111.41, 38.1 ], [ -111.31, 38.04286 ], [ -111.31, 38.17 ] ] ] } },
{ "type": "Feature", "properties": { "fid": 250, "ZoneCode": "492060", "AbrvFull": "UT 12BR", "NameFull": "Utah SR12 Boulder-Roundup Flat Summit", "ZoneNum": 60, "AbrvPart": "12BR", "NamePart": "SR12 Boulder-Roundup Flat Summit", "ZoneType": "Multizone partial", "StateAbrv": "UT", "StateName": "Utah", "ProjAbrv": "LC1", "ProjType": "Lambert Conformal Conic, one parallel", "LatOrigin": "34°00'N", "LonOriginE": "248°30'E", "LonOriginW": "111°30'W", "Lat0_deg": 34.0, "Lon0_E_deg": 248.5, "Lon0_W_deg": -111.5, "ProjScale": 0.997941, "SkewAz_deg": -9999, "FalseN_m": -381000.0, "FalseE_m": 114300.0, "FalseN_ift": -1250000.0, "FalseE_ift": 375000.0, "DesignBy": "State", "Ref_frame": "NATRF2022" }, "geometry": { "type": "Polygon", "coordinates": [ [ [ -111.31, 38.04286 ], [ -111.41, 38.1 ], [ -111.51, 38.12 ], [ -111.6, 38.08 ], [ -111.71, 38.08 ], [ -111.77, 38.08 ], [ -111.77, 38.03 ], [ -111.47, 37.91 ], [ -111.37, 37.91 ], [ -111.27, 38.02 ], [ -111.31, 38.04286 ] ] ] } },
{ "type": "Feature", "properties": { "fid": 251, "ZoneCode": "492061", "AbrvFull": "UT 46LS", "NameFull": "Utah US46 La Sal", "ZoneNum": 61, "AbrvPart": "46LS", "NamePart": "US46 La Sal", "ZoneType": "Multizone partial", "StateAbrv": "UT", "StateName": "Utah", "ProjAbrv": "TM", "ProjType": "Transverse Mercator", "LatOrigin": "37°48'N", "LonOriginE": "249°24'E", "LonOriginW": "110°36'W", "Lat0_deg": 37.8, "Lon0_E_deg": 249.4, "Lon0_W_deg": -110.6, "ProjScale": 1.000163, "SkewAz_deg": -9999, "FalseN_m": 0.0, "FalseE_m": 0.0, "FalseN_ift": 0.0, "FalseE_ift": 0.0, "DesignBy": "State", "Ref_frame": "NATRF2022" }, "geometry": { "type": "Polygon", "coordinates": [ [ [ -109.23, 38.28 ], [ -109.23, 38.38 ], [ -109.36, 38.38 ], [ -109.36, 38.27 ], [ -109.27, 38.19 ], [ -109.18, 38.19 ], [ -109.23, 38.28 ] ] ] } },
{ "type": "Feature", "properties": { "fid": 252, "ZoneCode": "492062", "AbrvFull": "UT 46OL", "NameFull": "Utah US46 Old La Sal", "ZoneNum": 62, "AbrvPart": "46OL", "NamePart": "US46 Old La Sal", "ZoneType": "Multizone partial", "StateAbrv": "UT", "StateName": "Utah", "ProjAbrv": "TM", "ProjType": "Transverse Mercator", "LatOrigin": "37°54'N", "LonOriginE": "252°30'E", "LonOriginW": "107°30'W", "Lat0_deg": 37.9, "Lon0_E_deg": 252.5, "Lon0_W_deg": -107.5, "ProjScale": 1.000073, "SkewAz_deg": -9999, "FalseN_m": 0.0, "FalseE_m": 228600.0, "FalseN_ift": 0.0, "FalseE_ift": 750000.0, "DesignBy": "State", "Ref_frame": "NATRF2022" }, "geometry": { "type": "Polygon", "coordinates": [ [ [ -109.23, 38.38 ], [ -109.23, 38.28 ], [ -109.0602, 38.28 ], [ -109.06016, 38.38 ], [ -109.23, 38.38 ] ] ] } },
{ "type": "Feature", "properties": { "fid": 253, "ZoneCode": "492063", "AbrvFull": "UT 18PV", "NameFull": "Utah SR18 Pine Valley", "ZoneNum": 63, "AbrvPart": "18PV", "NamePart": "SR18 Pine Valley", "ZoneType": "Multizone partial", "StateAbrv": "UT", "StateName": "Utah", "ProjAbrv": "TM", "ProjType": "Transverse Mercator", "LatOrigin": "36°51'N", "LonOriginE": "245°12'E", "LonOriginW": "114°48'W", "Lat0_deg": 36.85, "Lon0_E_deg": 245.2, "Lon0_W_deg": -114.8, "ProjScale": 1.00014, "SkewAz_deg": -9999, "FalseN_m": 0.0, "FalseE_m": 0.0, "FalseN_ift": 0.0, "FalseE_ift": 0.0, "DesignBy": "State", "Ref_frame": "NATRF2022" }, "geometry": { "type": "Polygon", "coordinates": [ [ [ -113.61, 37.36 ], [ -113.43, 37.36 ], [ -113.43, 37.62 ], [ -113.76, 37.62 ], [ -113.76, 37.36 ], [ -113.61, 37.36 ] ] ] } },
{ "type": "Feature", "properties": { "fid": 254, "ZoneCode": "492064", "AbrvFull": "UT 18SV", "NameFull": "Utah SR18 Santa Clara-Veyo", "ZoneNum": 64, "AbrvPart": "18SV", "NamePart": "SR18 Santa Clara-Veyo", "ZoneType": "Multizone partial", "StateAbrv": "UT", "StateName": "Utah", "ProjAbrv": "LC1", "ProjType": "Lambert Conformal Conic, one parallel", "LatOrigin": "36°45'N", "LonOriginE": "246°21'E", "LonOriginW": "113°39'W", "Lat0_deg": 36.75, "Lon0_E_deg": 246.35, "Lon0_W_deg": -113.65, "ProjScale": 1.000161, "SkewAz_deg": -9999, "FalseN_m": 0.0, "FalseE_m": 114300.0, "FalseN_ift": 0.0, "FalseE_ift": 375000.0, "DesignBy": "State", "Ref_frame": "NATRF2022" }, "geometry": { "type": "Polygon", "coordinates": [ [ [ -113.61, 37.36 ], [ -113.76, 37.36 ], [ -113.76, 37.17 ], [ -113.61, 37.17 ], [ -113.61, 37.36 ] ] ] } },
{ "type": "Feature", "properties": { "fid": 255, "ZoneCode": "492065", "AbrvFull": "UT 09VZ", "NameFull": "Utah SR9 Virgin-Zion", "ZoneNum": 65, "AbrvPart": "09VZ", "NamePart": "SR9 Virgin-Zion", "ZoneType": "Multizone partial", "StateAbrv": "UT", "StateName": "Utah", "ProjAbrv": "LC1", "ProjType": "Lambert Conformal Conic, one parallel", "LatOrigin": "34°15'N", "LonOriginE": "247°00'E", "LonOriginW": "113°00'W", "Lat0_deg": 34.25, "Lon0_E_deg": 247.0, "Lon0_W_deg": -113.0, "ProjScale": 0.998857, "SkewAz_deg": -9999, "FalseN_m": -266700.0, "FalseE_m": 114300.0, "FalseN_ift": -875000.0, "FalseE_ift": 375000.0, "DesignBy": "State", "Ref_frame": "NATRF2022" }, "geometry": { "type": "Polygon", "coordinates": [ [ [ -112.93151, 37.30467 ], [ -113.06103, 37.43629 ], [ -113.21, 37.30215 ], [ -113.21, 37.19 ], [ -113.21, 37.15 ], [ -112.97682, 37.15 ], [ -112.93151, 37.30467 ] ] ] } },
{ "type": "Feature", "properties": { "fid": 256, "ZoneCode": "492066", "AbrvFull": "UT 09ZC", "NameFull": "Utah SR9 Zion-Mount Carmel", "ZoneNum": 66, "AbrvPart": "09ZC", "NamePart": "SR9 Zion-Mount Carmel", "ZoneType": "Multizone partial", "StateAbrv": "UT", "StateName": "Utah", "ProjAbrv": "LC1", "ProjType": "Lambert Conformal Conic, one parallel", "LatOrigin": "34°30'N", "LonOriginE": "247°15'E", "LonOriginW": "112°45'W", "Lat0_deg": 34.5, "Lon0_E_deg": 247.25, "Lon0_W_deg": -112.75, "ProjScale": 0.999125, "SkewAz_deg": -9999, "FalseN_m": -228600.0, "FalseE_m": 114300.0, "FalseN_ift": -750000.0, "FalseE_ift": 375000.0, "DesignBy": "State", "Ref_frame": "NATRF2022" }, "geometry": { "type": "Polygon", "coordinates": [ [ [ -112.65042, 37.19371 ], [ -112.73921, 37.38383 ], [ -112.93151, 37.30467 ], [ -112.97682, 37.15 ], [ -112.9, 37.16029 ], [ -112.65042, 37.19371 ] ] ] } },
{ "type": "Feature", "properties": { "fid": 257, "ZoneCode": "492067", "AbrvFull": "UT 89ML", "NameFull": "Utah US89 Mount Carmel Jct-Long Valley Jct", "ZoneNum": 67, "AbrvPart": "89ML", "NamePart": "US89 Mount Carmel Jct-Long Valley Jct", "ZoneType": "Multizone partial", "StateAbrv": "UT", "StateName": "Utah", "ProjAbrv": "LC1", "ProjType": "Lambert Conformal Conic, one parallel", "LatOrigin": "35°45'N", "LonOriginE": "247°30'E", "LonOriginW": "112°30'W", "Lat0_deg": 35.75, "Lon0_E_deg": 247.5, "Lon0_W_deg": -112.5, "ProjScale": 0.9999, "SkewAz_deg": -9999, "FalseN_m": -114300.0, "FalseE_m": 152400.0, "FalseN_ift": -375000.0, "FalseE_ift": 500000.0, "DesignBy": "State", "Ref_frame": "NATRF2022" }, "geometry": { "type": "Polygon", "coordinates": [ [ [ -112.43388, 37.52431 ], [ -112.6077, 37.61342 ], [ -112.68425, 37.55084 ], [ -112.63, 37.43 ], [ -112.73921, 37.38383 ], [ -112.65042, 37.19371 ], [ -112.41285, 37.41524 ], [ -112.3845, 37.49898 ], [ -112.43388, 37.52431 ] ] ] } },
{ "type": "Feature", "properties": { "fid": 258, "ZoneCode": "492068", "AbrvFull": "UT 63BC", "NameFull": "Utah US63 Bryce Canyon National Park", "ZoneNum": 68, "AbrvPart": "63BC", "NamePart": "US63 Bryce Canyon National Park", "ZoneType": "Multizone partial", "StateAbrv": "UT", "StateName": "Utah", "ProjAbrv": "LC1", "ProjType": "Lambert Conformal Conic, one parallel", "LatOrigin": "38°00'N", "LonOriginE": "247°48'E", "LonOriginW": "112°12'W", "Lat0_deg": 38.0, "Lon0_E_deg": 247.8, "Lon0_W_deg": -112.2, "ProjScale": 1.000363, "SkewAz_deg": -9999, "FalseN_m": 114300.0, "FalseE_m": 152400.0, "FalseN_ift": 375000.0, "FalseE_ift": 500000.0, "DesignBy": "State", "Ref_frame": "NATRF2022" }, "geometry": { "type": "Polygon", "coordinates": [ [ [ -111.96, 37.8 ], [ -111.96, 37.91 ], [ -112.23, 37.91 ], [ -112.30943, 37.75963 ], [ -112.43388, 37.52431 ], [ -112.3845, 37.49898 ], [ -112.41285, 37.41524 ], [ -112.23541, 37.42244 ], [ -112.07326, 37.69145 ], [ -112.00783, 37.8 ], [ -111.96, 37.8 ] ] ] } },
{ "type": "Feature", "properties": { "fid": 259, "ZoneCode": "492069", "AbrvFull": "UT 12DH", "NameFull": "Utah SR12 Dry Creek-Henrieville Creek", "ZoneNum": 69, "AbrvPart": "12DH", "NamePart": "SR12 Dry Creek-Henrieville Creek", "ZoneType": "Multizone partial", "StateAbrv": "UT", "StateName": "Utah", "ProjAbrv": "LC1", "ProjType": "Lambert Conformal Conic, one parallel", "LatOrigin": "37°30'N", "LonOriginE": "248°00'E", "LonOriginW": "112°00'W", "Lat0_deg": 37.5, "Lon0_E_deg": 248.0, "Lon0_W_deg": -112.0, "ProjScale": 1.000299, "SkewAz_deg": -9999, "FalseN_m": 38100.0, "FalseE_m": 152400.0, "FalseN_ift": 125000.0, "FalseE_ift": 500000.0, "DesignBy": "State", "Ref_frame": "NATRF2022" }, "geometry": { "type": "Polygon", "coordinates": [ [ [ -111.85, 37.59 ], [ -111.97827, 37.59 ], [ -111.97835, 37.67341 ], [ -112.07326, 37.69145 ], [ -112.23541, 37.42244 ], [ -111.7, 37.43992 ], [ -111.7, 37.59 ], [ -111.85, 37.59 ] ] ] } },
{ "type": "Feature", "properties": { "fid": 260, "ZoneCode": "492070", "AbrvFull": "UT 12RH", "NameFull": "Utah SR12 Roundup Flat Summit-Happy Valley Road", "ZoneNum": 70, "AbrvPart": "12RH", "NamePart": "SR12 Roundup Flat Summit-Happy Valley Road", "ZoneType": "Multizone partial", "StateAbrv": "UT", "StateName": "Utah", "ProjAbrv": "LC1", "ProjType": "Lambert Conformal Conic, one parallel", "LatOrigin": "35°45'N", "LonOriginE": "248°00'E", "LonOriginW": "112°00'W", "Lat0_deg": 35.75, "Lon0_E_deg": 248.0, "Lon0_W_deg": -112.0, "ProjScale": 0.999793, "SkewAz_deg": -9999, "FalseN_m": -152400.0, "FalseE_m": 152400.0, "FalseN_ift": -500000.0, "FalseE_ift": 500000.0, "DesignBy": "State", "Ref_frame": "NATRF2022" }, "geometry": { "type": "Polygon", "coordinates": [ [ [ -111.85, 37.59 ], [ -111.85, 37.8 ], [ -111.96, 37.8 ], [ -112.00783, 37.8 ], [ -112.07326, 37.69145 ], [ -111.97835, 37.67341 ], [ -111.97827, 37.59 ], [ -111.85, 37.59 ] ] ] } },
{ "type": "Feature", "properties": { "fid": 261, "ZoneCode": "492071", "AbrvFull": "UT 12PL", "NameFull": "Utah SR12 Paria Hollow-Lincoln Flat", "ZoneNum": 71, "AbrvPart": "12PL", "NamePart": "SR12 Paria Hollow-Lincoln Flat", "ZoneType": "Multizone partial", "StateAbrv": "UT", "StateName": "Utah", "ProjAbrv": "LC1", "ProjType": "Lambert Conformal Conic, one parallel", "LatOrigin": "37°20'N", "LonOriginE": "248°12'E", "LonOriginW": "111°48'W", "Lat0_deg": 37.333333333299997, "Lon0_E_deg": 248.2, "Lon0_W_deg": -111.8, "ProjScale": 1.000345, "SkewAz_deg": -9999, "FalseN_m": 38100.0, "FalseE_m": 152400.0, "FalseN_ift": 125000.0, "FalseE_ift": 500000.0, "DesignBy": "State", "Ref_frame": "NATRF2022" }, "geometry": { "type": "Polygon", "coordinates": [ [ [ -111.7, 37.59 ], [ -111.725, 37.7 ], [ -111.8, 37.7 ], [ -111.8, 37.8 ], [ -111.85, 37.8 ], [ -111.85, 37.59 ], [ -111.7, 37.59 ] ] ] } },
{ "type": "Feature", "properties": { "fid": 262, "ZoneCode": "492072", "AbrvFull": "UT GNRA", "NameFull": "Utah Glen Canyon National Recreation Area", "ZoneNum": 72, "AbrvPart": "GNRA", "NamePart": "Glen Canyon National Recreation Area", "ZoneType": "Multizone partial", "StateAbrv": "UT", "StateName": "Utah", "ProjAbrv": "OMC", "ProjType": "Hotine Oblique Mercator, center", "LatOrigin": "37°12'N", "LonOriginE": "249°00'E", "LonOriginW": "111°00'W", "Lat0_deg": 37.2, "Lon0_E_deg": 249.0, "Lon0_W_deg": -111.0, "ProjScale": 1.00017, "SkewAz_deg": 50, "FalseN_m": 76200.0, "FalseE_m": 114300.0, "FalseN_ift": 250000.0, "FalseE_ift": 375000.0, "DesignBy": "State", "Ref_frame": "NATRF2022" }, "geometry": { "type": "Polygon", "coordinates": [ [ [ -109.9, 37.22 ], [ -110.09, 37.33 ], [ -110.38, 37.33 ], [ -110.52, 37.45 ], [ -109.85, 38.18 ], [ -109.85, 38.67 ], [ -110.20293, 38.67 ], [ -110.55, 38.2 ], [ -110.55, 37.85 ], [ -110.59, 37.73 ], [ -110.96, 37.73 ], [ -111.32, 37.84 ], [ -111.43, 37.84 ], [ -111.55, 37.71 ], [ -111.55, 37.69 ], [ -111.06, 37.30755 ], [ -111.06, 37.22 ], [ -111.4, 37.22 ], [ -111.4, 37.17 ], [ -111.63, 37.17 ], [ -111.63, 37.09224 ], [ -111.63, 37.035 ], [ -111.63, 37.0014 ], [ -111.14055, 37.00115 ], [ -110.86164, 37.07999 ], [ -110.16, 37.07359 ], [ -110.16, 37.27 ], [ -110.00024, 37.17934 ], [ -109.92217, 37.13503 ], [ -109.9, 37.22 ] ] ] } },
{ "type": "Feature", "properties": { "fid": 263, "ZoneCode": "492073", "AbrvFull": "UT 491M", "NameFull": "Utah US491 Monticello-State Line", "ZoneNum": 73, "AbrvPart": "491M", "NamePart": "US491 Monticello-State Line", "ZoneType": "Multizone partial", "StateAbrv": "UT", "StateName": "Utah", "ProjAbrv": "LC1", "ProjType": "Lambert Conformal Conic, one parallel", "LatOrigin": "37°45'N", "LonOriginE": "250°45'E", "LonOriginW": "109°15'W", "Lat0_deg": 37.75, "Lon0_E_deg": 250.75, "Lon0_W_deg": -109.25, "ProjScale": 1.000321, "SkewAz_deg": -9999, "FalseN_m": 76200.0, "FalseE_m": 152400.0, "FalseN_ift": 250000.0, "FalseE_ift": 500000.0, "DesignBy": "State", "Ref_frame": "NATRF2022" }, "geometry": { "type": "Polygon", "coordinates": [ [ [ -109.41, 37.65 ], [ -109.04188, 37.65 ], [ -109.04258, 38.1 ], [ -109.2, 38.1 ], [ -109.2, 38.0 ], [ -109.45, 38.0 ], [ -109.45, 37.69 ], [ -109.41, 37.69 ], [ -109.41, 37.65 ] ] ] } },
{ "type": "Feature", "properties": { "fid": 264, "ZoneCode": "492074", "AbrvFull": "UT 191S", "NameFull": "Utah US191 Blanding-SR95", "ZoneNum": 74, "AbrvPart": "191S", "NamePart": "US191 Blanding-SR95", "ZoneType": "Multizone partial", "StateAbrv": "UT", "StateName": "Utah", "ProjAbrv": "LC1", "ProjType": "Lambert Conformal Conic, one parallel", "LatOrigin": "37°00'N", "LonOriginE": "250°30'E", "LonOriginW": "109°30'W", "Lat0_deg": 37.0, "Lon0_E_deg": 250.5, "Lon0_W_deg": -109.5, "ProjScale": 1.000225, "SkewAz_deg": -9999, "FalseN_m": 0.0, "FalseE_m": 114300.0, "FalseN_ift": 0.0, "FalseE_ift": 375000.0, "DesignBy": "State", "Ref_frame": "NATRF2022" }, "geometry": { "type": "Polygon", "coordinates": [ [ [ -109.41, 37.65 ], [ -109.41, 37.69 ], [ -109.45, 37.69 ], [ -109.54, 37.69 ], [ -109.54, 37.5 ], [ -109.41, 37.5 ], [ -109.41, 37.65 ] ] ] } },
{ "type": "Feature", "properties": { "fid": 265, "ZoneCode": "492075", "AbrvFull": "UT 89TF", "NameFull": "Utah US89 Telegraph Flats", "ZoneNum": 75, "AbrvPart": "89TF", "NamePart": "US89 Telegraph Flats", "ZoneType": "Multizone partial", "StateAbrv": "UT", "StateName": "Utah", "ProjAbrv": "LC1", "ProjType": "Lambert Conformal Conic, one parallel", "LatOrigin": "37°15'N", "LonOriginE": "248°00'E", "LonOriginW": "112°00'W", "Lat0_deg": 37.25, "Lon0_E_deg": 248.0, "Lon0_W_deg": -112.0, "ProjScale": 1.000255, "SkewAz_deg": -9999, "FalseN_m": 76200.0, "FalseE_m": 152400.0, "FalseN_ift": 250000.0, "FalseE_ift": 500000.0, "DesignBy": "State", "Ref_frame": "NATRF2022" }, "geometry": { "type": "Polygon", "coordinates": [ [ [ -111.98, 37.2 ], [ -111.98, 37.25 ], [ -112.3, 37.25 ], [ -112.3, 37.00115 ], [ -111.98, 37.00099 ], [ -111.98, 37.035 ], [ -111.98, 37.2 ] ] ] } },
{ "type": "Feature", "properties": { "fid": 266, "ZoneCode": "492076", "AbrvFull": "UT 89BR", "NameFull": "Utah US89 Big Water-Rimrocks", "ZoneNum": 76, "AbrvPart": "89BR", "NamePart": "US89 Big Water-Rimrocks", "ZoneType": "Multizone partial", "StateAbrv": "UT", "StateName": "Utah", "ProjAbrv": "LC1", "ProjType": "Lambert Conformal Conic, one parallel", "LatOrigin": "35°00'N", "LonOriginE": "248°15'E", "LonOriginW": "111°45'W", "Lat0_deg": 35.0, "Lon0_E_deg": 248.25, "Lon0_W_deg": -111.75, "ProjScale": 0.99954, "SkewAz_deg": -9999, "FalseN_m": -152400.0, "FalseE_m": 190500.0, "FalseN_ift": -500000.0, "FalseE_ift": 625000.0, "DesignBy": "State", "Ref_frame": "NATRF2022" }, "geometry": { "type": "Polygon", "coordinates": [ [ [ -111.63, 37.09224 ], [ -111.98, 37.2 ], [ -111.98, 37.035 ], [ -111.63, 37.035 ], [ -111.63, 37.09224 ] ] ] } },
{ "type": "Feature", "properties": { "fid": 267, "ZoneCode": "492077", "AbrvFull": "UT 163M", "NameFull": "Utah US163 Monument Pass", "ZoneNum": 77, "AbrvPart": "163M", "NamePart": "US163 Monument Pass", "ZoneType": "Multizone partial", "StateAbrv": "UT", "StateName": "Utah", "ProjAbrv": "LC1", "ProjType": "Lambert Conformal Conic, one parallel", "LatOrigin": "37°00'N", "LonOriginE": "250°00'E", "LonOriginW": "110°00'W", "Lat0_deg": 37.0, "Lon0_E_deg": 250.0, "Lon0_W_deg": -110.0, "ProjScale": 1.000264, "SkewAz_deg": -9999, "FalseN_m": 38100.0, "FalseE_m": 114300.0, "FalseN_ift": 125000.0, "FalseE_ift": 375000.0, "DesignBy": "State", "Ref_frame": "NATRF2022" }, "geometry": { "type": "Polygon", "coordinates": [ [ [ -110.00024, 37.17934 ], [ -110.16, 37.27 ], [ -110.16, 37.07359 ], [ -110.16, 36.99827 ], [ -110.06694, 36.9983 ], [ -110.00024, 37.17934 ] ] ] } },
{ "type": "Feature", "properties": { "fid": 268, "ZoneCode": "492078", "AbrvFull": "UT 162B", "NameFull": "Utah SR162 US163-Bluff-Aneth", "ZoneNum": 78, "AbrvPart": "162B", "NamePart": "SR162 US163-Bluff-Aneth", "ZoneType": "Multizone partial", "StateAbrv": "UT", "StateName": "Utah", "ProjAbrv": "LC1", "ProjType": "Lambert Conformal Conic, one parallel", "LatOrigin": "37°15'N", "LonOriginE": "250°30'E", "LonOriginW": "109°30'W", "Lat0_deg": 37.25, "Lon0_E_deg": 250.5, "Lon0_W_deg": -109.5, "ProjScale": 1.000211, "SkewAz_deg": -9999, "FalseN_m": 76200.0, "FalseE_m": 190500.0, "FalseN_ift": 250000.0, "FalseE_ift": 625000.0, "DesignBy": "State", "Ref_frame": "NATRF2022" }, "geometry": { "type": "Polygon", "coordinates": [ [ [ -109.9, 37.22 ], [ -109.92217, 37.13503 ], [ -109.9578, 36.99842 ], [ -109.8054, 36.99825 ], [ -109.55, 37.18 ], [ -109.04578, 37.18 ], [ -109.04577, 37.33 ], [ -109.83, 37.33 ], [ -109.9, 37.22 ] ] ] } },
{ "type": "Feature", "properties": { "fid": 269, "ZoneCode": "492079", "AbrvFull": "UT 59HH", "NameFull": "Utah SR59 Hurricane-Hildale", "ZoneNum": 79, "AbrvPart": "59HH", "NamePart": "SR59 Hurricane-Hildale", "ZoneType": "Multizone partial", "StateAbrv": "UT", "StateName": "Utah", "ProjAbrv": "LC1", "ProjType": "Lambert Conformal Conic, one parallel", "LatOrigin": "37°45'N", "LonOriginE": "246°54'E", "LonOriginW": "113°06'W", "Lat0_deg": 37.75, "Lon0_E_deg": 246.9, "Lon0_W_deg": -113.1, "ProjScale": 1.000147, "SkewAz_deg": -9999, "FalseN_m": 114300.0, "FalseE_m": 114300.0, "FalseN_ift": 375000.0, "FalseE_ift": 375000.0, "DesignBy": "State", "Ref_frame": "NATRF2022" }, "geometry": { "type": "Polygon", "coordinates": [ [ [ -112.97682, 37.15 ], [ -113.21, 37.15 ], [ -113.21, 37.19 ], [ -113.27, 37.19 ], [ -113.3, 37.12718 ], [ -113.3, 36.99999 ], [ -112.9, 37.00031 ], [ -112.9, 37.16029 ], [ -112.97682, 37.15 ] ] ] } },
{ "type": "Feature", "properties": { "fid": 270, "ZoneCode": "562001", "AbrvFull": "WY WRIV", "NameFull": "Wyoming Wind River Nation", "ZoneNum": 1, "AbrvPart": "WRIV", "NamePart": "Wind River Nation", "ZoneType": "Multizone partial", "StateAbrv": "WY", "StateName": "Wyoming", "ProjAbrv": "TM", "ProjType": "Transverse Mercator", "LatOrigin": "42°30'N", "LonOriginE": "251°39'E", "LonOriginW": "108°21'W", "Lat0_deg": 42.5, "Lon0_E_deg": 251.65, "Lon0_W_deg": -108.35, "ProjScale": 1.00024, "SkewAz_deg": -9999, "FalseN_m": 0.0, "FalseE_m": 266700.0, "FalseN_ift": 0.0, "FalseE_ift": 875000.0, "DesignBy": "State", "Ref_frame": "NATRF2022" }, "geometry": { "type": "Polygon", "coordinates": [ [ [ -109.19653, 43.71167 ], [ -109.23366, 43.76213 ], [ -109.25069, 43.75875 ], [ -109.30403, 43.72072 ], [ -109.36916, 43.67828 ], [ -109.36418, 43.64919 ], [ -109.38606, 43.63068 ], [ -109.38195, 43.62295 ], [ -109.40315, 43.60467 ], [ -109.45059, 43.58618 ], [ -109.46413, 43.54042 ], [ -109.46454, 43.51471 ], [ -109.47289, 43.49743 ], [ -109.46764, 43.45143 ], [ -109.45991, 43.44199 ], [ -109.46073, 43.37338 ], [ -109.45986, 43.14329 ], [ -109.45817, 42.9768 ], [ -109.41121, 42.95546 ], [ -109.39776, 42.9392 ], [ -109.37066, 42.94573 ], [ -109.34678, 42.92016 ], [ -109.33191, 42.89542 ], [ -109.32577, 42.86878 ], [ -109.19785, 42.86813 ], [ -108.88616, 42.8687 ], [ -108.86663, 42.87378 ], [ -108.85909, 42.88689 ], [ -108.82957, 42.89234 ], [ -108.7766, 42.87953 ], [ -108.76824, 42.89063 ], [ -108.73248, 42.88868 ], [ -108.71801, 42.86098 ], [ -108.69497, 42.85421 ], [ -108.68423, 42.87032 ], [ -108.64292, 42.87026 ], [ -108.61431, 42.88443 ], [ -108.59632, 42.90606 ], [ -108.50066, 42.90477 ], [ -108.39123, 42.90569 ], [ -108.29099, 42.90392 ], [ -108.15427, 42.90509 ], [ -108.15516, 43.25458 ], [ -108.15676, 43.37547 ], [ -108.15623, 43.57924 ], [ -108.35489, 43.57921 ], [ -108.35421, 43.68763 ], [ -108.37211, 43.68501 ], [ -108.46137, 43.69412 ], [ -108.51527, 43.71345 ], [ -108.54185, 43.72787 ], [ -108.58067, 43.73196 ], [ -108.61371, 43.71609 ], [ -108.66085, 43.71155 ], [ -108.70088, 43.71543 ], [ -108.72057, 43.69404 ], [ -108.73802, 43.69028 ], [ -108.76576, 43.67116 ], [ -108.8379, 43.66275 ], [ -108.85881, 43.66694 ], [ -108.88248, 43.65895 ], [ -108.94358, 43.62514 ], [ -108.9703, 43.6228 ], [ -109.04951, 43.63657 ], [ -109.0673, 43.65623 ], [ -109.10584, 43.6754 ], [ -109.11041, 43.68442 ], [ -109.15334, 43.69067 ], [ -109.19653, 43.71167 ] ] ] } }
]
}
