{
"type": "FeatureCollection",
"name": "simplified_partial",
"features": [
{ "type": "Feature", "properties": { "fid": 1, "ZoneCode": "012001", "AbrvFull": "AL ABBE", "NameFull": "Alabama Abbeville", "ZoneNum": 1, "AbrvPart": "ABBE", "NamePart": "Abbeville", "ZoneType": "Multizone partial", "StateAbrv": "AL", "StateName": "Alabama", "ProjAbrv": "TM", "ProjType": "Transverse Mercator", "LatOrigin": "27°24'N", "LonOriginE": "274°42'E", "LonOriginW": "85°18'W", "Lat0_deg": 27.4, "Lon0_E_deg": 274.7, "Lon0_W_deg": -85.3, "ProjScale": 1.00001, "SkewAz_deg": -9999, "FalseN_m": 0.0, "FalseE_m": 53340.0, "FalseN_ift": 0.0, "FalseE_ift": 175000.0, "DesignBy": "State", "Ref_frame": "NATRF2022" }, "geometry": { "type": "Polygon", "coordinates": [ [ [ -85.54999, 30.99641 ], [ -85.24363, 31.00088 ], [ -85.00249, 31.00068 ], [ -84.99942, 31.01384 ], [ -85.01138, 31.05354 ], [ -85.02857, 31.07458 ], [ -85.03706, 31.10975 ], [ -85.05286, 31.11948 ], [ -85.07779, 31.15788 ], [ -85.10052, 31.16599 ], [ -85.10696, 31.20269 ], [ -85.09684, 31.22523 ], [ -85.1117, 31.25802 ], [ -85.11035, 31.28174 ], [ -85.09033, 31.2936 ], [ -85.08382, 31.32696 ], [ -85.09216, 31.36457 ], [ -85.07733, 31.40084 ], [ -85.07605, 31.42435 ], [ -85.0664, 31.42949 ], [ -85.07161, 31.46838 ], [ -85.04455, 31.5209 ], [ -85.04142, 31.53929 ], [ -85.05795, 31.57083 ], [ -85.05747, 31.61862 ], [ -85.08702, 31.64096 ], [ -85.08042, 31.65596 ], [ -85.09242, 31.65996 ], [ -85.12592, 31.69626 ], [ -85.11912, 31.73096 ], [ -85.12632, 31.76886 ], [ -85.14182, 31.78236 ], [ -85.13292, 31.79236 ], [ -85.13212, 31.82796 ], [ -85.14072, 31.85745 ], [ -85.12882, 31.87635 ], [ -85.13292, 31.89305 ], [ -85.11702, 31.89285 ], [ -85.11312, 31.91185 ], [ -85.07892, 31.94015 ], [ -85.08682, 31.95775 ], [ -85.06592, 31.97115 ], [ -85.07092, 31.98165 ], [ -85.04886, 32.023 ], [ -85.05803, 32.0336 ], [ -85.05323, 32.0806 ], [ -85.04506, 32.08806 ], [ -85.06205, 32.13248 ], [ -85.04559, 32.14375 ], [ -85.00922, 32.18164 ], [ -84.96172, 32.19854 ], [ -84.98022, 32.20774 ], [ -84.97332, 32.21764 ], [ -84.92952, 32.21924 ], [ -84.90722, 32.24904 ], [ -84.88851, 32.26086 ], [ -84.93379, 32.29825 ], [ -85.00278, 32.32242 ], [ -85.00458, 32.34519 ], [ -84.98386, 32.36238 ], [ -84.97942, 32.41224 ], [ -84.96342, 32.42254 ], [ -84.97182, 32.44284 ], [ -84.99352, 32.45074 ], [ -85.00153, 32.51473 ], [ -85.0213, 32.54308 ], [ -85.06719, 32.5793 ], [ -85.08223, 32.61626 ], [ -85.08273, 32.63403 ], [ -85.10543, 32.64493 ], [ -85.08848, 32.65775 ], [ -85.11233, 32.68323 ], [ -85.12273, 32.71603 ], [ -85.11316, 32.73281 ], [ -85.13313, 32.74462 ], [ -85.14297, 32.76165 ], [ -85.12232, 32.77438 ], [ -85.16793, 32.8116 ], [ -85.16853, 32.82714 ], [ -85.15458, 32.8398 ], [ -85.1623, 32.85647 ], [ -85.18399, 32.86049 ], [ -85.19073, 32.89999 ], [ -85.54999, 32.89999 ], [ -85.54999, 31.99999 ], [ -85.54999, 30.99641 ] ] ] } },
{ "type": "Feature", "properties": { "fid": 2, "ZoneCode": "012002", "AbrvFull": "AL ANDL", "NameFull": "Alabama Andalusia", "ZoneNum": 2, "AbrvPart": "ANDL", "NamePart": "Andalusia", "ZoneType": "Multizone partial", "StateAbrv": "AL", "StateName": "Alabama", "ProjAbrv": "TM", "ProjType": "Transverse Mercator", "LatOrigin": "26°06'N", "LonOriginE": "273°33'E", "LonOriginW": "86°27'W", "Lat0_deg": 26.1, "Lon0_E_deg": 273.55, "Lon0_W_deg": -86.45, "ProjScale": 1.000007, "SkewAz_deg": -9999, "FalseN_m": 0.0, "FalseE_m": 53340.0, "FalseN_ift": 0.0, "FalseE_ift": 175000.0, "DesignBy": "State", "Ref_frame": "NATRF2022" }, "geometry": { "type": "Polygon", "coordinates": [ [ [ -86.14999, 30.99348 ], [ -86.14999, 31.99999 ], [ -86.54999, 31.99999 ], [ -86.69999, 31.99999 ], [ -86.69999, 30.99462 ], [ -86.56343, 30.99522 ], [ -86.52019, 30.99325 ], [ -86.40509, 30.99441 ], [ -86.14999, 30.99348 ] ] ] } },
{ "type": "Feature", "properties": { "fid": 3, "ZoneCode": "012003", "AbrvFull": "AL ANOX", "NameFull": "Alabama Anniston", "ZoneNum": 3, "AbrvPart": "ANOX", "NamePart": "Anniston", "ZoneType": "Multizone partial", "StateAbrv": "AL", "StateName": "Alabama", "ProjAbrv": "TM", "ProjType": "Transverse Mercator", "LatOrigin": "30°12'N", "LonOriginE": "274°06'E", "LonOriginW": "85°54'W", "Lat0_deg": 30.2, "Lon0_E_deg": 274.1, "Lon0_W_deg": -85.9, "ProjScale": 1.000025, "SkewAz_deg": -9999, "FalseN_m": 0.0, "FalseE_m": 53340.0, "FalseN_ift": 0.0, "FalseE_ift": 175000.0, "DesignBy": "State", "Ref_frame": "NATRF2022" }, "geometry": { "type": "Polygon", "coordinates": [ [ [ -85.79999, 32.99999 ], [ -85.64999, 32.99999 ], [ -85.64999, 33.89999 ], [ -85.69999, 33.89999 ], [ -86.34999, 33.89999 ], [ -86.34999, 32.99999 ], [ -85.79999, 32.99999 ] ] ] } },
{ "type": "Feature", "properties": { "fid": 4, "ZoneCode": "012004", "AbrvFull": "AL ATMR", "NameFull": "Alabama Atmore", "ZoneNum": 4, "AbrvPart": "ATMR", "NamePart": "Atmore", "ZoneType": "Multizone partial", "StateAbrv": "AL", "StateName": "Alabama", "ProjAbrv": "TM", "ProjType": "Transverse Mercator", "LatOrigin": "25°36'N", "LonOriginE": "272°30'E", "LonOriginW": "87°30'W", "Lat0_deg": 25.6, "Lon0_E_deg": 272.5, "Lon0_W_deg": -87.5, "ProjScale": 1.0, "SkewAz_deg": -9999, "FalseN_m": 0.0, "FalseE_m": 53340.0, "FalseN_ift": 0.0, "FalseE_ift": 175000.0, "DesignBy": "State", "Ref_frame": "NATRF2022" }, "geometry": { "type": "Polygon", "coordinates": [ [ [ -87.84999, 32.99999 ], [ -87.84999, 30.99736 ], [ -87.61542, 30.99736 ], [ -87.31194, 30.99843 ], [ -87.19999, 30.99802 ], [ -87.19999, 32.99999 ], [ -87.84999, 32.99999 ] ] ] } },
{ "type": "Feature", "properties": { "fid": 5, "ZoneCode": "012005", "AbrvFull": "AL BIRM", "NameFull": "Alabama Birmingham", "ZoneNum": 5, "AbrvPart": "BIRM", "NamePart": "Birmingham", "ZoneType": "Multizone partial", "StateAbrv": "AL", "StateName": "Alabama", "ProjAbrv": "TM", "ProjType": "Transverse Mercator", "LatOrigin": "25°48'N", "LonOriginE": "273°12'E", "LonOriginW": "86°48'W", "Lat0_deg": 25.8, "Lon0_E_deg": 273.2, "Lon0_W_deg": -86.8, "ProjScale": 1.00002, "SkewAz_deg": -9999, "FalseN_m": 0.0, "FalseE_m": 53340.0, "FalseN_ift": 0.0, "FalseE_ift": 175000.0, "DesignBy": "State", "Ref_frame": "NATRF2022" }, "geometry": { "type": "Polygon", "coordinates": [ [ [ -86.34999, 32.99999 ], [ -86.34999, 33.89999 ], [ -86.44999, 33.89999 ], [ -87.09999, 33.89999 ], [ -87.09999, 33.59999 ], [ -87.09999, 32.99999 ], [ -86.54999, 32.99999 ], [ -86.34999, 32.99999 ] ] ] } },
{ "type": "Feature", "properties": { "fid": 6, "ZoneCode": "012006", "AbrvFull": "AL ENTP", "NameFull": "Alabama Enterprise", "ZoneNum": 6, "AbrvPart": "ENTP", "NamePart": "Enterprise", "ZoneType": "Multizone partial", "StateAbrv": "AL", "StateName": "Alabama", "ProjAbrv": "TM", "ProjType": "Transverse Mercator", "LatOrigin": "28°12'N", "LonOriginE": "274°09'E", "LonOriginW": "85°51'W", "Lat0_deg": 28.2, "Lon0_E_deg": 274.15, "Lon0_W_deg": -85.85, "ProjScale": 1.000008, "SkewAz_deg": -9999, "FalseN_m": 0.0, "FalseE_m": 53340.0, "FalseN_ift": 0.0, "FalseE_ift": 175000.0, "DesignBy": "State", "Ref_frame": "NATRF2022" }, "geometry": { "type": "Polygon", "coordinates": [ [ [ -85.54999, 30.99641 ], [ -85.54999, 31.99999 ], [ -85.79999, 31.99999 ], [ -86.14999, 31.99999 ], [ -86.14999, 30.99348 ], [ -85.9986, 30.99286 ], [ -85.74961, 30.99529 ], [ -85.54999, 30.99641 ] ] ] } },
{ "type": "Feature", "properties": { "fid": 7, "ZoneCode": "012007", "AbrvFull": "AL FLOR", "NameFull": "Alabama Florence", "ZoneNum": 7, "AbrvPart": "FLOR", "NamePart": "Florence", "ZoneType": "Multizone partial", "StateAbrv": "AL", "StateName": "Alabama", "ProjAbrv": "TM", "ProjType": "Transverse Mercator", "LatOrigin": "29°06'N", "LonOriginE": "272°24'E", "LonOriginW": "87°36'W", "Lat0_deg": 29.1, "Lon0_E_deg": 272.4, "Lon0_W_deg": -87.6, "ProjScale": 1.000025, "SkewAz_deg": -9999, "FalseN_m": 0.0, "FalseE_m": 53340.0, "FalseN_ift": 0.0, "FalseE_ift": 175000.0, "DesignBy": "State", "Ref_frame": "NATRF2022" }, "geometry": { "type": "Polygon", "coordinates": [ [ [ -87.24999, 34.99986 ], [ -87.42996, 35.00278 ], [ -87.66225, 35.00353 ], [ -87.89999, 35.00573 ], [ -87.89999, 33.89999 ], [ -87.24999, 33.89999 ], [ -87.24999, 34.99986 ] ] ] } },
{ "type": "Feature", "properties": { "fid": 8, "ZoneCode": "012008", "AbrvFull": "AL GADS", "NameFull": "Alabama Gadsden", "ZoneNum": 8, "AbrvPart": "GADS", "NamePart": "Gadsden", "ZoneType": "Multizone partial", "StateAbrv": "AL", "StateName": "Alabama", "ProjAbrv": "TM", "ProjType": "Transverse Mercator", "LatOrigin": "31°06'N", "LonOriginE": "273°57'E", "LonOriginW": "86°03'W", "Lat0_deg": 31.1, "Lon0_E_deg": 273.95, "Lon0_W_deg": -86.05, "ProjScale": 1.00003, "SkewAz_deg": -9999, "FalseN_m": 0.0, "FalseE_m": 53340.0, "FalseN_ift": 0.0, "FalseE_ift": 175000.0, "DesignBy": "State", "Ref_frame": "NATRF2022" }, "geometry": { "type": "Polygon", "coordinates": [ [ [ -85.69999, 33.89999 ], [ -85.69999, 34.98631 ], [ -85.82402, 34.98812 ], [ -86.24801, 34.99041 ], [ -86.44999, 34.99093 ], [ -86.44999, 33.89999 ], [ -86.34999, 33.89999 ], [ -85.69999, 33.89999 ] ] ] } },
{ "type": "Feature", "properties": { "fid": 9, "ZoneCode": "012009", "AbrvFull": "AL HUNT", "NameFull": "Alabama Huntsville", "ZoneNum": 9, "AbrvPart": "HUNT", "NamePart": "Huntsville", "ZoneType": "Multizone partial", "StateAbrv": "AL", "StateName": "Alabama", "ProjAbrv": "TM", "ProjType": "Transverse Mercator", "LatOrigin": "30°45'N", "LonOriginE": "273°09'E", "LonOriginW": "86°51'W", "Lat0_deg": 30.75, "Lon0_E_deg": 273.15, "Lon0_W_deg": -86.85, "ProjScale": 1.000026, "SkewAz_deg": -9999, "FalseN_m": 0.0, "FalseE_m": 53340.0, "FalseN_ift": 0.0, "FalseE_ift": 175000.0, "DesignBy": "State", "Ref_frame": "NATRF2022" }, "geometry": { "type": "Polygon", "coordinates": [ [ [ -86.44999, 34.99093 ], [ -86.70313, 34.99212 ], [ -86.8363, 34.99189 ], [ -87.24999, 34.99986 ], [ -87.24999, 33.89999 ], [ -87.09999, 33.89999 ], [ -86.44999, 33.89999 ], [ -86.44999, 34.99093 ] ] ] } },
{ "type": "Feature", "properties": { "fid": 10, "ZoneCode": "012010", "AbrvFull": "AL MONT", "NameFull": "Alabama Montgomery", "ZoneNum": 10, "AbrvPart": "MONT", "NamePart": "Montgomery", "ZoneType": "Multizone partial", "StateAbrv": "AL", "StateName": "Alabama", "ProjAbrv": "TM", "ProjType": "Transverse Mercator", "LatOrigin": "26°09'N", "LonOriginE": "273°45'E", "LonOriginW": "86°15'W", "Lat0_deg": 26.15, "Lon0_E_deg": 273.75, "Lon0_W_deg": -86.25, "ProjScale": 1.00001, "SkewAz_deg": -9999, "FalseN_m": 0.0, "FalseE_m": 53340.0, "FalseN_ift": 0.0, "FalseE_ift": 175000.0, "DesignBy": "State", "Ref_frame": "NATRF2022" }, "geometry": { "type": "Polygon", "coordinates": [ [ [ -85.79999, 31.99999 ], [ -85.79999, 32.99999 ], [ -86.34999, 32.99999 ], [ -86.54999, 32.99999 ], [ -86.54999, 31.99999 ], [ -86.14999, 31.99999 ], [ -85.79999, 31.99999 ] ] ] } },
{ "type": "Feature", "properties": { "fid": 11, "ZoneCode": "012011", "AbrvFull": "AL TUSC", "NameFull": "Alabama Tuscaloosa", "ZoneNum": 11, "AbrvPart": "TUSC", "NamePart": "Tuscaloosa", "ZoneType": "Multizone partial", "StateAbrv": "AL", "StateName": "Alabama", "ProjAbrv": "TM", "ProjType": "Transverse Mercator", "LatOrigin": "24°48'N", "LonOriginE": "272°24'E", "LonOriginW": "87°36'W", "Lat0_deg": 24.8, "Lon0_E_deg": 272.4, "Lon0_W_deg": -87.6, "ProjScale": 1.000003, "SkewAz_deg": -9999, "FalseN_m": 0.0, "FalseE_m": 49530.0, "FalseN_ift": 0.0, "FalseE_ift": 162500.0, "DesignBy": "State", "Ref_frame": "NATRF2022" }, "geometry": { "type": "Polygon", "coordinates": [ [ [ -87.09999, 32.99999 ], [ -87.09999, 33.59999 ], [ -87.99999, 33.59999 ], [ -87.99999, 32.99999 ], [ -87.84999, 32.99999 ], [ -87.19999, 32.99999 ], [ -87.09999, 32.99999 ] ] ] } },
{ "type": "Feature", "properties": { "fid": 12, "ZoneCode": "022001", "AbrvFull": "AK AKHY", "NameFull": "Alaska Highway", "ZoneNum": 1, "AbrvPart": "AKHY", "NamePart": "Highway", "ZoneType": "Multizone partial", "StateAbrv": "AK", "StateName": "Alaska", "ProjAbrv": "OMC", "ProjType": "Hotine Oblique Mercator, center", "LatOrigin": "63°24'N", "LonOriginE": "216°18'E", "LonOriginW": "143°42'W", "Lat0_deg": 63.4, "Lon0_E_deg": 216.3, "Lon0_W_deg": -143.7, "ProjScale": 1.000067, "SkewAz_deg": -47, "FalseN_m": 152400.0, "FalseE_m": 762000.0, "FalseN_ift": 500000.0, "FalseE_ift": 2500000.0, "DesignBy": "State", "Ref_frame": "NATRF2022" }, "geometry": { "type": "Polygon", "coordinates": [ [ [ -141.00133, 63.75 ], [ -142.19997, 63.75 ], [ -142.79997, 64.3 ], [ -143.99997, 64.8 ], [ -144.69997, 64.8 ], [ -146.44997, 63.95 ], [ -145.59997, 63.8 ], [ -145.37997, 63.86 ], [ -145.14997, 63.78 ], [ -144.81997, 63.75 ], [ -144.64997, 63.67 ], [ -144.19997, 63.67 ], [ -143.89997, 63.5 ], [ -143.79997, 63.375 ], [ -143.61997, 63.375 ], [ -143.09997, 63.26 ], [ -142.89997, 63.06 ], [ -142.54997, 62.95 ], [ -141.74997, 62.7 ], [ -141.00144, 62.60334 ], [ -141.00133, 63.75 ] ] ] } },
{ "type": "Feature", "properties": { "fid": 13, "ZoneCode": "022002", "AbrvFull": "AK AMBL", "NameFull": "Alaska Ambler", "ZoneNum": 2, "AbrvPart": "AMBL", "NamePart": "Ambler", "ZoneType": "Multizone partial", "StateAbrv": "AK", "StateName": "Alaska", "ProjAbrv": "OMC", "ProjType": "Hotine Oblique Mercator, center", "LatOrigin": "66°51'N", "LonOriginE": "204°12'E", "LonOriginW": "155°48'W", "Lat0_deg": 66.85, "Lon0_E_deg": 204.2, "Lon0_W_deg": -155.8, "ProjScale": 1.000019, "SkewAz_deg": -83, "FalseN_m": 152400.0, "FalseE_m": 838200.0, "FalseN_ift": 500000.0, "FalseE_ift": 2750000.0, "DesignBy": "State", "Ref_frame": "NATRF2022" }, "geometry": { "type": "Polygon", "coordinates": [ [ [ -151.09997, 67.25 ], [ -160.39997, 67.8 ], [ -160.54997, 67.0 ], [ -156.99997, 66.15 ], [ -153.09997, 66.7 ], [ -151.09997, 66.6 ], [ -151.09997, 67.25 ] ] ] } },
{ "type": "Feature", "properties": { "fid": 14, "ZoneCode": "022003", "AbrvFull": "AK ANAK", "NameFull": "Alaska Anaktuvuk", "ZoneNum": 3, "AbrvPart": "ANAK", "NamePart": "Anaktuvuk", "ZoneType": "Multizone partial", "StateAbrv": "AK", "StateName": "Alaska", "ProjAbrv": "OMC", "ProjType": "Hotine Oblique Mercator, center", "LatOrigin": "67°51'N", "LonOriginE": "204°33'E", "LonOriginW": "155°27'W", "Lat0_deg": 67.85, "Lon0_E_deg": 204.55, "Lon0_W_deg": -155.45, "ProjScale": 1.000058, "SkewAz_deg": -79, "FalseN_m": 114300.0, "FalseE_m": 838200.0, "FalseN_ift": 375000.0, "FalseE_ift": 2750000.0, "DesignBy": "State", "Ref_frame": "NATRF2022" }, "geometry": { "type": "Polygon", "coordinates": [ [ [ -149.89997, 68.2 ], [ -151.49997, 68.2 ], [ -152.19997, 68.4 ], [ -156.69997, 68.45 ], [ -159.29997, 68.8 ], [ -160.84997, 68.8 ], [ -160.74997, 68.0 ], [ -160.39997, 67.8 ], [ -151.09997, 67.25 ], [ -149.89997, 68.05 ], [ -149.89997, 68.2 ] ] ] } },
{ "type": "Feature", "properties": { "fid": 15, "ZoneCode": "022004", "AbrvFull": "AK ANCH", "NameFull": "Alaska Anchorage-Homer", "ZoneNum": 4, "AbrvPart": "ANCH", "NamePart": "Anchorage-Homer", "ZoneType": "Multizone partial", "StateAbrv": "AK", "StateName": "Alaska", "ProjAbrv": "OMC", "ProjType": "Hotine Oblique Mercator, center", "LatOrigin": "60°33'N", "LonOriginE": "209°15'E", "LonOriginW": "150°45'W", "Lat0_deg": 60.55, "Lon0_E_deg": 209.25, "Lon0_W_deg": -150.75, "ProjScale": 1.0, "SkewAz_deg": 25, "FalseN_m": 266700.0, "FalseE_m": 762000.0, "FalseN_ift": 875000.0, "FalseE_ift": 2500000.0, "DesignBy": "State", "Ref_frame": "NATRF2022" }, "geometry": { "type": "MultiPolygon", "coordinates": [ [ [ [ -152.08334, 59.00502 ], [ -152.12903, 59.01675 ], [ -152.1882, 59.01615 ], [ -152.24563, 58.99346 ], [ -152.2727, 59.0032 ], [ -152.32343, 59.00746 ], [ -152.35273, 59.00487 ], [ -152.41398, 58.99223 ], [ -152.44088, 58.96609 ], [ -152.43746, 58.94843 ], [ -152.46483, 58.92422 ], [ -152.46541, 58.90634 ], [ -152.45256, 58.88487 ], [ -152.42592, 58.87338 ], [ -152.41373, 58.84761 ], [ -152.38327, 58.82829 ], [ -152.3146, 58.82 ], [ -152.27551, 58.82727 ], [ -152.24962, 58.84068 ], [ -152.19533, 58.84063 ], [ -152.13405, 58.85812 ], [ -152.10856, 58.84462 ], [ -152.06676, 58.83301 ], [ -152.01714, 58.82852 ], [ -151.98156, 58.83728 ], [ -151.95155, 58.85219 ], [ -151.93636, 58.86738 ], [ -151.89178, 58.87639 ], [ -151.85387, 58.90876 ], [ -151.85757, 58.93596 ], [ -151.86775, 58.94641 ], [ -151.93716, 58.9883 ], [ -151.96489, 58.99234 ], [ -152.01953, 59.01092 ], [ -152.05891, 59.012 ], [ -152.08334, 59.00502 ] ] ], [ [ [ -151.99998, 60.1 ], [ -152.41854, 59.04131 ], [ -151.85536, 59.07762 ], [ -151.44415, 59.09969 ], [ -151.3747, 59.11067 ], [ -151.25526, 59.13776 ], [ -150.99217, 59.18084 ], [ -150.84227, 59.22083 ], [ -149.69998, 60.33 ], [ -149.13997, 60.77 ], [ -149.34997, 60.88 ], [ -148.76997, 61.55 ], [ -147.24997, 61.65 ], [ -146.94997, 62.05 ], [ -146.24997, 62.6 ], [ -146.24997, 62.8 ], [ -148.64997, 62.8 ], [ -149.09997, 62.45 ], [ -150.14997, 62.45 ], [ -150.94997, 61.25 ], [ -151.99998, 60.1 ] ] ] ] } },
{ "type": "Feature", "properties": { "fid": 16, "ZoneCode": "022005", "AbrvFull": "AK BARR", "NameFull": "Alaska Barrow", "ZoneNum": 5, "AbrvPart": "BARR", "NamePart": "Barrow", "ZoneType": "Multizone partial", "StateAbrv": "AK", "StateName": "Alaska", "ProjAbrv": "LC1", "ProjType": "Lambert Conformal Conic, one parallel", "LatOrigin": "70°51'N", "LonOriginE": "206°00'E", "LonOriginW": "154°00'W", "Lat0_deg": 70.85, "Lon0_E_deg": 206.0, "Lon0_W_deg": -154.0, "ProjScale": 0.999982, "SkewAz_deg": -9999, "FalseN_m": 114300.0, "FalseE_m": 914400.0, "FalseN_ift": 375000.0, "FalseE_ift": 3000000.0, "DesignBy": "State", "Ref_frame": "NATRF2022" }, "geometry": { "type": "Polygon", "coordinates": [ [ [ -146.75713, 70.3 ], [ -146.77785, 70.31574 ], [ -146.84145, 70.33496 ], [ -146.92648, 70.35078 ], [ -146.99996, 70.35551 ], [ -147.09638, 70.35861 ], [ -147.17187, 70.35016 ], [ -147.18258, 70.36975 ], [ -147.2259, 70.38899 ], [ -147.27729, 70.40252 ], [ -147.32831, 70.40743 ], [ -147.37248, 70.43054 ], [ -147.45512, 70.44571 ], [ -147.56239, 70.44659 ], [ -147.61123, 70.43648 ], [ -147.65244, 70.4597 ], [ -147.70744, 70.46964 ], [ -147.7794, 70.47187 ], [ -147.77844, 70.49166 ], [ -147.81849, 70.52002 ], [ -147.89959, 70.5421 ], [ -148.00346, 70.54558 ], [ -148.05193, 70.53883 ], [ -148.09958, 70.524 ], [ -148.12689, 70.50135 ], [ -148.16903, 70.51775 ], [ -148.21038, 70.51825 ], [ -148.23385, 70.52891 ], [ -148.29247, 70.53746 ], [ -148.42127, 70.53287 ], [ -148.50271, 70.50433 ], [ -148.51544, 70.47748 ], [ -148.48697, 70.45332 ], [ -148.54883, 70.47297 ], [ -148.65173, 70.47817 ], [ -148.71177, 70.50767 ], [ -148.78722, 70.52538 ], [ -148.97491, 70.53371 ], [ -149.09044, 70.56542 ], [ -149.18243, 70.57454 ], [ -149.21731, 70.58293 ], [ -149.29587, 70.58765 ], [ -149.40731, 70.60383 ], [ -149.67984, 70.6215 ], [ -149.71909, 70.62194 ], [ -149.79592, 70.61187 ], [ -149.92947, 70.61476 ], [ -149.99336, 70.6042 ], [ -150.0335, 70.5877 ], [ -150.11783, 70.60618 ], [ -150.24267, 70.60434 ], [ -150.32318, 70.57856 ], [ -150.3452, 70.55323 ], [ -150.4353, 70.55785 ], [ -150.50077, 70.54885 ], [ -150.60148, 70.55129 ], [ -150.65229, 70.54485 ], [ -150.79512, 70.54836 ], [ -150.87111, 70.53554 ], [ -150.92968, 70.51429 ], [ -151.04461, 70.49762 ], [ -151.1898, 70.49293 ], [ -151.31494, 70.46343 ], [ -151.36922, 70.47339 ], [ -151.54885, 70.49109 ], [ -151.54768, 70.50412 ], [ -151.50329, 70.53602 ], [ -151.51674, 70.57136 ], [ -151.54617, 70.58305 ], [ -151.6127, 70.59361 ], [ -152.04632, 70.81316 ], [ -152.05812, 70.84117 ], [ -152.08069, 70.84407 ], [ -152.15181, 70.87513 ], [ -152.34239, 70.90706 ], [ -152.39636, 70.91095 ], [ -152.50972, 70.93473 ], [ -152.67988, 70.93458 ], [ -152.81681, 70.96053 ], [ -152.86246, 70.96418 ], [ -152.93895, 70.96113 ], [ -153.00008, 70.96988 ], [ -153.05271, 70.96772 ], [ -153.137, 70.97406 ], [ -153.27427, 70.97096 ], [ -153.44504, 70.94086 ], [ -153.51237, 70.93595 ], [ -153.74234, 70.94506 ], [ -153.89914, 70.93622 ], [ -154.43764, 71.02355 ], [ -154.49875, 71.05537 ], [ -154.62624, 71.10073 ], [ -154.82128, 71.15896 ], [ -155.00328, 71.20008 ], [ -155.14643, 71.22348 ], [ -155.30014, 71.23526 ], [ -155.45883, 71.26859 ], [ -155.6579, 71.28705 ], [ -155.75618, 71.28338 ], [ -155.82732, 71.32869 ], [ -155.92639, 71.35769 ], [ -156.24801, 71.40625 ], [ -156.29465, 71.40851 ], [ -156.40059, 71.43541 ], [ -156.48768, 71.43979 ], [ -156.58221, 71.42767 ], [ -156.64222, 71.39614 ], [ -156.76083, 71.37288 ], [ -156.94079, 71.31121 ], [ -157.23955, 71.1571 ], [ -157.34825, 71.08798 ], [ -157.53239, 71.00756 ], [ -157.8152, 70.92728 ], [ -157.93143, 70.90216 ], [ -158.17143, 70.87105 ], [ -158.3335, 70.87204 ], [ -158.45221, 70.88494 ], [ -158.55269, 70.90283 ], [ -158.62073, 70.94557 ], [ -158.67777, 70.95925 ], [ -158.73396, 70.96312 ], [ -158.90498, 70.95538 ], [ -159.0794, 70.93276 ], [ -159.2384, 70.92028 ], [ -159.59751, 70.86472 ], [ -159.75543, 70.83053 ], [ -159.87938, 70.77718 ], [ -160.04234, 70.71986 ], [ -160.24452, 70.63598 ], [ -160.30392, 70.60337 ], [ -160.41418, 70.5613 ], [ -160.66511, 70.47644 ], [ -160.90783, 70.41575 ], [ -161.03806, 70.3899 ], [ -161.3151, 70.34726 ], [ -161.09997, 70.3 ], [ -146.75713, 70.3 ] ] ] } },
{ "type": "Feature", "properties": { "fid": 17, "ZoneCode": "022006", "AbrvFull": "AK BREM", "NameFull": "Alaska Bremner", "ZoneNum": 6, "AbrvPart": "BREM", "NamePart": "Bremner", "ZoneType": "Multizone partial", "StateAbrv": "AK", "StateName": "Alaska", "ProjAbrv": "OMC", "ProjType": "Hotine Oblique Mercator, center", "LatOrigin": "61°27'N", "LonOriginE": "216°48'E", "LonOriginW": "143°12'W", "Lat0_deg": 61.45, "Lon0_E_deg": 216.8, "Lon0_W_deg": -143.2, "ProjScale": 1.000019, "SkewAz_deg": 56, "FalseN_m": 152400.0, "FalseE_m": 762000.0, "FalseN_ift": 500000.0, "FalseE_ift": 2500000.0, "DesignBy": "State", "Ref_frame": "NATRF2022" }, "geometry": { "type": "Polygon", "coordinates": [ [ [ -141.00195, 61.25057 ], [ -141.89997, 61.4 ], [ -142.09997, 61.2 ], [ -142.89997, 61.2 ], [ -142.99997, 61.0 ], [ -144.29997, 61.25 ], [ -144.29997, 61.4 ], [ -144.94997, 61.4 ], [ -145.38997, 61.07 ], [ -144.59997, 60.56 ], [ -143.19997, 60.7 ], [ -141.89997, 60.67 ], [ -141.00186, 60.71514 ], [ -141.00195, 61.25057 ] ] ] } },
{ "type": "Feature", "properties": { "fid": 18, "ZoneCode": "022007", "AbrvFull": "AK CHAN", "NameFull": "Alaska Chandalar-Arctic Village", "ZoneNum": 7, "AbrvPart": "CHAN", "NamePart": "Chandalar-Arctic Village", "ZoneType": "Multizone partial", "StateAbrv": "AK", "StateName": "Alaska", "ProjAbrv": "OMC", "ProjType": "Hotine Oblique Mercator, center", "LatOrigin": "67°51'N", "LonOriginE": "214°39'E", "LonOriginW": "145°21'W", "Lat0_deg": 67.85, "Lon0_E_deg": 214.65, "Lon0_W_deg": -145.35, "ProjScale": 1.000088, "SkewAz_deg": 77, "FalseN_m": 190500.0, "FalseE_m": 800100.0, "FalseN_ift": 625000.0, "FalseE_ift": 2625000.0, "DesignBy": "State", "Ref_frame": "NATRF2022" }, "geometry": { "type": "Polygon", "coordinates": [ [ [ -141.00268, 68.0 ], [ -141.00266, 68.49836 ], [ -141.00087, 68.49836 ], [ -141.00078, 68.85 ], [ -143.64997, 68.85 ], [ -146.09858, 68.55 ], [ -147.59997, 68.55 ], [ -147.79997, 68.5 ], [ -148.39997, 68.5 ], [ -148.69997, 68.25 ], [ -149.14997, 68.25 ], [ -149.34997, 68.05 ], [ -149.74997, 66.8 ], [ -145.99997, 67.5 ], [ -145.29997, 67.8 ], [ -143.89997, 67.8 ], [ -141.00268, 68.0 ] ] ] } },
{ "type": "Feature", "properties": { "fid": 19, "ZoneCode": "022008", "AbrvFull": "AK CHIC", "NameFull": "Alaska Chicken-Eagle", "ZoneNum": 8, "AbrvPart": "CHIC", "NamePart": "Chicken-Eagle", "ZoneType": "Multizone partial", "StateAbrv": "AK", "StateName": "Alaska", "ProjAbrv": "OMC", "ProjType": "Hotine Oblique Mercator, center", "LatOrigin": "64°48'N", "LonOriginE": "217°27'E", "LonOriginW": "142°33'W", "Lat0_deg": 64.8, "Lon0_E_deg": 217.45, "Lon0_W_deg": -142.55, "ProjScale": 1.000029, "SkewAz_deg": 41, "FalseN_m": 190500.0, "FalseE_m": 685800.0, "FalseN_ift": 625000.0, "FalseE_ift": 2250000.0, "DesignBy": "State", "Ref_frame": "NATRF2022" }, "geometry": { "type": "Polygon", "coordinates": [ [ [ -141.00133, 63.75 ], [ -141.00128, 65.00007 ], [ -141.00199, 65.5 ], [ -142.99997, 65.5 ], [ -143.89997, 65.2 ], [ -143.99997, 64.8 ], [ -142.79997, 64.3 ], [ -142.19997, 63.75 ], [ -141.00133, 63.75 ] ] ] } },
{ "type": "Feature", "properties": { "fid": 20, "ZoneCode": "022009", "AbrvFull": "AK CHIS", "NameFull": "Alaska Chisana", "ZoneNum": 9, "AbrvPart": "CHIS", "NamePart": "Chisana", "ZoneType": "Multizone partial", "StateAbrv": "AK", "StateName": "Alaska", "ProjAbrv": "OMC", "ProjType": "Hotine Oblique Mercator, center", "LatOrigin": "62°48'N", "LonOriginE": "217°09'E", "LonOriginW": "142°51'W", "Lat0_deg": 62.8, "Lon0_E_deg": 217.15, "Lon0_W_deg": -142.85, "ProjScale": 1.000106, "SkewAz_deg": -65, "FalseN_m": 266700.0, "FalseE_m": 647700.0, "FalseN_ift": 875000.0, "FalseE_ift": 2125000.0, "DesignBy": "State", "Ref_frame": "NATRF2022" }, "geometry": { "type": "Polygon", "coordinates": [ [ [ -141.00144, 62.60334 ], [ -141.74997, 62.7 ], [ -142.54997, 62.95 ], [ -142.54997, 62.71363 ], [ -142.59997, 62.52 ], [ -142.79997, 62.45 ], [ -143.04997, 62.45 ], [ -142.94997, 62.15 ], [ -142.94997, 61.8 ], [ -142.29997, 61.7 ], [ -141.89997, 61.4 ], [ -141.00195, 61.25057 ], [ -141.00208, 61.87468 ], [ -141.00158, 61.90405 ], [ -141.00144, 62.60334 ] ] ] } },
{ "type": "Feature", "properties": { "fid": 21, "ZoneCode": "022010", "AbrvFull": "AK CHIT", "NameFull": "Alaska Chitina-McCarthy", "ZoneNum": 10, "AbrvPart": "CHIT", "NamePart": "Chitina-McCarthy", "ZoneType": "Multizone partial", "StateAbrv": "AK", "StateName": "Alaska", "ProjAbrv": "OMC", "ProjType": "Hotine Oblique Mercator, center", "LatOrigin": "61°54'N", "LonOriginE": "217°03'E", "LonOriginW": "142°57'W", "Lat0_deg": 61.9, "Lon0_E_deg": 217.05, "Lon0_W_deg": -142.95, "ProjScale": 1.000053, "SkewAz_deg": 61, "FalseN_m": 190500.0, "FalseE_m": 762000.0, "FalseN_ift": 625000.0, "FalseE_ift": 2500000.0, "DesignBy": "State", "Ref_frame": "NATRF2022" }, "geometry": { "type": "Polygon", "coordinates": [ [ [ -142.94997, 61.8 ], [ -144.09997, 61.75 ], [ -144.94997, 61.9 ], [ -144.94997, 61.4 ], [ -144.29997, 61.4 ], [ -144.29997, 61.25 ], [ -142.99997, 61.0 ], [ -142.89997, 61.2 ], [ -142.09997, 61.2 ], [ -141.89997, 61.4 ], [ -142.29997, 61.7 ], [ -142.94997, 61.8 ] ] ] } },
{ "type": "Feature", "properties": { "fid": 22, "ZoneCode": "022011", "AbrvFull": "AK DLTN", "NameFull": "Alaska Dalton Highway North", "ZoneNum": 11, "AbrvPart": "DLTN", "NamePart": "Dalton Highway North", "ZoneType": "Multizone partial", "StateAbrv": "AK", "StateName": "Alaska", "ProjAbrv": "OMC", "ProjType": "Hotine Oblique Mercator, center", "LatOrigin": "70°03'N", "LonOriginE": "211°06'E", "LonOriginW": "148°54'W", "Lat0_deg": 70.05, "Lon0_E_deg": 211.1, "Lon0_W_deg": -148.9, "ProjScale": 1.000049, "SkewAz_deg": -22, "FalseN_m": 304800.0, "FalseE_m": 685800.0, "FalseN_ift": 1000000.0, "FalseE_ift": 2250000.0, "DesignBy": "State", "Ref_frame": "NATRF2022" }, "geometry": { "type": "Polygon", "coordinates": [ [ [ -147.59997, 68.55 ], [ -147.59997, 69.04 ], [ -148.09997, 69.25 ], [ -148.79997, 69.25 ], [ -149.39997, 69.15 ], [ -149.89997, 68.2 ], [ -149.89997, 68.05 ], [ -149.34997, 68.05 ], [ -149.14997, 68.25 ], [ -148.69997, 68.25 ], [ -148.39997, 68.5 ], [ -147.79997, 68.5 ], [ -147.59997, 68.55 ] ] ] } },
{ "type": "Feature", "properties": { "fid": 23, "ZoneCode": "022012", "AbrvFull": "AK DLTS", "NameFull": "Alaska Dalton Highway South", "ZoneNum": 12, "AbrvPart": "DLTS", "NamePart": "Dalton Highway South", "ZoneType": "Multizone partial", "StateAbrv": "AK", "StateName": "Alaska", "ProjAbrv": "OMC", "ProjType": "Hotine Oblique Mercator, center", "LatOrigin": "66°30'N", "LonOriginE": "209°54'E", "LonOriginW": "150°06'W", "Lat0_deg": 66.5, "Lon0_E_deg": 209.9, "Lon0_W_deg": -150.1, "ProjScale": 1.000046, "SkewAz_deg": -19, "FalseN_m": 152400.0, "FalseE_m": 685800.0, "FalseN_ift": 500000.0, "FalseE_ift": 2250000.0, "DesignBy": "State", "Ref_frame": "NATRF2022" }, "geometry": { "type": "Polygon", "coordinates": [ [ [ -149.74997, 66.8 ], [ -149.34997, 68.05 ], [ -149.89997, 68.05 ], [ -151.09997, 67.25 ], [ -151.09997, 66.6 ], [ -151.09997, 65.7 ], [ -149.44997, 65.85 ], [ -149.74997, 66.2 ], [ -149.74997, 66.8 ] ] ] } },
{ "type": "Feature", "properties": { "fid": 24, "ZoneCode": "022013", "AbrvFull": "AK DNLI", "NameFull": "Alaska Denali Highway", "ZoneNum": 13, "AbrvPart": "DNLI", "NamePart": "Denali Highway", "ZoneType": "Multizone partial", "StateAbrv": "AK", "StateName": "Alaska", "ProjAbrv": "LC1", "ProjType": "Lambert Conformal Conic, one parallel", "LatOrigin": "63°42'N", "LonOriginE": "213°51'E", "LonOriginW": "146°09'W", "Lat0_deg": 63.7, "Lon0_E_deg": 213.85, "Lon0_W_deg": -146.15, "ProjScale": 1.000094, "SkewAz_deg": -9999, "FalseN_m": 190500.0, "FalseE_m": 762000.0, "FalseN_ift": 625000.0, "FalseE_ift": 2500000.0, "DesignBy": "State", "Ref_frame": "NATRF2022" }, "geometry": { "type": "Polygon", "coordinates": [ [ [ -146.44997, 63.95 ], [ -148.64997, 64.25 ], [ -148.64997, 62.8 ], [ -146.24997, 62.8 ], [ -145.89997, 63.0 ], [ -145.89997, 63.15 ], [ -145.44997, 63.25 ], [ -145.34997, 62.95 ], [ -143.99997, 62.95 ], [ -143.69997, 63.15 ], [ -143.61997, 63.375 ], [ -143.79997, 63.375 ], [ -143.89997, 63.5 ], [ -144.19997, 63.67 ], [ -144.64997, 63.67 ], [ -144.81997, 63.75 ], [ -145.14997, 63.78 ], [ -145.37997, 63.86 ], [ -145.59997, 63.8 ], [ -146.44997, 63.95 ] ] ] } },
{ "type": "Feature", "properties": { "fid": 25, "ZoneCode": "022014", "AbrvFull": "AK FARU", "NameFull": "Alaska Fairbanks-Ruby", "ZoneNum": 14, "AbrvPart": "FARU", "NamePart": "Fairbanks-Ruby", "ZoneType": "Multizone partial", "StateAbrv": "AK", "StateName": "Alaska", "ProjAbrv": "LC1", "ProjType": "Lambert Conformal Conic, one parallel", "LatOrigin": "64°39'N", "LonOriginE": "212°15'E", "LonOriginW": "147°45'W", "Lat0_deg": 64.65, "Lon0_E_deg": 212.25, "Lon0_W_deg": -147.75, "ProjScale": 1.000022, "SkewAz_deg": -9999, "FalseN_m": 152400.0, "FalseE_m": 1066800.0, "FalseN_ift": 500000.0, "FalseE_ift": 3500000.0, "DesignBy": "State", "Ref_frame": "NATRF2022" }, "geometry": { "type": "Polygon", "coordinates": [ [ [ -143.89997, 65.2 ], [ -145.19997, 65.6 ], [ -147.59997, 65.45 ], [ -148.49997, 65.1 ], [ -150.69997, 64.9 ], [ -153.99997, 65.0 ], [ -155.29997, 64.85 ], [ -155.99997, 64.83 ], [ -155.99997, 64.7 ], [ -155.89997, 64.1 ], [ -153.74997, 64.15 ], [ -153.74997, 63.8 ], [ -151.74997, 64.1 ], [ -150.69997, 64.3 ], [ -149.24997, 64.15 ], [ -148.64997, 64.25 ], [ -146.44997, 63.95 ], [ -144.69997, 64.8 ], [ -143.99997, 64.8 ], [ -143.89997, 65.2 ] ] ] } },
{ "type": "Feature", "properties": { "fid": 26, "ZoneCode": "022015", "AbrvFull": "AK GLNN", "NameFull": "Alaska Glenn Highway-Richardson Highway", "ZoneNum": 15, "AbrvPart": "GLNN", "NamePart": "Glenn Highway-Richardson Highway", "ZoneType": "Multizone partial", "StateAbrv": "AK", "StateName": "Alaska", "ProjAbrv": "OMC", "ProjType": "Hotine Oblique Mercator, center", "LatOrigin": "61°48'N", "LonOriginE": "214°36'E", "LonOriginW": "145°24'W", "Lat0_deg": 61.8, "Lon0_E_deg": 214.6, "Lon0_W_deg": -145.4, "ProjScale": 1.00007, "SkewAz_deg": 30, "FalseN_m": 152400.0, "FalseE_m": 762000.0, "FalseN_ift": 500000.0, "FalseE_ift": 2500000.0, "DesignBy": "State", "Ref_frame": "NATRF2022" }, "geometry": { "type": "Polygon", "coordinates": [ [ [ -145.34997, 62.95 ], [ -145.44997, 63.25 ], [ -145.89997, 63.15 ], [ -145.89997, 63.0 ], [ -146.24997, 62.8 ], [ -146.24997, 62.6 ], [ -146.94997, 62.05 ], [ -147.24997, 61.65 ], [ -146.09997, 61.3 ], [ -145.73997, 61.11 ], [ -145.38997, 61.07 ], [ -144.94997, 61.4 ], [ -144.94997, 61.9 ], [ -145.14997, 62.1 ], [ -145.14997, 62.6 ], [ -145.34997, 62.95 ] ] ] } },
{ "type": "Feature", "properties": { "fid": 27, "ZoneCode": "022016", "AbrvFull": "AK HEID", "NameFull": "Alaska Heiden", "ZoneNum": 16, "AbrvPart": "HEID", "NamePart": "Heiden", "ZoneType": "Multizone partial", "StateAbrv": "AK", "StateName": "Alaska", "ProjAbrv": "OMC", "ProjType": "Hotine Oblique Mercator, center", "LatOrigin": "57°21'N", "LonOriginE": "202°42'E", "LonOriginW": "157°18'W", "Lat0_deg": 57.35, "Lon0_E_deg": 202.7, "Lon0_W_deg": -157.3, "ProjScale": 0.999994, "SkewAz_deg": 48, "FalseN_m": 266700.0, "FalseE_m": 800100.0, "FalseN_ift": 875000.0, "FalseE_ift": 2625000.0, "DesignBy": "State", "Ref_frame": "NATRF2022" }, "geometry": { "type": "Polygon", "coordinates": [ [ [ -158.75453, 57.25126 ], [ -158.89346, 56.99984 ], [ -158.89356, 56.94506 ], [ -158.91938, 56.93822 ], [ -158.98155, 56.91113 ], [ -159.08155, 56.85289 ], [ -159.17389, 56.81445 ], [ -159.3512, 56.75772 ], [ -159.42572, 56.74019 ], [ -159.50226, 56.7028 ], [ -159.58096, 56.67293 ], [ -159.63711, 56.65851 ], [ -159.67581, 56.64499 ], [ -159.80789, 56.61033 ], [ -159.90998, 56.57537 ], [ -159.90998, 55.51055 ], [ -159.65528, 55.52889 ], [ -159.63337, 55.52361 ], [ -159.58464, 55.52426 ], [ -159.53813, 55.53201 ], [ -159.51143, 55.54962 ], [ -159.50396, 55.56736 ], [ -159.5215, 55.6009 ], [ -159.48879, 55.60894 ], [ -159.44685, 55.63853 ], [ -158.9507, 55.63891 ], [ -157.46998, 56.5 ], [ -156.328, 57.05329 ], [ -156.31165, 57.06792 ], [ -156.31646, 57.1055 ], [ -156.26273, 57.1336 ], [ -156.22779, 57.16246 ], [ -156.21448, 57.19518 ], [ -156.24702, 57.24378 ], [ -156.19668, 57.3102 ], [ -156.18414, 57.31723 ], [ -156.16717, 57.34585 ], [ -156.1418, 57.35364 ], [ -156.09833, 57.37985 ], [ -155.9789, 57.3959 ], [ -155.93974, 57.41287 ], [ -155.91979, 57.43303 ], [ -155.85077, 57.48838 ], [ -155.84446, 57.49751 ], [ -155.79611, 57.49553 ], [ -155.76439, 57.4991 ], [ -155.71924, 57.49742 ], [ -155.66794, 57.50835 ], [ -155.64548, 57.52236 ], [ -155.63254, 57.58681 ], [ -155.63946, 57.60227 ], [ -155.60101, 57.61084 ], [ -155.58909, 57.60828 ], [ -155.45984, 57.63765 ], [ -155.36089, 57.62503 ], [ -155.30037, 57.6429 ], [ -155.28093, 57.65683 ], [ -155.27698, 57.67611 ], [ -155.24577, 57.6816 ], [ -155.20993, 57.71626 ], [ -155.15004, 57.75002 ], [ -155.15069, 57.77196 ], [ -155.16084, 57.79059 ], [ -155.129, 57.78795 ], [ -155.07885, 57.79534 ], [ -155.0435, 57.81239 ], [ -154.99399, 57.86319 ], [ -154.96966, 57.92786 ], [ -154.94072, 57.97507 ], [ -154.89378, 57.98354 ], [ -154.86528, 57.96764 ], [ -154.80091, 57.95915 ], [ -154.74772, 57.96919 ], [ -154.70897, 57.9823 ], [ -154.58911, 57.98978 ], [ -154.53957, 57.9882 ], [ -154.39072, 57.9993 ], [ -154.3351, 58.02671 ], [ -154.28816, 58.03082 ], [ -154.2655, 58.03823 ], [ -154.22045, 58.06617 ], [ -154.21178, 58.08029 ], [ -154.15516, 58.09098 ], [ -154.11954, 58.11323 ], [ -154.1089, 58.14601 ], [ -154.0828, 58.15401 ], [ -154.05895, 58.17521 ], [ -154.03902, 58.23036 ], [ -153.97001, 58.31273 ], [ -153.92596, 58.3198 ], [ -153.9093, 58.32911 ], [ -153.85853, 58.37428 ], [ -153.8585, 58.3976 ], [ -153.88388, 58.43855 ], [ -153.88177, 58.4565 ], [ -153.8444, 58.47226 ], [ -153.82105, 58.4878 ], [ -153.81063, 58.51539 ], [ -153.77839, 58.50405 ], [ -153.69234, 58.49351 ], [ -153.65408, 58.4996 ], [ -153.60978, 58.51975 ], [ -153.59264, 58.54225 ], [ -153.51513, 58.5484 ], [ -153.46869, 58.5665 ], [ -153.447, 58.59841 ], [ -153.45788, 58.62346 ], [ -153.47875, 58.6417 ], [ -153.37156, 58.67328 ], [ -153.318, 58.71296 ], [ -153.27801, 58.7069 ], [ -153.24477, 58.70747 ], [ -153.18694, 58.72935 ], [ -153.16682, 58.75518 ], [ -153.17661, 58.78467 ], [ -153.20248, 58.80133 ], [ -153.16701, 58.82302 ], [ -153.15233, 58.84758 ], [ -153.15282, 58.86902 ], [ -153.16512, 58.89272 ], [ -153.18406, 58.90573 ], [ -153.13585, 58.93435 ], [ -152.99998, 59.65 ], [ -154.29998, 59.3 ], [ -155.49998, 58.8 ], [ -158.75453, 57.25126 ] ] ] } },
{ "type": "Feature", "properties": { "fid": 28, "ZoneCode": "022017", "AbrvFull": "AK HUSL", "NameFull": "Alaska Huslia-Hughes", "ZoneNum": 17, "AbrvPart": "HUSL", "NamePart": "Huslia-Hughes", "ZoneType": "Multizone partial", "StateAbrv": "AK", "StateName": "Alaska", "ProjAbrv": "OMC", "ProjType": "Hotine Oblique Mercator, center", "LatOrigin": "66°03'N", "LonOriginE": "206°12'E", "LonOriginW": "153°48'W", "Lat0_deg": 66.05, "Lon0_E_deg": 206.2, "Lon0_W_deg": -153.8, "ProjScale": 1.000012, "SkewAz_deg": 64, "FalseN_m": 190500.0, "FalseE_m": 800100.0, "FalseN_ift": 625000.0, "FalseE_ift": 2625000.0, "DesignBy": "State", "Ref_frame": "NATRF2022" }, "geometry": { "type": "Polygon", "coordinates": [ [ [ -151.09997, 66.6 ], [ -153.09997, 66.7 ], [ -156.99997, 66.15 ], [ -156.49997, 65.1 ], [ -156.14997, 64.9 ], [ -155.99997, 64.9 ], [ -154.29997, 65.35 ], [ -151.09997, 65.7 ], [ -151.09997, 66.6 ] ] ] } },
{ "type": "Feature", "properties": { "fid": 29, "ZoneCode": "022018", "AbrvFull": "AK KANE", "NameFull": "Alaska Kanektok", "ZoneNum": 18, "AbrvPart": "KANE", "NamePart": "Kanektok", "ZoneType": "Multizone partial", "StateAbrv": "AK", "StateName": "Alaska", "ProjAbrv": "OMC", "ProjType": "Hotine Oblique Mercator, center", "LatOrigin": "61°54'N", "LonOriginE": "198°33'E", "LonOriginW": "161°27'W", "Lat0_deg": 61.9, "Lon0_E_deg": 198.55, "Lon0_W_deg": -161.45, "ProjScale": 0.999978, "SkewAz_deg": -6, "FalseN_m": 457200.0, "FalseE_m": 685800.0, "FalseN_ift": 1500000.0, "FalseE_ift": 2250000.0, "DesignBy": "State", "Ref_frame": "NATRF2022" }, "geometry": { "type": "MultiPolygon", "coordinates": [ [ [ [ -160.32322, 58.77506 ], [ -160.36762, 58.7941 ], [ -160.41602, 58.79845 ], [ -160.4522, 58.79186 ], [ -160.49035, 58.77363 ], [ -160.52576, 58.73024 ], [ -160.5254, 58.70857 ], [ -160.53747, 58.70027 ], [ -160.5443, 58.67433 ], [ -160.52872, 58.65417 ], [ -160.47532, 58.62719 ], [ -160.43308, 58.62225 ], [ -160.3876, 58.62765 ], [ -160.41427, 58.58694 ], [ -160.39684, 58.55392 ], [ -160.3676, 58.54199 ], [ -160.33358, 58.53568 ], [ -160.30101, 58.53576 ], [ -160.25874, 58.54457 ], [ -160.22557, 58.56554 ], [ -160.21214, 58.59505 ], [ -160.1798, 58.61002 ], [ -160.15406, 58.63711 ], [ -160.15271, 58.6582 ], [ -160.12252, 58.67283 ], [ -160.09695, 58.69729 ], [ -160.10189, 58.72481 ], [ -160.1376, 58.7489 ], [ -160.18765, 58.75629 ], [ -160.21406, 58.75548 ], [ -160.23768, 58.76605 ], [ -160.28237, 58.77497 ], [ -160.32322, 58.77506 ] ] ], [ [ [ -159.19998, 59.7 ], [ -159.19998, 60.6 ], [ -159.69998, 61.3 ], [ -162.44983, 59.88462 ], [ -162.44164, 59.84408 ], [ -162.41136, 59.82326 ], [ -162.36432, 59.81087 ], [ -162.29764, 59.81174 ], [ -162.2573, 59.80619 ], [ -162.19441, 59.81219 ], [ -162.18663, 59.81891 ], [ -162.16063, 59.7998 ], [ -162.13848, 59.77239 ], [ -162.10683, 59.75421 ], [ -162.09822, 59.73371 ], [ -162.0683, 59.71643 ], [ -162.06485, 59.70003 ], [ -162.04258, 59.67073 ], [ -162.01268, 59.64565 ], [ -162.00303, 59.64466 ], [ -161.87124, 59.52479 ], [ -161.89476, 59.50757 ], [ -161.91443, 59.46929 ], [ -161.95851, 59.44781 ], [ -162.014, 59.43214 ], [ -162.05359, 59.40899 ], [ -162.0613, 59.39796 ], [ -162.06473, 59.36003 ], [ -162.11154, 59.33293 ], [ -162.13209, 59.3062 ], [ -162.16658, 59.27508 ], [ -162.17098, 59.24757 ], [ -162.16379, 59.22446 ], [ -162.10218, 59.12875 ], [ -162.0468, 59.07909 ], [ -162.00765, 59.05529 ], [ -162.00111, 59.07023 ], [ -161.95332, 59.03271 ], [ -161.90245, 58.9776 ], [ -161.88174, 58.94415 ], [ -161.88808, 58.89773 ], [ -161.88177, 58.85751 ], [ -161.8575, 58.83044 ], [ -161.85118, 58.80799 ], [ -161.88914, 58.7843 ], [ -161.89782, 58.76205 ], [ -161.92296, 58.75456 ], [ -161.94914, 58.72433 ], [ -162.02079, 58.72633 ], [ -162.03798, 58.7221 ], [ -162.09102, 58.72274 ], [ -162.12846, 58.71307 ], [ -162.1685, 58.71028 ], [ -162.2154, 58.69503 ], [ -162.22625, 58.68555 ], [ -162.26896, 58.66756 ], [ -162.28071, 58.6463 ], [ -162.27039, 58.62213 ], [ -162.23026, 58.59855 ], [ -162.19896, 58.58998 ], [ -162.17172, 58.58995 ], [ -162.13219, 58.57138 ], [ -162.08174, 58.5649 ], [ -162.04305, 58.56833 ], [ -161.99859, 58.56108 ], [ -161.97152, 58.56774 ], [ -161.93015, 58.56627 ], [ -161.90902, 58.57274 ], [ -161.86362, 58.56873 ], [ -161.86427, 58.54585 ], [ -161.85502, 58.53217 ], [ -161.81755, 58.50573 ], [ -161.74922, 58.49602 ], [ -161.64023, 58.50233 ], [ -161.58696, 58.51842 ], [ -161.57148, 58.54376 ], [ -161.52133, 58.55165 ], [ -161.48984, 58.5619 ], [ -161.45781, 58.58597 ], [ -161.41834, 58.59599 ], [ -161.35343, 58.60359 ], [ -161.29979, 58.61808 ], [ -161.23396, 58.64346 ], [ -161.17701, 58.60707 ], [ -161.18675, 58.5733 ], [ -161.17732, 58.54257 ], [ -161.1589, 58.51239 ], [ -161.09577, 58.49003 ], [ -161.06751, 58.48981 ], [ -161.01557, 58.50306 ], [ -160.9648, 58.49569 ], [ -160.93341, 58.49611 ], [ -160.87413, 58.51007 ], [ -160.84307, 58.52435 ], [ -160.80175, 58.55143 ], [ -160.78725, 58.58157 ], [ -160.70001, 58.67208 ], [ -160.68912, 58.69027 ], [ -160.62656, 58.76081 ], [ -160.60161, 58.79333 ], [ -160.59348, 58.82173 ], [ -160.60869, 58.84362 ], [ -160.34306, 58.88054 ], [ -160.32691, 58.85842 ], [ -160.33366, 58.84832 ], [ -160.29758, 58.79915 ], [ -160.23398, 58.77396 ], [ -160.20874, 58.77012 ], [ -160.15074, 58.772 ], [ -160.11299, 58.78662 ], [ -160.08913, 58.80631 ], [ -160.02897, 58.76456 ], [ -159.19998, 59.7 ] ] ] ] } },
{ "type": "Feature", "properties": { "fid": 30, "ZoneCode": "022019", "AbrvFull": "AK KING", "NameFull": "Alaska King Salmon-Pedro Bay", "ZoneNum": 19, "AbrvPart": "KING", "NamePart": "King Salmon-Pedro Bay", "ZoneType": "Multizone partial", "StateAbrv": "AK", "StateName": "Alaska", "ProjAbrv": "OMC", "ProjType": "Hotine Oblique Mercator, center", "LatOrigin": "59°09'N", "LonOriginE": "203°57'E", "LonOriginW": "156°03'W", "Lat0_deg": 59.15, "Lon0_E_deg": 203.95, "Lon0_W_deg": -156.05, "ProjScale": 0.999998, "SkewAz_deg": 49, "FalseN_m": 228600.0, "FalseE_m": 762000.0, "FalseN_ift": 750000.0, "FalseE_ift": 2500000.0, "DesignBy": "State", "Ref_frame": "NATRF2022" }, "geometry": { "type": "Polygon", "coordinates": [ [ [ -152.39998, 60.25 ], [ -152.94998, 60.55 ], [ -153.19998, 60.9 ], [ -154.99998, 60.4 ], [ -158.60964, 58.53651 ], [ -158.60521, 58.45559 ], [ -158.21301, 58.54261 ], [ -158.14785, 58.54378 ], [ -158.0698, 58.49032 ], [ -158.75453, 57.25126 ], [ -155.49998, 58.8 ], [ -154.29998, 59.3 ], [ -152.99998, 59.65 ], [ -152.59998, 59.9 ], [ -152.39998, 60.25 ] ] ] } },
{ "type": "Feature", "properties": { "fid": 31, "ZoneCode": "022020", "AbrvFull": "AK KOTZ", "NameFull": "Alaska Kotzebue-Point Hope", "ZoneNum": 20, "AbrvPart": "KOTZ", "NamePart": "Kotzebue-Point Hope", "ZoneType": "Multizone partial", "StateAbrv": "AK", "StateName": "Alaska", "ProjAbrv": "OMC", "ProjType": "Hotine Oblique Mercator, center", "LatOrigin": "67°03'N", "LonOriginE": "197°51'E", "LonOriginW": "162°09'W", "Lat0_deg": 67.05, "Lon0_E_deg": 197.85, "Lon0_W_deg": -162.15, "ProjScale": 0.99999899999999997, "SkewAz_deg": -50, "FalseN_m": 342900.0, "FalseE_m": 838200.0, "FalseN_ift": 1125000.0, "FalseE_ift": 2750000.0, "DesignBy": "State", "Ref_frame": "NATRF2022" }, "geometry": { "type": "Polygon", "coordinates": [ [ [ -160.54997, 67.0 ], [ -162.69997, 67.8 ], [ -162.69997, 68.35 ], [ -166.36609, 68.86888 ], [ -166.32728, 68.78176 ], [ -166.34125, 68.71306 ], [ -166.33327, 68.69614 ], [ -166.37121, 68.65131 ], [ -166.36144, 68.63459 ], [ -166.36763, 68.575 ], [ -166.43489, 68.53065 ], [ -166.4439, 68.47849 ], [ -166.45781, 68.46614 ], [ -166.50284, 68.45611 ], [ -166.84995, 68.40165 ], [ -166.91288, 68.38533 ], [ -166.97154, 68.35606 ], [ -166.97208, 68.32245 ], [ -166.94201, 68.3026 ], [ -166.86056, 68.28748 ], [ -166.7596, 68.29457 ], [ -166.65195, 68.28832 ], [ -166.47138, 68.26473 ], [ -166.36475, 68.24427 ], [ -166.28527, 68.22437 ], [ -166.17751, 68.18503 ], [ -166.12922, 68.15463 ], [ -166.09589, 68.11827 ], [ -166.03388, 68.09182 ], [ -165.96601, 68.0725 ], [ -165.86942, 68.05509 ], [ -165.68435, 68.03473 ], [ -165.59602, 68.03473 ], [ -165.54532, 68.02894 ], [ -165.49942, 68.01879 ], [ -164.66489, 67.69822 ], [ -164.65519, 67.69245 ], [ -164.54898, 67.662 ], [ -164.39531, 67.62061 ], [ -164.28124, 67.59167 ], [ -164.23028, 67.57506 ], [ -164.1754, 67.5476 ], [ -164.11663, 67.49997 ], [ -164.00448, 67.39781 ], [ -163.90562, 67.25344 ], [ -163.8825, 67.21498 ], [ -163.96243, 67.1967 ], [ -164.00269, 67.17256 ], [ -163.9912, 67.14789 ], [ -163.91136, 67.1047 ], [ -163.7815, 67.06976 ], [ -163.61765, 67.04874 ], [ -163.48768, 67.03867 ], [ -163.40433, 67.02976 ], [ -163.3405, 67.02592 ], [ -163.14987, 67.0 ], [ -163.12987, 66.99484 ], [ -163.04944, 66.98661 ], [ -162.87682, 66.94783 ], [ -162.832, 66.92682 ], [ -162.89306, 66.89975 ], [ -162.97839, 66.87096 ], [ -163.10799, 66.81979 ], [ -162.39997, 66.65 ], [ -160.99997, 66.25 ], [ -160.19997, 65.45 ], [ -159.79997, 65.4 ], [ -159.19997, 64.85 ], [ -157.99997, 64.85 ], [ -156.99997, 64.55 ], [ -155.99997, 64.7 ], [ -155.99997, 64.83 ], [ -155.99997, 64.9 ], [ -156.14997, 64.9 ], [ -156.49997, 65.1 ], [ -156.99997, 66.15 ], [ -160.54997, 67.0 ] ] ] } },
{ "type": "Feature", "properties": { "fid": 32, "ZoneCode": "022021", "AbrvFull": "AK KUSK", "NameFull": "Alaska Kuskokwim", "ZoneNum": 21, "AbrvPart": "KUSK", "NamePart": "Kuskokwim", "ZoneType": "Multizone partial", "StateAbrv": "AK", "StateName": "Alaska", "ProjAbrv": "OMC", "ProjType": "Hotine Oblique Mercator, center", "LatOrigin": "62°15'N", "LonOriginE": "200°45'E", "LonOriginW": "159°15'W", "Lat0_deg": 62.25, "Lon0_E_deg": 200.75, "Lon0_W_deg": -159.25, "ProjScale": 0.999995, "SkewAz_deg": 44, "FalseN_m": 342900.0, "FalseE_m": 952500.0, "FalseN_ift": 1125000.0, "FalseE_ift": 3125000.0, "DesignBy": "State", "Ref_frame": "NATRF2022" }, "geometry": { "type": "Polygon", "coordinates": [ [ [ -153.74997, 63.8 ], [ -153.74997, 64.15 ], [ -155.89997, 64.1 ], [ -156.39997, 64.1 ], [ -157.69997, 63.65 ], [ -161.79998, 61.75 ], [ -164.62426, 60.1646 ], [ -164.59736, 60.15824 ], [ -164.57472, 60.13301 ], [ -164.52143, 60.09197 ], [ -164.4882, 60.05497 ], [ -164.44571, 60.03051 ], [ -164.39005, 60.01086 ], [ -164.34281, 60.00293 ], [ -164.36431, 59.99923 ], [ -164.42025, 59.9781 ], [ -164.44964, 59.95334 ], [ -164.42078, 59.90698 ], [ -164.41567, 59.88487 ], [ -164.34652, 59.84836 ], [ -164.33665, 59.82961 ], [ -164.31313, 59.80629 ], [ -164.2746, 59.77831 ], [ -164.23094, 59.75307 ], [ -164.15082, 59.72238 ], [ -164.12477, 59.71628 ], [ -164.11105, 59.69408 ], [ -164.08075, 59.67052 ], [ -164.01328, 59.63776 ], [ -163.97622, 59.63433 ], [ -163.91969, 59.64047 ], [ -163.84705, 59.61793 ], [ -163.81193, 59.62084 ], [ -163.76094, 59.63972 ], [ -163.73993, 59.66865 ], [ -163.74888, 59.68643 ], [ -163.78777, 59.7092 ], [ -163.81365, 59.71695 ], [ -163.8473, 59.71845 ], [ -163.89687, 59.71465 ], [ -163.95284, 59.73592 ], [ -163.96598, 59.74712 ], [ -163.99972, 59.75497 ], [ -163.98237, 59.76147 ], [ -163.78435, 59.74057 ], [ -163.6474, 59.74361 ], [ -163.58199, 59.75164 ], [ -163.4285, 59.76087 ], [ -163.33001, 59.76967 ], [ -163.22778, 59.78585 ], [ -163.14584, 59.79564 ], [ -163.10564, 59.77824 ], [ -163.02556, 59.76754 ], [ -162.97476, 59.77283 ], [ -162.9472, 59.76829 ], [ -162.86864, 59.78038 ], [ -162.82607, 59.80066 ], [ -162.81586, 59.81283 ], [ -162.81803, 59.84028 ], [ -162.76252, 59.85746 ], [ -162.70754, 59.88018 ], [ -162.69835, 59.89182 ], [ -162.60639, 59.8883 ], [ -162.56262, 59.89683 ], [ -162.44983, 59.88462 ], [ -159.69998, 61.3 ], [ -156.89997, 62.4 ], [ -155.59997, 63.3 ], [ -153.74997, 63.6 ], [ -153.74997, 63.8 ] ] ] } },
{ "type": "Feature", "properties": { "fid": 33, "ZoneCode": "022022", "AbrvFull": "AK LYUK", "NameFull": "Alaska Lower Yukon-Nunivak Island", "ZoneNum": 22, "AbrvPart": "LYUK", "NamePart": "Lower Yukon-Nunivak Island", "ZoneType": "Multizone partial", "StateAbrv": "AK", "StateName": "Alaska", "ProjAbrv": "OMC", "ProjType": "Hotine Oblique Mercator, center", "LatOrigin": "62°39'N", "LonOriginE": "198°39'E", "LonOriginW": "161°21'W", "Lat0_deg": 62.65, "Lon0_E_deg": 198.65, "Lon0_W_deg": -161.35, "ProjScale": 0.999998, "SkewAz_deg": 44, "FalseN_m": 342900.0, "FalseE_m": 990600.0, "FalseN_ift": 1125000.0, "FalseE_ift": 3250000.0, "DesignBy": "State", "Ref_frame": "NATRF2022" }, "geometry": { "type": "MultiPolygon", "coordinates": [ [ [ [ -166.00578, 60.41958 ], [ -166.03067, 60.43894 ], [ -166.05417, 60.46949 ], [ -166.08486, 60.48594 ], [ -166.15241, 60.51075 ], [ -166.20857, 60.50519 ], [ -166.2493, 60.49113 ], [ -166.27091, 60.47862 ], [ -166.27631, 60.45162 ], [ -166.29761, 60.44743 ], [ -166.3498, 60.41775 ], [ -166.40285, 60.4262 ], [ -166.4436, 60.44449 ], [ -166.47798, 60.44876 ], [ -166.52882, 60.44427 ], [ -166.57017, 60.42292 ], [ -166.6201, 60.41295 ], [ -166.66629, 60.38579 ], [ -166.73931, 60.38786 ], [ -166.80049, 60.36277 ], [ -166.81258, 60.35059 ], [ -166.84466, 60.34503 ], [ -166.87339, 60.33121 ], [ -166.88593, 60.31756 ], [ -166.92973, 60.2955 ], [ -166.94376, 60.27811 ], [ -166.96795, 60.27751 ], [ -167.01804, 60.26624 ], [ -167.06992, 60.28475 ], [ -167.12052, 60.29123 ], [ -167.15344, 60.28243 ], [ -167.22593, 60.28798 ], [ -167.25508, 60.28382 ], [ -167.30981, 60.29072 ], [ -167.3367, 60.28743 ], [ -167.37109, 60.27569 ], [ -167.41176, 60.2716 ], [ -167.43768, 60.26285 ], [ -167.50805, 60.26311 ], [ -167.55078, 60.24056 ], [ -167.56027, 60.20596 ], [ -167.53633, 60.17825 ], [ -167.49241, 60.15203 ], [ -167.47322, 60.14891 ], [ -167.46456, 60.12466 ], [ -167.43643, 60.10876 ], [ -167.44295, 60.09546 ], [ -167.44075, 60.05647 ], [ -167.41797, 60.03417 ], [ -167.38556, 60.02121 ], [ -167.32413, 60.01846 ], [ -167.29338, 59.99919 ], [ -167.22271, 59.99386 ], [ -167.13782, 59.94404 ], [ -167.10289, 59.93695 ], [ -167.04202, 59.93576 ], [ -166.9406, 59.91191 ], [ -166.90459, 59.89805 ], [ -166.85083, 59.87106 ], [ -166.82888, 59.85233 ], [ -166.78649, 59.84266 ], [ -166.73676, 59.8383 ], [ -166.65432, 59.8024 ], [ -166.6261, 59.79706 ], [ -166.5642, 59.79611 ], [ -166.50794, 59.79875 ], [ -166.46169, 59.79594 ], [ -166.42965, 59.80164 ], [ -166.36637, 59.77966 ], [ -166.32183, 59.77314 ], [ -166.30056, 59.76008 ], [ -166.27385, 59.73385 ], [ -166.24209, 59.7171 ], [ -166.19659, 59.70339 ], [ -166.0997, 59.69405 ], [ -166.05787, 59.69554 ], [ -166.01243, 59.70539 ], [ -165.9648, 59.72297 ], [ -165.82484, 59.80675 ], [ -165.77325, 59.82047 ], [ -165.739, 59.84135 ], [ -165.69901, 59.83508 ], [ -165.6578, 59.83627 ], [ -165.62524, 59.84641 ], [ -165.56036, 59.85287 ], [ -165.49545, 59.87019 ], [ -165.46088, 59.89501 ], [ -165.43911, 59.93604 ], [ -165.41198, 59.95415 ], [ -165.40244, 59.97045 ], [ -165.45186, 59.99042 ], [ -165.46234, 60.00959 ], [ -165.49747, 60.02789 ], [ -165.53934, 60.03498 ], [ -165.57315, 60.07507 ], [ -165.55744, 60.0992 ], [ -165.55965, 60.13334 ], [ -165.57713, 60.15079 ], [ -165.58848, 60.17888 ], [ -165.57035, 60.19786 ], [ -165.56658, 60.21565 ], [ -165.58828, 60.24142 ], [ -165.57069, 60.25896 ], [ -165.57435, 60.2733 ], [ -165.5615, 60.30173 ], [ -165.57449, 60.3212 ], [ -165.60017, 60.33893 ], [ -165.64946, 60.34883 ], [ -165.65391, 60.37176 ], [ -165.69305, 60.39315 ], [ -165.73844, 60.40561 ], [ -165.78244, 60.40488 ], [ -165.82842, 60.39005 ], [ -165.84771, 60.39858 ], [ -165.89936, 60.40321 ], [ -165.94947, 60.39378 ], [ -165.98134, 60.37409 ], [ -166.00951, 60.38771 ], [ -165.99829, 60.4004 ], [ -166.00578, 60.41958 ] ] ], [ [ [ -155.99997, 64.7 ], [ -156.99997, 64.55 ], [ -157.99997, 64.85 ], [ -158.59997, 64.05 ], [ -159.29997, 64.05 ], [ -159.59997, 63.7 ], [ -163.49998, 62.3 ], [ -165.74331, 61.12513 ], [ -165.71683, 61.09646 ], [ -165.66363, 61.05781 ], [ -165.60674, 61.04002 ], [ -165.53876, 61.02678 ], [ -165.41665, 61.01248 ], [ -165.34658, 61.01545 ], [ -165.29013, 61.03406 ], [ -165.25835, 61.05065 ], [ -165.23653, 61.05009 ], [ -165.26178, 61.02152 ], [ -165.30111, 60.99025 ], [ -165.30213, 60.96644 ], [ -165.27432, 60.94637 ], [ -165.263, 60.92314 ], [ -165.22346, 60.89645 ], [ -165.1705, 60.87693 ], [ -165.17747, 60.84797 ], [ -165.15748, 60.8293 ], [ -165.17615, 60.79633 ], [ -165.14095, 60.76619 ], [ -165.13916, 60.75012 ], [ -165.12335, 60.73663 ], [ -165.14673, 60.72546 ], [ -165.16422, 60.70768 ], [ -165.22203, 60.69538 ], [ -165.24588, 60.67501 ], [ -165.29135, 60.66555 ], [ -165.34017, 60.63827 ], [ -165.41067, 60.63218 ], [ -165.44556, 60.62353 ], [ -165.51824, 60.56602 ], [ -165.52037, 60.55197 ], [ -165.50143, 60.52618 ], [ -165.4482, 60.495 ], [ -165.42651, 60.47439 ], [ -165.3875, 60.45951 ], [ -165.33355, 60.45927 ], [ -165.28821, 60.44265 ], [ -165.23953, 60.44323 ], [ -165.23539, 60.42515 ], [ -165.17676, 60.38125 ], [ -165.09864, 60.33471 ], [ -165.00169, 60.29382 ], [ -164.97189, 60.27702 ], [ -164.85111, 60.24899 ], [ -164.74879, 60.24032 ], [ -164.7111, 60.20794 ], [ -164.65857, 60.17554 ], [ -164.62426, 60.1646 ], [ -161.79998, 61.75 ], [ -157.69997, 63.65 ], [ -156.39997, 64.1 ], [ -155.89997, 64.1 ], [ -155.99997, 64.7 ] ] ] ] } },
{ "type": "Feature", "properties": { "fid": 34, "ZoneCode": "022023", "AbrvFull": "AK NOME", "NameFull": "Alaska Nome-Kaltag", "ZoneNum": 23, "AbrvPart": "NOME", "NamePart": "Nome-Kaltag", "ZoneType": "Multizone partial", "StateAbrv": "AK", "StateName": "Alaska", "ProjAbrv": "OMC", "ProjType": "Hotine Oblique Mercator, center", "LatOrigin": "64°48'N", "LonOriginE": "197°24'E", "LonOriginW": "162°36'W", "Lat0_deg": 64.8, "Lon0_E_deg": 197.4, "Lon0_W_deg": -162.6, "ProjScale": 0.999987, "SkewAz_deg": -84, "FalseN_m": 152400.0, "FalseE_m": 838200.0, "FalseN_ift": 500000.0, "FalseE_ift": 2750000.0, "DesignBy": "State", "Ref_frame": "NATRF2022" }, "geometry": { "type": "MultiPolygon", "coordinates": [ [ [ [ -161.25225, 64.06597 ], [ -161.22172, 64.0753 ], [ -161.18446, 64.10616 ], [ -161.17664, 64.14686 ], [ -161.19699, 64.16398 ], [ -161.22352, 64.17644 ], [ -161.31034, 64.18937 ], [ -161.35569, 64.18378 ], [ -161.42017, 64.15842 ], [ -161.43689, 64.13356 ], [ -161.43239, 64.10534 ], [ -161.41441, 64.08677 ], [ -161.37315, 64.06975 ], [ -161.30601, 64.06197 ], [ -161.25225, 64.06597 ] ] ], [ [ [ -168.03701, 64.90929 ], [ -167.97612, 64.92288 ], [ -167.95307, 64.933 ], [ -167.9138, 64.96995 ], [ -167.92427, 65.00273 ], [ -167.95305, 65.02348 ], [ -168.00485, 65.0389 ], [ -168.07608, 65.04329 ], [ -168.15614, 65.02918 ], [ -168.20788, 65.0033 ], [ -168.21394, 64.98432 ], [ -168.21009, 64.95138 ], [ -168.18701, 64.93491 ], [ -168.13701, 64.91844 ], [ -168.09085, 64.91112 ], [ -168.03701, 64.90929 ] ] ], [ [ [ -157.99997, 64.85 ], [ -159.19997, 64.85 ], [ -159.79997, 65.4 ], [ -160.19997, 65.45 ], [ -163.79997, 65.6 ], [ -167.89684, 65.47669 ], [ -167.83085, 65.46584 ], [ -167.75668, 65.44723 ], [ -167.66466, 65.40538 ], [ -167.60636, 65.38563 ], [ -167.48856, 65.36042 ], [ -167.40086, 65.34727 ], [ -167.27215, 65.33816 ], [ -167.19127, 65.33763 ], [ -167.0703, 65.3275 ], [ -166.9489, 65.30791 ], [ -166.97751, 65.29764 ], [ -167.0085, 65.27666 ], [ -167.03922, 65.2434 ], [ -167.07241, 65.19979 ], [ -167.08431, 65.1557 ], [ -167.07296, 65.13839 ], [ -167.0409, 65.10925 ], [ -166.97894, 65.06941 ], [ -166.87813, 65.02995 ], [ -166.82444, 65.01746 ], [ -166.82897, 64.99932 ], [ -166.78325, 64.97972 ], [ -166.76188, 64.9635 ], [ -166.58916, 64.9083 ], [ -166.52266, 64.87111 ], [ -166.51718, 64.85739 ], [ -166.57018, 64.83342 ], [ -166.58672, 64.80147 ], [ -166.57754, 64.778 ], [ -166.59014, 64.73895 ], [ -166.50782, 64.63138 ], [ -166.49123, 64.61896 ], [ -166.44009, 64.60326 ], [ -166.352, 64.56814 ], [ -166.28136, 64.54496 ], [ -166.33088, 64.52586 ], [ -166.35385, 64.50645 ], [ -166.35111, 64.47789 ], [ -166.3145, 64.45436 ], [ -166.27193, 64.43778 ], [ -166.21231, 64.42986 ], [ -166.15384, 64.43298 ], [ -166.13351, 64.43822 ], [ -166.09567, 64.45981 ], [ -166.07085, 64.49016 ], [ -166.07776, 64.52046 ], [ -165.94685, 64.50426 ], [ -165.85019, 64.49388 ], [ -165.68065, 64.48364 ], [ -165.47684, 64.45769 ], [ -165.46074, 64.45774 ], [ -165.33589, 64.44442 ], [ -165.17659, 64.41311 ], [ -165.03218, 64.38799 ], [ -164.90889, 64.39361 ], [ -164.8042, 64.40106 ], [ -164.75478, 64.40783 ], [ -164.61976, 64.44441 ], [ -164.46511, 64.48387 ], [ -164.35533, 64.50845 ], [ -164.26629, 64.51834 ], [ -164.18088, 64.51957 ], [ -163.97619, 64.50832 ], [ -163.85074, 64.5194 ], [ -163.81404, 64.53119 ], [ -163.75036, 64.51964 ], [ -163.65692, 64.52194 ], [ -163.6123, 64.51792 ], [ -163.53615, 64.50358 ], [ -163.4577, 64.48211 ], [ -163.43183, 64.46665 ], [ -163.36373, 64.44565 ], [ -163.34966, 64.43767 ], [ -163.32331, 64.40787 ], [ -163.24191, 64.36075 ], [ -163.21535, 64.35328 ], [ -163.16577, 64.34987 ], [ -162.84213, 64.28317 ], [ -162.79578, 64.27568 ], [ -162.72804, 64.28747 ], [ -162.68495, 64.30436 ], [ -162.63272, 64.33193 ], [ -162.59474, 64.33844 ], [ -162.55789, 64.3558 ], [ -162.51785, 64.38491 ], [ -162.49196, 64.44039 ], [ -162.48666, 64.4709 ], [ -162.47196, 64.48685 ], [ -162.44186, 64.50412 ], [ -162.31346, 64.54279 ], [ -162.23738, 64.52436 ], [ -162.02791, 64.46132 ], [ -162.0021, 64.45879 ], [ -161.76744, 64.38888 ], [ -161.66634, 64.36047 ], [ -161.59081, 64.33554 ], [ -161.55463, 64.32874 ], [ -161.49341, 64.32838 ], [ -161.44315, 64.34009 ], [ -161.41387, 64.35859 ], [ -161.32677, 64.33402 ], [ -161.2534, 64.29887 ], [ -161.17909, 64.258 ], [ -161.07538, 64.20666 ], [ -161.07645, 64.12747 ], [ -161.06232, 64.11339 ], [ -161.07057, 64.08498 ], [ -161.05779, 64.05 ], [ -159.29997, 64.05 ], [ -158.59997, 64.05 ], [ -157.99997, 64.85 ] ] ] ] } },
{ "type": "Feature", "properties": { "fid": 35, "ZoneCode": "022024", "AbrvFull": "AK NBRK", "NameFull": "Alaska North Brooks Range", "ZoneNum": 24, "AbrvPart": "NBRK", "NamePart": "North Brooks Range", "ZoneType": "Multizone partial", "StateAbrv": "AK", "StateName": "Alaska", "ProjAbrv": "LC1", "ProjType": "Lambert Conformal Conic, one parallel", "LatOrigin": "69°00'N", "LonOriginE": "204°39'E", "LonOriginW": "155°21'W", "Lat0_deg": 69.0, "Lon0_E_deg": 204.65, "Lon0_W_deg": -155.35, "ProjScale": 1.00006, "SkewAz_deg": -9999, "FalseN_m": 152400.0, "FalseE_m": 838200.0, "FalseN_ift": 500000.0, "FalseE_ift": 2750000.0, "DesignBy": "State", "Ref_frame": "NATRF2022" }, "geometry": { "type": "Polygon", "coordinates": [ [ [ -149.39997, 69.15 ], [ -151.59997, 69.25 ], [ -161.19997, 69.15 ], [ -160.84997, 68.8 ], [ -159.29997, 68.8 ], [ -156.69997, 68.45 ], [ -152.19997, 68.4 ], [ -151.49997, 68.2 ], [ -149.89997, 68.2 ], [ -149.39997, 69.15 ] ] ] } },
{ "type": "Feature", "properties": { "fid": 36, "ZoneCode": "022025", "AbrvFull": "AK NRTN", "NameFull": "Alaska Norton Sound South", "ZoneNum": 25, "AbrvPart": "NRTN", "NamePart": "Norton Sound South", "ZoneType": "Multizone partial", "StateAbrv": "AK", "StateName": "Alaska", "ProjAbrv": "OMC", "ProjType": "Hotine Oblique Mercator, center", "LatOrigin": "63°18'N", "LonOriginE": "197°12'E", "LonOriginW": "162°48'W", "Lat0_deg": 63.3, "Lon0_E_deg": 197.2, "Lon0_W_deg": -162.8, "ProjScale": 0.99999899999999997, "SkewAz_deg": 44, "FalseN_m": 304800.0, "FalseE_m": 800100.0, "FalseN_ift": 1000000.0, "FalseE_ift": 2625000.0, "DesignBy": "State", "Ref_frame": "NATRF2022" }, "geometry": { "type": "MultiPolygon", "coordinates": [ [ [ [ -161.69636, 63.64899 ], [ -161.75847, 63.65452 ], [ -161.8145, 63.64667 ], [ -161.85582, 63.62164 ], [ -161.857, 63.58799 ], [ -161.83919, 63.57036 ], [ -161.78444, 63.55379 ], [ -161.72102, 63.55374 ], [ -161.6752, 63.56634 ], [ -161.64151, 63.5885 ], [ -161.63955, 63.61775 ], [ -161.66112, 63.63539 ], [ -161.69636, 63.64899 ] ] ], [ [ [ -165.74331, 61.12513 ], [ -163.49998, 62.3 ], [ -159.59997, 63.7 ], [ -159.29997, 64.05 ], [ -161.05779, 64.05 ], [ -161.04563, 64.02247 ], [ -161.01846, 63.99856 ], [ -161.00925, 63.97928 ], [ -160.94462, 63.92154 ], [ -160.9201, 63.85975 ], [ -160.88002, 63.81218 ], [ -160.87695, 63.79688 ], [ -160.88617, 63.7714 ], [ -160.99678, 63.68959 ], [ -161.02418, 63.6718 ], [ -161.09804, 63.65614 ], [ -161.13995, 63.62523 ], [ -161.14252, 63.60418 ], [ -161.20205, 63.58737 ], [ -161.22497, 63.56446 ], [ -161.24867, 63.55212 ], [ -161.27006, 63.53019 ], [ -161.31433, 63.51923 ], [ -161.42431, 63.5161 ], [ -161.51193, 63.51975 ], [ -161.60309, 63.50416 ], [ -161.66015, 63.51439 ], [ -161.71887, 63.51157 ], [ -161.74592, 63.50333 ], [ -161.84038, 63.49329 ], [ -161.89619, 63.50822 ], [ -161.92491, 63.53639 ], [ -161.95693, 63.55721 ], [ -162.08857, 63.57647 ], [ -162.17229, 63.58704 ], [ -162.22272, 63.59692 ], [ -162.22536, 63.60956 ], [ -162.24991, 63.62836 ], [ -162.25459, 63.64647 ], [ -162.30433, 63.67203 ], [ -162.3388, 63.67526 ], [ -162.39433, 63.68831 ], [ -162.45293, 63.68909 ], [ -162.48102, 63.68501 ], [ -162.51449, 63.69304 ], [ -162.58429, 63.6914 ], [ -162.6913, 63.66773 ], [ -162.78614, 63.62407 ], [ -162.81601, 63.60337 ], [ -162.82642, 63.57636 ], [ -162.77287, 63.52975 ], [ -162.71109, 63.50873 ], [ -162.67981, 63.49163 ], [ -162.61072, 63.48303 ], [ -162.57969, 63.48679 ], [ -162.55253, 63.4826 ], [ -162.46829, 63.49426 ], [ -162.43775, 63.492 ], [ -162.70026, 63.29118 ], [ -162.73949, 63.26893 ], [ -162.80642, 63.266 ], [ -162.87084, 63.25356 ], [ -162.91688, 63.2308 ], [ -162.93767, 63.21511 ], [ -162.9581, 63.17679 ], [ -162.97783, 63.16593 ], [ -163.02615, 63.15347 ], [ -163.11868, 63.10156 ], [ -163.25245, 63.09246 ], [ -163.34979, 63.12369 ], [ -163.45514, 63.17496 ], [ -163.47756, 63.18235 ], [ -163.58468, 63.20581 ], [ -163.61338, 63.22868 ], [ -163.65808, 63.24972 ], [ -163.73732, 63.2662 ], [ -163.77182, 63.27623 ], [ -163.8236, 63.28384 ], [ -163.8706, 63.28423 ], [ -163.93292, 63.30018 ], [ -164.01574, 63.31396 ], [ -164.05123, 63.31736 ], [ -164.12888, 63.31531 ], [ -164.25002, 63.30346 ], [ -164.39544, 63.2799 ], [ -164.49565, 63.25116 ], [ -164.60926, 63.19953 ], [ -164.7468, 63.1104 ], [ -164.74378, 63.09323 ], [ -164.83029, 63.08225 ], [ -164.88019, 63.06545 ], [ -164.90671, 63.0449 ], [ -164.89294, 63.01915 ], [ -164.91059, 63.00516 ], [ -164.90702, 62.9842 ], [ -164.8966, 62.97951 ], [ -164.90291, 62.957 ], [ -164.89551, 62.94864 ], [ -164.91797, 62.92825 ], [ -164.91586, 62.90261 ], [ -164.93925, 62.87752 ], [ -164.99651, 62.86659 ], [ -165.03374, 62.83661 ], [ -165.03812, 62.82065 ], [ -165.01499, 62.80041 ], [ -165.01687, 62.78444 ], [ -164.98668, 62.76074 ], [ -165.02186, 62.75622 ], [ -165.06299, 62.73398 ], [ -165.12598, 62.74052 ], [ -165.16522, 62.73594 ], [ -165.22186, 62.72247 ], [ -165.2473, 62.7099 ], [ -165.25899, 62.6922 ], [ -165.23928, 62.63409 ], [ -165.21307, 62.61443 ], [ -165.27695, 62.60922 ], [ -165.31158, 62.59547 ], [ -165.33866, 62.57604 ], [ -165.35075, 62.54779 ], [ -165.34618, 62.5267 ], [ -165.38359, 62.49697 ], [ -165.37956, 62.46961 ], [ -165.41871, 62.44043 ], [ -165.44885, 62.39103 ], [ -165.52586, 62.35344 ], [ -165.62125, 62.29179 ], [ -165.65936, 62.26425 ], [ -165.66888, 62.25081 ], [ -165.72159, 62.22262 ], [ -165.73954, 62.20486 ], [ -165.79245, 62.19033 ], [ -165.82057, 62.16623 ], [ -165.84857, 62.16094 ], [ -165.89257, 62.13816 ], [ -165.90179, 62.11928 ], [ -165.94836, 62.12468 ], [ -166.00574, 62.12345 ], [ -166.04919, 62.10803 ], [ -166.09619, 62.07346 ], [ -166.12603, 62.03873 ], [ -166.12979, 62.0253 ], [ -166.11829, 62.0097 ], [ -166.07592, 61.98305 ], [ -166.09483, 61.94666 ], [ -166.11249, 61.87315 ], [ -166.17174, 61.85217 ], [ -166.19774, 61.83428 ], [ -166.22971, 61.79833 ], [ -166.23753, 61.78057 ], [ -166.23792, 61.74087 ], [ -166.2621, 61.69327 ], [ -166.26022, 61.65873 ], [ -166.27991, 61.62201 ], [ -166.28859, 61.58081 ], [ -166.25407, 61.52226 ], [ -166.19447, 61.45987 ], [ -166.03128, 61.3953 ], [ -166.03257, 61.37844 ], [ -166.01753, 61.35197 ], [ -165.99861, 61.33552 ], [ -165.99036, 61.31644 ], [ -165.95349, 61.2941 ], [ -165.93994, 61.27588 ], [ -165.90325, 61.25695 ], [ -165.83754, 61.23872 ], [ -165.83373, 61.22703 ], [ -165.78686, 61.19812 ], [ -165.74331, 61.12513 ] ] ] ] } },
{ "type": "Feature", "properties": { "fid": 37, "ZoneCode": "022026", "AbrvFull": "AK NUSH", "NameFull": "Alaska Nushagak", "ZoneNum": 26, "AbrvPart": "NUSH", "NamePart": "Nushagak", "ZoneType": "Multizone partial", "StateAbrv": "AK", "StateName": "Alaska", "ProjAbrv": "OMC", "ProjType": "Hotine Oblique Mercator, center", "LatOrigin": "60°45'N", "LonOriginE": "204°36'E", "LonOriginW": "155°24'W", "Lat0_deg": 60.75, "Lon0_E_deg": 204.6, "Lon0_W_deg": -155.4, "ProjScale": 1.0, "SkewAz_deg": 44, "FalseN_m": 342900.0, "FalseE_m": 914400.0, "FalseN_ift": 1125000.0, "FalseE_ift": 3000000.0, "DesignBy": "State", "Ref_frame": "NATRF2022" }, "geometry": { "type": "MultiPolygon", "coordinates": [ [ [ [ -160.00851, 58.53469 ], [ -159.9213, 58.54397 ], [ -159.88044, 58.56297 ], [ -159.86342, 58.57869 ], [ -159.86766, 58.61052 ], [ -159.89459, 58.63993 ], [ -159.91418, 58.65023 ], [ -160.00462, 58.6656 ], [ -160.07485, 58.63989 ], [ -160.09757, 58.59992 ], [ -160.08935, 58.57897 ], [ -160.05903, 58.54783 ], [ -160.00851, 58.53469 ] ] ], [ [ [ -158.60521, 58.45559 ], [ -158.60964, 58.53651 ], [ -154.99998, 60.4 ], [ -153.19998, 60.9 ], [ -153.54997, 61.5 ], [ -153.24997, 61.95 ], [ -153.24997, 62.6 ], [ -153.64997, 62.6 ], [ -155.09997, 62.1 ], [ -159.19998, 59.7 ], [ -160.02897, 58.76456 ], [ -160.00434, 58.74461 ], [ -159.93906, 58.71791 ], [ -159.89384, 58.71504 ], [ -159.8117, 58.73545 ], [ -159.74808, 58.76031 ], [ -159.71884, 58.77667 ], [ -159.70167, 58.7964 ], [ -159.67563, 58.78949 ], [ -159.6111, 58.78223 ], [ -159.54466, 58.77842 ], [ -159.40471, 58.66596 ], [ -159.15137, 58.41578 ], [ -159.16216, 58.40356 ], [ -159.14837, 58.3703 ], [ -159.10785, 58.34754 ], [ -159.04765, 58.33434 ], [ -159.0187, 58.33414 ], [ -158.96549, 58.35281 ], [ -158.91166, 58.34291 ], [ -158.87665, 58.34193 ], [ -158.81031, 58.34715 ], [ -158.7447, 58.36373 ], [ -158.72009, 58.37606 ], [ -158.68952, 58.40168 ], [ -158.65447, 58.40729 ], [ -158.62471, 58.42204 ], [ -158.60521, 58.45559 ] ] ] ] } },
{ "type": "Feature", "properties": { "fid": 38, "ZoneCode": "022027", "AbrvFull": "AK PARK", "NameFull": "Alaska Parks", "ZoneNum": 27, "AbrvPart": "PARK", "NamePart": "Parks", "ZoneType": "Multizone partial", "StateAbrv": "AK", "StateName": "Alaska", "ProjAbrv": "OMC", "ProjType": "Hotine Oblique Mercator, center", "LatOrigin": "65°03'N", "LonOriginE": "210°06'E", "LonOriginW": "149°54'W", "Lat0_deg": 65.05, "Lon0_E_deg": 210.1, "Lon0_W_deg": -149.9, "ProjScale": 1.000017, "SkewAz_deg": 12, "FalseN_m": 609600.0, "FalseE_m": 838200.0, "FalseN_ift": 2000000.0, "FalseE_ift": 2750000.0, "DesignBy": "State", "Ref_frame": "NATRF2022" }, "geometry": { "type": "Polygon", "coordinates": [ [ [ -148.64997, 64.25 ], [ -149.24997, 64.15 ], [ -150.69997, 64.3 ], [ -151.74997, 64.1 ], [ -151.74997, 63.8 ], [ -153.24997, 62.6 ], [ -153.24997, 61.95 ], [ -153.54997, 61.5 ], [ -153.19998, 60.9 ], [ -152.94998, 60.55 ], [ -152.39998, 60.25 ], [ -151.99998, 60.1 ], [ -150.94997, 61.25 ], [ -150.14997, 62.45 ], [ -149.09997, 62.45 ], [ -148.64997, 62.8 ], [ -148.64997, 64.25 ] ] ] } },
{ "type": "Feature", "properties": { "fid": 39, "ZoneCode": "022028", "AbrvFull": "AK PLAY", "NameFull": "Alaska Point Lay-Kaktovik", "ZoneNum": 28, "AbrvPart": "PLAY", "NamePart": "Point Lay-Kaktovik", "ZoneType": "Multizone partial", "StateAbrv": "AK", "StateName": "Alaska", "ProjAbrv": "LC1", "ProjType": "Lambert Conformal Conic, one parallel", "LatOrigin": "69°54'N", "LonOriginE": "211°24'E", "LonOriginW": "148°36'W", "Lat0_deg": 69.9, "Lon0_E_deg": 211.4, "Lon0_W_deg": -148.6, "ProjScale": 0.999994, "SkewAz_deg": -9999, "FalseN_m": 190500.0, "FalseE_m": 1219200.0, "FalseN_ift": 625000.0, "FalseE_ift": 4000000.0, "DesignBy": "State", "Ref_frame": "NATRF2022" }, "geometry": { "type": "Polygon", "coordinates": [ [ [ -161.3151, 70.34726 ], [ -161.50491, 70.35074 ], [ -161.87018, 70.38279 ], [ -161.94862, 70.37475 ], [ -162.00007, 70.35799 ], [ -162.46519, 70.21725 ], [ -162.60587, 70.14685 ], [ -162.81878, 69.99903 ], [ -163.13353, 69.83871 ], [ -163.20624, 69.75704 ], [ -163.28774, 69.63239 ], [ -163.28829, 69.57127 ], [ -161.19997, 69.15 ], [ -151.59997, 69.25 ], [ -149.39997, 69.15 ], [ -148.79997, 69.25 ], [ -148.09997, 69.25 ], [ -147.59997, 69.04 ], [ -147.59997, 68.55 ], [ -146.09858, 68.55 ], [ -143.64997, 68.85 ], [ -141.00078, 68.85 ], [ -141.00056, 69.64128 ], [ -141.00275, 69.70365 ], [ -141.13355, 69.72535 ], [ -141.37786, 69.74415 ], [ -141.38381, 69.74997 ], [ -141.45283, 69.77278 ], [ -141.59142, 69.81458 ], [ -141.67684, 69.83524 ], [ -141.74607, 69.84824 ], [ -141.80283, 69.85492 ], [ -141.91398, 69.87204 ], [ -141.99331, 69.89126 ], [ -142.07905, 69.9085 ], [ -142.23976, 69.95474 ], [ -142.2581, 69.96431 ], [ -142.30755, 69.97572 ], [ -142.34947, 69.99446 ], [ -142.42512, 70.01146 ], [ -142.48024, 70.0339 ], [ -142.70626, 70.0882 ], [ -142.76035, 70.09543 ], [ -142.80287, 70.10705 ], [ -142.8582, 70.11427 ], [ -142.89006, 70.12363 ], [ -143.0279, 70.15119 ], [ -143.05024, 70.15983 ], [ -143.10435, 70.16918 ], [ -143.12292, 70.18058 ], [ -143.16785, 70.19349 ], [ -143.2264, 70.202 ], [ -143.29617, 70.2017 ], [ -143.36075, 70.19632 ], [ -143.41141, 70.18357 ], [ -143.44468, 70.18556 ], [ -143.49138, 70.19593 ], [ -143.57562, 70.19943 ], [ -143.83058, 70.17035 ], [ -143.94055, 70.16969 ], [ -144.01155, 70.15671 ], [ -144.05682, 70.13866 ], [ -144.14305, 70.13187 ], [ -144.36692, 70.09228 ], [ -144.43393, 70.09273 ], [ -144.52907, 70.07906 ], [ -144.68143, 70.01577 ], [ -144.8433, 70.03958 ], [ -144.92652, 70.04002 ], [ -144.98606, 70.07031 ], [ -145.06495, 70.08761 ], [ -145.27932, 70.08896 ], [ -145.33547, 70.09871 ], [ -145.36655, 70.11273 ], [ -145.45008, 70.13316 ], [ -145.56452, 70.14455 ], [ -145.74182, 70.19924 ], [ -145.98174, 70.24231 ], [ -146.10397, 70.25329 ], [ -146.20602, 70.25469 ], [ -146.24914, 70.26734 ], [ -146.37788, 70.28375 ], [ -146.45691, 70.28039 ], [ -146.60893, 70.28727 ], [ -146.70893, 70.28243 ], [ -146.74643, 70.29187 ], [ -146.75713, 70.3 ], [ -161.09997, 70.3 ], [ -161.3151, 70.34726 ] ] ] } },
{ "type": "Feature", "properties": { "fid": 40, "ZoneCode": "022029", "AbrvFull": "AK SEWA", "NameFull": "Alaska Seward-Whittier", "ZoneNum": 29, "AbrvPart": "SEWA", "NamePart": "Seward-Whittier", "ZoneType": "Multizone partial", "StateAbrv": "AK", "StateName": "Alaska", "ProjAbrv": "OMC", "ProjType": "Hotine Oblique Mercator, center", "LatOrigin": "59°42'N", "LonOriginE": "210°54'E", "LonOriginW": "149°06'W", "Lat0_deg": 59.7, "Lon0_E_deg": 210.9, "Lon0_W_deg": -149.1, "ProjScale": 0.999995, "SkewAz_deg": 19, "FalseN_m": 114300.0, "FalseE_m": 762000.0, "FalseN_ift": 375000.0, "FalseE_ift": 2500000.0, "DesignBy": "State", "Ref_frame": "NATRF2022" }, "geometry": { "type": "Polygon", "coordinates": [ [ [ -147.52997, 60.85 ], [ -147.24997, 61.65 ], [ -148.76997, 61.55 ], [ -149.34997, 60.88 ], [ -149.13997, 60.77 ], [ -149.69998, 60.33 ], [ -150.84227, 59.22083 ], [ -150.76958, 59.23887 ], [ -150.71094, 59.25022 ], [ -150.53194, 59.29285 ], [ -150.45643, 59.30869 ], [ -150.27142, 59.35769 ], [ -150.0021, 59.42748 ], [ -149.62128, 59.52752 ], [ -149.46748, 59.73377 ], [ -149.2696, 59.84542 ], [ -148.98018, 59.89372 ], [ -148.60545, 59.8843 ], [ -148.4372, 59.89281 ], [ -148.21848, 59.87564 ], [ -147.79998, 60.0 ], [ -147.52997, 60.55 ], [ -147.52997, 60.85 ] ] ] } },
{ "type": "Feature", "properties": { "fid": 41, "ZoneCode": "022030", "AbrvFull": "AK SHIS", "NameFull": "Alaska Shishmaref-Deering", "ZoneNum": 30, "AbrvPart": "SHIS", "NamePart": "Shishmaref-Deering", "ZoneType": "Multizone partial", "StateAbrv": "AK", "StateName": "Alaska", "ProjAbrv": "OMC", "ProjType": "Hotine Oblique Mercator, center", "LatOrigin": "66°09'N", "LonOriginE": "195°48'E", "LonOriginW": "164°12'W", "Lat0_deg": 66.15, "Lon0_E_deg": 195.8, "Lon0_W_deg": -164.2, "ProjScale": 0.999996, "SkewAz_deg": 83, "FalseN_m": 152400.0, "FalseE_m": 838200.0, "FalseN_ift": 500000.0, "FalseE_ift": 2750000.0, "DesignBy": "State", "Ref_frame": "NATRF2022" }, "geometry": { "type": "MultiPolygon", "coordinates": [ [ [ [ -168.73314, 65.57225 ], [ -168.67344, 65.58417 ], [ -168.63366, 65.60136 ], [ -168.62679, 65.61238 ], [ -168.63788, 65.63987 ], [ -168.6776, 65.66415 ], [ -168.71056, 65.67314 ], [ -168.79459, 65.67122 ], [ -168.82004, 65.66519 ], [ -168.85671, 65.6406 ], [ -168.8692, 65.62086 ], [ -168.8659, 65.60692 ], [ -168.84603, 65.59252 ], [ -168.80832, 65.57853 ], [ -168.76607, 65.57149 ], [ -168.73314, 65.57225 ] ] ], [ [ [ -168.91803, 65.68434 ], [ -168.85607, 65.69124 ], [ -168.78547, 65.71632 ], [ -168.76733, 65.73075 ], [ -168.76244, 65.75117 ], [ -168.78086, 65.76447 ], [ -168.78703, 65.78463 ], [ -168.80095, 65.79518 ], [ -168.86098, 65.81781 ], [ -168.92693, 65.82226 ], [ -168.971, 65.81463 ], [ -168.97188, 65.68877 ], [ -168.91803, 65.68434 ] ] ], [ [ [ -160.19997, 65.45 ], [ -160.99997, 66.25 ], [ -162.39997, 66.65 ], [ -163.10799, 66.81979 ], [ -163.20322, 66.7822 ], [ -163.40351, 66.71033 ], [ -163.62619, 66.62418 ], [ -163.71206, 66.63575 ], [ -163.80506, 66.64129 ], [ -163.90076, 66.64267 ], [ -164.06177, 66.64188 ], [ -164.27428, 66.63687 ], [ -164.42427, 66.63022 ], [ -164.61455, 66.60948 ], [ -164.75187, 66.59255 ], [ -164.88042, 66.57263 ], [ -165.29231, 66.50164 ], [ -165.43441, 66.47523 ], [ -165.60064, 66.43851 ], [ -165.77771, 66.39737 ], [ -166.09394, 66.316 ], [ -166.21274, 66.28093 ], [ -166.31706, 66.25194 ], [ -166.48022, 66.21194 ], [ -166.71945, 66.14805 ], [ -166.83228, 66.11109 ], [ -167.00783, 66.05141 ], [ -167.17838, 65.99957 ], [ -167.23857, 65.97086 ], [ -167.30832, 65.94433 ], [ -167.5208, 65.87816 ], [ -167.71883, 65.83493 ], [ -167.88337, 65.80328 ], [ -167.96797, 65.78067 ], [ -168.00422, 65.77455 ], [ -168.0771, 65.75609 ], [ -168.1551, 65.72836 ], [ -168.20011, 65.69938 ], [ -168.22128, 65.67545 ], [ -168.23186, 65.62257 ], [ -168.21863, 65.59613 ], [ -168.17618, 65.56275 ], [ -168.16756, 65.54691 ], [ -168.12661, 65.53053 ], [ -168.06534, 65.52252 ], [ -168.03102, 65.50943 ], [ -167.97104, 65.50014 ], [ -167.938, 65.4999 ], [ -167.89684, 65.47669 ], [ -163.79997, 65.6 ], [ -160.19997, 65.45 ] ] ] ] } },
{ "type": "Feature", "properties": { "fid": 42, "ZoneCode": "022031", "AbrvFull": "AK STEV", "NameFull": "Alaska Stevens Village-Ft Yukon", "ZoneNum": 31, "AbrvPart": "STEV", "NamePart": "Stevens Village-Ft Yukon", "ZoneType": "Multizone partial", "StateAbrv": "AK", "StateName": "Alaska", "ProjAbrv": "OMC", "ProjType": "Hotine Oblique Mercator, center", "LatOrigin": "66°48'N", "LonOriginE": "215°03'E", "LonOriginW": "144°57'W", "Lat0_deg": 66.8, "Lon0_E_deg": 215.05, "Lon0_W_deg": -144.95, "ProjScale": 1.00001, "SkewAz_deg": 73, "FalseN_m": 152400.0, "FalseE_m": 838200.0, "FalseN_ift": 500000.0, "FalseE_ift": 2750000.0, "DesignBy": "State", "Ref_frame": "NATRF2022" }, "geometry": { "type": "Polygon", "coordinates": [ [ [ -141.00255, 66.4561 ], [ -141.00268, 68.0 ], [ -143.89997, 67.8 ], [ -145.29997, 67.8 ], [ -145.99997, 67.5 ], [ -149.74997, 66.8 ], [ -149.74997, 66.2 ], [ -149.44997, 65.85 ], [ -144.39997, 66.35 ], [ -141.00255, 66.4561 ] ] ] } },
{ "type": "Feature", "properties": { "fid": 43, "ZoneCode": "022032", "AbrvFull": "AK TANA", "NameFull": "Alaska Tanana-Circle", "ZoneNum": 32, "AbrvPart": "TANA", "NamePart": "Tanana-Circle", "ZoneType": "Multizone partial", "StateAbrv": "AK", "StateName": "Alaska", "ProjAbrv": "OMC", "ProjType": "Hotine Oblique Mercator, center", "LatOrigin": "65°27'N", "LonOriginE": "210°57'E", "LonOriginW": "149°03'W", "Lat0_deg": 65.45, "Lon0_E_deg": 210.95, "Lon0_W_deg": -149.05, "ProjScale": 1.000026, "SkewAz_deg": 72, "FalseN_m": 152400.0, "FalseE_m": 952500.0, "FalseN_ift": 500000.0, "FalseE_ift": 3125000.0, "DesignBy": "State", "Ref_frame": "NATRF2022" }, "geometry": { "type": "Polygon", "coordinates": [ [ [ -141.00199, 65.5 ], [ -141.00243, 65.80426 ], [ -141.00255, 66.4561 ], [ -144.39997, 66.35 ], [ -149.44997, 65.85 ], [ -151.09997, 65.7 ], [ -154.29997, 65.35 ], [ -155.99997, 64.9 ], [ -155.99997, 64.83 ], [ -155.29997, 64.85 ], [ -153.99997, 65.0 ], [ -150.69997, 64.9 ], [ -148.49997, 65.1 ], [ -147.59997, 65.45 ], [ -145.19997, 65.6 ], [ -143.89997, 65.2 ], [ -142.99997, 65.5 ], [ -141.00199, 65.5 ] ] ] } },
{ "type": "Feature", "properties": { "fid": 44, "ZoneCode": "022033", "AbrvFull": "AK TOKC", "NameFull": "Alaska Tok Cutoff", "ZoneNum": 33, "AbrvPart": "TOKC", "NamePart": "Tok Cutoff", "ZoneType": "Multizone partial", "StateAbrv": "AK", "StateName": "Alaska", "ProjAbrv": "OMC", "ProjType": "Hotine Oblique Mercator, center", "LatOrigin": "62°36'N", "LonOriginE": "215°15'E", "LonOriginW": "144°45'W", "Lat0_deg": 62.6, "Lon0_E_deg": 215.25, "Lon0_W_deg": -144.75, "ProjScale": 1.000099, "SkewAz_deg": 44, "FalseN_m": 152400.0, "FalseE_m": 647700.0, "FalseN_ift": 500000.0, "FalseE_ift": 2125000.0, "DesignBy": "State", "Ref_frame": "NATRF2022" }, "geometry": { "type": "Polygon", "coordinates": [ [ [ -142.54997, 62.95 ], [ -142.89997, 63.06 ], [ -143.09997, 63.26 ], [ -143.61997, 63.375 ], [ -143.69997, 63.15 ], [ -143.99997, 62.95 ], [ -145.34997, 62.95 ], [ -145.14997, 62.6 ], [ -145.14997, 62.1 ], [ -144.94997, 61.9 ], [ -144.09997, 61.75 ], [ -142.94997, 61.8 ], [ -142.94997, 62.15 ], [ -143.04997, 62.45 ], [ -142.79997, 62.45 ], [ -142.59997, 62.52 ], [ -142.54997, 62.71363 ], [ -142.54997, 62.95 ] ] ] } },
{ "type": "Feature", "properties": { "fid": 45, "ZoneCode": "022034", "AbrvFull": "AK TUPI", "NameFull": "Alaska Tupikchak", "ZoneNum": 34, "AbrvPart": "TUPI", "NamePart": "Tupikchak", "ZoneType": "Multizone partial", "StateAbrv": "AK", "StateName": "Alaska", "ProjAbrv": "OMC", "ProjType": "Hotine Oblique Mercator, center", "LatOrigin": "68°18'N", "LonOriginE": "197°30'E", "LonOriginW": "162°30'W", "Lat0_deg": 68.3, "Lon0_E_deg": 197.5, "Lon0_W_deg": -162.5, "ProjScale": 1.000013, "SkewAz_deg": -18, "FalseN_m": 114300.0, "FalseE_m": 685800.0, "FalseN_ift": 375000.0, "FalseE_ift": 2250000.0, "DesignBy": "State", "Ref_frame": "NATRF2022" }, "geometry": { "type": "Polygon", "coordinates": [ [ [ -161.19997, 69.15 ], [ -163.28829, 69.57127 ], [ -163.28956, 69.43036 ], [ -163.33316, 69.35932 ], [ -163.38056, 69.32022 ], [ -163.57186, 69.22315 ], [ -163.65077, 69.1687 ], [ -163.79231, 69.10803 ], [ -163.93304, 69.06982 ], [ -163.09997, 69.03 ], [ -162.29997, 68.85 ], [ -161.39997, 68.2 ], [ -160.74997, 68.0 ], [ -160.84997, 68.8 ], [ -161.19997, 69.15 ] ] ] } },
{ "type": "Feature", "properties": { "fid": 46, "ZoneCode": "022035", "AbrvFull": "AK UKUS", "NameFull": "Alaska Upper Kuskokwim", "ZoneNum": 35, "AbrvPart": "UKUS", "NamePart": "Upper Kuskokwim", "ZoneType": "Multizone partial", "StateAbrv": "AK", "StateName": "Alaska", "ProjAbrv": "OMC", "ProjType": "Hotine Oblique Mercator, center", "LatOrigin": "62°57'N", "LonOriginE": "204°30'E", "LonOriginW": "155°30'W", "Lat0_deg": 62.95, "Lon0_E_deg": 204.5, "Lon0_W_deg": -155.5, "ProjScale": 1.000006, "SkewAz_deg": 39, "FalseN_m": 381000.0, "FalseE_m": 838200.0, "FalseN_ift": 1250000.0, "FalseE_ift": 2750000.0, "DesignBy": "State", "Ref_frame": "NATRF2022" }, "geometry": { "type": "Polygon", "coordinates": [ [ [ -153.24997, 62.6 ], [ -151.74997, 63.8 ], [ -151.74997, 64.1 ], [ -153.74997, 63.8 ], [ -153.74997, 63.6 ], [ -155.59997, 63.3 ], [ -156.89997, 62.4 ], [ -159.69998, 61.3 ], [ -159.19998, 60.6 ], [ -159.19998, 59.7 ], [ -155.09997, 62.1 ], [ -153.64997, 62.6 ], [ -153.24997, 62.6 ] ] ] } },
{ "type": "Feature", "properties": { "fid": 47, "ZoneCode": "022036", "AbrvFull": "AK VLDZ", "NameFull": "Alaska Valdez-Cordova", "ZoneNum": 36, "AbrvPart": "VLDZ", "NamePart": "Valdez-Cordova", "ZoneType": "Multizone partial", "StateAbrv": "AK", "StateName": "Alaska", "ProjAbrv": "OMC", "ProjType": "Hotine Oblique Mercator, center", "LatOrigin": "60°33'N", "LonOriginE": "214°15'E", "LonOriginW": "145°45'W", "Lat0_deg": 60.55, "Lon0_E_deg": 214.25, "Lon0_W_deg": -145.75, "ProjScale": 1.000005, "SkewAz_deg": -52, "FalseN_m": 152400.0, "FalseE_m": 762000.0, "FalseN_ift": 500000.0, "FalseE_ift": 2500000.0, "DesignBy": "State", "Ref_frame": "NATRF2022" }, "geometry": { "type": "Polygon", "coordinates": [ [ [ -145.38997, 61.07 ], [ -145.73997, 61.11 ], [ -146.09997, 61.3 ], [ -147.24997, 61.65 ], [ -147.52997, 60.85 ], [ -146.74997, 60.55 ], [ -146.74997, 60.25 ], [ -146.55565, 60.19295 ], [ -146.46568, 60.2125 ], [ -146.17928, 60.28006 ], [ -145.97654, 60.31465 ], [ -145.8243, 60.31512 ], [ -145.62167, 60.2558 ], [ -145.31766, 60.17969 ], [ -145.09795, 60.14611 ], [ -144.77599, 60.12959 ], [ -144.60725, 60.07835 ], [ -144.53966, 60.01015 ], [ -144.6417, 59.92439 ], [ -144.77777, 59.82993 ], [ -144.77808, 59.77856 ], [ -144.67675, 59.72739 ], [ -144.54216, 59.71932 ], [ -144.41048, 59.74627 ], [ -144.14405, 59.91945 ], [ -144.03356, 59.91967 ], [ -143.94665, 59.93083 ], [ -143.89519, 59.94265 ], [ -143.83614, 59.94648 ], [ -143.75892, 59.96606 ], [ -143.64268, 59.98882 ], [ -143.52326, 60.00112 ], [ -143.39997, 60.2 ], [ -142.89997, 60.35 ], [ -142.34997, 60.35 ], [ -141.89997, 60.25 ], [ -141.00195, 60.30637 ], [ -141.00186, 60.71514 ], [ -141.89997, 60.67 ], [ -143.19997, 60.7 ], [ -144.59997, 60.56 ], [ -145.38997, 61.07 ] ] ] } },
{ "type": "Feature", "properties": { "fid": 48, "ZoneCode": "022037", "AbrvFull": "AK WEVO", "NameFull": "Alaska Wevok", "ZoneNum": 37, "AbrvPart": "WEVO", "NamePart": "Wevok", "ZoneType": "Multizone partial", "StateAbrv": "AK", "StateName": "Alaska", "ProjAbrv": "OMC", "ProjType": "Hotine Oblique Mercator, center", "LatOrigin": "68°15'N", "LonOriginE": "196°42'E", "LonOriginW": "163°18'W", "Lat0_deg": 68.25, "Lon0_E_deg": 196.7, "Lon0_W_deg": -163.3, "ProjScale": 1.000019, "SkewAz_deg": -43, "FalseN_m": 190500.0, "FalseE_m": 762000.0, "FalseN_ift": 625000.0, "FalseE_ift": 2500000.0, "DesignBy": "State", "Ref_frame": "NATRF2022" }, "geometry": { "type": "Polygon", "coordinates": [ [ [ -160.74997, 68.0 ], [ -161.39997, 68.2 ], [ -162.29997, 68.85 ], [ -163.09997, 69.03 ], [ -163.93304, 69.06982 ], [ -164.02033, 69.03315 ], [ -164.27935, 68.97962 ], [ -164.48088, 68.96853 ], [ -164.63864, 68.96644 ], [ -164.79556, 68.94909 ], [ -165.35702, 68.90894 ], [ -165.62083, 68.90371 ], [ -166.20012, 68.93383 ], [ -166.2783, 68.92707 ], [ -166.3474, 68.90039 ], [ -166.36609, 68.86888 ], [ -162.69997, 68.35 ], [ -162.69997, 67.8 ], [ -160.54997, 67.0 ], [ -160.39997, 67.8 ], [ -160.74997, 68.0 ] ] ] } },
{ "type": "Feature", "properties": { "fid": 49, "ZoneCode": "022038", "AbrvFull": "AK YAKU", "NameFull": "Alaska Yakutat", "ZoneNum": 38, "AbrvPart": "YAKU", "NamePart": "Yakutat", "ZoneType": "Multizone partial", "StateAbrv": "AK", "StateName": "Alaska", "ProjAbrv": "OMC", "ProjType": "Hotine Oblique Mercator, center", "LatOrigin": "59°39'N", "LonOriginE": "220°09'E", "LonOriginW": "139°51'W", "Lat0_deg": 59.65, "Lon0_E_deg": 220.15, "Lon0_W_deg": -139.85, "ProjScale": 1.000002, "SkewAz_deg": -69, "FalseN_m": 190500.0, "FalseE_m": 838200.0, "FalseN_ift": 625000.0, "FalseE_ift": 2750000.0, "DesignBy": "State", "Ref_frame": "NATRF2022" }, "geometry": { "type": "Polygon", "coordinates": [ [ [ -141.00195, 60.30637 ], [ -141.89997, 60.25 ], [ -142.34997, 60.35 ], [ -142.89997, 60.35 ], [ -143.39997, 60.2 ], [ -143.52326, 60.00112 ], [ -143.30059, 60.01136 ], [ -143.15449, 60.01913 ], [ -143.11702, 60.0195 ], [ -143.05246, 60.02823 ], [ -142.82602, 60.0511 ], [ -142.75735, 60.05223 ], [ -142.57796, 60.04352 ], [ -142.49547, 60.03306 ], [ -142.45725, 60.0208 ], [ -142.40844, 60.02032 ], [ -142.29725, 60.01183 ], [ -142.19401, 59.99761 ], [ -142.13807, 59.98748 ], [ -142.00181, 59.9746 ], [ -141.88929, 59.95269 ], [ -141.8212, 59.93343 ], [ -141.755, 59.91874 ], [ -141.40607, 59.82381 ], [ -141.34274, 59.80988 ], [ -141.0522, 59.73785 ], [ -140.92717, 59.70207 ], [ -140.84591, 59.68896 ], [ -140.74963, 59.67699 ], [ -140.64709, 59.66657 ], [ -140.58418, 59.66658 ], [ -140.42507, 59.65703 ], [ -139.90281, 59.49798 ], [ -139.71635, 59.43431 ], [ -139.57951, 59.3776 ], [ -139.39285, 59.31818 ], [ -139.26477, 59.28239 ], [ -139.05102, 59.23365 ], [ -138.96698, 59.21155 ], [ -138.87388, 59.18016 ], [ -138.75852, 59.12652 ], [ -138.6419, 59.08118 ], [ -138.61815, 59.07473 ], [ -138.47138, 59.0491 ], [ -138.34991, 59.02236 ], [ -138.27892, 59.00045 ], [ -138.25248, 58.98944 ], [ -138.22406, 58.96885 ], [ -138.11536, 58.91976 ], [ -138.02144, 58.86145 ], [ -138.0115, 58.83868 ], [ -138.02927, 58.8055 ], [ -138.02159, 58.79002 ], [ -137.5252, 58.90908 ], [ -137.49998, 58.98539 ], [ -137.54211, 59.10643 ], [ -137.60733, 59.2438 ], [ -138.03069, 59.46484 ], [ -138.62618, 59.76858 ], [ -138.66862, 59.80966 ], [ -138.67943, 59.84537 ], [ -138.70735, 59.90632 ], [ -138.79849, 59.92465 ], [ -139.05365, 59.99484 ], [ -139.19882, 60.08829 ], [ -139.0721, 60.31943 ], [ -139.07479, 60.3525 ], [ -139.69296, 60.33522 ], [ -139.98107, 60.18196 ], [ -140.45818, 60.30808 ], [ -140.5204, 60.21982 ], [ -140.76938, 60.2603 ], [ -140.93071, 60.29345 ], [ -141.00195, 60.30637 ] ] ] } },
{ "type": "Feature", "properties": { "fid": 50, "ZoneCode": "042001", "AbrvFull": "AZ 266", "NameFull": "Arizona Highway 266 Fort Grant", "ZoneNum": 1, "AbrvPart": "266", "NamePart": "Highway 266 Fort Grant", "ZoneType": "Multizone partial", "StateAbrv": "AZ", "StateName": "Arizona", "ProjAbrv": "OMC", "ProjType": "Hotine Oblique Mercator, center", "LatOrigin": "32°36'N", "LonOriginE": "250°09'E", "LonOriginW": "109°51'W", "Lat0_deg": 32.6, "Lon0_E_deg": 250.15, "Lon0_W_deg": -109.85, "ProjScale": 1.00023, "SkewAz_deg": -80, "FalseN_m": 3505200.0, "FalseE_m": 8686800.0, "FalseN_ift": 11500000.0, "FalseE_ift": 28500000.0, "DesignBy": "State", "Ref_frame": "NATRF2022" }, "geometry": { "type": "Polygon", "coordinates": [ [ [ -109.72999, 32.6 ], [ -109.81999, 32.6 ], [ -109.81999, 32.62 ], [ -109.94999, 32.62 ], [ -109.98999, 32.62 ], [ -109.98999, 32.56 ], [ -109.87999, 32.51 ], [ -109.72999, 32.51 ], [ -109.72999, 32.6 ] ] ] } },
{ "type": "Feature", "properties": { "fid": 51, "ZoneCode": "042002", "AbrvFull": "AZ 366L", "NameFull": "Arizona Highway 366 Mt Graham Lower", "ZoneNum": 2, "AbrvPart": "366L", "NamePart": "Highway 366 Mt Graham Lower", "ZoneType": "Multizone partial", "StateAbrv": "AZ", "StateName": "Arizona", "ProjAbrv": "OMC", "ProjType": "Hotine Oblique Mercator, center", "LatOrigin": "41°36'N", "LonOriginE": "250°48'E", "LonOriginW": "109°12'W", "Lat0_deg": 41.6, "Lon0_E_deg": 250.8, "Lon0_W_deg": -109.2, "ProjScale": 0.992507, "SkewAz_deg": -50, "FalseN_m": 4800600.0, "FalseE_m": 8420100.0, "FalseN_ift": 15750000.0, "FalseE_ift": 27625000.0, "DesignBy": "State", "Ref_frame": "NATRF2022" }, "geometry": { "type": "Polygon", "coordinates": [ [ [ -109.72999, 32.6 ], [ -109.72999, 32.70094 ], [ -109.77999, 32.73 ], [ -109.83999, 32.73 ], [ -109.83999, 32.65 ], [ -109.81999, 32.62 ], [ -109.81999, 32.6 ], [ -109.72999, 32.6 ] ] ] } },
{ "type": "Feature", "properties": { "fid": 52, "ZoneCode": "042003", "AbrvFull": "AZ 366U", "NameFull": "Arizona Highway 366 Mt Graham Upper", "ZoneNum": 3, "AbrvPart": "366U", "NamePart": "Highway 366 Mt Graham Upper", "ZoneType": "Multizone partial", "StateAbrv": "AZ", "StateName": "Arizona", "ProjAbrv": "OMC", "ProjType": "Hotine Oblique Mercator, center", "LatOrigin": "32°00'N", "LonOriginE": "250°09'E", "LonOriginW": "109°51'W", "Lat0_deg": 32.0, "Lon0_E_deg": 250.15, "Lon0_W_deg": -109.85, "ProjScale": 1.000395, "SkewAz_deg": 42, "FalseN_m": 3733800.0, "FalseE_m": 8077200.0, "FalseN_ift": 12250000.0, "FalseE_ift": 26500000.0, "DesignBy": "State", "Ref_frame": "NATRF2022" }, "geometry": { "type": "Polygon", "coordinates": [ [ [ -109.81999, 32.62 ], [ -109.83999, 32.65 ], [ -109.83999, 32.73 ], [ -109.94999, 32.73 ], [ -109.94999, 32.62 ], [ -109.81999, 32.62 ] ] ] } },
{ "type": "Feature", "properties": { "fid": 53, "ZoneCode": "042004", "AbrvFull": "AZ 386", "NameFull": "Arizona Highway 386 Kitt Peak", "ZoneNum": 4, "AbrvPart": "386", "NamePart": "Highway 386 Kitt Peak", "ZoneType": "Multizone partial", "StateAbrv": "AZ", "StateName": "Arizona", "ProjAbrv": "LC1", "ProjType": "Lambert Conformal Conic, one parallel", "LatOrigin": "38°00'N", "LonOriginE": "248°24'E", "LonOriginW": "111°36'W", "Lat0_deg": 38.0, "Lon0_E_deg": 248.4, "Lon0_W_deg": -111.6, "ProjScale": 0.9949, "SkewAz_deg": -9999, "FalseN_m": 3848100.0, "FalseE_m": 7772400.0, "FalseN_ift": 12625000.0, "FalseE_ift": 25500000.0, "DesignBy": "State", "Ref_frame": "NATRF2022" }, "geometry": { "type": "Polygon", "coordinates": [ [ [ -111.64999, 31.92 ], [ -111.53999, 31.94 ], [ -111.53999, 32.04 ], [ -111.64999, 32.02 ], [ -111.64999, 31.92 ] ] ] } },
{ "type": "Feature", "properties": { "fid": 54, "ZoneCode": "042005", "AbrvFull": "AZ 87", "NameFull": "Arizona Highway 87 Sunflower", "ZoneNum": 5, "AbrvPart": "87", "NamePart": "Highway 87 Sunflower", "ZoneType": "Multizone partial", "StateAbrv": "AZ", "StateName": "Arizona", "ProjAbrv": "OMC", "ProjType": "Hotine Oblique Mercator, center", "LatOrigin": "33°15'N", "LonOriginE": "248°30'E", "LonOriginW": "111°30'W", "Lat0_deg": 33.25, "Lon0_E_deg": 248.5, "Lon0_W_deg": -111.5, "ProjScale": 1.000095, "SkewAz_deg": -80, "FalseN_m": 4038600.0, "FalseE_m": 8077200.0, "FalseN_ift": 13250000.0, "FalseE_ift": 26500000.0, "DesignBy": "State", "Ref_frame": "NATRF2022" }, "geometry": { "type": "Polygon", "coordinates": [ [ [ -111.59999, 33.62 ], [ -111.47999, 33.62 ], [ -111.40999, 33.88 ], [ -111.32999, 34.01 ], [ -111.42999, 34.01 ], [ -111.51999, 33.88 ], [ -111.59999, 33.62 ] ] ] } },
{ "type": "Feature", "properties": { "fid": 55, "ZoneCode": "042006", "AbrvFull": "AZ BSBE", "NameFull": "Arizona Bisbee", "ZoneNum": 6, "AbrvPart": "BSBE", "NamePart": "Bisbee", "ZoneType": "Multizone partial", "StateAbrv": "AZ", "StateName": "Arizona", "ProjAbrv": "LC1", "ProjType": "Lambert Conformal Conic, one parallel", "LatOrigin": "31°28'N", "LonOriginE": "250°06'E", "LonOriginW": "109°54'W", "Lat0_deg": 31.4666666667, "Lon0_E_deg": 250.1, "Lon0_W_deg": -109.9, "ProjScale": 1.00025, "SkewAz_deg": -9999, "FalseN_m": 3200400.0, "FalseE_m": 8991600.0, "FalseN_ift": 10500000.0, "FalseE_ift": 29500000.0, "DesignBy": "State", "Ref_frame": "NATRF2022" }, "geometry": { "type": "Polygon", "coordinates": [ [ [ -109.79999, 31.38 ], [ -109.87999, 31.59 ], [ -109.94999, 31.59 ], [ -109.98999, 31.55 ], [ -109.99999, 31.52 ], [ -110.03999, 31.52 ], [ -110.03999, 31.4 ], [ -109.96999, 31.4 ], [ -109.96999, 31.33404 ], [ -109.86999, 31.33403 ], [ -109.86999, 31.38 ], [ -109.79999, 31.38 ] ] ] } },
{ "type": "Feature", "properties": { "fid": 56, "ZoneCode": "042007", "AbrvFull": "AZ CAP", "NameFull": "Arizona Central Arizona Project", "ZoneNum": 7, "AbrvPart": "CAP", "NamePart": "Central Arizona Project", "ZoneType": "Multizone partial", "StateAbrv": "AZ", "StateName": "Arizona", "ProjAbrv": "OMC", "ProjType": "Hotine Oblique Mercator, center", "LatOrigin": "33°30'N", "LonOriginE": "247°27'E", "LonOriginW": "112°33'W", "Lat0_deg": 33.5, "Lon0_E_deg": 247.45, "Lon0_W_deg": -112.55, "ProjScale": 1.000057, "SkewAz_deg": -63, "FalseN_m": 4267200.0, "FalseE_m": 6324600.0, "FalseN_ift": 14000000.0, "FalseE_ift": 20750000.0, "DesignBy": "State", "Ref_frame": "NATRF2022" }, "geometry": { "type": "Polygon", "coordinates": [ [ [ -114.01668, 34.21121 ], [ -114.04258, 34.28452 ], [ -114.06152, 34.31417 ], [ -114.08396, 34.32891 ], [ -114.12972, 34.32666 ], [ -114.14866, 34.31157 ], [ -114.13827, 34.30323 ], [ -114.1312, 34.26273 ], [ -114.1419, 34.25649 ], [ -114.11238, 34.17322 ], [ -114.09791, 34.15369 ], [ -114.08637, 34.12272 ], [ -114.05697, 34.08598 ], [ -114.0464, 34.0581 ], [ -113.98092, 33.98789 ], [ -113.97016, 33.94701 ], [ -113.95739, 33.92611 ], [ -113.92821, 33.90205 ], [ -113.88431, 33.88093 ], [ -113.87847, 33.83427 ], [ -113.85747, 33.78378 ], [ -113.83286, 33.73917 ], [ -113.78581, 33.68862 ], [ -113.75455, 33.64335 ], [ -113.7218, 33.60761 ], [ -113.69276, 33.58615 ], [ -113.67772, 33.56743 ], [ -113.63868, 33.55548 ], [ -113.59345, 33.56601 ], [ -113.57104, 33.56371 ], [ -113.51656, 33.52772 ], [ -113.49658, 33.52383 ], [ -113.40669, 33.52294 ], [ -113.36933, 33.54116 ], [ -113.31115, 33.53896 ], [ -113.25205, 33.54468 ], [ -113.1787, 33.54318 ], [ -113.14937, 33.5319 ], [ -113.11961, 33.50518 ], [ -113.08027, 33.4904 ], [ -113.04915, 33.49106 ], [ -112.98549, 33.5187 ], [ -112.88932, 33.55054 ], [ -112.85744, 33.55233 ], [ -112.80707, 33.54844 ], [ -112.74052, 33.57641 ], [ -112.68712, 33.60459 ], [ -112.65514, 33.63323 ], [ -112.62427, 33.6363 ], [ -112.59191, 33.64665 ], [ -112.56641, 33.64757 ], [ -112.53386, 33.66186 ], [ -112.5086, 33.6853 ], [ -112.47006, 33.70297 ], [ -112.41821, 33.71454 ], [ -112.34749, 33.72497 ], [ -112.34478, 33.69951 ], [ -112.31602, 33.67536 ], [ -112.28015, 33.67434 ], [ -112.26209, 33.68296 ], [ -112.23689, 33.71762 ], [ -112.22318, 33.70564 ], [ -112.1884, 33.6921 ], [ -112.13492, 33.69712 ], [ -112.08515, 33.65688 ], [ -112.01672, 33.62237 ], [ -111.95514, 33.5999 ], [ -111.90328, 33.58913 ], [ -111.89301, 33.57524 ], [ -111.83003, 33.53065 ], [ -111.78493, 33.50918 ], [ -111.74392, 33.49986 ], [ -111.73475, 33.4862 ], [ -111.73212, 33.45666 ], [ -111.71579, 33.42729 ], [ -111.68941, 33.40483 ], [ -111.62482, 33.36339 ], [ -111.58955, 33.32863 ], [ -111.57819, 33.31151 ], [ -111.55725, 33.2457 ], [ -111.55733, 33.22525 ], [ -111.53569, 33.17504 ], [ -111.52105, 33.15648 ], [ -111.50682, 33.11645 ], [ -111.4818, 33.09425 ], [ -111.47599, 33.0739 ], [ -111.45398, 33.0544 ], [ -111.42351, 33.04124 ], [ -111.4697, 32.97932 ], [ -111.48946, 32.94246 ], [ -111.49646, 32.89637 ], [ -111.48955, 32.84403 ], [ -111.47448, 32.79936 ], [ -111.46412, 32.78836 ], [ -111.47478, 32.76762 ], [ -111.47017, 32.73683 ], [ -111.47621, 32.71063 ], [ -111.4713, 32.68458 ], [ -111.45842, 32.66212 ], [ -111.42361, 32.63695 ], [ -111.38821, 32.62691 ], [ -111.38749, 32.59893 ], [ -111.36563, 32.55733 ], [ -111.34712, 32.5473 ], [ -111.30702, 32.54426 ], [ -111.2863, 32.49048 ], [ -111.23817, 32.43849 ], [ -111.2538, 32.41263 ], [ -111.25497, 32.39233 ], [ -111.29946, 32.34277 ], [ -111.30741, 32.30549 ], [ -111.29718, 32.26207 ], [ -111.28613, 32.23802 ], [ -111.24927, 32.21303 ], [ -111.20588, 32.14528 ], [ -111.16643, 32.12206 ], [ -111.1398, 32.11908 ], [ -111.13974, 32.05759 ], [ -111.11984, 32.02802 ], [ -111.07968, 32.01798 ], [ -111.05353, 32.00472 ], [ -111.02369, 31.96427 ], [ -110.9926, 31.95541 ], [ -110.95343, 31.95788 ], [ -110.92009, 31.97272 ], [ -110.9101, 31.98788 ], [ -110.90683, 32.01913 ], [ -110.92214, 32.05061 ], [ -110.93928, 32.06006 ], [ -110.97334, 32.06129 ], [ -110.98853, 32.07311 ], [ -111.03778, 32.09808 ], [ -111.03797, 32.1572 ], [ -111.00857, 32.1823 ], [ -111.00222, 32.21595 ], [ -111.011, 32.23166 ], [ -111.03816, 32.24741 ], [ -111.08317, 32.24212 ], [ -111.12907, 32.20584 ], [ -111.1396, 32.22686 ], [ -111.1743, 32.27401 ], [ -111.19336, 32.28602 ], [ -111.19506, 32.31666 ], [ -111.14826, 32.35079 ], [ -111.14059, 32.37184 ], [ -111.11927, 32.39241 ], [ -111.11076, 32.43992 ], [ -111.128, 32.47116 ], [ -111.19493, 32.53243 ], [ -111.21841, 32.60063 ], [ -111.24684, 32.62666 ], [ -111.28532, 32.63127 ], [ -111.28853, 32.6694 ], [ -111.30282, 32.69671 ], [ -111.33286, 32.71127 ], [ -111.36782, 32.71472 ], [ -111.36353, 32.75209 ], [ -111.35253, 32.78182 ], [ -111.34938, 32.81219 ], [ -111.35423, 32.82986 ], [ -111.38012, 32.85284 ], [ -111.39322, 32.88899 ], [ -111.38799, 32.92021 ], [ -111.35348, 32.97073 ], [ -111.29046, 33.02319 ], [ -111.2632, 33.05664 ], [ -111.26211, 33.09145 ], [ -111.2774, 33.10966 ], [ -111.31097, 33.12659 ], [ -111.33463, 33.12929 ], [ -111.383, 33.12235 ], [ -111.3954, 33.14466 ], [ -111.41492, 33.16074 ], [ -111.42424, 33.18855 ], [ -111.4539, 33.23869 ], [ -111.45438, 33.26367 ], [ -111.48364, 33.34753 ], [ -111.50597, 33.38214 ], [ -111.5828, 33.45092 ], [ -111.63085, 33.47846 ], [ -111.62806, 33.50657 ], [ -111.63562, 33.52437 ], [ -111.67742, 33.57434 ], [ -111.69247, 33.58711 ], [ -111.72629, 33.59466 ], [ -111.74163, 33.59184 ], [ -111.77224, 33.60585 ], [ -111.81492, 33.63534 ], [ -111.83623, 33.65881 ], [ -111.86112, 33.67008 ], [ -111.9231, 33.68296 ], [ -111.96909, 33.70033 ], [ -112.04202, 33.74148 ], [ -112.07988, 33.77947 ], [ -112.1195, 33.79138 ], [ -112.16593, 33.7817 ], [ -112.18495, 33.80218 ], [ -112.20742, 33.81376 ], [ -112.21562, 33.85083 ], [ -112.22637, 33.87213 ], [ -112.24446, 33.88814 ], [ -112.28223, 33.89404 ], [ -112.30568, 33.88475 ], [ -112.32431, 33.85443 ], [ -112.32133, 33.8235 ], [ -112.3543, 33.81973 ], [ -112.37622, 33.81034 ], [ -112.49714, 33.78911 ], [ -112.53524, 33.77644 ], [ -112.57342, 33.75785 ], [ -112.59564, 33.73369 ], [ -112.65313, 33.72028 ], [ -112.69465, 33.71627 ], [ -112.72719, 33.69995 ], [ -112.79601, 33.65102 ], [ -112.8192, 33.64129 ], [ -112.91343, 33.63779 ], [ -113.06331, 33.58486 ], [ -113.08339, 33.60244 ], [ -113.13606, 33.62496 ], [ -113.16302, 33.6307 ], [ -113.22532, 33.62932 ], [ -113.25586, 33.63199 ], [ -113.31847, 33.62586 ], [ -113.37941, 33.629 ], [ -113.41148, 33.62204 ], [ -113.43598, 33.6086 ], [ -113.47737, 33.61022 ], [ -113.49372, 33.62677 ], [ -113.52472, 33.64438 ], [ -113.59334, 33.65368 ], [ -113.62196, 33.65202 ], [ -113.66752, 33.69354 ], [ -113.67214, 33.70522 ], [ -113.73466, 33.77318 ], [ -113.75965, 33.8143 ], [ -113.78049, 33.87207 ], [ -113.77054, 33.92529 ], [ -113.78387, 33.949 ], [ -113.8054, 33.96115 ], [ -113.84954, 33.96627 ], [ -113.8724, 33.98132 ], [ -113.88899, 34.03144 ], [ -113.95101, 34.09488 ], [ -113.96219, 34.12343 ], [ -113.99094, 34.16111 ], [ -114.00102, 34.18929 ], [ -114.01668, 34.21121 ] ] ] } },
{ "type": "Feature", "properties": { "fid": 57, "ZoneCode": "042008", "AbrvFull": "AZ FLAG", "NameFull": "Arizona Flagstaff", "ZoneNum": 8, "AbrvPart": "FLAG", "NamePart": "Flagstaff", "ZoneType": "Multizone partial", "StateAbrv": "AZ", "StateName": "Arizona", "ProjAbrv": "OMC", "ProjType": "Hotine Oblique Mercator, center", "LatOrigin": "35°12'N", "LonOriginE": "248°18'E", "LonOriginW": "111°42'W", "Lat0_deg": 35.2, "Lon0_E_deg": 248.3, "Lon0_W_deg": -111.7, "ProjScale": 1.00033, "SkewAz_deg": 30, "FalseN_m": 5029200.0, "FalseE_m": 8077200.0, "FalseN_ift": 16500000.0, "FalseE_ift": 26500000.0, "DesignBy": "State", "Ref_frame": "NATRF2022" }, "geometry": { "type": "Polygon", "coordinates": [ [ [ -111.58999, 35.42 ], [ -111.58999, 35.23 ], [ -111.62499, 35.23 ], [ -111.62499, 35.25 ], [ -111.64999, 35.25 ], [ -111.73999, 35.29 ], [ -111.79999, 35.29 ], [ -111.79999, 35.31 ], [ -111.89999, 35.31 ], [ -111.89999, 35.48 ], [ -112.03999, 35.48 ], [ -112.03999, 35.31 ], [ -112.10999, 35.31 ], [ -112.10999, 35.2 ], [ -111.89999, 35.2 ], [ -111.89999, 35.07 ], [ -111.77999, 35.07 ], [ -111.69999, 35.07 ], [ -111.65999, 35.07 ], [ -111.65999, 35.13 ], [ -111.52999, 35.13 ], [ -111.52999, 35.3 ], [ -111.45999, 35.3 ], [ -111.45999, 35.42 ], [ -111.58999, 35.42 ] ] ] } },
{ "type": "Feature", "properties": { "fid": 58, "ZoneCode": "042009", "AbrvFull": "AZ GC1", "NameFull": "Arizona Grand Canyon Page-Little Colorado River", "ZoneNum": 9, "AbrvPart": "GC1", "NamePart": "Grand Canyon Page-Little Colorado River", "ZoneType": "Multizone partial", "StateAbrv": "AZ", "StateName": "Arizona", "ProjAbrv": "OMC", "ProjType": "Hotine Oblique Mercator, center", "LatOrigin": "36°12'N", "LonOriginE": "248°18'E", "LonOriginW": "111°42'W", "Lat0_deg": 36.2, "Lon0_E_deg": 248.3, "Lon0_W_deg": -111.7, "ProjScale": 1.000124, "SkewAz_deg": 42, "FalseN_m": 5638800.0, "FalseE_m": 8305800.0, "FalseN_ift": 18500000.0, "FalseE_ift": 27250000.0, "DesignBy": "State", "Ref_frame": "NATRF2022" }, "geometry": { "type": "Polygon", "coordinates": [ [ [ -111.79918, 36.21627 ], [ -111.81696, 36.23805 ], [ -111.81375, 36.26301 ], [ -111.85068, 36.29418 ], [ -111.85088, 36.33091 ], [ -111.8765, 36.37066 ], [ -111.85183, 36.37063 ], [ -111.83302, 36.39355 ], [ -111.84624, 36.40502 ], [ -111.8655, 36.40165 ], [ -111.86258, 36.42609 ], [ -111.82879, 36.43646 ], [ -111.8205, 36.45175 ], [ -111.8271, 36.47493 ], [ -111.84028, 36.47975 ], [ -111.83098, 36.49439 ], [ -111.84919, 36.50285 ], [ -111.83269, 36.52089 ], [ -111.81259, 36.51375 ], [ -111.81944, 36.54735 ], [ -111.79941, 36.5551 ], [ -111.80264, 36.56851 ], [ -111.77871, 36.57576 ], [ -111.7482, 36.6164 ], [ -111.75922, 36.62635 ], [ -111.75641, 36.64537 ], [ -111.73789, 36.65526 ], [ -111.73511, 36.67659 ], [ -111.70688, 36.68578 ], [ -111.68346, 36.67421 ], [ -111.68515, 36.68586 ], [ -111.70487, 36.70017 ], [ -111.70287, 36.71964 ], [ -111.68293, 36.72301 ], [ -111.6895, 36.73763 ], [ -111.66006, 36.7546 ], [ -111.64435, 36.77959 ], [ -111.63942, 36.80202 ], [ -111.61353, 36.83332 ], [ -111.61232, 36.84615 ], [ -111.58258, 36.86151 ], [ -111.56864, 36.83921 ], [ -111.54214, 36.84212 ], [ -111.54017, 36.85148 ], [ -111.56192, 36.87119 ], [ -111.51148, 36.87641 ], [ -111.52706, 36.9019 ], [ -111.53218, 36.88323 ], [ -111.56452, 36.87849 ], [ -111.56936, 36.86705 ], [ -111.54949, 36.84954 ], [ -111.56797, 36.84679 ], [ -111.57606, 36.8666 ], [ -111.58842, 36.86845 ], [ -111.61905, 36.85136 ], [ -111.66794, 36.75602 ], [ -111.6962, 36.74167 ], [ -111.71094, 36.72194 ], [ -111.71688, 36.69673 ], [ -111.74107, 36.68432 ], [ -111.74537, 36.66017 ], [ -111.76186, 36.65368 ], [ -111.76813, 36.63229 ], [ -111.76324, 36.61619 ], [ -111.77575, 36.59476 ], [ -111.81123, 36.57302 ], [ -111.86034, 36.5056 ], [ -111.88934, 36.49666 ], [ -111.85462, 36.4849 ], [ -111.84463, 36.46599 ], [ -111.86764, 36.45046 ], [ -111.85956, 36.43803 ], [ -111.88502, 36.42632 ], [ -111.8813, 36.40934 ], [ -111.89838, 36.41497 ], [ -111.91351, 36.40518 ], [ -111.89743, 36.3987 ], [ -111.90682, 36.36384 ], [ -111.93358, 36.3476 ], [ -111.89292, 36.35363 ], [ -111.87883, 36.31725 ], [ -111.92316, 36.30632 ], [ -111.96373, 36.30503 ], [ -111.9923, 36.29444 ], [ -111.97335, 36.27575 ], [ -111.99557, 36.26374 ], [ -111.95953, 36.223 ], [ -111.92252, 36.20338 ], [ -111.92321, 36.18673 ], [ -111.79918, 36.21627 ] ] ] } },
{ "type": "Feature", "properties": { "fid": 59, "ZoneCode": "042010", "AbrvFull": "AZ GC2", "NameFull": "Arizona Grand Canyon Little Colorado River-Kanab Canyon", "ZoneNum": 10, "AbrvPart": "GC2", "NamePart": "Grand Canyon Little Colorado River-Kanab Canyon", "ZoneType": "Multizone partial", "StateAbrv": "AZ", "StateName": "Arizona", "ProjAbrv": "OMC", "ProjType": "Hotine Oblique Mercator, center", "LatOrigin": "35°42'N", "LonOriginE": "247°48'E", "LonOriginW": "112°12'W", "Lat0_deg": 35.7, "Lon0_E_deg": 247.8, "Lon0_W_deg": -112.2, "ProjScale": 1.000095, "SkewAz_deg": -27, "FalseN_m": 5562600.0, "FalseE_m": 7658100.0, "FalseN_ift": 18250000.0, "FalseE_ift": 25125000.0, "DesignBy": "State", "Ref_frame": "NATRF2022" }, "geometry": { "type": "Polygon", "coordinates": [ [ [ -111.92321, 36.18673 ], [ -111.92057, 36.16863 ], [ -111.93161, 36.162 ], [ -111.90346, 36.14658 ], [ -111.90818, 36.1358 ], [ -111.93079, 36.137 ], [ -111.94819, 36.11148 ], [ -111.96911, 36.1164 ], [ -111.97384, 36.13425 ], [ -111.96765, 36.16421 ], [ -111.98149, 36.14755 ], [ -112.0166, 36.15254 ], [ -112.0241, 36.17227 ], [ -112.00617, 36.18353 ], [ -112.01298, 36.2066 ], [ -112.00354, 36.23442 ], [ -112.04887, 36.21004 ], [ -112.04958, 36.18862 ], [ -112.06803, 36.213 ], [ -112.08169, 36.20505 ], [ -112.06909, 36.18638 ], [ -112.08019, 36.17623 ], [ -112.1263, 36.17508 ], [ -112.15009, 36.20047 ], [ -112.13427, 36.2252 ], [ -112.13075, 36.25447 ], [ -112.14847, 36.24418 ], [ -112.16144, 36.25406 ], [ -112.20273, 36.24511 ], [ -112.19953, 36.23493 ], [ -112.21334, 36.20323 ], [ -112.23901, 36.20669 ], [ -112.24938, 36.19311 ], [ -112.26344, 36.20364 ], [ -112.23678, 36.24756 ], [ -112.24991, 36.2739 ], [ -112.22881, 36.28211 ], [ -112.23513, 36.30582 ], [ -112.27517, 36.30619 ], [ -112.27664, 36.31626 ], [ -112.30814, 36.32244 ], [ -112.31527, 36.29491 ], [ -112.34996, 36.32875 ], [ -112.36021, 36.32709 ], [ -112.35714, 36.28577 ], [ -112.37891, 36.29181 ], [ -112.40047, 36.28201 ], [ -112.41871, 36.26256 ], [ -112.42067, 36.27703 ], [ -112.45097, 36.27477 ], [ -112.45097, 36.28623 ], [ -112.38826, 36.31111 ], [ -112.38373, 36.3491 ], [ -112.35909, 36.34141 ], [ -112.35831, 36.36127 ], [ -112.32655, 36.36624 ], [ -112.36222, 36.37829 ], [ -112.35702, 36.39215 ], [ -112.37314, 36.4044 ], [ -112.36345, 36.41137 ], [ -112.38811, 36.42765 ], [ -112.40433, 36.4168 ], [ -112.41667, 36.42702 ], [ -112.44232, 36.42527 ], [ -112.44628, 36.44377 ], [ -112.49361, 36.4506 ], [ -112.51938, 36.44379 ], [ -112.54237, 36.4601 ], [ -112.54777, 36.51018 ], [ -112.52612, 36.54441 ], [ -112.56093, 36.53088 ], [ -112.57675, 36.53663 ], [ -112.56931, 36.55464 ], [ -112.59698, 36.52951 ], [ -112.59484, 36.5185 ], [ -112.61692, 36.5104 ], [ -112.62663, 36.51715 ], [ -112.62847, 36.54064 ], [ -112.6148, 36.54654 ], [ -112.62845, 36.55546 ], [ -112.59417, 36.57155 ], [ -112.60857, 36.5817 ], [ -112.60799, 36.59874 ], [ -112.59367, 36.60015 ], [ -112.61542, 36.62672 ], [ -112.59379, 36.62942 ], [ -112.61292, 36.6374 ], [ -112.61364, 36.64884 ], [ -112.63207, 36.6461 ], [ -112.62375, 36.61133 ], [ -112.63247, 36.58439 ], [ -112.65921, 36.58076 ], [ -112.67015, 36.55839 ], [ -112.70836, 36.56987 ], [ -112.74002, 36.56663 ], [ -112.72566, 36.55281 ], [ -112.70175, 36.55374 ], [ -112.69368, 36.54094 ], [ -112.67488, 36.5433 ], [ -112.66504, 36.51891 ], [ -112.68796, 36.50467 ], [ -112.69373, 36.49193 ], [ -112.66783, 36.49452 ], [ -112.67134, 36.4742 ], [ -112.64808, 36.47453 ], [ -112.65815, 36.46157 ], [ -112.68104, 36.45383 ], [ -112.68778, 36.43633 ], [ -112.6685, 36.43401 ], [ -112.65831, 36.41312 ], [ -112.6422, 36.40968 ], [ -112.65296, 36.39508 ], [ -112.58701, 36.33877 ], [ -112.57365, 36.34155 ], [ -112.58701, 36.35635 ], [ -112.56517, 36.36255 ], [ -112.54865, 36.34687 ], [ -112.52044, 36.35392 ], [ -112.52198, 36.36378 ], [ -112.49752, 36.36352 ], [ -112.49743, 36.35181 ], [ -112.47588, 36.35384 ], [ -112.48089, 36.33632 ], [ -112.49903, 36.33213 ], [ -112.51704, 36.30469 ], [ -112.54528, 36.32563 ], [ -112.55926, 36.31643 ], [ -112.55702, 36.27717 ], [ -112.54099, 36.2393 ], [ -112.54914, 36.2258 ], [ -112.5287, 36.21153 ], [ -112.51637, 36.221 ], [ -112.47599, 36.20162 ], [ -112.48091, 36.18169 ], [ -112.46396, 36.15477 ], [ -112.43086, 36.15158 ], [ -112.42664, 36.17038 ], [ -112.39385, 36.18835 ], [ -112.34707, 36.1894 ], [ -112.35469, 36.15531 ], [ -112.33456, 36.15141 ], [ -112.35159, 36.12143 ], [ -112.32391, 36.12127 ], [ -112.32338, 36.10656 ], [ -112.28431, 36.10122 ], [ -112.27144, 36.07587 ], [ -112.24669, 36.09038 ], [ -112.21662, 36.07621 ], [ -112.23653, 36.05736 ], [ -112.21995, 36.05518 ], [ -112.20472, 36.07332 ], [ -112.17187, 36.05852 ], [ -112.16699, 36.07402 ], [ -112.15235, 36.07615 ], [ -112.13017, 36.06085 ], [ -112.12012, 36.06883 ], [ -112.08869, 36.04979 ], [ -112.08566, 36.061 ], [ -112.05543, 36.04712 ], [ -112.05825, 36.02175 ], [ -112.02793, 35.99885 ], [ -112.01455, 36.00572 ], [ -111.98603, 35.99928 ], [ -111.98049, 35.98348 ], [ -111.94414, 35.98484 ], [ -111.9169, 36.01521 ], [ -111.89013, 36.01109 ], [ -111.87548, 36.02776 ], [ -111.86491, 36.02168 ], [ -111.82706, 36.04667 ], [ -111.81088, 36.03795 ], [ -111.81753, 36.05673 ], [ -111.79167, 36.12252 ], [ -111.80643, 36.14962 ], [ -111.80483, 36.18022 ], [ -111.78283, 36.17841 ], [ -111.75878, 36.19007 ], [ -111.7403, 36.17268 ], [ -111.72199, 36.1789 ], [ -111.71239, 36.14913 ], [ -111.71744, 36.13282 ], [ -111.70014, 36.12643 ], [ -111.69609, 36.09751 ], [ -111.65937, 36.07576 ], [ -111.66327, 36.06236 ], [ -111.68171, 36.05741 ], [ -111.68276, 36.02691 ], [ -111.69696, 35.9776 ], [ -111.695, 35.96311 ], [ -111.67179, 35.96829 ], [ -111.67377, 35.94781 ], [ -111.64801, 35.95019 ], [ -111.65034, 35.96683 ], [ -111.66493, 35.96308 ], [ -111.67415, 35.98037 ], [ -111.68703, 35.97037 ], [ -111.66663, 36.0032 ], [ -111.66205, 36.04148 ], [ -111.65086, 36.06656 ], [ -111.6312, 36.07982 ], [ -111.6519, 36.08378 ], [ -111.678, 36.09977 ], [ -111.67384, 36.11653 ], [ -111.69844, 36.14432 ], [ -111.69578, 36.16818 ], [ -111.6591, 36.156 ], [ -111.6313, 36.14006 ], [ -111.62697, 36.14811 ], [ -111.64587, 36.17377 ], [ -111.61287, 36.19444 ], [ -111.6625, 36.17433 ], [ -111.69572, 36.18644 ], [ -111.69772, 36.21488 ], [ -111.71531, 36.19821 ], [ -111.7336, 36.20008 ], [ -111.73351, 36.2159 ], [ -111.77294, 36.20559 ], [ -111.79918, 36.21627 ], [ -111.92321, 36.18673 ] ] ] } },
{ "type": "Feature", "properties": { "fid": 60, "ZoneCode": "042011", "AbrvFull": "AZ GC3", "NameFull": "Arizona Grand Canyon Kanab Canyon-Diamond Creek", "ZoneNum": 11, "AbrvPart": "GC3", "NamePart": "Grand Canyon Kanab Canyon-Diamond Creek", "ZoneType": "Multizone partial", "StateAbrv": "AZ", "StateName": "Arizona", "ProjAbrv": "OMC", "ProjType": "Hotine Oblique Mercator, center", "LatOrigin": "36°51'N", "LonOriginE": "247°00'E", "LonOriginW": "113°00'W", "Lat0_deg": 36.85, "Lon0_E_deg": 247.0, "Lon0_W_deg": -113.0, "ProjScale": 1.000066, "SkewAz_deg": 19, "FalseN_m": 5410200.0, "FalseE_m": 7886700.0, "FalseN_ift": 17750000.0, "FalseE_ift": 25875000.0, "DesignBy": "State", "Ref_frame": "NATRF2022" }, "geometry": { "type": "Polygon", "coordinates": [ [ [ -112.65296, 36.39508 ], [ -112.66875, 36.39113 ], [ -112.67404, 36.37638 ], [ -112.69793, 36.38851 ], [ -112.70276, 36.37217 ], [ -112.725, 36.37164 ], [ -112.73839, 36.38147 ], [ -112.77438, 36.38368 ], [ -112.76454, 36.368 ], [ -112.7778, 36.36195 ], [ -112.7415, 36.33944 ], [ -112.77462, 36.33547 ], [ -112.77699, 36.32436 ], [ -112.79788, 36.32801 ], [ -112.8069, 36.30595 ], [ -112.84964, 36.29607 ], [ -112.84307, 36.32077 ], [ -112.83059, 36.33371 ], [ -112.85944, 36.32726 ], [ -112.87368, 36.34029 ], [ -112.86388, 36.34853 ], [ -112.88047, 36.36245 ], [ -112.866, 36.37611 ], [ -112.89443, 36.37322 ], [ -112.88988, 36.39819 ], [ -112.9089, 36.38024 ], [ -112.9174, 36.3917 ], [ -112.91982, 36.36177 ], [ -112.93766, 36.35928 ], [ -112.90732, 36.35037 ], [ -112.9096, 36.33541 ], [ -112.92403, 36.32996 ], [ -112.90743, 36.31599 ], [ -112.91095, 36.30366 ], [ -112.96507, 36.3053 ], [ -112.95765, 36.29198 ], [ -112.96143, 36.27114 ], [ -112.97706, 36.25154 ], [ -112.9813, 36.26772 ], [ -113.02133, 36.28006 ], [ -113.04997, 36.2407 ], [ -113.06325, 36.24467 ], [ -113.05252, 36.26535 ], [ -113.06569, 36.29261 ], [ -113.08187, 36.30061 ], [ -113.12024, 36.29175 ], [ -113.1295, 36.24182 ], [ -113.14704, 36.23849 ], [ -113.15809, 36.22226 ], [ -113.1409, 36.21538 ], [ -113.19174, 36.20004 ], [ -113.2057, 36.21075 ], [ -113.18313, 36.2234 ], [ -113.21316, 36.24416 ], [ -113.21215, 36.26505 ], [ -113.22952, 36.29081 ], [ -113.22545, 36.30606 ], [ -113.24862, 36.31496 ], [ -113.24548, 36.28155 ], [ -113.27534, 36.31796 ], [ -113.27514, 36.3004 ], [ -113.30159, 36.30036 ], [ -113.27229, 36.29111 ], [ -113.24413, 36.27266 ], [ -113.2401, 36.25576 ], [ -113.25295, 36.20686 ], [ -113.25107, 36.19062 ], [ -113.26667, 36.17424 ], [ -113.2925, 36.22741 ], [ -113.30387, 36.23672 ], [ -113.32625, 36.28211 ], [ -113.35782, 36.28664 ], [ -113.3505, 36.27357 ], [ -113.32839, 36.26394 ], [ -113.32768, 36.23315 ], [ -113.3164, 36.22036 ], [ -113.31805, 36.20171 ], [ -113.33546, 36.19668 ], [ -113.35993, 36.20816 ], [ -113.36715, 36.19263 ], [ -113.39587, 36.22975 ], [ -113.41574, 36.22133 ], [ -113.45539, 36.24056 ], [ -113.43037, 36.20893 ], [ -113.45292, 36.18871 ], [ -113.42482, 36.17186 ], [ -113.42361, 36.15572 ], [ -113.40507, 36.13915 ], [ -113.39578, 36.11154 ], [ -113.38906, 36.055 ], [ -113.406, 36.04563 ], [ -113.42497, 36.05553 ], [ -113.43279, 36.01643 ], [ -113.41643, 35.98738 ], [ -113.42656, 35.96995 ], [ -113.44195, 35.9736 ], [ -113.43642, 35.95074 ], [ -113.44115, 35.91631 ], [ -113.39872, 35.9455 ], [ -113.37143, 35.91636 ], [ -113.39658, 35.90644 ], [ -113.39895, 35.89077 ], [ -113.41816, 35.86302 ], [ -113.40601, 35.8374 ], [ -113.415, 35.82803 ], [ -113.4708, 35.8291 ], [ -113.37176, 35.75332 ], [ -113.43584, 35.68058 ], [ -113.42383, 35.67177 ], [ -113.45298, 35.63996 ], [ -113.45901, 35.60504 ], [ -113.49704, 35.59963 ], [ -113.4991, 35.58877 ], [ -113.47092, 35.56843 ], [ -113.45591, 35.58289 ], [ -113.40233, 35.58907 ], [ -113.41387, 35.60015 ], [ -113.39481, 35.60166 ], [ -113.4018, 35.61272 ], [ -113.38874, 35.62408 ], [ -113.39942, 35.63607 ], [ -113.36451, 35.65463 ], [ -113.36228, 35.67102 ], [ -113.34619, 35.69503 ], [ -113.36163, 35.71004 ], [ -113.35023, 35.72381 ], [ -113.30671, 35.71753 ], [ -113.29601, 35.69753 ], [ -113.2724, 35.68716 ], [ -113.27363, 35.69884 ], [ -113.25215, 35.71964 ], [ -113.23715, 35.7235 ], [ -113.18814, 35.6949 ], [ -113.18474, 35.72969 ], [ -113.1909, 35.76012 ], [ -113.18678, 35.77778 ], [ -113.19961, 35.79366 ], [ -113.1902, 35.82954 ], [ -113.20889, 35.81623 ], [ -113.21877, 35.79366 ], [ -113.24446, 35.78101 ], [ -113.24324, 35.83528 ], [ -113.2344, 35.84599 ], [ -113.24533, 35.86534 ], [ -113.23425, 35.90325 ], [ -113.21351, 35.91616 ], [ -113.20355, 35.93918 ], [ -113.17493, 35.93704 ], [ -113.19325, 35.95656 ], [ -113.15829, 35.95423 ], [ -113.17383, 35.96707 ], [ -113.21976, 35.97688 ], [ -113.22733, 35.99541 ], [ -113.24718, 35.99911 ], [ -113.26576, 35.98492 ], [ -113.29541, 35.99961 ], [ -113.30168, 36.01516 ], [ -113.27716, 36.01602 ], [ -113.28905, 36.02871 ], [ -113.26154, 36.05053 ], [ -113.25043, 36.04425 ], [ -113.26625, 36.02579 ], [ -113.24225, 36.01528 ], [ -113.21147, 36.01085 ], [ -113.20141, 36.0199 ], [ -113.20956, 36.04569 ], [ -113.19286, 36.04816 ], [ -113.19495, 36.06724 ], [ -113.17257, 36.0771 ], [ -113.14748, 36.07063 ], [ -113.15574, 36.09002 ], [ -113.1413, 36.10432 ], [ -113.15786, 36.1232 ], [ -113.14185, 36.13826 ], [ -113.12635, 36.13913 ], [ -113.12134, 36.12302 ], [ -113.10036, 36.12909 ], [ -113.10121, 36.15677 ], [ -113.0885, 36.13071 ], [ -113.10753, 36.07643 ], [ -113.09931, 36.04483 ], [ -113.09208, 36.05324 ], [ -113.09887, 36.07919 ], [ -113.07706, 36.09483 ], [ -113.05894, 36.12221 ], [ -113.06212, 36.15506 ], [ -113.04664, 36.16371 ], [ -113.05904, 36.17986 ], [ -113.04242, 36.18075 ], [ -113.02125, 36.19793 ], [ -112.99916, 36.17417 ], [ -112.99833, 36.124 ], [ -112.99237, 36.10705 ], [ -112.97933, 36.12469 ], [ -112.9683, 36.12304 ], [ -112.97542, 36.14698 ], [ -112.96701, 36.18397 ], [ -112.93254, 36.21191 ], [ -112.9178, 36.2143 ], [ -112.9109, 36.19226 ], [ -112.93863, 36.16502 ], [ -112.92812, 36.14752 ], [ -112.94138, 36.12682 ], [ -112.93176, 36.11119 ], [ -112.91992, 36.13589 ], [ -112.91092, 36.12475 ], [ -112.90929, 36.15972 ], [ -112.88314, 36.16354 ], [ -112.86688, 36.18606 ], [ -112.85002, 36.24464 ], [ -112.82435, 36.23487 ], [ -112.81853, 36.25077 ], [ -112.7941, 36.2531 ], [ -112.79651, 36.26845 ], [ -112.76797, 36.2678 ], [ -112.77126, 36.23038 ], [ -112.78249, 36.21712 ], [ -112.76687, 36.21101 ], [ -112.7687, 36.19335 ], [ -112.74272, 36.18708 ], [ -112.75101, 36.21429 ], [ -112.73419, 36.22434 ], [ -112.73479, 36.24055 ], [ -112.71705, 36.2495 ], [ -112.71054, 36.22653 ], [ -112.72156, 36.20455 ], [ -112.71281, 36.20282 ], [ -112.7308, 36.14588 ], [ -112.71966, 36.14451 ], [ -112.70553, 36.1713 ], [ -112.69017, 36.16879 ], [ -112.68144, 36.18735 ], [ -112.6698, 36.18847 ], [ -112.67145, 36.171 ], [ -112.65755, 36.16616 ], [ -112.67109, 36.14565 ], [ -112.65692, 36.13599 ], [ -112.67256, 36.12075 ], [ -112.65596, 36.12179 ], [ -112.66432, 36.09958 ], [ -112.64044, 36.11692 ], [ -112.62183, 36.1211 ], [ -112.60417, 36.07746 ], [ -112.61558, 36.06134 ], [ -112.61258, 36.04516 ], [ -112.57679, 36.05071 ], [ -112.52552, 36.02462 ], [ -112.51899, 36.03194 ], [ -112.55645, 36.05194 ], [ -112.59332, 36.06471 ], [ -112.58085, 36.08041 ], [ -112.59777, 36.11024 ], [ -112.59749, 36.12875 ], [ -112.57473, 36.13077 ], [ -112.56077, 36.11654 ], [ -112.56024, 36.14121 ], [ -112.58426, 36.14059 ], [ -112.58763, 36.15511 ], [ -112.61569, 36.15957 ], [ -112.6198, 36.16911 ], [ -112.60112, 36.19468 ], [ -112.57512, 36.20442 ], [ -112.63761, 36.20811 ], [ -112.6567, 36.21706 ], [ -112.66847, 36.23722 ], [ -112.65614, 36.24237 ], [ -112.67966, 36.26892 ], [ -112.69534, 36.27241 ], [ -112.66614, 36.29544 ], [ -112.63838, 36.28283 ], [ -112.62208, 36.26761 ], [ -112.613, 36.28168 ], [ -112.6157, 36.30847 ], [ -112.59963, 36.31006 ], [ -112.62043, 36.3214 ], [ -112.62504, 36.34272 ], [ -112.5853, 36.33102 ], [ -112.58701, 36.33877 ], [ -112.65296, 36.39508 ] ] ] } },
{ "type": "Feature", "properties": { "fid": 61, "ZoneCode": "042012", "AbrvFull": "AZ GC4", "NameFull": "Arizona Grand Canyon Diamond Creek-Hoover Dam", "ZoneNum": 12, "AbrvPart": "GC4", "NamePart": "Grand Canyon Diamond Creek-Hoover Dam", "ZoneType": "Multizone partial", "StateAbrv": "AZ", "StateName": "Arizona", "ProjAbrv": "OMC", "ProjType": "Hotine Oblique Mercator, center", "LatOrigin": "35°57'N", "LonOriginE": "245°57'E", "LonOriginW": "114°03'W", "Lat0_deg": 35.95, "Lon0_E_deg": 245.95, "Lon0_W_deg": -114.05, "ProjScale": 1.000049, "SkewAz_deg": 85, "FalseN_m": 5295900.0, "FalseE_m": 7200900.0, "FalseN_ift": 17375000.0, "FalseE_ift": 23625000.0, "DesignBy": "State", "Ref_frame": "NATRF2022" }, "geometry": { "type": "Polygon", "coordinates": [ [ [ -113.43584, 35.68058 ], [ -113.37176, 35.75332 ], [ -113.4708, 35.8291 ], [ -113.47091, 35.85691 ], [ -113.45934, 35.85833 ], [ -113.46541, 35.87774 ], [ -113.45161, 35.8732 ], [ -113.45285, 35.89294 ], [ -113.47665, 35.89367 ], [ -113.48256, 35.9146 ], [ -113.50465, 35.91781 ], [ -113.52561, 35.90931 ], [ -113.52843, 35.93666 ], [ -113.55729, 35.93854 ], [ -113.5438, 35.96695 ], [ -113.51183, 35.96647 ], [ -113.47805, 36.00196 ], [ -113.48135, 36.025 ], [ -113.49185, 36.03104 ], [ -113.47909, 36.07555 ], [ -113.50758, 36.04003 ], [ -113.51776, 36.04546 ], [ -113.51322, 36.0135 ], [ -113.54122, 35.99701 ], [ -113.56156, 36.06167 ], [ -113.54834, 36.0631 ], [ -113.58178, 36.08494 ], [ -113.57364, 36.06161 ], [ -113.59425, 36.07732 ], [ -113.58478, 36.04672 ], [ -113.60279, 36.02672 ], [ -113.58968, 36.02157 ], [ -113.61354, 35.98912 ], [ -113.63474, 35.98219 ], [ -113.64017, 35.96899 ], [ -113.65178, 35.98271 ], [ -113.62829, 36.01069 ], [ -113.63549, 36.03588 ], [ -113.65037, 36.04557 ], [ -113.64886, 36.10167 ], [ -113.66495, 36.0819 ], [ -113.69057, 36.06729 ], [ -113.69, 36.09599 ], [ -113.70237, 36.11153 ], [ -113.71228, 36.08616 ], [ -113.7321, 36.0947 ], [ -113.73577, 36.12642 ], [ -113.75051, 36.13441 ], [ -113.7775, 36.10632 ], [ -113.76758, 36.14129 ], [ -113.77494, 36.157 ], [ -113.84999, 36.157 ], [ -113.84999, 36.46 ], [ -114.04296, 36.46 ], [ -114.04555, 36.28883 ], [ -114.04393, 36.19335 ], [ -114.06678, 36.17908 ], [ -114.09698, 36.12082 ], [ -114.12177, 36.10569 ], [ -114.11228, 36.09405 ], [ -114.13619, 36.05323 ], [ -114.13483, 36.04387 ], [ -114.15339, 36.02317 ], [ -114.17467, 36.02667 ], [ -114.21192, 36.01483 ], [ -114.24385, 36.01526 ], [ -114.26437, 36.02791 ], [ -114.27085, 36.04552 ], [ -114.31441, 36.06052 ], [ -114.30416, 36.07558 ], [ -114.32879, 36.1059 ], [ -114.35895, 36.12779 ], [ -114.37017, 36.14262 ], [ -114.41248, 36.14651 ], [ -114.44372, 36.12559 ], [ -114.45647, 36.13803 ], [ -114.5047, 36.12718 ], [ -114.50809, 36.14971 ], [ -114.57108, 36.15109 ], [ -114.61544, 36.12965 ], [ -114.63046, 36.14221 ], [ -114.66433, 36.1163 ], [ -114.68183, 36.10919 ], [ -114.73407, 36.10467 ], [ -114.75449, 36.08617 ], [ -114.73507, 36.05443 ], [ -114.74125, 36.03804 ], [ -114.72208, 36.02895 ], [ -114.73722, 36.01621 ], [ -114.66999, 36.01621 ], [ -114.66999, 36.07 ], [ -114.52999, 36.07 ], [ -114.52999, 35.92 ], [ -114.45999, 35.92 ], [ -114.42999, 35.98 ], [ -114.12999, 35.98 ], [ -114.08999, 36.05872 ], [ -113.94598, 36.05872 ], [ -113.92868, 36.05108 ], [ -113.90344, 36.06137 ], [ -113.89446, 36.04494 ], [ -113.86742, 36.04292 ], [ -113.86948, 36.02497 ], [ -113.8356, 36.0274 ], [ -113.82194, 36.03649 ], [ -113.80837, 36.02353 ], [ -113.79422, 35.98939 ], [ -113.78248, 35.97841 ], [ -113.77864, 35.9553 ], [ -113.83, 35.92913 ], [ -113.80197, 35.93105 ], [ -113.80297, 35.92228 ], [ -113.76452, 35.93963 ], [ -113.73655, 35.92442 ], [ -113.72699, 35.89122 ], [ -113.78493, 35.85269 ], [ -113.72982, 35.87274 ], [ -113.7155, 35.85107 ], [ -113.73614, 35.84458 ], [ -113.70853, 35.82712 ], [ -113.66404, 35.82084 ], [ -113.68814, 35.7992 ], [ -113.67781, 35.79182 ], [ -113.69952, 35.77788 ], [ -113.67359, 35.78239 ], [ -113.63922, 35.76236 ], [ -113.6464, 35.75319 ], [ -113.6266, 35.74809 ], [ -113.62218, 35.73593 ], [ -113.63352, 35.70862 ], [ -113.67487, 35.66056 ], [ -113.64737, 35.66907 ], [ -113.62514, 35.69358 ], [ -113.59318, 35.70417 ], [ -113.57359, 35.69796 ], [ -113.55216, 35.70416 ], [ -113.52069, 35.69219 ], [ -113.48329, 35.68758 ], [ -113.4486, 35.68881 ], [ -113.43584, 35.68058 ] ] ] } },
{ "type": "Feature", "properties": { "fid": 62, "ZoneCode": "042013", "AbrvFull": "AZ LEMN", "NameFull": "Arizona Mount Lemmon", "ZoneNum": 13, "AbrvPart": "LEMN", "NamePart": "Mount Lemmon", "ZoneType": "Multizone partial", "StateAbrv": "AZ", "StateName": "Arizona", "ProjAbrv": "LC1", "ProjType": "Lambert Conformal Conic, one parallel", "LatOrigin": "30°30'N", "LonOriginE": "249°15'E", "LonOriginW": "110°45'W", "Lat0_deg": 30.5, "Lon0_E_deg": 249.25, "Lon0_W_deg": -110.75, "ProjScale": 0.9998, "SkewAz_deg": -9999, "FalseN_m": 3276600.0, "FalseE_m": 8382000.0, "FalseN_ift": 10750000.0, "FalseE_ift": 27500000.0, "DesignBy": "State", "Ref_frame": "NATRF2022" }, "geometry": { "type": "Polygon", "coordinates": [ [ [ -110.83999, 32.37 ], [ -110.68999, 32.37 ], [ -110.68999, 32.5 ], [ -110.83999, 32.5 ], [ -110.83999, 32.37 ] ] ] } },
{ "type": "Feature", "properties": { "fid": 63, "ZoneCode": "042014", "AbrvFull": "AZ MING", "NameFull": "Arizona Mingus Mountain", "ZoneNum": 14, "AbrvPart": "MING", "NamePart": "Mingus Mountain", "ZoneType": "Multizone partial", "StateAbrv": "AZ", "StateName": "Arizona", "ProjAbrv": "OMC", "ProjType": "Hotine Oblique Mercator, center", "LatOrigin": "34°42'N", "LonOriginE": "247°51'E", "LonOriginW": "112°09'W", "Lat0_deg": 34.7, "Lon0_E_deg": 247.85, "Lon0_W_deg": -112.15, "ProjScale": 1.00031, "SkewAz_deg": 42, "FalseN_m": 5029200.0, "FalseE_m": 7162800.0, "FalseN_ift": 16500000.0, "FalseE_ift": 23500000.0, "DesignBy": "State", "Ref_frame": "NATRF2022" }, "geometry": { "type": "Polygon", "coordinates": [ [ [ -112.19999, 34.62 ], [ -112.04999, 34.62 ], [ -112.14999, 34.79 ], [ -112.19999, 34.79 ], [ -112.19999, 34.62 ] ] ] } },
{ "type": "Feature", "properties": { "fid": 64, "ZoneCode": "042015", "AbrvFull": "AZ OKCN", "NameFull": "Arizona Oak Creek Canyon", "ZoneNum": 15, "AbrvPart": "OKCN", "NamePart": "Oak Creek Canyon", "ZoneType": "Multizone partial", "StateAbrv": "AZ", "StateName": "Arizona", "ProjAbrv": "LC1", "ProjType": "Lambert Conformal Conic, one parallel", "LatOrigin": "34°00'N", "LonOriginE": "248°18'E", "LonOriginW": "111°42'W", "Lat0_deg": 34.0, "Lon0_E_deg": 248.3, "Lon0_W_deg": -111.7, "ProjScale": 1.00012, "SkewAz_deg": -9999, "FalseN_m": 4914900.0, "FalseE_m": 7467600.0, "FalseN_ift": 16125000.0, "FalseE_ift": 24500000.0, "DesignBy": "State", "Ref_frame": "NATRF2022" }, "geometry": { "type": "Polygon", "coordinates": [ [ [ -111.69999, 35.07 ], [ -111.77999, 35.07 ], [ -111.77999, 34.89 ], [ -111.66999, 34.89 ], [ -111.66999, 34.94 ], [ -111.69999, 34.94 ], [ -111.69999, 35.07 ] ] ] } },
{ "type": "Feature", "properties": { "fid": 65, "ZoneCode": "042016", "AbrvFull": "AZ SNOW", "NameFull": "Arizona Snowbowl", "ZoneNum": 16, "AbrvPart": "SNOW", "NamePart": "Snowbowl", "ZoneType": "Multizone partial", "StateAbrv": "AZ", "StateName": "Arizona", "ProjAbrv": "LC1", "ProjType": "Lambert Conformal Conic, one parallel", "LatOrigin": "36°15'N", "LonOriginE": "248°09'E", "LonOriginW": "111°51'W", "Lat0_deg": 36.25, "Lon0_E_deg": 248.15, "Lon0_W_deg": -111.85, "ProjScale": 1.00026, "SkewAz_deg": -9999, "FalseN_m": 5105400.0, "FalseE_m": 8382000.0, "FalseN_ift": 16750000.0, "FalseE_ift": 27500000.0, "DesignBy": "State", "Ref_frame": "NATRF2022" }, "geometry": { "type": "Polygon", "coordinates": [ [ [ -112.03999, 35.48 ], [ -111.89999, 35.48 ], [ -111.89999, 35.31 ], [ -111.79999, 35.31 ], [ -111.79999, 35.29 ], [ -111.73999, 35.29 ], [ -111.64999, 35.25 ], [ -111.62499, 35.25 ], [ -111.62499, 35.23 ], [ -111.58999, 35.23 ], [ -111.58999, 35.42 ], [ -111.83999, 35.57 ], [ -111.96999, 35.57 ], [ -112.03999, 35.48 ] ] ] } },
{ "type": "Feature", "properties": { "fid": 66, "ZoneCode": "042017", "AbrvFull": "AZ WLCR", "NameFull": "Arizona Interstate 40 Willow Creek", "ZoneNum": 17, "AbrvPart": "WLCR", "NamePart": "Interstate 40 Willow Creek", "ZoneType": "Multizone partial", "StateAbrv": "AZ", "StateName": "Arizona", "ProjAbrv": "LC1", "ProjType": "Lambert Conformal Conic, one parallel", "LatOrigin": "33°30'N", "LonOriginE": "246°36'E", "LonOriginW": "113°24'W", "Lat0_deg": 33.5, "Lon0_E_deg": 246.6, "Lon0_W_deg": -113.4, "ProjScale": 0.999795, "SkewAz_deg": -9999, "FalseN_m": 5143500.0, "FalseE_m": 6858000.0, "FalseN_ift": 16875000.0, "FalseE_ift": 22500000.0, "DesignBy": "State", "Ref_frame": "NATRF2022" }, "geometry": { "type": "Polygon", "coordinates": [ [ [ -113.55999, 35.1 ], [ -113.23999, 35.15 ], [ -113.23999, 35.27 ], [ -113.55999, 35.22 ], [ -113.55999, 35.1 ] ] ] } },
{ "type": "Feature", "properties": { "fid": 67, "ZoneCode": "042018", "AbrvFull": "AZ WTRV", "NameFull": "Arizona Whiteriver", "ZoneNum": 18, "AbrvPart": "WTRV", "NamePart": "Whiteriver", "ZoneType": "Multizone partial", "StateAbrv": "AZ", "StateName": "Arizona", "ProjAbrv": "LC1", "ProjType": "Lambert Conformal Conic, one parallel", "LatOrigin": "32°51'N", "LonOriginE": "249°57'E", "LonOriginW": "110°03'W", "Lat0_deg": 32.85, "Lon0_E_deg": 249.95, "Lon0_W_deg": -110.05, "ProjScale": 1.00009, "SkewAz_deg": -9999, "FalseN_m": 4305300.0, "FalseE_m": 8382000.0, "FalseN_ift": 14125000.0, "FalseE_ift": 27500000.0, "DesignBy": "State", "Ref_frame": "NATRF2022" }, "geometry": { "type": "Polygon", "coordinates": [ [ [ -110.24999, 33.77 ], [ -109.83999, 33.77 ], [ -109.83999, 34.06 ], [ -110.24999, 33.93 ], [ -110.24999, 33.77 ] ] ] } },
{ "type": "Feature", "properties": { "fid": 68, "ZoneCode": "062001", "AbrvFull": "CA LA", "NameFull": "California Los Angeles", "ZoneNum": 1, "AbrvPart": "LA", "NamePart": "Los Angeles", "ZoneType": "Multizone partial", "StateAbrv": "CA", "StateName": "California", "ProjAbrv": "OMC", "ProjType": "Hotine Oblique Mercator, center", "LatOrigin": "33°48'N", "LonOriginE": "241°45'E", "LonOriginW": "118°15'W", "Lat0_deg": 33.8, "Lon0_E_deg": 241.75, "Lon0_W_deg": -118.25, "ProjScale": 1.00001, "SkewAz_deg": -71, "FalseN_m": 76200.0, "FalseE_m": 495300.0, "FalseN_ift": 250000.0, "FalseE_ift": 1625000.0, "DesignBy": "State", "Ref_frame": "NATRF2022" }, "geometry": { "type": "MultiPolygon", "coordinates": [ [ [ [ -120.33855, 34.12168 ], [ -120.36196, 34.14878 ], [ -120.41877, 34.16057 ], [ -120.44099, 34.15448 ], [ -120.47164, 34.1341 ], [ -120.49736, 34.14989 ], [ -120.5381, 34.15034 ], [ -120.56098, 34.14066 ], [ -120.58225, 34.10751 ], [ -120.57379, 34.07596 ], [ -120.55004, 34.05728 ], [ -120.52337, 34.05113 ], [ -120.51877, 34.01408 ], [ -120.49771, 33.9912 ], [ -120.46676, 33.97611 ], [ -120.41175, 33.97704 ], [ -120.36706, 33.96103 ], [ -120.33224, 33.96842 ], [ -120.29896, 33.96845 ], [ -120.28002, 33.95394 ], [ -120.27308, 33.92957 ], [ -120.23871, 33.9041 ], [ -120.22111, 33.88418 ], [ -120.13991, 33.8448 ], [ -120.10407, 33.84239 ], [ -120.07064, 33.85649 ], [ -120.01932, 33.87055 ], [ -119.98083, 33.89231 ], [ -119.95028, 33.89437 ], [ -119.92878, 33.90547 ], [ -119.90475, 33.93967 ], [ -119.86194, 33.91083 ], [ -119.82319, 33.89939 ], [ -119.78936, 33.91013 ], [ -119.70748, 33.91038 ], [ -119.63672, 33.93827 ], [ -119.60207, 33.93676 ], [ -119.53281, 33.94987 ], [ -119.49228, 33.98321 ], [ -119.47263, 33.97064 ], [ -119.43295, 33.9559 ], [ -119.38044, 33.95361 ], [ -119.31843, 33.9749 ], [ -119.29622, 33.99724 ], [ -119.2931, 34.02015 ], [ -119.30514, 34.04745 ], [ -119.34245, 34.06896 ], [ -119.36786, 34.07041 ], [ -119.39699, 34.06379 ], [ -119.4373, 34.06771 ], [ -119.46783, 34.06293 ], [ -119.51209, 34.09346 ], [ -119.5384, 34.10541 ], [ -119.56551, 34.10881 ], [ -119.61425, 34.09943 ], [ -119.65492, 34.07121 ], [ -119.69299, 34.09485 ], [ -119.74521, 34.11091 ], [ -119.79259, 34.10637 ], [ -119.82921, 34.1187 ], [ -119.87597, 34.12623 ], [ -119.92878, 34.1299 ], [ -119.96546, 34.11256 ], [ -119.99163, 34.06486 ], [ -120.01949, 34.08771 ], [ -120.04514, 34.0906 ], [ -120.08027, 34.0864 ], [ -120.1029, 34.07449 ], [ -120.12012, 34.07894 ], [ -120.17111, 34.07331 ], [ -120.1941, 34.05872 ], [ -120.25283, 34.05803 ], [ -120.28464, 34.09475 ], [ -120.33855, 34.12168 ] ] ], [ [ [ -119.47248, 34.90137 ], [ -119.53574, 34.89757 ], [ -119.57834, 34.92187 ], [ -119.61605, 34.95057 ], [ -119.64425, 34.95357 ], [ -119.67295, 34.97337 ], [ -119.70055, 34.97667 ], [ -119.74555, 34.97367 ], [ -119.80101, 34.99886 ], [ -119.83081, 35.00578 ], [ -119.8545, 35.03215 ], [ -119.87826, 35.03971 ], [ -119.90195, 35.03579 ], [ -119.9284, 35.05979 ], [ -119.94271, 35.05444 ], [ -119.98011, 35.05757 ], [ -120.0328, 35.08782 ], [ -120.04402, 35.08599 ], [ -120.0724, 35.10471 ], [ -120.09692, 35.10959 ], [ -120.1359, 35.09785 ], [ -120.1429, 35.08221 ], [ -120.1676, 35.07529 ], [ -120.18488, 35.04845 ], [ -120.18837, 35.03037 ], [ -120.23178, 35.02051 ], [ -120.25214, 35.02902 ], [ -120.2786, 35.01156 ], [ -120.30991, 35.00922 ], [ -120.32381, 35.01731 ], [ -120.33453, 35.00631 ], [ -120.3271, 34.98652 ], [ -120.30193, 34.96338 ], [ -120.29217, 34.93031 ], [ -120.30181, 34.90557 ], [ -120.31828, 34.90703 ], [ -120.32829, 34.92582 ], [ -120.36123, 34.94646 ], [ -120.43546, 34.98676 ], [ -120.49621, 34.99315 ], [ -120.53856, 34.98375 ], [ -120.55491, 34.97388 ], [ -120.57518, 34.97829 ], [ -120.5855, 34.96722 ], [ -120.60218, 34.97275 ], [ -120.63413, 34.95956 ], [ -120.6491, 34.9746 ], [ -120.70278, 34.99997 ], [ -120.71482, 34.96263 ], [ -120.72573, 34.9465 ], [ -120.73381, 34.89604 ], [ -120.71295, 34.8629 ], [ -120.67327, 34.83862 ], [ -120.70208, 34.74833 ], [ -120.69712, 34.73575 ], [ -120.66468, 34.69634 ], [ -120.68647, 34.64502 ], [ -120.70717, 34.61621 ], [ -120.71274, 34.56829 ], [ -120.68451, 34.52713 ], [ -120.64235, 34.50376 ], [ -120.59432, 34.50407 ], [ -120.55942, 34.48846 ], [ -120.53565, 34.45269 ], [ -120.52363, 34.4195 ], [ -120.50098, 34.40313 ], [ -120.45098, 34.39118 ], [ -120.36732, 34.40848 ], [ -120.3245, 34.40974 ], [ -120.28711, 34.41761 ], [ -120.24059, 34.41745 ], [ -120.13511, 34.42206 ], [ -120.09066, 34.40928 ], [ -120.0448, 34.41245 ], [ -119.92788, 34.37499 ], [ -119.89849, 34.36035 ], [ -119.83791, 34.35431 ], [ -119.79705, 34.36533 ], [ -119.73201, 34.33969 ], [ -119.70758, 34.33732 ], [ -119.6661, 34.35446 ], [ -119.65134, 34.3667 ], [ -119.61745, 34.36873 ], [ -119.58478, 34.36166 ], [ -119.55581, 34.34502 ], [ -119.50094, 34.32692 ], [ -119.46698, 34.29366 ], [ -119.42861, 34.27778 ], [ -119.40198, 34.27225 ], [ -119.37592, 34.24988 ], [ -119.33591, 34.23752 ], [ -119.28573, 34.1408 ], [ -119.25093, 34.1062 ], [ -119.21798, 34.06249 ], [ -119.15895, 34.04025 ], [ -119.11678, 34.02982 ], [ -119.02739, 34.01492 ], [ -118.95241, 33.99296 ], [ -118.88729, 33.98722 ], [ -118.82488, 33.94904 ], [ -118.77902, 33.95452 ], [ -118.74638, 33.9755 ], [ -118.65015, 33.98511 ], [ -118.55734, 33.98767 ], [ -118.52343, 33.95305 ], [ -118.5009, 33.91862 ], [ -118.44724, 33.84876 ], [ -118.44395, 33.83905 ], [ -118.48447, 33.80315 ], [ -118.48556, 33.75366 ], [ -118.46695, 33.72552 ], [ -118.42862, 33.70126 ], [ -118.38592, 33.68671 ], [ -118.3454, 33.66342 ], [ -118.31912, 33.65954 ], [ -118.27423, 33.66343 ], [ -118.23699, 33.69059 ], [ -118.16582, 33.69156 ], [ -118.12589, 33.69715 ], [ -118.09646, 33.65365 ], [ -118.0336, 33.60935 ], [ -118.00021, 33.59274 ], [ -117.93403, 33.54925 ], [ -117.81634, 33.49087 ], [ -117.79325, 33.46978 ], [ -117.76513, 33.43154 ], [ -117.73532, 33.40743 ], [ -117.71356, 33.40877 ], [ -117.61107, 33.33399 ], [ -117.57847, 33.45392 ], [ -117.53842, 33.45564 ], [ -117.50957, 33.47166 ], [ -117.50971, 33.50502 ], [ -117.36426, 33.50502 ], [ -117.37091, 33.49055 ], [ -117.24165, 33.44892 ], [ -117.24126, 33.43199 ], [ -117.13643, 33.43247 ], [ -117.03074, 33.43002 ], [ -117.03085, 33.42693 ], [ -116.61767, 33.42735 ], [ -116.49999, 33.42683 ], [ -116.49999, 34.65 ], [ -117.66694, 34.65 ], [ -117.66744, 34.82252 ], [ -117.77492, 34.8233 ], [ -117.98766, 34.82262 ], [ -118.20409, 34.82016 ], [ -118.48453, 34.81821 ], [ -118.85399, 34.81775 ], [ -118.8541, 34.80328 ], [ -118.87671, 34.8032 ], [ -118.89462, 34.81797 ], [ -118.88039, 34.78865 ], [ -118.97801, 34.78981 ], [ -118.97791, 34.81171 ], [ -119.24252, 34.81432 ], [ -119.24257, 34.85759 ], [ -119.27723, 34.85728 ], [ -119.27642, 34.87248 ], [ -119.38184, 34.87399 ], [ -119.38369, 34.90081 ], [ -119.47248, 34.90137 ] ] ] ] } },
{ "type": "Feature", "properties": { "fid": 69, "ZoneCode": "062002", "AbrvFull": "CA SF", "NameFull": "California San Francisco", "ZoneNum": 2, "AbrvPart": "SF", "NamePart": "San Francisco", "ZoneType": "Multizone partial", "StateAbrv": "CA", "StateName": "California", "ProjAbrv": "OMC", "ProjType": "Hotine Oblique Mercator, center", "LatOrigin": "37°45'N", "LonOriginE": "237°51'E", "LonOriginW": "122°09'W", "Lat0_deg": 37.75, "Lon0_E_deg": 237.85, "Lon0_W_deg": -122.15, "ProjScale": 1.0, "SkewAz_deg": -22, "FalseN_m": 342900.0, "FalseE_m": 647700.0, "FalseN_ift": 1125000.0, "FalseE_ift": 2125000.0, "DesignBy": "State", "Ref_frame": "NATRF2022" }, "geometry": { "type": "Polygon", "coordinates": [ [ [ -120.70278, 34.99997 ], [ -120.6491, 34.9746 ], [ -120.63413, 34.95956 ], [ -120.60218, 34.97275 ], [ -120.5855, 34.96722 ], [ -120.57518, 34.97829 ], [ -120.55491, 34.97388 ], [ -120.53856, 34.98375 ], [ -120.49621, 34.99315 ], [ -120.43546, 34.98676 ], [ -120.36123, 34.94646 ], [ -120.32829, 34.92582 ], [ -120.31828, 34.90703 ], [ -120.30181, 34.90557 ], [ -120.29217, 34.93031 ], [ -120.30193, 34.96338 ], [ -120.3271, 34.98652 ], [ -120.33453, 35.00631 ], [ -120.32381, 35.01731 ], [ -120.30991, 35.00922 ], [ -120.2786, 35.01156 ], [ -120.25214, 35.02902 ], [ -120.23178, 35.02051 ], [ -120.18837, 35.03037 ], [ -120.18488, 35.04845 ], [ -120.1676, 35.07529 ], [ -120.1429, 35.08221 ], [ -120.1359, 35.09785 ], [ -120.09692, 35.10959 ], [ -120.0724, 35.10471 ], [ -120.04402, 35.08599 ], [ -120.0328, 35.08782 ], [ -119.98011, 35.05757 ], [ -119.94271, 35.05444 ], [ -119.9284, 35.05979 ], [ -119.90195, 35.03579 ], [ -119.87826, 35.03971 ], [ -119.8545, 35.03215 ], [ -119.83081, 35.00578 ], [ -119.80101, 34.99886 ], [ -119.74555, 34.97367 ], [ -119.70055, 34.97667 ], [ -119.67295, 34.97337 ], [ -119.64425, 34.95357 ], [ -119.61605, 34.95057 ], [ -119.57834, 34.92187 ], [ -119.53574, 34.89757 ], [ -119.47248, 34.90137 ], [ -119.47254, 35.07667 ], [ -119.49052, 35.07668 ], [ -119.49037, 35.09164 ], [ -119.56174, 35.08783 ], [ -119.5538, 35.18012 ], [ -119.66729, 35.17498 ], [ -119.66657, 35.26263 ], [ -119.80939, 35.26369 ], [ -119.8092, 35.35094 ], [ -119.88034, 35.35112 ], [ -119.88003, 35.43913 ], [ -119.99314, 35.43947 ], [ -119.99743, 35.4687 ], [ -120.0151, 35.46883 ], [ -120.01429, 35.48339 ], [ -120.03285, 35.48349 ], [ -120.033, 35.49829 ], [ -120.05091, 35.49824 ], [ -120.051, 35.51306 ], [ -120.06899, 35.51293 ], [ -120.06876, 35.52655 ], [ -120.08675, 35.52643 ], [ -120.08617, 35.61439 ], [ -120.19397, 35.61439 ], [ -120.19435, 35.78936 ], [ -120.21396, 35.78927 ], [ -120.22065, 35.81954 ], [ -120.24452, 35.82398 ], [ -120.25929, 35.84505 ], [ -120.24023, 35.86592 ], [ -120.24326, 35.87767 ], [ -120.27575, 35.90588 ], [ -120.32425, 35.90883 ], [ -120.33587, 35.93709 ], [ -120.3565, 35.94805 ], [ -120.35981, 35.96397 ], [ -120.40781, 35.97573 ], [ -120.43304, 35.96893 ], [ -120.44969, 35.98843 ], [ -120.47738, 36.00082 ], [ -120.47868, 36.01018 ], [ -120.54039, 36.03666 ], [ -120.59229, 36.07188 ], [ -120.59012, 36.0898 ], [ -120.60059, 36.10158 ], [ -120.61515, 36.09516 ], [ -120.64877, 36.10799 ], [ -120.66483, 36.14034 ], [ -120.66797, 36.16057 ], [ -120.65461, 36.16772 ], [ -120.63813, 36.19754 ], [ -120.6269, 36.20322 ], [ -120.68182, 36.25104 ], [ -120.67261, 36.28049 ], [ -120.68271, 36.29444 ], [ -120.65879, 36.31623 ], [ -120.62999, 36.3169 ], [ -120.59655, 36.32848 ], [ -120.59714, 36.48823 ], [ -120.60369, 36.48824 ], [ -120.74942, 36.60529 ], [ -120.93367, 36.75189 ], [ -121.14151, 36.83665 ], [ -121.15279, 36.8656 ], [ -121.19826, 36.91433 ], [ -121.2217, 36.91036 ], [ -121.23467, 36.92689 ], [ -121.21178, 36.95711 ], [ -121.24587, 36.98303 ], [ -121.23312, 36.99934 ], [ -121.24597, 37.02557 ], [ -121.22449, 37.03974 ], [ -121.22337, 37.0575 ], [ -121.20962, 37.06824 ], [ -121.243, 37.09271 ], [ -121.21732, 37.12304 ], [ -121.2377, 37.15758 ], [ -121.26228, 37.15947 ], [ -121.28226, 37.18367 ], [ -121.29772, 37.16643 ], [ -121.32839, 37.16595 ], [ -121.35455, 37.18389 ], [ -121.38454, 37.1655 ], [ -121.38354, 37.15148 ], [ -121.40462, 37.15599 ], [ -121.41685, 37.21126 ], [ -121.45574, 37.24944 ], [ -121.45904, 37.28274 ], [ -121.40574, 37.31099 ], [ -121.42363, 37.35883 ], [ -121.41253, 37.38943 ], [ -121.45664, 37.39553 ], [ -121.47259, 37.42334 ], [ -121.4629, 37.45149 ], [ -121.48676, 37.47565 ], [ -121.46926, 37.48968 ], [ -121.49317, 37.50242 ], [ -121.5044, 37.52586 ], [ -121.54182, 37.53021 ], [ -121.55664, 37.54273 ], [ -121.55705, 37.81575 ], [ -121.53423, 37.84989 ], [ -121.55311, 37.86096 ], [ -121.56259, 37.85335 ], [ -121.57941, 37.8723 ], [ -121.57281, 37.9043 ], [ -121.55726, 37.93224 ], [ -121.56512, 37.95985 ], [ -121.58245, 37.98392 ], [ -121.5696, 38.00316 ], [ -121.57277, 38.01691 ], [ -121.55751, 38.01661 ], [ -121.57215, 38.04141 ], [ -121.58437, 38.03602 ], [ -121.58219, 38.06842 ], [ -121.57291, 38.07424 ], [ -121.58001, 38.09441 ], [ -121.62736, 38.09836 ], [ -121.63807, 38.08613 ], [ -121.66185, 38.09561 ], [ -121.67925, 38.08932 ], [ -121.68145, 38.06124 ], [ -121.69975, 38.04522 ], [ -121.73781, 38.02663 ], [ -121.77747, 38.01891 ], [ -121.81329, 38.02053 ], [ -121.83211, 38.0311 ], [ -121.84164, 38.05197 ], [ -121.86158, 38.06988 ], [ -121.84321, 38.07665 ], [ -121.8279, 38.06622 ], [ -121.79638, 38.06084 ], [ -121.74315, 38.08723 ], [ -121.71391, 38.08454 ], [ -121.70647, 38.11185 ], [ -121.69208, 38.13312 ], [ -121.68563, 38.15964 ], [ -121.66289, 38.18187 ], [ -121.6154, 38.19569 ], [ -121.60243, 38.22041 ], [ -121.60524, 38.29535 ], [ -121.59326, 38.31309 ], [ -121.69368, 38.31373 ], [ -121.69466, 38.52705 ], [ -121.71202, 38.53796 ], [ -121.73858, 38.5377 ], [ -121.7647, 38.52591 ], [ -121.81331, 38.52602 ], [ -121.8601, 38.53851 ], [ -121.88841, 38.53782 ], [ -121.90895, 38.52957 ], [ -121.94027, 38.53338 ], [ -122.01166, 38.48899 ], [ -122.03245, 38.4943 ], [ -122.05692, 38.51727 ], [ -122.10411, 38.51336 ], [ -122.13437, 38.60463 ], [ -122.14934, 38.62546 ], [ -122.16402, 38.61789 ], [ -122.15916, 38.63511 ], [ -122.16635, 38.65545 ], [ -122.18066, 38.65714 ], [ -122.2021, 38.67774 ], [ -122.20694, 38.69595 ], [ -122.22271, 38.69942 ], [ -122.22373, 38.72254 ], [ -122.24882, 38.75579 ], [ -122.2543, 38.78119 ], [ -122.28764, 38.83997 ], [ -122.32403, 38.84625 ], [ -122.34767, 38.83638 ], [ -122.39221, 38.85876 ], [ -122.40115, 38.85578 ], [ -122.37535, 38.82645 ], [ -122.37972, 38.80215 ], [ -122.39769, 38.80486 ], [ -122.40897, 38.77609 ], [ -122.4641, 38.70613 ], [ -122.62676, 38.67078 ], [ -122.64655, 38.70617 ], [ -122.69182, 38.71094 ], [ -122.71036, 38.73208 ], [ -122.73532, 38.77788 ], [ -122.7482, 38.78779 ], [ -122.74873, 38.80419 ], [ -122.81764, 38.84984 ], [ -123.08098, 38.85243 ], [ -123.08121, 38.8384 ], [ -123.13662, 38.83944 ], [ -123.13624, 38.80913 ], [ -123.36838, 38.80664 ], [ -123.36822, 38.77706 ], [ -123.49914, 38.77832 ], [ -123.52095, 38.75857 ], [ -123.53373, 38.7684 ], [ -123.63248, 38.75812 ], [ -123.59195, 38.74022 ], [ -123.57799, 38.71758 ], [ -123.51056, 38.68089 ], [ -123.48853, 38.65146 ], [ -123.47051, 38.63857 ], [ -123.45614, 38.61478 ], [ -123.39414, 38.55394 ], [ -123.36091, 38.5102 ], [ -123.32379, 38.49861 ], [ -123.30673, 38.47868 ], [ -123.26917, 38.45757 ], [ -123.2202, 38.44195 ], [ -123.18845, 38.40286 ], [ -123.16474, 38.38833 ], [ -123.15048, 38.36169 ], [ -123.1343, 38.34578 ], [ -123.14131, 38.31133 ], [ -123.13451, 38.29626 ], [ -123.05195, 38.21585 ], [ -123.03893, 38.19752 ], [ -123.0272, 38.16417 ], [ -123.0148, 38.14913 ], [ -123.06378, 38.03648 ], [ -123.08118, 38.01897 ], [ -123.08386, 37.98336 ], [ -123.06795, 37.95867 ], [ -123.02249, 37.94206 ], [ -122.95321, 37.94109 ], [ -122.91338, 37.95976 ], [ -122.90227, 37.97738 ], [ -122.88928, 37.97411 ], [ -122.85044, 37.94558 ], [ -122.83888, 37.91891 ], [ -122.81412, 37.90108 ], [ -122.78901, 37.89376 ], [ -122.77913, 37.87613 ], [ -122.75245, 37.8577 ], [ -122.71583, 37.84562 ], [ -122.67564, 37.84851 ], [ -122.61227, 37.81522 ], [ -122.58816, 37.78936 ], [ -122.58127, 37.7602 ], [ -122.56748, 37.63918 ], [ -122.58644, 37.59253 ], [ -122.58644, 37.56191 ], [ -122.57955, 37.54587 ], [ -122.57495, 37.49994 ], [ -122.56808, 37.47921 ], [ -122.54698, 37.45785 ], [ -122.50987, 37.44155 ], [ -122.50353, 37.4119 ], [ -122.48744, 37.38832 ], [ -122.46585, 37.34124 ], [ -122.48403, 37.24994 ], [ -122.4641, 37.17784 ], [ -122.44562, 37.15003 ], [ -122.42133, 37.13507 ], [ -122.3969, 37.10988 ], [ -122.39534, 37.09374 ], [ -122.37607, 37.06564 ], [ -122.3364, 37.05385 ], [ -122.31388, 37.05476 ], [ -122.27636, 37.02483 ], [ -122.26564, 37.00012 ], [ -122.25107, 36.98583 ], [ -122.17201, 36.94268 ], [ -122.13055, 36.92533 ], [ -122.07638, 36.9102 ], [ -122.0683, 36.87495 ], [ -122.00111, 36.6477 ], [ -122.01258, 36.63856 ], [ -122.04273, 36.59662 ], [ -122.03744, 36.56038 ], [ -122.01744, 36.5374 ], [ -122.02198, 36.5089 ], [ -121.99946, 36.46645 ], [ -121.99409, 36.43506 ], [ -121.98103, 36.41963 ], [ -121.97038, 36.38336 ], [ -121.97186, 36.35783 ], [ -121.95904, 36.2871 ], [ -121.94682, 36.27179 ], [ -121.91125, 36.24875 ], [ -121.88018, 36.21031 ], [ -121.85014, 36.19234 ], [ -121.80234, 36.1783 ], [ -121.77068, 36.16201 ], [ -121.7278, 36.12901 ], [ -121.67434, 36.06466 ], [ -121.64817, 35.99861 ], [ -121.62035, 35.96911 ], [ -121.58926, 35.95927 ], [ -121.56145, 35.94381 ], [ -121.54181, 35.90166 ], [ -121.51918, 35.8634 ], [ -121.50103, 35.84274 ], [ -121.45608, 35.81771 ], [ -121.42848, 35.7859 ], [ -121.39345, 35.7634 ], [ -121.37931, 35.72696 ], [ -121.37895, 35.70602 ], [ -121.36635, 35.68042 ], [ -121.34771, 35.66498 ], [ -121.33963, 35.64242 ], [ -121.3235, 35.62497 ], [ -121.28602, 35.60843 ], [ -121.24657, 35.60036 ], [ -121.20154, 35.58369 ], [ -121.17774, 35.56125 ], [ -121.15104, 35.51641 ], [ -121.11816, 35.4906 ], [ -121.04162, 35.41999 ], [ -121.01499, 35.41063 ], [ -120.98962, 35.41114 ], [ -120.95966, 35.39649 ], [ -120.93328, 35.39274 ], [ -120.92342, 35.34841 ], [ -120.95126, 35.29014 ], [ -120.96023, 35.24362 ], [ -120.94384, 35.21378 ], [ -120.91778, 35.18737 ], [ -120.84729, 35.13787 ], [ -120.82198, 35.13144 ], [ -120.8004, 35.11657 ], [ -120.74629, 35.10929 ], [ -120.72549, 35.11357 ], [ -120.68959, 35.09882 ], [ -120.68779, 35.07748 ], [ -120.70278, 34.99997 ] ] ] } },
{ "type": "Feature", "properties": { "fid": 70, "ZoneCode": "122001", "AbrvFull": "FL P", "NameFull": "Florida Peninsula", "ZoneNum": 1, "AbrvPart": "P", "NamePart": "Peninsula", "ZoneType": "Multizone partial", "StateAbrv": "FL", "StateName": "Florida", "ProjAbrv": "OMC", "ProjType": "Hotine Oblique Mercator, center", "LatOrigin": "28°00'N", "LonOriginE": "278°21'E", "LonOriginW": "81°39'W", "Lat0_deg": 28.0, "Lon0_E_deg": 278.35, "Lon0_W_deg": -81.65, "ProjScale": 0.99993, "SkewAz_deg": -16, "FalseN_m": 609600.0, "FalseE_m": 1219200.0, "FalseN_ift": 2000000.0, "FalseE_ift": 4000000.0, "DesignBy": "State", "Ref_frame": "NATRF2022" }, "geometry": { "type": "MultiPolygon", "coordinates": [ [ [ [ -82.78992, 24.7999 ], [ -82.86888, 24.79808 ], [ -82.94545, 24.78496 ], [ -83.00476, 24.7645 ], [ -83.05238, 24.73273 ], [ -83.08845, 24.69205 ], [ -83.10352, 24.65798 ], [ -83.10891, 24.61108 ], [ -83.10352, 24.57996 ], [ -83.08256, 24.53687 ], [ -83.05248, 24.50519 ], [ -82.99987, 24.47698 ], [ -82.99974, 24.58391 ], [ -82.982, 24.58376 ], [ -82.96026, 24.57146 ], [ -82.91412, 24.57597 ], [ -82.88505, 24.56337 ], [ -82.84849, 24.5676 ], [ -82.82818, 24.58376 ], [ -82.65668, 24.5837 ], [ -82.64149, 24.62871 ], [ -82.63991, 24.65491 ], [ -82.65508, 24.71331 ], [ -82.67997, 24.74851 ], [ -82.72189, 24.7802 ], [ -82.75609, 24.79384 ], [ -82.78992, 24.7999 ] ] ], [ [ [ -81.8929, 30.82551 ], [ -81.90836, 30.81599 ], [ -81.92811, 30.81741 ], [ -81.93883, 30.82984 ], [ -81.96441, 30.81668 ], [ -81.96225, 30.79668 ], [ -81.97738, 30.77684 ], [ -82.00828, 30.79106 ], [ -82.02226, 30.78813 ], [ -82.0116, 30.76187 ], [ -82.03677, 30.75443 ], [ -82.03592, 30.7062 ], [ -82.05021, 30.67453 ], [ -82.03904, 30.64321 ], [ -82.00616, 30.57727 ], [ -82.01863, 30.52383 ], [ -82.0169, 30.4751 ], [ -82.03823, 30.43577 ], [ -82.03406, 30.42003 ], [ -82.04469, 30.40412 ], [ -82.03721, 30.37184 ], [ -82.06658, 30.356 ], [ -82.10501, 30.36881 ], [ -82.17162, 30.35991 ], [ -82.19029, 30.37627 ], [ -82.21073, 30.42563 ], [ -82.20123, 30.48511 ], [ -82.22507, 30.50768 ], [ -82.2404, 30.53776 ], [ -82.23418, 30.55764 ], [ -82.21467, 30.56855 ], [ -82.4958, 30.58648 ], [ -83.30924, 30.6344 ], [ -83.27261, 30.62768 ], [ -83.25661, 30.58619 ], [ -83.2608, 30.55281 ], [ -83.24686, 30.54002 ], [ -83.23947, 30.5151 ], [ -83.24376, 30.47313 ], [ -83.21765, 30.45585 ], [ -83.22177, 30.42568 ], [ -83.20728, 30.41391 ], [ -83.18004, 30.4102 ], [ -83.17096, 30.38522 ], [ -83.19216, 30.37521 ], [ -83.19829, 30.34827 ], [ -83.21275, 30.34434 ], [ -83.20992, 30.31187 ], [ -83.22801, 30.29932 ], [ -83.24041, 30.26028 ], [ -83.36725, 30.26043 ], [ -83.36856, 30.18721 ], [ -83.37088, 29.88793 ], [ -83.35298, 29.88785 ], [ -83.35285, 29.82222 ], [ -83.31885, 29.82262 ], [ -83.31946, 29.77832 ], [ -83.34567, 29.74348 ], [ -83.35131, 29.69429 ], [ -83.37335, 29.66595 ], [ -83.39851, 29.67393 ], [ -83.41544, 29.66553 ], [ -83.5754, 29.527 ], [ -83.56544, 29.46204 ], [ -83.55089, 29.43114 ], [ -83.53342, 29.40845 ], [ -83.50492, 29.38422 ], [ -83.43565, 29.34969 ], [ -83.4025, 29.31691 ], [ -83.35502, 29.28827 ], [ -83.34678, 29.24348 ], [ -83.3331, 29.21593 ], [ -83.29872, 29.17802 ], [ -83.26207, 29.15571 ], [ -83.26469, 29.12748 ], [ -83.25701, 29.08488 ], [ -83.21862, 29.01691 ], [ -83.19209, 28.98984 ], [ -83.16026, 28.96887 ], [ -83.11743, 28.95194 ], [ -83.08217, 28.94618 ], [ -83.02166, 28.94535 ], [ -82.97844, 28.9518 ], [ -82.94556, 28.96374 ], [ -82.94426, 28.91583 ], [ -82.92886, 28.8762 ], [ -82.91579, 28.85649 ], [ -82.92717, 28.81357 ], [ -82.92049, 28.75714 ], [ -82.89041, 28.69999 ], [ -82.87755, 28.64181 ], [ -82.8679, 28.61502 ], [ -82.83913, 28.57457 ], [ -82.85318, 28.54199 ], [ -82.85822, 28.50755 ], [ -82.85542, 28.4772 ], [ -82.87093, 28.44525 ], [ -82.8776, 28.41267 ], [ -82.89735, 28.357 ], [ -82.95377, 28.33169 ], [ -82.9838, 28.30608 ], [ -83.00915, 28.26806 ], [ -83.01941, 28.23636 ], [ -83.0214, 28.19223 ], [ -83.0125, 28.13373 ], [ -83.00681, 28.05403 ], [ -82.99923, 28.02686 ], [ -82.99844, 27.99025 ], [ -83.01407, 27.93343 ], [ -83.01997, 27.8934 ], [ -83.01794, 27.84835 ], [ -83.01043, 27.81563 ], [ -82.99388, 27.77766 ], [ -82.96549, 27.7339 ], [ -82.91521, 27.68412 ], [ -82.91738, 27.66281 ], [ -82.93283, 27.61652 ], [ -82.93347, 27.56634 ], [ -82.92473, 27.53209 ], [ -82.88981, 27.45701 ], [ -82.86161, 27.42372 ], [ -82.83624, 27.36158 ], [ -82.81015, 27.33071 ], [ -82.78628, 27.31065 ], [ -82.73464, 27.24681 ], [ -82.71089, 27.19484 ], [ -82.67053, 27.15443 ], [ -82.6353, 27.08772 ], [ -82.62842, 27.06374 ], [ -82.60031, 27.00139 ], [ -82.54881, 26.91528 ], [ -82.49877, 26.83572 ], [ -82.44505, 26.76462 ], [ -82.43157, 26.73614 ], [ -82.43317, 26.68682 ], [ -82.42798, 26.64507 ], [ -82.41514, 26.61326 ], [ -82.3903, 26.57524 ], [ -82.37746, 26.53218 ], [ -82.35964, 26.50272 ], [ -82.34706, 26.44946 ], [ -82.33457, 26.41986 ], [ -82.30375, 26.37523 ], [ -82.28055, 26.35412 ], [ -82.2185, 26.31084 ], [ -82.16932, 26.28845 ], [ -82.11233, 26.27387 ], [ -82.07617, 26.27178 ], [ -82.03337, 26.27624 ], [ -82.00546, 26.28442 ], [ -81.98529, 26.21317 ], [ -81.98011, 26.15234 ], [ -81.97343, 26.12674 ], [ -81.96802, 26.06958 ], [ -81.95756, 26.03477 ], [ -81.91843, 25.95272 ], [ -81.90773, 25.90039 ], [ -81.8707, 25.82947 ], [ -81.84202, 25.7945 ], [ -81.81737, 25.74999 ], [ -81.78767, 25.71578 ], [ -81.75138, 25.69161 ], [ -81.72389, 25.6806 ], [ -81.67673, 25.67239 ], [ -81.63007, 25.67268 ], [ -81.57623, 25.68604 ], [ -81.51902, 25.65694 ], [ -81.5066, 25.61939 ], [ -81.46788, 25.57396 ], [ -81.42541, 25.5516 ], [ -81.38477, 25.49701 ], [ -81.36051, 25.43182 ], [ -81.3252, 25.39062 ], [ -81.31491, 25.35155 ], [ -81.34243, 25.24942 ], [ -81.34155, 25.21881 ], [ -81.32854, 25.17641 ], [ -81.3048, 25.13242 ], [ -81.29293, 25.09322 ], [ -81.27806, 25.0687 ], [ -81.24358, 25.0355 ], [ -81.21427, 25.01918 ], [ -81.18858, 24.9948 ], [ -81.17035, 24.96214 ], [ -81.21196, 24.98033 ], [ -81.26575, 24.98642 ], [ -81.35038, 24.97048 ], [ -81.41348, 24.97813 ], [ -81.48849, 24.96635 ], [ -81.50763, 24.95977 ], [ -81.58131, 24.92376 ], [ -81.62159, 24.89722 ], [ -81.64807, 24.88957 ], [ -81.69158, 24.86293 ], [ -81.76188, 24.82875 ], [ -81.77824, 24.81538 ], [ -81.81421, 24.80639 ], [ -81.89429, 24.76365 ], [ -81.9468, 24.75755 ], [ -81.97769, 24.74965 ], [ -82.02695, 24.72572 ], [ -82.07325, 24.74137 ], [ -82.13034, 24.74802 ], [ -82.20073, 24.73817 ], [ -82.23771, 24.72005 ], [ -82.26277, 24.6989 ], [ -82.28734, 24.67006 ], [ -82.30809, 24.63704 ], [ -82.3265, 24.58373 ], [ -82.21545, 24.58376 ], [ -82.21955, 24.54043 ], [ -82.2032, 24.51335 ], [ -82.16605, 24.49699 ], [ -82.10033, 24.49999 ], [ -82.06717, 24.52371 ], [ -82.05107, 24.49684 ], [ -82.02347, 24.47786 ], [ -81.9744, 24.4712 ], [ -81.97976, 24.43165 ], [ -81.96731, 24.41195 ], [ -81.94644, 24.39934 ], [ -81.91112, 24.39778 ], [ -81.89426, 24.40574 ], [ -81.8669, 24.40358 ], [ -81.81352, 24.41763 ], [ -81.78898, 24.43948 ], [ -81.7818, 24.46092 ], [ -81.79236, 24.49561 ], [ -81.7708, 24.49687 ], [ -81.77439, 24.4793 ], [ -81.76287, 24.44964 ], [ -81.74869, 24.43778 ], [ -81.71183, 24.42973 ], [ -81.61025, 24.4543 ], [ -81.58582, 24.47109 ], [ -81.56495, 24.47277 ], [ -81.53992, 24.48603 ], [ -81.51908, 24.51724 ], [ -81.52785, 24.55327 ], [ -81.51461, 24.56475 ], [ -81.47473, 24.55345 ], [ -81.4516, 24.55552 ], [ -81.42063, 24.57057 ], [ -81.38543, 24.56993 ], [ -81.29345, 24.59672 ], [ -81.25447, 24.60363 ], [ -81.23991, 24.61706 ], [ -81.20425, 24.63118 ], [ -81.18404, 24.6312 ], [ -81.14768, 24.64906 ], [ -81.12479, 24.6366 ], [ -81.07652, 24.63337 ], [ -81.04764, 24.64024 ], [ -81.02258, 24.66527 ], [ -80.99979, 24.66891 ], [ -80.91891, 24.71306 ], [ -80.89329, 24.71645 ], [ -80.85222, 24.74893 ], [ -80.81246, 24.76121 ], [ -80.78337, 24.76126 ], [ -80.74511, 24.78887 ], [ -80.70881, 24.80468 ], [ -80.67481, 24.82561 ], [ -80.65234, 24.8314 ], [ -80.61989, 24.85458 ], [ -80.58545, 24.88932 ], [ -80.53816, 24.91273 ], [ -80.51434, 24.94062 ], [ -80.46949, 24.95175 ], [ -80.45336, 24.96369 ], [ -80.4391, 24.99798 ], [ -80.40932, 25.01267 ], [ -80.39282, 25.03543 ], [ -80.39043, 25.05718 ], [ -80.35778, 25.0729 ], [ -80.33332, 25.0992 ], [ -80.30289, 25.14492 ], [ -80.29483, 25.17167 ], [ -80.22495, 25.28432 ], [ -80.18697, 25.33342 ], [ -80.17656, 25.36686 ], [ -80.15164, 25.39745 ], [ -80.1391, 25.4331 ], [ -80.11709, 25.44181 ], [ -80.09838, 25.46308 ], [ -80.09506, 25.49338 ], [ -80.11515, 25.52286 ], [ -80.10354, 25.57073 ], [ -80.10777, 25.60662 ], [ -80.09178, 25.7211 ], [ -80.07315, 25.74298 ], [ -80.06307, 25.85601 ], [ -80.06572, 25.88123 ], [ -80.06335, 25.97439 ], [ -80.05453, 26.07311 ], [ -80.03811, 26.19673 ], [ -80.02463, 26.25123 ], [ -80.01527, 26.32095 ], [ -80.01436, 26.36223 ], [ -80.00614, 26.4328 ], [ -79.98854, 26.52726 ], [ -79.98064, 26.59544 ], [ -79.9813, 26.65027 ], [ -79.97473, 26.70823 ], [ -79.97965, 26.75034 ], [ -79.97542, 26.80024 ], [ -79.99646, 26.8818 ], [ -80.0391, 27.02985 ], [ -80.06338, 27.0916 ], [ -80.08095, 27.12532 ], [ -80.09541, 27.18063 ], [ -80.12709, 27.23937 ], [ -80.189, 27.37531 ], [ -80.21334, 27.42471 ], [ -80.22796, 27.463 ], [ -80.22929, 27.48562 ], [ -80.24579, 27.51017 ], [ -80.26109, 27.54913 ], [ -80.28135, 27.62117 ], [ -80.29645, 27.6534 ], [ -80.32811, 27.7503 ], [ -80.39943, 27.89146 ], [ -80.42901, 27.94148 ], [ -80.49977, 28.07725 ], [ -80.53417, 28.23417 ], [ -80.54399, 28.27109 ], [ -80.53417, 28.3357 ], [ -80.51942, 28.39108 ], [ -80.4812, 28.42551 ], [ -80.46939, 28.45309 ], [ -80.47805, 28.49245 ], [ -80.50358, 28.54036 ], [ -80.52297, 28.60823 ], [ -80.63557, 28.75026 ], [ -80.72183, 28.87499 ], [ -80.87481, 29.10596 ], [ -80.90683, 29.1447 ], [ -80.94017, 29.21172 ], [ -80.95578, 29.25025 ], [ -80.99977, 29.33681 ], [ -81.0457, 29.43246 ], [ -81.04192, 29.43289 ], [ -81.08518, 29.52886 ], [ -81.11981, 29.59672 ], [ -81.14914, 29.66614 ], [ -81.1674, 29.72309 ], [ -81.18639, 29.76007 ], [ -81.20517, 29.82243 ], [ -81.20926, 29.87524 ], [ -81.22385, 29.92155 ], [ -81.23516, 29.94227 ], [ -81.25513, 30.00024 ], [ -81.28531, 30.12524 ], [ -81.31598, 30.23611 ], [ -81.33062, 30.29947 ], [ -81.33538, 30.36129 ], [ -81.32156, 30.37857 ], [ -81.31689, 30.40771 ], [ -81.32487, 30.42473 ], [ -81.35357, 30.44665 ], [ -81.35488, 30.49275 ], [ -81.375, 30.53275 ], [ -81.38027, 30.56322 ], [ -81.38086, 30.62734 ], [ -81.37339, 30.66277 ], [ -81.35816, 30.67597 ], [ -81.34701, 30.71244 ], [ -81.46401, 30.71098 ], [ -81.48482, 30.72511 ], [ -81.53369, 30.72306 ], [ -81.53865, 30.70868 ], [ -81.57239, 30.72189 ], [ -81.60604, 30.71867 ], [ -81.6515, 30.74067 ], [ -81.67352, 30.73878 ], [ -81.69241, 30.74763 ], [ -81.7181, 30.7448 ], [ -81.74027, 30.76424 ], [ -81.77005, 30.77706 ], [ -81.78141, 30.76139 ], [ -81.79261, 30.78677 ], [ -81.83947, 30.78658 ], [ -81.88185, 30.79995 ], [ -81.8929, 30.82551 ] ] ] ] } },
{ "type": "Feature", "properties": { "fid": 71, "ZoneCode": "201001", "AbrvFull": "KS GOOD", "NameFull": "Kansas Goodland", "ZoneNum": 1, "AbrvPart": "GOOD", "NamePart": "Goodland", "ZoneType": "Multizone partial", "StateAbrv": "KS", "StateName": "Kansas", "ProjAbrv": "TM", "ProjType": "Transverse Mercator", "LatOrigin": "37°45'N", "LonOriginE": "258°24'E", "LonOriginW": "101°36'W", "Lat0_deg": 37.75, "Lon0_E_deg": 258.4, "Lon0_W_deg": -101.6, "ProjScale": 1.000156, "SkewAz_deg": -9999, "FalseN_m": 0.0, "FalseE_m": 495300.0, "FalseN_ift": 0.0, "FalseE_ift": 1625000.0, "DesignBy": "State", "Ref_frame": "NATRF2022" }, "geometry": { "type": "Polygon", "coordinates": [ [ [ -101.41102, 40.00252 ], [ -102.05173, 40.00307 ], [ -102.04904, 39.37399 ], [ -102.04534, 38.85689 ], [ -102.0452, 38.69756 ], [ -101.78118, 38.69813 ], [ -101.48437, 38.70016 ], [ -101.47818, 39.13476 ], [ -101.39171, 39.13511 ], [ -101.39123, 39.31517 ], [ -101.38906, 39.56836 ], [ -101.4139, 39.56835 ], [ -101.40983, 39.82945 ], [ -101.41102, 40.00252 ] ] ] } },
{ "type": "Feature", "properties": { "fid": 72, "ZoneCode": "201002", "AbrvFull": "KS COLB", "NameFull": "Kansas Colby", "ZoneNum": 2, "AbrvPart": "COLB", "NamePart": "Colby", "ZoneType": "Multizone partial", "StateAbrv": "KS", "StateName": "Kansas", "ProjAbrv": "TM", "ProjType": "Transverse Mercator", "LatOrigin": "37°45'N", "LonOriginE": "259°03'E", "LonOriginW": "100°57'W", "Lat0_deg": 37.75, "Lon0_E_deg": 259.05, "Lon0_W_deg": -100.95, "ProjScale": 1.000134, "SkewAz_deg": -9999, "FalseN_m": 0.0, "FalseE_m": 800100.0, "FalseN_ift": 0.0, "FalseE_ift": 2625000.0, "DesignBy": "State", "Ref_frame": "NATRF2022" }, "geometry": { "type": "Polygon", "coordinates": [ [ [ -100.73881, 40.00211 ], [ -101.41102, 40.00252 ], [ -101.40983, 39.82945 ], [ -101.4139, 39.56835 ], [ -101.38906, 39.56836 ], [ -101.39123, 39.31517 ], [ -101.39171, 39.13511 ], [ -101.47818, 39.13476 ], [ -101.48437, 38.70016 ], [ -101.26693, 38.70148 ], [ -101.12837, 38.7006 ], [ -100.94326, 38.69892 ], [ -100.81869, 38.69986 ], [ -100.8173, 38.82985 ], [ -100.81427, 38.96172 ], [ -100.81185, 39.13335 ], [ -100.72128, 39.13337 ], [ -100.7202, 39.56803 ], [ -100.74086, 39.56804 ], [ -100.74045, 39.82959 ], [ -100.73881, 40.00211 ] ] ] } },
{ "type": "Feature", "properties": { "fid": 73, "ZoneCode": "201003", "AbrvFull": "KS OBER", "NameFull": "Kansas Oberlin", "ZoneNum": 3, "AbrvPart": "OBER", "NamePart": "Oberlin", "ZoneType": "Multizone partial", "StateAbrv": "KS", "StateName": "Kansas", "ProjAbrv": "TM", "ProjType": "Transverse Mercator", "LatOrigin": "37°45'N", "LonOriginE": "259°39'E", "LonOriginW": "100°21'W", "Lat0_deg": 37.75, "Lon0_E_deg": 259.65, "Lon0_W_deg": -100.35, "ProjScale": 1.000116, "SkewAz_deg": -9999, "FalseN_m": 0.0, "FalseE_m": 1104900.0, "FalseN_ift": 0.0, "FalseE_ift": 3625000.0, "DesignBy": "State", "Ref_frame": "NATRF2022" }, "geometry": { "type": "Polygon", "coordinates": [ [ [ -100.17778, 40.0016 ], [ -100.73881, 40.00211 ], [ -100.74045, 39.82959 ], [ -100.74086, 39.56804 ], [ -100.7202, 39.56803 ], [ -100.72128, 39.13337 ], [ -100.81185, 39.13335 ], [ -100.81427, 38.96172 ], [ -100.8173, 38.82985 ], [ -100.81869, 38.69986 ], [ -100.56089, 38.70013 ], [ -100.24719, 38.69816 ], [ -100.15381, 38.69733 ], [ -100.14793, 39.13217 ], [ -100.16419, 39.13206 ], [ -100.16206, 39.3929 ], [ -100.16166, 39.56727 ], [ -100.18034, 39.56688 ], [ -100.17998, 39.7866 ], [ -100.17778, 40.0016 ] ] ] } },
{ "type": "Feature", "properties": { "fid": 74, "ZoneCode": "201004", "AbrvFull": "KS HAYS", "NameFull": "Kansas Hays", "ZoneNum": 4, "AbrvPart": "HAYS", "NamePart": "Hays", "ZoneType": "Multizone partial", "StateAbrv": "KS", "StateName": "Kansas", "ProjAbrv": "TM", "ProjType": "Transverse Mercator", "LatOrigin": "37°45'N", "LonOriginE": "260°33'E", "LonOriginW": "99°27'W", "Lat0_deg": 37.75, "Lon0_E_deg": 260.55, "Lon0_W_deg": -99.45, "ProjScale": 1.000082, "SkewAz_deg": -9999, "FalseN_m": 0.0, "FalseE_m": 1409700.0, "FalseN_ift": 0.0, "FalseE_ift": 4625000.0, "DesignBy": "State", "Ref_frame": "NATRF2022" }, "geometry": { "type": "Polygon", "coordinates": [ [ [ -99.06703, 40.00234 ], [ -99.57209, 40.00196 ], [ -99.81342, 40.00136 ], [ -100.17778, 40.0016 ], [ -100.17998, 39.7866 ], [ -100.18034, 39.56688 ], [ -100.16166, 39.56727 ], [ -100.16206, 39.3929 ], [ -100.16419, 39.13206 ], [ -100.14793, 39.13217 ], [ -100.15381, 38.69733 ], [ -100.04354, 38.69627 ], [ -99.58508, 38.69653 ], [ -99.04262, 38.6968 ], [ -99.03974, 38.87889 ], [ -99.03749, 39.13311 ], [ -99.04768, 39.13301 ], [ -99.04753, 39.26359 ], [ -99.04528, 39.39384 ], [ -99.04439, 39.56803 ], [ -99.06621, 39.56812 ], [ -99.06703, 40.00234 ] ] ] } },
{ "type": "Feature", "properties": { "fid": 75, "ZoneCode": "201005", "AbrvFull": "KS GRTB", "NameFull": "Kansas Great Bend", "ZoneNum": 5, "AbrvPart": "GRTB", "NamePart": "Great Bend", "ZoneType": "Multizone partial", "StateAbrv": "KS", "StateName": "Kansas", "ProjAbrv": "TM", "ProjType": "Transverse Mercator", "LatOrigin": "37°45'N", "LonOriginE": "261°20'E", "LonOriginW": "98°40'W", "Lat0_deg": 37.75, "Lon0_E_deg": 261.33333333299998, "Lon0_W_deg": -98.666666666699996, "ProjScale": 1.000078, "SkewAz_deg": -9999, "FalseN_m": 0.0, "FalseE_m": 1714500.0, "FalseN_ift": 0.0, "FalseE_ift": 5625000.0, "DesignBy": "State", "Ref_frame": "NATRF2022" }, "geometry": { "type": "Polygon", "coordinates": [ [ [ -98.50444, 40.00228 ], [ -99.06703, 40.00234 ], [ -99.06621, 39.56812 ], [ -99.04439, 39.56803 ], [ -99.04528, 39.39384 ], [ -99.04753, 39.26359 ], [ -99.04768, 39.13301 ], [ -99.03749, 39.13311 ], [ -99.03974, 38.87889 ], [ -99.04262, 38.6968 ], [ -99.03296, 38.69675 ], [ -99.0323, 38.26122 ], [ -98.91257, 38.26108 ], [ -98.47983, 38.26078 ], [ -98.48063, 38.43467 ], [ -98.47995, 38.69691 ], [ -98.4861, 38.69687 ], [ -98.48474, 38.875 ], [ -98.48603, 39.03051 ], [ -98.48374, 39.13266 ], [ -98.48999, 39.13269 ], [ -98.48967, 39.40298 ], [ -98.48737, 39.56749 ], [ -98.50526, 39.5676 ], [ -98.50402, 39.82082 ], [ -98.50444, 40.00228 ] ] ] } },
{ "type": "Feature", "properties": { "fid": 76, "ZoneCode": "201006", "AbrvFull": "KS BELT", "NameFull": "Kansas Beloit", "ZoneNum": 6, "AbrvPart": "BELT", "NamePart": "Beloit", "ZoneType": "Multizone partial", "StateAbrv": "KS", "StateName": "Kansas", "ProjAbrv": "TM", "ProjType": "Transverse Mercator", "LatOrigin": "37°45'N", "LonOriginE": "261°51'E", "LonOriginW": "98°09'W", "Lat0_deg": 37.75, "Lon0_E_deg": 261.85, "Lon0_W_deg": -98.15, "ProjScale": 1.000068, "SkewAz_deg": -9999, "FalseN_m": 0.0, "FalseE_m": 1981200.0, "FalseN_ift": 0.0, "FalseE_ift": 6500000.0, "DesignBy": "State", "Ref_frame": "NATRF2022" }, "geometry": { "type": "Polygon", "coordinates": [ [ [ -97.93181, 40.00207 ], [ -98.50444, 40.00228 ], [ -98.50402, 39.82082 ], [ -98.50526, 39.5676 ], [ -98.48737, 39.56749 ], [ -98.48967, 39.40298 ], [ -98.48999, 39.13269 ], [ -98.48374, 39.13266 ], [ -98.48603, 39.03051 ], [ -98.48474, 38.875 ], [ -98.4861, 38.69687 ], [ -98.47995, 38.69691 ], [ -98.48063, 38.43467 ], [ -98.47983, 38.26078 ], [ -98.47243, 38.26073 ], [ -98.47278, 38.17275 ], [ -98.21602, 38.17349 ], [ -98.21591, 38.15874 ], [ -98.14217, 38.15953 ], [ -98.14226, 38.17391 ], [ -97.92213, 38.17371 ], [ -97.92222, 38.25667 ], [ -97.92519, 38.26049 ], [ -97.92421, 38.5153 ], [ -97.92515, 38.69697 ], [ -97.92845, 38.69697 ], [ -97.92832, 39.03089 ], [ -97.92974, 39.21927 ], [ -97.9316, 39.27709 ], [ -97.92875, 39.32068 ], [ -97.9295, 39.39376 ], [ -97.92845, 39.56691 ], [ -97.93183, 39.56691 ], [ -97.93152, 39.65104 ], [ -97.93341, 39.82764 ], [ -97.93181, 40.00207 ] ] ] } },
{ "type": "Feature", "properties": { "fid": 77, "ZoneCode": "201007", "AbrvFull": "KS SLNA", "NameFull": "Kansas Salina", "ZoneNum": 7, "AbrvPart": "SLNA", "NamePart": "Salina", "ZoneType": "Multizone partial", "StateAbrv": "KS", "StateName": "Kansas", "ProjAbrv": "TM", "ProjType": "Transverse Mercator", "LatOrigin": "37°45'N", "LonOriginE": "262°40'E", "LonOriginW": "97°20'W", "Lat0_deg": 37.75, "Lon0_E_deg": 262.66666666700002, "Lon0_W_deg": -97.333333333300004, "ProjScale": 1.000049, "SkewAz_deg": -9999, "FalseN_m": 0.0, "FalseE_m": 2286000.0, "FalseN_ift": 0.0, "FalseE_ift": 7500000.0, "DesignBy": "State", "Ref_frame": "NATRF2022" }, "geometry": { "type": "Polygon", "coordinates": [ [ [ -96.80576, 40.00149 ], [ -97.1253, 40.00193 ], [ -97.93181, 40.00207 ], [ -97.93341, 39.82764 ], [ -97.93152, 39.65104 ], [ -97.93183, 39.56691 ], [ -97.92845, 39.56691 ], [ -97.9295, 39.39376 ], [ -97.92875, 39.32068 ], [ -97.9316, 39.27709 ], [ -97.92974, 39.21927 ], [ -97.92832, 39.03089 ], [ -97.92845, 38.69697 ], [ -97.92515, 38.69697 ], [ -97.92421, 38.5153 ], [ -97.92519, 38.26049 ], [ -97.92222, 38.25667 ], [ -97.92213, 38.17371 ], [ -97.6098, 38.17417 ], [ -97.35049, 38.17382 ], [ -97.15308, 38.17463 ], [ -97.1529, 38.0877 ], [ -96.84076, 38.08562 ], [ -96.84092, 38.26128 ], [ -96.83777, 38.26285 ], [ -96.83764, 38.34863 ], [ -96.81946, 38.3485 ], [ -96.8195, 38.52244 ], [ -96.92996, 38.52241 ], [ -96.93029, 38.65048 ], [ -96.92736, 38.696 ], [ -96.92722, 38.81215 ], [ -96.89016, 38.81216 ], [ -96.89023, 38.87006 ], [ -96.9267, 38.87034 ], [ -96.9262, 38.97893 ], [ -96.96346, 38.96489 ], [ -96.96317, 39.13229 ], [ -96.96137, 39.13232 ], [ -96.96076, 39.43783 ], [ -96.95871, 39.56643 ], [ -96.80653, 39.56642 ], [ -96.80673, 39.75 ], [ -96.80576, 40.00149 ] ] ] } },
{ "type": "Feature", "properties": { "fid": 78, "ZoneCode": "201008", "AbrvFull": "KS MANH", "NameFull": "Kansas Manhattan", "ZoneNum": 8, "AbrvPart": "MANH", "NamePart": "Manhattan", "ZoneType": "Multizone partial", "StateAbrv": "KS", "StateName": "Kansas", "ProjAbrv": "LC1", "ProjType": "Lambert Conformal Conic, one parallel", "LatOrigin": "39°10'N", "LonOriginE": "263°30'E", "LonOriginW": "96°30'W", "Lat0_deg": 39.166666666700003, "Lon0_E_deg": 263.5, "Lon0_W_deg": -96.5, "ProjScale": 1.000044, "SkewAz_deg": -9999, "FalseN_m": 152400.0, "FalseE_m": 2590800.0, "FalseN_ift": 500000.0, "FalseE_ift": 8500000.0, "DesignBy": "State", "Ref_frame": "NATRF2022" }, "geometry": { "type": "Polygon", "coordinates": [ [ [ -96.03556, 39.21651 ], [ -96.03464, 39.37632 ], [ -96.03594, 39.56609 ], [ -96.49962, 39.56601 ], [ -96.80653, 39.56642 ], [ -96.95871, 39.56643 ], [ -96.96076, 39.43783 ], [ -96.96137, 39.13232 ], [ -96.96317, 39.13229 ], [ -96.96346, 38.96489 ], [ -96.9262, 38.97893 ], [ -96.9267, 38.87034 ], [ -96.89023, 38.87006 ], [ -96.50155, 38.8697 ], [ -96.50139, 38.82618 ], [ -96.39039, 38.82585 ], [ -96.38974, 38.73898 ], [ -95.94591, 38.73911 ], [ -95.94658, 38.86997 ], [ -95.94674, 39.09868 ], [ -95.9726, 39.11156 ], [ -96.00898, 39.11581 ], [ -95.99128, 39.12723 ], [ -96.00378, 39.13199 ], [ -96.01699, 39.12032 ], [ -96.03589, 39.12978 ], [ -96.03556, 39.21651 ] ] ] } },
{ "type": "Feature", "properties": { "fid": 79, "ZoneCode": "201009", "AbrvFull": "KS EMPO", "NameFull": "Kansas Emporia", "ZoneNum": 9, "AbrvPart": "EMPO", "NamePart": "Emporia", "ZoneType": "Multizone partial", "StateAbrv": "KS", "StateName": "Kansas", "ProjAbrv": "LC1", "ProjType": "Lambert Conformal Conic, one parallel", "LatOrigin": "38°30'N", "LonOriginE": "263°30'E", "LonOriginW": "96°30'W", "Lat0_deg": 38.5, "Lon0_E_deg": 263.5, "Lon0_W_deg": -96.5, "ProjScale": 1.00005, "SkewAz_deg": -9999, "FalseN_m": 76200.0, "FalseE_m": 2895600.0, "FalseN_ift": 250000.0, "FalseE_ift": 9500000.0, "DesignBy": "State", "Ref_frame": "NATRF2022" }, "geometry": { "type": "Polygon", "coordinates": [ [ [ -95.94591, 38.73911 ], [ -96.38974, 38.73898 ], [ -96.39039, 38.82585 ], [ -96.50139, 38.82618 ], [ -96.50155, 38.8697 ], [ -96.89023, 38.87006 ], [ -96.89016, 38.81216 ], [ -96.92722, 38.81215 ], [ -96.92736, 38.696 ], [ -96.93029, 38.65048 ], [ -96.92996, 38.52241 ], [ -96.8195, 38.52244 ], [ -96.81946, 38.3485 ], [ -96.83764, 38.34863 ], [ -96.83777, 38.26285 ], [ -96.84092, 38.26128 ], [ -96.84076, 38.08562 ], [ -96.52277, 38.08636 ], [ -96.35809, 38.08581 ], [ -96.35727, 38.17265 ], [ -96.25689, 38.17288 ], [ -95.95885, 38.17093 ], [ -95.95849, 38.25971 ], [ -95.94998, 38.2597 ], [ -95.95057, 38.37357 ], [ -95.94964, 38.69538 ], [ -95.94591, 38.73911 ] ] ] } },
{ "type": "Feature", "properties": { "fid": 80, "ZoneCode": "201010", "AbrvFull": "KS ATCH", "NameFull": "Kansas Atchison", "ZoneNum": 10, "AbrvPart": "ATCH", "NamePart": "Atchison", "ZoneType": "Multizone partial", "StateAbrv": "KS", "StateName": "Kansas", "ProjAbrv": "LC1", "ProjType": "Lambert Conformal Conic, one parallel", "LatOrigin": "39°38'N", "LonOriginE": "264°15'E", "LonOriginW": "95°45'W", "Lat0_deg": 39.633333333300001, "Lon0_E_deg": 264.25, "Lon0_W_deg": -95.75, "ProjScale": 1.00004, "SkewAz_deg": -9999, "FalseN_m": 190500.0, "FalseE_m": 3200400.0, "FalseN_ift": 625000.0, "FalseE_ift": 10500000.0, "DesignBy": "State", "Ref_frame": "NATRF2022" }, "geometry": { "type": "Polygon", "coordinates": [ [ [ -95.30828, 39.99999 ], [ -96.80576, 40.00149 ], [ -96.80673, 39.75 ], [ -96.80653, 39.56642 ], [ -96.49962, 39.56601 ], [ -96.03594, 39.56609 ], [ -96.03464, 39.37632 ], [ -96.03556, 39.21651 ], [ -95.58946, 39.21607 ], [ -95.58928, 39.41908 ], [ -95.46004, 39.42091 ], [ -95.22696, 39.41903 ], [ -94.97153, 39.4188 ], [ -94.99016, 39.44619 ], [ -95.0334, 39.46087 ], [ -95.04466, 39.47125 ], [ -95.05054, 39.49751 ], [ -95.10288, 39.53334 ], [ -95.11306, 39.55917 ], [ -95.09214, 39.58111 ], [ -95.05689, 39.58056 ], [ -95.04668, 39.59675 ], [ -95.05514, 39.62165 ], [ -95.04951, 39.63787 ], [ -95.02458, 39.66848 ], [ -94.98839, 39.67709 ], [ -94.96932, 39.69072 ], [ -94.97132, 39.7257 ], [ -94.94753, 39.74533 ], [ -94.9026, 39.7242 ], [ -94.87562, 39.73049 ], [ -94.85902, 39.75411 ], [ -94.86964, 39.77289 ], [ -94.90543, 39.75951 ], [ -94.93463, 39.77314 ], [ -94.91954, 39.79028 ], [ -94.89052, 39.79142 ], [ -94.87623, 39.80739 ], [ -94.87665, 39.82252 ], [ -94.89147, 39.83464 ], [ -94.91676, 39.8358 ], [ -94.93984, 39.85204 ], [ -94.92789, 39.88611 ], [ -94.95517, 39.90128 ], [ -94.98705, 39.89631 ], [ -95.01512, 39.89964 ], [ -95.03524, 39.86591 ], [ -95.08499, 39.86188 ], [ -95.13967, 39.88059 ], [ -95.14604, 39.90418 ], [ -95.18955, 39.90014 ], [ -95.20347, 39.90565 ], [ -95.20526, 39.93974 ], [ -95.25024, 39.94864 ], [ -95.27232, 39.97103 ], [ -95.3016, 39.98399 ], [ -95.30828, 39.99999 ] ] ] } },
{ "type": "Feature", "properties": { "fid": 81, "ZoneCode": "201011", "AbrvFull": "KS ULYS", "NameFull": "Kansas Ulysses", "ZoneNum": 11, "AbrvPart": "ULYS", "NamePart": "Ulysses", "ZoneType": "Multizone partial", "StateAbrv": "KS", "StateName": "Kansas", "ProjAbrv": "TM", "ProjType": "Transverse Mercator", "LatOrigin": "36°30'N", "LonOriginE": "258°35'E", "LonOriginW": "101°25'W", "Lat0_deg": 36.5, "Lon0_E_deg": 258.58333333299998, "Lon0_W_deg": -101.416666667, "ProjScale": 1.00014, "SkewAz_deg": -9999, "FalseN_m": 0.0, "FalseE_m": 3505200.0, "FalseN_ift": 0.0, "FalseE_ift": 11500000.0, "DesignBy": "State", "Ref_frame": "NATRF2022" }, "geometry": { "type": "Polygon", "coordinates": [ [ [ -101.12837, 38.7006 ], [ -101.26693, 38.70148 ], [ -101.48437, 38.70016 ], [ -101.78118, 38.69813 ], [ -102.0452, 38.69756 ], [ -102.04425, 38.11294 ], [ -102.0445, 37.98457 ], [ -102.04161, 37.69669 ], [ -102.04208, 36.99301 ], [ -101.06644, 36.99792 ], [ -101.06809, 37.38777 ], [ -101.08964, 37.38772 ], [ -101.09051, 37.62502 ], [ -101.08987, 37.82911 ], [ -101.10377, 37.82903 ], [ -101.10255, 38.09512 ], [ -101.10326, 38.26455 ], [ -101.12543, 38.2645 ], [ -101.12788, 38.43177 ], [ -101.12837, 38.7006 ] ] ] } },
{ "type": "Feature", "properties": { "fid": 82, "ZoneCode": "201012", "AbrvFull": "KS GARD", "NameFull": "Kansas Garden City", "ZoneNum": 12, "AbrvPart": "GARD", "NamePart": "Garden City", "ZoneType": "Multizone partial", "StateAbrv": "KS", "StateName": "Kansas", "ProjAbrv": "TM", "ProjType": "Transverse Mercator", "LatOrigin": "36°30'N", "LonOriginE": "259°36'E", "LonOriginW": "100°24'W", "Lat0_deg": 36.5, "Lon0_E_deg": 259.6, "Lon0_W_deg": -100.4, "ProjScale": 1.000109, "SkewAz_deg": -9999, "FalseN_m": 0.0, "FalseE_m": 3810000.0, "FalseN_ift": 0.0, "FalseE_ift": 12500000.0, "DesignBy": "State", "Ref_frame": "NATRF2022" }, "geometry": { "type": "Polygon", "coordinates": [ [ [ -100.81869, 38.69986 ], [ -100.94326, 38.69892 ], [ -101.12837, 38.7006 ], [ -101.12788, 38.43177 ], [ -101.12543, 38.2645 ], [ -101.10326, 38.26455 ], [ -101.10255, 38.09512 ], [ -101.10377, 37.82903 ], [ -101.08987, 37.82911 ], [ -101.09051, 37.62502 ], [ -101.08964, 37.38772 ], [ -101.06809, 37.38777 ], [ -101.06644, 36.99792 ], [ -100.7345, 36.99905 ], [ -100.67489, 36.99992 ], [ -100.30734, 37.00181 ], [ -100.08947, 37.00226 ], [ -100.0912, 37.12502 ], [ -100.09152, 37.38689 ], [ -100.10741, 37.38709 ], [ -100.10724, 37.47483 ], [ -100.21622, 37.47518 ], [ -100.21463, 37.8268 ], [ -100.2274, 37.82684 ], [ -100.2255, 38.08766 ], [ -100.22713, 38.26223 ], [ -100.24438, 38.26228 ], [ -100.24855, 38.63936 ], [ -100.24719, 38.69816 ], [ -100.56089, 38.70013 ], [ -100.81869, 38.69986 ] ] ] } },
{ "type": "Feature", "properties": { "fid": 83, "ZoneCode": "201013", "AbrvFull": "KS DODG", "NameFull": "Kansas Dodge City", "ZoneNum": 13, "AbrvPart": "DODG", "NamePart": "Dodge City", "ZoneType": "Multizone partial", "StateAbrv": "KS", "StateName": "Kansas", "ProjAbrv": "TM", "ProjType": "Transverse Mercator", "LatOrigin": "36°30'N", "LonOriginE": "260°20'E", "LonOriginW": "99°40'W", "Lat0_deg": 36.5, "Lon0_E_deg": 260.33333333299998, "Lon0_W_deg": -99.666666666699996, "ProjScale": 1.000097, "SkewAz_deg": -9999, "FalseN_m": 0.0, "FalseE_m": 4114800.0, "FalseN_ift": 0.0, "FalseE_ift": 13500000.0, "DesignBy": "State", "Ref_frame": "NATRF2022" }, "geometry": { "type": "Polygon", "coordinates": [ [ [ -100.15381, 38.69733 ], [ -100.24719, 38.69816 ], [ -100.24855, 38.63936 ], [ -100.24438, 38.26228 ], [ -100.22713, 38.26223 ], [ -100.2255, 38.08766 ], [ -100.2274, 37.82684 ], [ -100.21463, 37.8268 ], [ -100.21622, 37.47518 ], [ -100.10724, 37.47483 ], [ -100.10741, 37.38709 ], [ -100.09152, 37.38689 ], [ -100.0912, 37.12502 ], [ -100.08947, 37.00226 ], [ -99.8754, 37.00165 ], [ -99.54111, 36.9996 ], [ -99.54414, 37.19628 ], [ -99.54466, 37.30475 ], [ -99.54318, 37.38112 ], [ -99.55576, 37.38111 ], [ -99.55778, 37.63043 ], [ -99.56026, 37.82558 ], [ -99.57057, 37.82563 ], [ -99.5695, 38.09807 ], [ -99.57053, 38.26195 ], [ -99.5842, 38.26217 ], [ -99.58659, 38.61119 ], [ -99.58508, 38.69653 ], [ -100.04354, 38.69627 ], [ -100.15381, 38.69733 ] ] ] } },
{ "type": "Feature", "properties": { "fid": 84, "ZoneCode": "201014", "AbrvFull": "KS LARN", "NameFull": "Kansas Larned", "ZoneNum": 14, "AbrvPart": "LARN", "NamePart": "Larned", "ZoneType": "Multizone partial", "StateAbrv": "KS", "StateName": "Kansas", "ProjAbrv": "TM", "ProjType": "Transverse Mercator", "LatOrigin": "36°30'N", "LonOriginE": "260°48'E", "LonOriginW": "99°12'W", "Lat0_deg": 36.5, "Lon0_E_deg": 260.8, "Lon0_W_deg": -99.2, "ProjScale": 1.000087, "SkewAz_deg": -9999, "FalseN_m": 0.0, "FalseE_m": 4381500.0, "FalseN_ift": 0.0, "FalseE_ift": 14375000.0, "DesignBy": "State", "Ref_frame": "NATRF2022" }, "geometry": { "type": "Polygon", "coordinates": [ [ [ -99.04262, 38.6968 ], [ -99.58508, 38.69653 ], [ -99.58659, 38.61119 ], [ -99.5842, 38.26217 ], [ -99.57053, 38.26195 ], [ -99.5695, 38.09807 ], [ -99.57057, 37.82563 ], [ -99.56026, 37.82558 ], [ -99.55778, 37.63043 ], [ -99.55576, 37.38111 ], [ -99.54318, 37.38112 ], [ -99.54466, 37.30475 ], [ -99.54414, 37.19628 ], [ -99.54111, 36.9996 ], [ -99.00029, 36.99946 ], [ -99.00242, 37.25002 ], [ -99.00128, 37.38429 ], [ -99.01149, 37.38426 ], [ -99.01535, 37.64349 ], [ -99.01331, 37.82533 ], [ -99.02262, 37.82535 ], [ -99.02213, 38.00023 ], [ -98.91313, 38.00044 ], [ -98.91257, 38.26108 ], [ -99.0323, 38.26122 ], [ -99.03296, 38.69675 ], [ -99.04262, 38.6968 ] ] ] } },
{ "type": "Feature", "properties": { "fid": 85, "ZoneCode": "201015", "AbrvFull": "KS PRAT", "NameFull": "Kansas Pratt", "ZoneNum": 15, "AbrvPart": "PRAT", "NamePart": "Pratt", "ZoneType": "Multizone partial", "StateAbrv": "KS", "StateName": "Kansas", "ProjAbrv": "TM", "ProjType": "Transverse Mercator", "LatOrigin": "36°30'N", "LonOriginE": "261°27'E", "LonOriginW": "98°33'W", "Lat0_deg": 36.5, "Lon0_E_deg": 261.45, "Lon0_W_deg": -98.55, "ProjScale": 1.000069, "SkewAz_deg": -9999, "FalseN_m": 0.0, "FalseE_m": 4686300.0, "FalseN_ift": 0.0, "FalseE_ift": 15375000.0, "DesignBy": "State", "Ref_frame": "NATRF2022" }, "geometry": { "type": "Polygon", "coordinates": [ [ [ -98.47983, 38.26078 ], [ -98.91257, 38.26108 ], [ -98.91313, 38.00044 ], [ -99.02213, 38.00023 ], [ -99.02262, 37.82535 ], [ -99.01331, 37.82533 ], [ -99.01535, 37.64349 ], [ -99.01149, 37.38426 ], [ -99.00128, 37.38429 ], [ -99.00242, 37.25002 ], [ -99.00029, 36.99946 ], [ -98.79701, 36.99945 ], [ -98.34714, 36.99815 ], [ -98.34979, 37.38405 ], [ -98.46494, 37.38408 ], [ -98.46489, 37.82451 ], [ -98.47225, 37.82449 ], [ -98.47278, 38.17275 ], [ -98.47243, 38.26073 ], [ -98.47983, 38.26078 ] ] ] } },
{ "type": "Feature", "properties": { "fid": 86, "ZoneCode": "201016", "AbrvFull": "KS WICH", "NameFull": "Kansas Wichita", "ZoneNum": 16, "AbrvPart": "WICH", "NamePart": "Wichita", "ZoneType": "Multizone partial", "StateAbrv": "KS", "StateName": "Kansas", "ProjAbrv": "LC1", "ProjType": "Lambert Conformal Conic, one parallel", "LatOrigin": "37°46'N", "LonOriginE": "262°30'E", "LonOriginW": "97°30'W", "Lat0_deg": 37.766666666699997, "Lon0_E_deg": 262.5, "Lon0_W_deg": -97.5, "ProjScale": 1.000059, "SkewAz_deg": -9999, "FalseN_m": 152400.0, "FalseE_m": 5067300.0, "FalseN_ift": 500000.0, "FalseE_ift": 16625000.0, "DesignBy": "State", "Ref_frame": "NATRF2022" }, "geometry": { "type": "Polygon", "coordinates": [ [ [ -96.84076, 38.08562 ], [ -97.1529, 38.0877 ], [ -97.15308, 38.17463 ], [ -97.35049, 38.17382 ], [ -97.6098, 38.17417 ], [ -97.92213, 38.17371 ], [ -98.14226, 38.17391 ], [ -98.14217, 38.15953 ], [ -98.21591, 38.15874 ], [ -98.21602, 38.17349 ], [ -98.47278, 38.17275 ], [ -98.47225, 37.82449 ], [ -98.46489, 37.82451 ], [ -98.46494, 37.38408 ], [ -98.34979, 37.38405 ], [ -98.14889, 37.38421 ], [ -97.80705, 37.38629 ], [ -97.80759, 37.47418 ], [ -97.51521, 37.47553 ], [ -97.36918, 37.47727 ], [ -97.25869, 37.47549 ], [ -96.84402, 37.47619 ], [ -96.71511, 37.47537 ], [ -96.52568, 37.4764 ], [ -96.52593, 37.79928 ], [ -96.52277, 38.08636 ], [ -96.84076, 38.08562 ] ] ] } },
{ "type": "Feature", "properties": { "fid": 87, "ZoneCode": "201017", "AbrvFull": "KS ARKC", "NameFull": "Kansas Arkansas City", "ZoneNum": 17, "AbrvPart": "ARKC", "NamePart": "Arkansas City", "ZoneType": "Multizone partial", "StateAbrv": "KS", "StateName": "Kansas", "ProjAbrv": "LC1", "ProjType": "Lambert Conformal Conic, one parallel", "LatOrigin": "37°11'N", "LonOriginE": "262°30'E", "LonOriginW": "97°30'W", "Lat0_deg": 37.183333333299998, "Lon0_E_deg": 262.5, "Lon0_W_deg": -97.5, "ProjScale": 1.000055, "SkewAz_deg": -9999, "FalseN_m": 76200.0, "FalseE_m": 5334000.0, "FalseN_ift": 250000.0, "FalseE_ift": 17500000.0, "DesignBy": "State", "Ref_frame": "NATRF2022" }, "geometry": { "type": "Polygon", "coordinates": [ [ [ -96.52568, 37.4764 ], [ -96.71511, 37.47537 ], [ -96.84402, 37.47619 ], [ -97.25869, 37.47549 ], [ -97.36918, 37.47727 ], [ -97.51521, 37.47553 ], [ -97.80759, 37.47418 ], [ -97.80705, 37.38629 ], [ -98.14889, 37.38421 ], [ -98.34979, 37.38405 ], [ -98.34714, 36.99815 ], [ -98.30045, 36.99768 ], [ -97.94561, 36.9986 ], [ -96.73658, 36.99928 ], [ -96.52557, 36.9987 ], [ -96.52479, 37.36766 ], [ -96.52568, 37.4764 ] ] ] } },
{ "type": "Feature", "properties": { "fid": 88, "ZoneCode": "201018", "AbrvFull": "KS COFY", "NameFull": "Kansas Coffeyville", "ZoneNum": 18, "AbrvPart": "COFY", "NamePart": "Coffeyville", "ZoneType": "Multizone partial", "StateAbrv": "KS", "StateName": "Kansas", "ProjAbrv": "TM", "ProjType": "Transverse Mercator", "LatOrigin": "36°30'N", "LonOriginE": "264°02'E", "LonOriginW": "95°58'W", "Lat0_deg": 36.5, "Lon0_E_deg": 264.03333333299997, "Lon0_W_deg": -95.966666666699993, "ProjScale": 1.000034, "SkewAz_deg": -9999, "FalseN_m": 0.0, "FalseE_m": 5600700.0, "FalseN_ift": 0.0, "FalseE_ift": 18375000.0, "DesignBy": "State", "Ref_frame": "NATRF2022" }, "geometry": { "type": "Polygon", "coordinates": [ [ [ -95.50073, 38.7388 ], [ -95.50071, 38.86981 ], [ -95.68716, 38.87005 ], [ -95.79749, 38.86891 ], [ -95.94658, 38.86997 ], [ -95.94591, 38.73911 ], [ -95.94964, 38.69538 ], [ -95.95057, 38.37357 ], [ -95.94998, 38.2597 ], [ -95.95849, 38.25971 ], [ -95.95885, 38.17093 ], [ -96.25689, 38.17288 ], [ -96.35727, 38.17265 ], [ -96.35809, 38.08581 ], [ -96.52277, 38.08636 ], [ -96.52593, 37.79928 ], [ -96.52568, 37.4764 ], [ -96.52479, 37.36766 ], [ -96.52557, 36.9987 ], [ -96.31887, 36.9993 ], [ -95.52241, 36.99927 ], [ -95.52141, 37.19421 ], [ -95.51799, 37.25199 ], [ -95.52112, 37.38398 ], [ -95.52555, 37.38397 ], [ -95.52613, 37.63225 ], [ -95.52485, 37.82028 ], [ -95.5193, 37.82025 ], [ -95.51917, 38.00906 ], [ -95.51675, 38.25929 ], [ -95.50746, 38.25924 ], [ -95.509, 38.65896 ], [ -95.50803, 38.69526 ], [ -95.50121, 38.69526 ], [ -95.50073, 38.7388 ] ] ] } },
{ "type": "Feature", "properties": { "fid": 89, "ZoneCode": "201019", "AbrvFull": "KS PITT", "NameFull": "Kansas Pittsburg", "ZoneNum": 19, "AbrvPart": "PITT", "NamePart": "Pittsburg", "ZoneType": "Multizone partial", "StateAbrv": "KS", "StateName": "Kansas", "ProjAbrv": "TM", "ProjType": "Transverse Mercator", "LatOrigin": "36°30'N", "LonOriginE": "264°55'E", "LonOriginW": "95°05'W", "Lat0_deg": 36.5, "Lon0_E_deg": 264.91666666700002, "Lon0_W_deg": -95.083333333300004, "ProjScale": 1.000031, "SkewAz_deg": -9999, "FalseN_m": 0.0, "FalseE_m": 5905500.0, "FalseN_ift": 0.0, "FalseE_ift": 19375000.0, "DesignBy": "State", "Ref_frame": "NATRF2022" }, "geometry": { "type": "Polygon", "coordinates": [ [ [ -94.60907, 38.73809 ], [ -95.50073, 38.7388 ], [ -95.50121, 38.69526 ], [ -95.50803, 38.69526 ], [ -95.509, 38.65896 ], [ -95.50746, 38.25924 ], [ -95.51675, 38.25929 ], [ -95.51917, 38.00906 ], [ -95.5193, 37.82025 ], [ -95.52485, 37.82028 ], [ -95.52613, 37.63225 ], [ -95.52555, 37.38397 ], [ -95.52112, 37.38398 ], [ -95.51799, 37.25199 ], [ -95.52141, 37.19421 ], [ -95.52241, 36.99927 ], [ -94.96158, 36.99946 ], [ -94.61795, 36.9989 ], [ -94.6183, 37.19468 ], [ -94.61671, 37.50012 ], [ -94.61766, 37.77619 ], [ -94.61415, 37.974 ], [ -94.61249, 38.22037 ], [ -94.61334, 38.45869 ], [ -94.6119, 38.60588 ], [ -94.60907, 38.73809 ] ] ] } },
{ "type": "Feature", "properties": { "fid": 90, "ZoneCode": "291001", "AbrvFull": "MO CAPG", "NameFull": "Missouri Cape Girardeau", "ZoneNum": 1, "AbrvPart": "CAPG", "NamePart": "Cape Girardeau", "ZoneType": "Multizone partial", "StateAbrv": "MO", "StateName": "Missouri", "ProjAbrv": "TM", "ProjType": "Transverse Mercator", "LatOrigin": "35°45'N", "LonOriginE": "270°27'E", "LonOriginW": "89°33'W", "Lat0_deg": 35.75, "Lon0_E_deg": 270.45, "Lon0_W_deg": -89.55, "ProjScale": 1.00001, "SkewAz_deg": -9999, "FalseN_m": 0.0, "FalseE_m": 457200.0, "FalseN_ift": 0.0, "FalseE_ift": 1500000.0, "DesignBy": "State", "Ref_frame": "NATRF2022" }, "geometry": { "type": "Polygon", "coordinates": [ [ [ -89.52185, 37.56621 ], [ -89.54338, 37.567 ], [ -89.55536, 37.57681 ], [ -89.58163, 37.57106 ], [ -89.58325, 37.58181 ], [ -89.60357, 37.59205 ], [ -89.60282, 37.60322 ], [ -89.62578, 37.58846 ], [ -89.66535, 37.59819 ], [ -89.67279, 37.58375 ], [ -89.68412, 37.59353 ], [ -89.72726, 37.59983 ], [ -89.74858, 37.59021 ], [ -89.8022, 37.59367 ], [ -89.80225, 37.6027 ], [ -89.86111, 37.59928 ], [ -89.86246, 37.49644 ], [ -89.8622, 37.31066 ], [ -89.86325, 37.21903 ], [ -89.86679, 37.21907 ], [ -89.86658, 37.12668 ], [ -89.7652, 37.12606 ], [ -89.7744, 37.09731 ], [ -89.78681, 37.08782 ], [ -89.75385, 37.02989 ], [ -89.72343, 36.99357 ], [ -89.71523, 36.95247 ], [ -89.69393, 36.94071 ], [ -89.68554, 36.92191 ], [ -89.69377, 36.89963 ], [ -89.68667, 36.88702 ], [ -89.70482, 36.85928 ], [ -89.7001, 36.74026 ], [ -89.70267, 36.73907 ], [ -89.70094, 36.62745 ], [ -89.82874, 36.62737 ], [ -89.95878, 36.62932 ], [ -89.96324, 36.60121 ], [ -89.95386, 36.54564 ], [ -89.96048, 36.52745 ], [ -89.95742, 36.46015 ], [ -89.97247, 36.38959 ], [ -89.91342, 36.38644 ], [ -89.75214, 36.38639 ], [ -89.74516, 36.41841 ], [ -89.72549, 36.4272 ], [ -89.69579, 36.41638 ], [ -89.67698, 36.40099 ], [ -89.63973, 36.40078 ], [ -89.6113, 36.41127 ], [ -89.59229, 36.4038 ], [ -89.58371, 36.38302 ], [ -89.54508, 36.35999 ], [ -89.545, 36.3368 ], [ -89.51899, 36.34859 ], [ -89.50971, 36.37362 ], [ -89.54233, 36.4201 ], [ -89.5434, 36.43876 ], [ -89.52727, 36.45154 ], [ -89.52063, 36.47866 ], [ -89.5604, 36.5244 ], [ -89.57072, 36.55765 ], [ -89.55757, 36.57429 ], [ -89.53063, 36.5817 ], [ -89.47992, 36.56908 ], [ -89.46781, 36.54697 ], [ -89.46664, 36.52703 ], [ -89.48668, 36.49499 ], [ -89.49189, 36.46789 ], [ -89.47663, 36.45839 ], [ -89.45351, 36.46178 ], [ -89.41727, 36.499 ], [ -89.3827, 36.58372 ], [ -89.3776, 36.60978 ], [ -89.36579, 36.62512 ], [ -89.33203, 36.63287 ], [ -89.31644, 36.62404 ], [ -89.29467, 36.59377 ], [ -89.25653, 36.56495 ], [ -89.22704, 36.56953 ], [ -89.20276, 36.60166 ], [ -89.19774, 36.62896 ], [ -89.15911, 36.66635 ], [ -89.17188, 36.67259 ], [ -89.16942, 36.68876 ], [ -89.20064, 36.71874 ], [ -89.19785, 36.73977 ], [ -89.16978, 36.75963 ], [ -89.12596, 36.7518 ], [ -89.11697, 36.77559 ], [ -89.1287, 36.78767 ], [ -89.15146, 36.78866 ], [ -89.17821, 36.80861 ], [ -89.17885, 36.83333 ], [ -89.17043, 36.84183 ], [ -89.1381, 36.84732 ], [ -89.11711, 36.88868 ], [ -89.09896, 36.95606 ], [ -89.10919, 36.97644 ], [ -89.12534, 36.98352 ], [ -89.17, 36.97029 ], [ -89.19209, 36.97999 ], [ -89.2034, 37.01885 ], [ -89.2371, 37.04101 ], [ -89.25492, 37.07201 ], [ -89.25993, 37.06406 ], [ -89.30772, 37.06965 ], [ -89.30136, 37.04498 ], [ -89.27771, 37.03613 ], [ -89.2576, 37.01549 ], [ -89.26623, 36.9963 ], [ -89.29212, 36.99218 ], [ -89.31716, 37.01276 ], [ -89.37662, 37.03848 ], [ -89.38518, 37.05774 ], [ -89.3787, 37.09458 ], [ -89.42557, 37.13823 ], [ -89.46185, 37.19951 ], [ -89.46749, 37.22184 ], [ -89.45782, 37.24259 ], [ -89.47052, 37.25335 ], [ -89.48991, 37.25131 ], [ -89.51846, 37.28625 ], [ -89.50969, 37.31425 ], [ -89.49119, 37.33135 ], [ -89.43603, 37.34443 ], [ -89.42818, 37.35615 ], [ -89.42093, 37.39395 ], [ -89.43976, 37.43719 ], [ -89.47119, 37.46647 ], [ -89.51644, 37.53555 ], [ -89.52185, 37.56621 ] ] ] } },
{ "type": "Feature", "properties": { "fid": 91, "ZoneCode": "291002", "AbrvFull": "MO KNET", "NameFull": "Missouri Kennett", "ZoneNum": 2, "AbrvPart": "KNET", "NamePart": "Kennett", "ZoneType": "Multizone partial", "StateAbrv": "MO", "StateName": "Missouri", "ProjAbrv": "LC1", "ProjType": "Lambert Conformal Conic, one parallel", "LatOrigin": "36°18'N", "LonOriginE": "270°03'E", "LonOriginW": "89°57'W", "Lat0_deg": 36.3, "Lon0_E_deg": 270.05, "Lon0_W_deg": -89.95, "ProjScale": 1.000003, "SkewAz_deg": -9999, "FalseN_m": 76200.0, "FalseE_m": 762000.0, "FalseN_ift": 250000.0, "FalseE_ift": 2500000.0, "DesignBy": "State", "Ref_frame": "NATRF2022" }, "geometry": { "type": "Polygon", "coordinates": [ [ [ -89.95878, 36.62932 ], [ -90.14839, 36.63065 ], [ -90.16855, 36.61497 ], [ -90.18256, 36.57605 ], [ -90.18566, 36.54848 ], [ -90.19815, 36.54846 ], [ -90.21993, 36.52203 ], [ -90.22072, 36.49785 ], [ -90.1523, 36.49798 ], [ -90.15924, 36.4797 ], [ -90.14315, 36.47518 ], [ -90.1554, 36.46379 ], [ -90.13416, 36.45415 ], [ -90.14433, 36.42537 ], [ -90.13597, 36.41333 ], [ -90.08204, 36.40123 ], [ -90.06322, 36.37754 ], [ -90.07795, 36.34939 ], [ -90.08237, 36.32197 ], [ -90.06418, 36.3025 ], [ -90.07901, 36.28986 ], [ -90.08379, 36.27193 ], [ -90.11511, 36.2652 ], [ -90.1324, 36.22643 ], [ -90.19509, 36.20043 ], [ -90.21996, 36.18472 ], [ -90.23534, 36.15953 ], [ -90.23544, 36.13939 ], [ -90.26652, 36.12001 ], [ -90.29292, 36.11449 ], [ -90.29999, 36.09791 ], [ -90.3196, 36.08956 ], [ -90.31853, 36.07516 ], [ -90.3482, 36.04157 ], [ -90.35619, 36.02022 ], [ -90.37789, 35.99574 ], [ -90.00381, 35.99901 ], [ -89.70692, 36.00097 ], [ -89.68725, 36.03404 ], [ -89.68002, 36.08249 ], [ -89.66659, 36.0958 ], [ -89.6283, 36.10685 ], [ -89.59306, 36.12969 ], [ -89.5922, 36.15011 ], [ -89.607, 36.17117 ], [ -89.69262, 36.22495 ], [ -89.70524, 36.23656 ], [ -89.69523, 36.25276 ], [ -89.6514, 36.25068 ], [ -89.61114, 36.23926 ], [ -89.58732, 36.23948 ], [ -89.56412, 36.25047 ], [ -89.53467, 36.25276 ], [ -89.53643, 36.27282 ], [ -89.57848, 36.28831 ], [ -89.61181, 36.30908 ], [ -89.62025, 36.323 ], [ -89.61068, 36.34044 ], [ -89.58163, 36.34235 ], [ -89.545, 36.3368 ], [ -89.54508, 36.35999 ], [ -89.58371, 36.38302 ], [ -89.59229, 36.4038 ], [ -89.6113, 36.41127 ], [ -89.63973, 36.40078 ], [ -89.67698, 36.40099 ], [ -89.69579, 36.41638 ], [ -89.72549, 36.4272 ], [ -89.74516, 36.41841 ], [ -89.75214, 36.38639 ], [ -89.91342, 36.38644 ], [ -89.97247, 36.38959 ], [ -89.95742, 36.46015 ], [ -89.96048, 36.52745 ], [ -89.95386, 36.54564 ], [ -89.96324, 36.60121 ], [ -89.95878, 36.62932 ] ] ] } },
{ "type": "Feature", "properties": { "fid": 92, "ZoneCode": "291003", "AbrvFull": "MO PRVL", "NameFull": "Missouri Perryville", "ZoneNum": 3, "AbrvPart": "PRVL", "NamePart": "Perryville", "ZoneType": "Multizone partial", "StateAbrv": "MO", "StateName": "Missouri", "ProjAbrv": "TM", "ProjType": "Transverse Mercator", "LatOrigin": "35°45'N", "LonOriginE": "270°09'E", "LonOriginW": "89°51'W", "Lat0_deg": 35.75, "Lon0_E_deg": 270.15, "Lon0_W_deg": -89.85, "ProjScale": 1.000016, "SkewAz_deg": -9999, "FalseN_m": 0.0, "FalseE_m": 1066800.0, "FalseN_ift": 0.0, "FalseE_ift": 3500000.0, "DesignBy": "State", "Ref_frame": "NATRF2022" }, "geometry": { "type": "Polygon", "coordinates": [ [ [ -89.52185, 37.56621 ], [ -89.51653, 37.5845 ], [ -89.48111, 37.58297 ], [ -89.47839, 37.59886 ], [ -89.51771, 37.64121 ], [ -89.512, 37.68552 ], [ -89.52572, 37.69843 ], [ -89.58331, 37.71325 ], [ -89.61806, 37.74981 ], [ -89.64952, 37.74549 ], [ -89.66786, 37.76025 ], [ -89.66037, 37.78629 ], [ -89.66964, 37.79992 ], [ -89.70284, 37.81681 ], [ -89.73987, 37.84691 ], [ -89.75409, 37.84635 ], [ -89.79753, 37.86212 ], [ -89.79932, 37.88151 ], [ -89.84478, 37.90557 ], [ -89.87968, 37.88073 ], [ -89.90562, 37.86939 ], [ -89.9386, 37.8743 ], [ -89.99976, 37.82174 ], [ -90.05151, 37.7495 ], [ -90.11057, 37.67128 ], [ -90.14677, 37.64161 ], [ -90.14674, 37.59712 ], [ -90.13853, 37.54121 ], [ -90.14369, 37.46504 ], [ -90.14569, 37.31208 ], [ -90.21765, 37.31496 ], [ -90.22322, 37.08653 ], [ -90.11035, 37.08586 ], [ -90.11124, 37.0412 ], [ -90.14851, 37.04159 ], [ -90.14944, 37.00744 ], [ -90.16787, 37.00764 ], [ -90.16845, 36.99319 ], [ -90.18632, 36.99334 ], [ -90.18657, 36.97868 ], [ -90.20488, 36.97877 ], [ -90.20517, 36.96455 ], [ -90.22319, 36.96465 ], [ -90.22359, 36.93575 ], [ -90.24163, 36.93594 ], [ -90.24177, 36.92152 ], [ -90.25855, 36.92204 ], [ -90.24515, 36.89254 ], [ -90.25679, 36.87958 ], [ -90.21631, 36.8428 ], [ -90.22446, 36.83127 ], [ -90.21588, 36.81427 ], [ -90.1979, 36.80414 ], [ -90.2042, 36.77226 ], [ -90.1907, 36.77232 ], [ -90.18743, 36.75581 ], [ -90.15161, 36.71634 ], [ -90.14001, 36.69675 ], [ -90.14914, 36.67716 ], [ -90.13555, 36.65976 ], [ -90.14839, 36.63065 ], [ -89.95878, 36.62932 ], [ -89.82874, 36.62737 ], [ -89.70094, 36.62745 ], [ -89.70267, 36.73907 ], [ -89.7001, 36.74026 ], [ -89.70482, 36.85928 ], [ -89.68667, 36.88702 ], [ -89.69377, 36.89963 ], [ -89.68554, 36.92191 ], [ -89.69393, 36.94071 ], [ -89.71523, 36.95247 ], [ -89.72343, 36.99357 ], [ -89.75385, 37.02989 ], [ -89.78681, 37.08782 ], [ -89.7744, 37.09731 ], [ -89.7652, 37.12606 ], [ -89.86658, 37.12668 ], [ -89.86679, 37.21907 ], [ -89.86325, 37.21903 ], [ -89.8622, 37.31066 ], [ -89.86246, 37.49644 ], [ -89.86111, 37.59928 ], [ -89.80225, 37.6027 ], [ -89.8022, 37.59367 ], [ -89.74858, 37.59021 ], [ -89.72726, 37.59983 ], [ -89.68412, 37.59353 ], [ -89.67279, 37.58375 ], [ -89.66535, 37.59819 ], [ -89.62578, 37.58846 ], [ -89.60282, 37.60322 ], [ -89.60357, 37.59205 ], [ -89.58325, 37.58181 ], [ -89.58163, 37.57106 ], [ -89.55536, 37.57681 ], [ -89.54338, 37.567 ], [ -89.52185, 37.56621 ] ] ] } },
{ "type": "Feature", "properties": { "fid": 93, "ZoneCode": "291004", "AbrvFull": "MO PIED", "NameFull": "Missouri Piedmont", "ZoneNum": 4, "AbrvPart": "PIED", "NamePart": "Piedmont", "ZoneType": "Multizone partial", "StateAbrv": "MO", "StateName": "Missouri", "ProjAbrv": "LC1", "ProjType": "Lambert Conformal Conic, one parallel", "LatOrigin": "37°03'N", "LonOriginE": "269°30'E", "LonOriginW": "90°30'W", "Lat0_deg": 37.05, "Lon0_E_deg": 269.5, "Lon0_W_deg": -90.5, "ProjScale": 1.000026, "SkewAz_deg": -9999, "FalseN_m": 152400.0, "FalseE_m": 1371600.0, "FalseN_ift": 500000.0, "FalseE_ift": 4500000.0, "DesignBy": "State", "Ref_frame": "NATRF2022" }, "geometry": { "type": "Polygon", "coordinates": [ [ [ -90.21765, 37.31496 ], [ -90.34623, 37.31457 ], [ -90.54972, 37.31759 ], [ -90.55059, 37.2726 ], [ -90.64275, 37.27221 ], [ -90.66177, 37.27476 ], [ -90.73544, 37.27103 ], [ -90.73714, 37.16641 ], [ -90.75586, 37.16672 ], [ -90.75679, 37.13773 ], [ -90.77902, 37.13791 ], [ -90.77954, 37.05032 ], [ -90.72971, 37.04953 ], [ -90.73093, 37.00039 ], [ -90.71298, 37.00036 ], [ -90.71341, 36.97104 ], [ -90.69541, 36.97074 ], [ -90.69688, 36.92718 ], [ -90.3251, 36.92545 ], [ -90.25855, 36.92204 ], [ -90.24177, 36.92152 ], [ -90.24163, 36.93594 ], [ -90.22359, 36.93575 ], [ -90.22319, 36.96465 ], [ -90.20517, 36.96455 ], [ -90.20488, 36.97877 ], [ -90.18657, 36.97868 ], [ -90.18632, 36.99334 ], [ -90.16845, 36.99319 ], [ -90.16787, 37.00764 ], [ -90.14944, 37.00744 ], [ -90.14851, 37.04159 ], [ -90.11124, 37.0412 ], [ -90.11035, 37.08586 ], [ -90.22322, 37.08653 ], [ -90.21765, 37.31496 ] ] ] } },
{ "type": "Feature", "properties": { "fid": 94, "ZoneCode": "291005", "AbrvFull": "MO FRED", "NameFull": "Missouri Fredericktown", "ZoneNum": 5, "AbrvPart": "FRED", "NamePart": "Fredericktown", "ZoneType": "Multizone partial", "StateAbrv": "MO", "StateName": "Missouri", "ProjAbrv": "LC1", "ProjType": "Lambert Conformal Conic, one parallel", "LatOrigin": "37°21'N", "LonOriginE": "269°30'E", "LonOriginW": "90°30'W", "Lat0_deg": 37.35, "Lon0_E_deg": 269.5, "Lon0_W_deg": -90.5, "ProjScale": 1.000037, "SkewAz_deg": -9999, "FalseN_m": 190500.0, "FalseE_m": 1676400.0, "FalseN_ift": 625000.0, "FalseE_ift": 5500000.0, "DesignBy": "State", "Ref_frame": "NATRF2022" }, "geometry": { "type": "Polygon", "coordinates": [ [ [ -90.64513, 37.73481 ], [ -90.76194, 37.73718 ], [ -90.87413, 37.73419 ], [ -90.94717, 37.73805 ], [ -91.14651, 37.7408 ], [ -91.14696, 37.69719 ], [ -91.15334, 37.69733 ], [ -91.15506, 37.58809 ], [ -91.10066, 37.58776 ], [ -90.98705, 37.60385 ], [ -90.79094, 37.60211 ], [ -90.76869, 37.603 ], [ -90.77294, 37.37365 ], [ -90.74971, 37.37279 ], [ -90.75362, 37.27011 ], [ -90.73544, 37.27103 ], [ -90.66177, 37.27476 ], [ -90.64275, 37.27221 ], [ -90.55059, 37.2726 ], [ -90.54972, 37.31759 ], [ -90.34623, 37.31457 ], [ -90.21765, 37.31496 ], [ -90.14569, 37.31208 ], [ -90.14369, 37.46504 ], [ -90.13853, 37.54121 ], [ -90.14674, 37.59712 ], [ -90.14677, 37.64161 ], [ -90.20814, 37.64106 ], [ -90.42121, 37.64298 ], [ -90.64787, 37.6428 ], [ -90.64513, 37.73481 ] ] ] } },
{ "type": "Feature", "properties": { "fid": 95, "ZoneCode": "291006", "AbrvFull": "MO FARM", "NameFull": "Missouri Farmington", "ZoneNum": 6, "AbrvPart": "FARM", "NamePart": "Farmington", "ZoneType": "Multizone partial", "StateAbrv": "MO", "StateName": "Missouri", "ProjAbrv": "LC1", "ProjType": "Lambert Conformal Conic, one parallel", "LatOrigin": "38°00'N", "LonOriginE": "269°42'E", "LonOriginW": "90°18'W", "Lat0_deg": 38.0, "Lon0_E_deg": 269.7, "Lon0_W_deg": -90.3, "ProjScale": 1.000029, "SkewAz_deg": -9999, "FalseN_m": 266700.0, "FalseE_m": 1981200.0, "FalseN_ift": 875000.0, "FalseE_ift": 6500000.0, "DesignBy": "State", "Ref_frame": "NATRF2022" }, "geometry": { "type": "Polygon", "coordinates": [ [ [ -89.9386, 37.8743 ], [ -89.95335, 37.88461 ], [ -89.97418, 37.9195 ], [ -89.95956, 37.94015 ], [ -89.93126, 37.94827 ], [ -89.92508, 37.96001 ], [ -89.94068, 37.97087 ], [ -89.9881, 37.96174 ], [ -90.00793, 37.9701 ], [ -90.03179, 37.99512 ], [ -90.06504, 38.01687 ], [ -90.09283, 38.01725 ], [ -90.12652, 38.04166 ], [ -90.13078, 38.06233 ], [ -90.15826, 38.07494 ], [ -90.17221, 38.06963 ], [ -90.21701, 38.09346 ], [ -90.24257, 38.11212 ], [ -90.25266, 38.12781 ], [ -90.26205, 38.10789 ], [ -90.28164, 38.10338 ], [ -90.29599, 38.08797 ], [ -90.32938, 38.09435 ], [ -90.41601, 38.04231 ], [ -90.58332, 38.00349 ], [ -90.62808, 38.00774 ], [ -90.61278, 38.01589 ], [ -90.6215, 38.04035 ], [ -90.612, 38.06958 ], [ -90.63997, 38.07654 ], [ -90.64513, 37.73481 ], [ -90.64787, 37.6428 ], [ -90.42121, 37.64298 ], [ -90.20814, 37.64106 ], [ -90.14677, 37.64161 ], [ -90.11057, 37.67128 ], [ -90.05151, 37.7495 ], [ -89.99976, 37.82174 ], [ -89.9386, 37.8743 ] ] ] } },
{ "type": "Feature", "properties": { "fid": 96, "ZoneCode": "291007", "AbrvFull": "MO STL", "NameFull": "Missouri St Louis", "ZoneNum": 7, "AbrvPart": "STL", "NamePart": "St Louis", "ZoneType": "Multizone partial", "StateAbrv": "MO", "StateName": "Missouri", "ProjAbrv": "TM", "ProjType": "Transverse Mercator", "LatOrigin": "35°45'N", "LonOriginE": "269°39'E", "LonOriginW": "90°21'W", "Lat0_deg": 35.75, "Lon0_E_deg": 269.65, "Lon0_W_deg": -90.35, "ProjScale": 1.00002, "SkewAz_deg": -9999, "FalseN_m": 0.0, "FalseE_m": 2286000.0, "FalseN_ift": 0.0, "FalseE_ift": 7500000.0, "DesignBy": "State", "Ref_frame": "NATRF2022" }, "geometry": { "type": "Polygon", "coordinates": [ [ [ -90.1177, 38.80574 ], [ -90.12677, 38.82132 ], [ -90.15845, 38.82878 ], [ -90.18305, 38.81805 ], [ -90.19567, 38.82125 ], [ -90.26817, 38.86103 ], [ -90.29873, 38.88775 ], [ -90.3202, 38.89114 ], [ -90.33679, 38.88202 ], [ -90.3491, 38.84169 ], [ -90.36215, 38.82785 ], [ -90.38226, 38.82193 ], [ -90.41554, 38.82887 ], [ -90.44061, 38.82764 ], [ -90.47318, 38.79097 ], [ -90.48265, 38.76346 ], [ -90.49578, 38.74825 ], [ -90.53363, 38.72686 ], [ -90.53035, 38.69862 ], [ -90.55067, 38.68235 ], [ -90.60389, 38.68197 ], [ -90.62575, 38.69052 ], [ -90.67452, 38.68219 ], [ -90.67924, 38.66559 ], [ -90.73232, 38.63929 ], [ -90.73262, 38.57644 ], [ -90.73762, 38.41545 ], [ -90.77227, 38.25004 ], [ -90.78018, 38.20411 ], [ -90.68139, 38.10267 ], [ -90.68477, 38.08626 ], [ -90.63997, 38.07654 ], [ -90.612, 38.06958 ], [ -90.6215, 38.04035 ], [ -90.61278, 38.01589 ], [ -90.62808, 38.00774 ], [ -90.58332, 38.00349 ], [ -90.41601, 38.04231 ], [ -90.32938, 38.09435 ], [ -90.29599, 38.08797 ], [ -90.28164, 38.10338 ], [ -90.26205, 38.10789 ], [ -90.25266, 38.12781 ], [ -90.29062, 38.17036 ], [ -90.33416, 38.18985 ], [ -90.35862, 38.22197 ], [ -90.37241, 38.28372 ], [ -90.37081, 38.33355 ], [ -90.34144, 38.38829 ], [ -90.28989, 38.43313 ], [ -90.26405, 38.52102 ], [ -90.2242, 38.57507 ], [ -90.19179, 38.59897 ], [ -90.1788, 38.62915 ], [ -90.18259, 38.66537 ], [ -90.21199, 38.71177 ], [ -90.20517, 38.73219 ], [ -90.1836, 38.74674 ], [ -90.16636, 38.77267 ], [ -90.1177, 38.80574 ] ] ] } },
{ "type": "Feature", "properties": { "fid": 97, "ZoneCode": "291008", "AbrvFull": "MO PLRB", "NameFull": "Missouri Poplar Bluff", "ZoneNum": 8, "AbrvPart": "PLRB", "NamePart": "Poplar Bluff", "ZoneType": "Multizone partial", "StateAbrv": "MO", "StateName": "Missouri", "ProjAbrv": "LC1", "ProjType": "Lambert Conformal Conic, one parallel", "LatOrigin": "36°42'N", "LonOriginE": "269°06'E", "LonOriginW": "90°54'W", "Lat0_deg": 36.7, "Lon0_E_deg": 269.1, "Lon0_W_deg": -90.9, "ProjScale": 1.000023, "SkewAz_deg": -9999, "FalseN_m": 114300.0, "FalseE_m": 2590800.0, "FalseN_ift": 375000.0, "FalseE_ift": 8500000.0, "DesignBy": "State", "Ref_frame": "NATRF2022" }, "geometry": { "type": "Polygon", "coordinates": [ [ [ -90.77954, 37.05032 ], [ -90.96446, 37.05358 ], [ -90.96355, 37.09735 ], [ -91.01776, 37.09567 ], [ -91.06673, 37.09377 ], [ -91.06541, 37.08849 ], [ -91.10973, 37.08405 ], [ -91.21714, 37.08619 ], [ -91.22282, 36.88385 ], [ -91.25012, 36.88514 ], [ -91.47811, 36.88581 ], [ -91.6581, 36.88872 ], [ -91.66001, 36.78752 ], [ -91.67423, 36.78783 ], [ -91.67832, 36.62505 ], [ -91.67201, 36.60621 ], [ -91.67233, 36.49939 ], [ -91.5395, 36.49923 ], [ -91.42206, 36.49713 ], [ -90.8074, 36.49883 ], [ -90.46866, 36.49862 ], [ -90.22072, 36.49785 ], [ -90.21993, 36.52203 ], [ -90.19815, 36.54846 ], [ -90.18566, 36.54848 ], [ -90.18256, 36.57605 ], [ -90.16855, 36.61497 ], [ -90.14839, 36.63065 ], [ -90.13555, 36.65976 ], [ -90.14914, 36.67716 ], [ -90.14001, 36.69675 ], [ -90.15161, 36.71634 ], [ -90.18743, 36.75581 ], [ -90.1907, 36.77232 ], [ -90.2042, 36.77226 ], [ -90.1979, 36.80414 ], [ -90.21588, 36.81427 ], [ -90.22446, 36.83127 ], [ -90.21631, 36.8428 ], [ -90.25679, 36.87958 ], [ -90.24515, 36.89254 ], [ -90.25855, 36.92204 ], [ -90.3251, 36.92545 ], [ -90.69688, 36.92718 ], [ -90.69541, 36.97074 ], [ -90.71341, 36.97104 ], [ -90.71298, 37.00036 ], [ -90.73093, 37.00039 ], [ -90.72971, 37.04953 ], [ -90.77954, 37.05032 ] ] ] } },
{ "type": "Feature", "properties": { "fid": 98, "ZoneCode": "291009", "AbrvFull": "MO ELTN", "NameFull": "Missouri Ellington", "ZoneNum": 9, "AbrvPart": "ELTN", "NamePart": "Ellington", "ZoneType": "Multizone partial", "StateAbrv": "MO", "StateName": "Missouri", "ProjAbrv": "LC1", "ProjType": "Lambert Conformal Conic, one parallel", "LatOrigin": "37°12'N", "LonOriginE": "269°00'E", "LonOriginW": "91°00'W", "Lat0_deg": 37.2, "Lon0_E_deg": 269.0, "Lon0_W_deg": -91.0, "ProjScale": 1.000033, "SkewAz_deg": -9999, "FalseN_m": 152400.0, "FalseE_m": 2895600.0, "FalseN_ift": 500000.0, "FalseE_ift": 9500000.0, "DesignBy": "State", "Ref_frame": "NATRF2022" }, "geometry": { "type": "Polygon", "coordinates": [ [ [ -90.73544, 37.27103 ], [ -90.75362, 37.27011 ], [ -90.74971, 37.37279 ], [ -90.77294, 37.37365 ], [ -90.76869, 37.603 ], [ -90.79094, 37.60211 ], [ -90.98705, 37.60385 ], [ -91.10066, 37.58776 ], [ -91.15506, 37.58809 ], [ -91.31245, 37.59282 ], [ -91.31423, 37.50513 ], [ -91.21098, 37.5019 ], [ -91.21185, 37.41527 ], [ -91.1754, 37.4148 ], [ -91.17615, 37.31259 ], [ -91.15842, 37.31291 ], [ -91.15931, 37.25493 ], [ -91.12314, 37.2545 ], [ -91.12602, 37.19947 ], [ -91.08825, 37.20319 ], [ -91.08886, 37.17417 ], [ -91.07063, 37.17757 ], [ -91.07104, 37.16271 ], [ -91.03434, 37.16934 ], [ -91.03513, 37.14017 ], [ -91.0169, 37.14354 ], [ -91.01776, 37.09567 ], [ -90.96355, 37.09735 ], [ -90.96446, 37.05358 ], [ -90.77954, 37.05032 ], [ -90.77902, 37.13791 ], [ -90.75679, 37.13773 ], [ -90.75586, 37.16672 ], [ -90.73714, 37.16641 ], [ -90.73544, 37.27103 ] ] ] } },
{ "type": "Feature", "properties": { "fid": 99, "ZoneCode": "291010", "AbrvFull": "MO SAL", "NameFull": "Missouri Salem", "ZoneNum": 10, "AbrvPart": "SAL", "NamePart": "Salem", "ZoneType": "Multizone partial", "StateAbrv": "MO", "StateName": "Missouri", "ProjAbrv": "TM", "ProjType": "Transverse Mercator", "LatOrigin": "35°45'N", "LonOriginE": "268°42'E", "LonOriginW": "91°18'W", "Lat0_deg": 35.75, "Lon0_E_deg": 268.7, "Lon0_W_deg": -91.3, "ProjScale": 1.000041, "SkewAz_deg": -9999, "FalseN_m": 0.0, "FalseE_m": 3200400.0, "FalseN_ift": 0.0, "FalseE_ift": 10500000.0, "DesignBy": "State", "Ref_frame": "NATRF2022" }, "geometry": { "type": "Polygon", "coordinates": [ [ [ -91.52879, 37.78898 ], [ -91.80621, 37.79128 ], [ -91.8091, 37.59886 ], [ -91.75479, 37.59876 ], [ -91.75503, 37.4241 ], [ -91.64662, 37.42272 ], [ -91.64768, 37.24833 ], [ -91.65157, 37.24834 ], [ -91.6556, 37.04892 ], [ -91.6581, 36.88872 ], [ -91.47811, 36.88581 ], [ -91.25012, 36.88514 ], [ -91.22282, 36.88385 ], [ -91.21714, 37.08619 ], [ -91.10973, 37.08405 ], [ -91.06541, 37.08849 ], [ -91.06673, 37.09377 ], [ -91.01776, 37.09567 ], [ -91.0169, 37.14354 ], [ -91.03513, 37.14017 ], [ -91.03434, 37.16934 ], [ -91.07104, 37.16271 ], [ -91.07063, 37.17757 ], [ -91.08886, 37.17417 ], [ -91.08825, 37.20319 ], [ -91.12602, 37.19947 ], [ -91.12314, 37.2545 ], [ -91.15931, 37.25493 ], [ -91.15842, 37.31291 ], [ -91.17615, 37.31259 ], [ -91.1754, 37.4148 ], [ -91.21185, 37.41527 ], [ -91.21098, 37.5019 ], [ -91.31423, 37.50513 ], [ -91.31245, 37.59282 ], [ -91.15506, 37.58809 ], [ -91.15334, 37.69733 ], [ -91.31065, 37.70004 ], [ -91.3083, 37.78718 ], [ -91.52879, 37.78898 ] ] ] } },
{ "type": "Feature", "properties": { "fid": 100, "ZoneCode": "291011", "AbrvFull": "MO CUBA", "NameFull": "Missouri Cuba", "ZoneNum": 11, "AbrvPart": "CUBA", "NamePart": "Cuba", "ZoneType": "Multizone partial", "StateAbrv": "MO", "StateName": "Missouri", "ProjAbrv": "LC1", "ProjType": "Lambert Conformal Conic, one parallel", "LatOrigin": "38°03'N", "LonOriginE": "268°54'E", "LonOriginW": "91°06'W", "Lat0_deg": 38.05, "Lon0_E_deg": 268.9, "Lon0_W_deg": -91.1, "ProjScale": 1.000039, "SkewAz_deg": -9999, "FalseN_m": 266700.0, "FalseE_m": 3505200.0, "FalseN_ift": 875000.0, "FalseE_ift": 11500000.0, "DesignBy": "State", "Ref_frame": "NATRF2022" }, "geometry": { "type": "Polygon", "coordinates": [ [ [ -90.78018, 38.20411 ], [ -90.97018, 38.2055 ], [ -91.00013, 38.20408 ], [ -91.36762, 38.20401 ], [ -91.36747, 38.20973 ], [ -91.53532, 38.21097 ], [ -91.53438, 38.15259 ], [ -91.52502, 38.15243 ], [ -91.52638, 37.94096 ], [ -91.52879, 37.78898 ], [ -91.3083, 37.78718 ], [ -91.31065, 37.70004 ], [ -91.15334, 37.69733 ], [ -91.14696, 37.69719 ], [ -91.14651, 37.7408 ], [ -90.94717, 37.73805 ], [ -90.87413, 37.73419 ], [ -90.76194, 37.73718 ], [ -90.64513, 37.73481 ], [ -90.63997, 38.07654 ], [ -90.68477, 38.08626 ], [ -90.68139, 38.10267 ], [ -90.78018, 38.20411 ] ] ] } },
{ "type": "Feature", "properties": { "fid": 101, "ZoneCode": "291012", "AbrvFull": "MO WASH", "NameFull": "Missouri Washington", "ZoneNum": 12, "AbrvPart": "WASH", "NamePart": "Washington", "ZoneType": "Multizone partial", "StateAbrv": "MO", "StateName": "Missouri", "ProjAbrv": "LC1", "ProjType": "Lambert Conformal Conic, one parallel", "LatOrigin": "38°30'N", "LonOriginE": "268°48'E", "LonOriginW": "91°12'W", "Lat0_deg": 38.5, "Lon0_E_deg": 268.8, "Lon0_W_deg": -91.2, "ProjScale": 1.000025, "SkewAz_deg": -9999, "FalseN_m": 304800.0, "FalseE_m": 3810000.0, "FalseN_ift": 1000000.0, "FalseE_ift": 12500000.0, "DesignBy": "State", "Ref_frame": "NATRF2022" }, "geometry": { "type": "Polygon", "coordinates": [ [ [ -90.73232, 38.63929 ], [ -90.75069, 38.6251 ], [ -90.77361, 38.59461 ], [ -90.81298, 38.58555 ], [ -90.84983, 38.56225 ], [ -90.91655, 38.53472 ], [ -90.94771, 38.53893 ], [ -91.01412, 38.56601 ], [ -91.03232, 38.59348 ], [ -91.05589, 38.60826 ], [ -91.07732, 38.60934 ], [ -91.13253, 38.59827 ], [ -91.18295, 38.60789 ], [ -91.22654, 38.62156 ], [ -91.22759, 38.64297 ], [ -91.31308, 38.70671 ], [ -91.34911, 38.69543 ], [ -91.39513, 38.70798 ], [ -91.49652, 38.70946 ], [ -91.50259, 38.69499 ], [ -91.5453, 38.67688 ], [ -91.58766, 38.68218 ], [ -91.64036, 38.70379 ], [ -91.64452, 38.375 ], [ -91.64472, 38.2885 ], [ -91.64488, 38.15367 ], [ -91.53438, 38.15259 ], [ -91.53532, 38.21097 ], [ -91.36747, 38.20973 ], [ -91.36762, 38.20401 ], [ -91.00013, 38.20408 ], [ -90.97018, 38.2055 ], [ -90.78018, 38.20411 ], [ -90.77227, 38.25004 ], [ -90.73762, 38.41545 ], [ -90.73262, 38.57644 ], [ -90.73232, 38.63929 ] ] ] } },
{ "type": "Feature", "properties": { "fid": 102, "ZoneCode": "291013", "AbrvFull": "MO STCH", "NameFull": "Missouri St Charles", "ZoneNum": 13, "AbrvPart": "STCH", "NamePart": "St Charles", "ZoneType": "Multizone partial", "StateAbrv": "MO", "StateName": "Missouri", "ProjAbrv": "LC1", "ProjType": "Lambert Conformal Conic, one parallel", "LatOrigin": "38°48'N", "LonOriginE": "269°06'E", "LonOriginW": "90°54'W", "Lat0_deg": 38.8, "Lon0_E_deg": 269.1, "Lon0_W_deg": -90.9, "ProjScale": 1.000023, "SkewAz_deg": -9999, "FalseN_m": 342900.0, "FalseE_m": 4114800.0, "FalseN_ift": 1125000.0, "FalseE_ift": 13500000.0, "DesignBy": "State", "Ref_frame": "NATRF2022" }, "geometry": { "type": "Polygon", "coordinates": [ [ [ -91.40902, 39.14253 ], [ -91.62959, 39.14785 ], [ -91.63399, 39.05905 ], [ -91.64342, 38.82213 ], [ -91.64716, 38.70339 ], [ -91.64036, 38.70379 ], [ -91.58766, 38.68218 ], [ -91.5453, 38.67688 ], [ -91.50259, 38.69499 ], [ -91.49652, 38.70946 ], [ -91.39513, 38.70798 ], [ -91.34911, 38.69543 ], [ -91.31308, 38.70671 ], [ -91.22759, 38.64297 ], [ -91.22654, 38.62156 ], [ -91.18295, 38.60789 ], [ -91.13253, 38.59827 ], [ -91.07732, 38.60934 ], [ -91.05589, 38.60826 ], [ -91.03232, 38.59348 ], [ -91.01412, 38.56601 ], [ -90.94771, 38.53893 ], [ -90.91655, 38.53472 ], [ -90.84983, 38.56225 ], [ -90.81298, 38.58555 ], [ -90.77361, 38.59461 ], [ -90.75069, 38.6251 ], [ -90.73232, 38.63929 ], [ -90.67924, 38.66559 ], [ -90.67452, 38.68219 ], [ -90.62575, 38.69052 ], [ -90.60389, 38.68197 ], [ -90.55067, 38.68235 ], [ -90.53035, 38.69862 ], [ -90.53363, 38.72686 ], [ -90.49578, 38.74825 ], [ -90.48265, 38.76346 ], [ -90.47318, 38.79097 ], [ -90.44061, 38.82764 ], [ -90.41554, 38.82887 ], [ -90.38226, 38.82193 ], [ -90.36215, 38.82785 ], [ -90.3491, 38.84169 ], [ -90.33679, 38.88202 ], [ -90.3202, 38.89114 ], [ -90.29873, 38.88775 ], [ -90.26817, 38.86103 ], [ -90.19567, 38.82125 ], [ -90.18305, 38.81805 ], [ -90.15845, 38.82878 ], [ -90.12677, 38.82132 ], [ -90.1177, 38.80574 ], [ -90.1091, 38.83744 ], [ -90.11332, 38.8493 ], [ -90.1633, 38.87474 ], [ -90.1976, 38.88764 ], [ -90.22303, 38.90738 ], [ -90.25024, 38.91934 ], [ -90.30945, 38.92411 ], [ -90.39271, 38.95906 ], [ -90.4508, 38.96776 ], [ -90.47211, 38.95883 ], [ -90.48705, 38.92585 ], [ -90.50744, 38.90276 ], [ -90.54682, 38.874 ], [ -90.57757, 38.86838 ], [ -90.62335, 38.88714 ], [ -90.66301, 38.92628 ], [ -90.66317, 38.93422 ], [ -90.69399, 38.93386 ], [ -90.68376, 38.91598 ], [ -90.70731, 38.92148 ], [ -90.72451, 38.90978 ], [ -90.72883, 38.93113 ], [ -90.7541, 38.92074 ], [ -90.7782, 38.92248 ], [ -90.80441, 38.91113 ], [ -90.81782, 38.87596 ], [ -90.86421, 38.88782 ], [ -90.93282, 38.8859 ], [ -90.95755, 38.89328 ], [ -90.95853, 38.87086 ], [ -91.11124, 38.8727 ], [ -91.11018, 38.93189 ], [ -91.18934, 38.93214 ], [ -91.18838, 38.99213 ], [ -91.26428, 38.99275 ], [ -91.26022, 39.13984 ], [ -91.40902, 39.14253 ] ] ] } },
{ "type": "Feature", "properties": { "fid": 103, "ZoneCode": "291014", "AbrvFull": "MO TROY", "NameFull": "Missouri Troy", "ZoneNum": 14, "AbrvPart": "TROY", "NamePart": "Troy", "ZoneType": "Multizone partial", "StateAbrv": "MO", "StateName": "Missouri", "ProjAbrv": "TM", "ProjType": "Transverse Mercator", "LatOrigin": "35°45'N", "LonOriginE": "269°00'E", "LonOriginW": "91°00'W", "Lat0_deg": 35.75, "Lon0_E_deg": 269.0, "Lon0_W_deg": -91.0, "ProjScale": 1.000023, "SkewAz_deg": -9999, "FalseN_m": 0.0, "FalseE_m": 4419600.0, "FalseN_ift": 0.0, "FalseE_ift": 14500000.0, "DesignBy": "State", "Ref_frame": "NATRF2022" }, "geometry": { "type": "Polygon", "coordinates": [ [ [ -91.178, 39.59819 ], [ -91.20331, 39.59839 ], [ -91.36497, 39.50395 ], [ -91.46043, 39.45071 ], [ -91.40902, 39.14253 ], [ -91.26022, 39.13984 ], [ -91.26428, 38.99275 ], [ -91.18838, 38.99213 ], [ -91.18934, 38.93214 ], [ -91.11018, 38.93189 ], [ -91.11124, 38.8727 ], [ -90.95853, 38.87086 ], [ -90.95755, 38.89328 ], [ -90.93282, 38.8859 ], [ -90.86421, 38.88782 ], [ -90.81782, 38.87596 ], [ -90.80441, 38.91113 ], [ -90.7782, 38.92248 ], [ -90.7541, 38.92074 ], [ -90.72883, 38.93113 ], [ -90.72451, 38.90978 ], [ -90.70731, 38.92148 ], [ -90.68376, 38.91598 ], [ -90.69399, 38.93386 ], [ -90.66317, 38.93422 ], [ -90.67633, 38.96441 ], [ -90.67902, 38.99386 ], [ -90.71157, 39.04679 ], [ -90.71253, 39.05706 ], [ -90.68274, 39.08834 ], [ -90.68738, 39.1199 ], [ -90.70914, 39.1551 ], [ -90.7171, 39.2139 ], [ -90.72697, 39.25117 ], [ -90.75159, 39.26542 ], [ -90.79345, 39.30949 ], [ -90.81684, 39.32049 ], [ -90.84749, 39.34526 ], [ -90.89645, 39.36917 ], [ -90.934, 39.39212 ], [ -90.93902, 39.40274 ], [ -90.99378, 39.42295 ], [ -91.03826, 39.44843 ], [ -91.0624, 39.47411 ], [ -91.0643, 39.49464 ], [ -91.1009, 39.53899 ], [ -91.14827, 39.54579 ], [ -91.16841, 39.56492 ], [ -91.178, 39.59819 ] ] ] } },
{ "type": "Feature", "properties": { "fid": 104, "ZoneCode": "291015", "AbrvFull": "MO BRAN", "NameFull": "Missouri Branson", "ZoneNum": 15, "AbrvPart": "BRAN", "NamePart": "Branson", "ZoneType": "Multizone partial", "StateAbrv": "MO", "StateName": "Missouri", "ProjAbrv": "LC1", "ProjType": "Lambert Conformal Conic, one parallel", "LatOrigin": "36°39'N", "LonOriginE": "267°30'E", "LonOriginW": "92°30'W", "Lat0_deg": 36.65, "Lon0_E_deg": 267.5, "Lon0_W_deg": -92.5, "ProjScale": 1.000041, "SkewAz_deg": -9999, "FalseN_m": 114300.0, "FalseE_m": 4724400.0, "FalseN_ift": 375000.0, "FalseE_ift": 15500000.0, "DesignBy": "State", "Ref_frame": "NATRF2022" }, "geometry": { "type": "Polygon", "coordinates": [ [ [ -91.6556, 37.04892 ], [ -91.87514, 37.05069 ], [ -91.98072, 37.05563 ], [ -92.12546, 37.05665 ], [ -92.30478, 37.06124 ], [ -92.50014, 37.0632 ], [ -92.63726, 37.06661 ], [ -92.90326, 37.07064 ], [ -92.90933, 36.80917 ], [ -93.25017, 36.81623 ], [ -93.34203, 36.81729 ], [ -93.33744, 36.99249 ], [ -93.61012, 36.9958 ], [ -93.61292, 36.82056 ], [ -93.57379, 36.82003 ], [ -93.58425, 36.49916 ], [ -93.13746, 36.49785 ], [ -92.72674, 36.49787 ], [ -92.4741, 36.49875 ], [ -92.37473, 36.4973 ], [ -92.11517, 36.49882 ], [ -91.9999, 36.49841 ], [ -91.67233, 36.49939 ], [ -91.67201, 36.60621 ], [ -91.67832, 36.62505 ], [ -91.67423, 36.78783 ], [ -91.66001, 36.78752 ], [ -91.6581, 36.88872 ], [ -91.6556, 37.04892 ] ] ] } },
{ "type": "Feature", "properties": { "fid": 105, "ZoneCode": "291016", "AbrvFull": "MO MRFD", "NameFull": "Missouri Marshfield", "ZoneNum": 16, "AbrvPart": "MRFD", "NamePart": "Marshfield", "ZoneType": "Multizone partial", "StateAbrv": "MO", "StateName": "Missouri", "ProjAbrv": "LC1", "ProjType": "Lambert Conformal Conic, one parallel", "LatOrigin": "37°21'N", "LonOriginE": "267°30'E", "LonOriginW": "92°30'W", "Lat0_deg": 37.35, "Lon0_E_deg": 267.5, "Lon0_W_deg": -92.5, "ProjScale": 1.000052, "SkewAz_deg": -9999, "FalseN_m": 190500.0, "FalseE_m": 5029200.0, "FalseN_ift": 625000.0, "FalseE_ift": 16500000.0, "DesignBy": "State", "Ref_frame": "NATRF2022" }, "geometry": { "type": "Polygon", "coordinates": [ [ [ -91.8091, 37.59886 ], [ -92.18325, 37.60524 ], [ -92.24945, 37.60454 ], [ -92.25225, 37.47294 ], [ -92.48709, 37.47601 ], [ -92.68666, 37.48154 ], [ -93.07157, 37.48744 ], [ -93.07337, 37.41498 ], [ -93.07677, 37.27003 ], [ -93.06153, 37.26983 ], [ -93.06526, 37.08869 ], [ -92.95717, 37.08764 ], [ -92.90291, 37.08521 ], [ -92.90326, 37.07064 ], [ -92.63726, 37.06661 ], [ -92.50014, 37.0632 ], [ -92.30478, 37.06124 ], [ -92.12546, 37.05665 ], [ -91.98072, 37.05563 ], [ -91.87514, 37.05069 ], [ -91.6556, 37.04892 ], [ -91.65157, 37.24834 ], [ -91.64768, 37.24833 ], [ -91.64662, 37.42272 ], [ -91.75503, 37.4241 ], [ -91.75479, 37.59876 ], [ -91.8091, 37.59886 ] ] ] } },
{ "type": "Feature", "properties": { "fid": 106, "ZoneCode": "291017", "AbrvFull": "MO ROL", "NameFull": "Missouri Rolla", "ZoneNum": 17, "AbrvPart": "ROL", "NamePart": "Rolla", "ZoneType": "Multizone partial", "StateAbrv": "MO", "StateName": "Missouri", "ProjAbrv": "TM", "ProjType": "Transverse Mercator", "LatOrigin": "35°45'N", "LonOriginE": "268°03'E", "LonOriginW": "91°57'W", "Lat0_deg": 35.75, "Lon0_E_deg": 268.05, "Lon0_W_deg": -91.95, "ProjScale": 1.000036, "SkewAz_deg": -9999, "FalseN_m": 0.0, "FalseE_m": 5334000.0, "FalseN_ift": 0.0, "FalseE_ift": 17500000.0, "DesignBy": "State", "Ref_frame": "NATRF2022" }, "geometry": { "type": "Polygon", "coordinates": [ [ [ -91.64472, 38.2885 ], [ -91.75731, 38.28871 ], [ -91.77534, 38.29204 ], [ -91.86311, 38.2936 ], [ -91.88398, 38.28989 ], [ -92.00081, 38.2883 ], [ -92.19567, 38.29223 ], [ -92.19776, 38.16153 ], [ -92.18136, 38.16123 ], [ -92.18536, 38.01633 ], [ -92.40627, 38.02117 ], [ -92.40922, 37.85917 ], [ -92.41366, 37.71393 ], [ -92.24886, 37.64844 ], [ -92.24945, 37.60454 ], [ -92.18325, 37.60524 ], [ -91.8091, 37.59886 ], [ -91.80621, 37.79128 ], [ -91.52879, 37.78898 ], [ -91.52638, 37.94096 ], [ -91.52502, 38.15243 ], [ -91.53438, 38.15259 ], [ -91.64488, 38.15367 ], [ -91.64472, 38.2885 ] ] ] } },
{ "type": "Feature", "properties": { "fid": 107, "ZoneCode": "291018", "AbrvFull": "MO COL", "NameFull": "Missouri Columbia", "ZoneNum": 18, "AbrvPart": "COL", "NamePart": "Columbia", "ZoneType": "Multizone partial", "StateAbrv": "MO", "StateName": "Missouri", "ProjAbrv": "TM", "ProjType": "Transverse Mercator", "LatOrigin": "35°45'N", "LonOriginE": "267°57'E", "LonOriginW": "92°03'W", "Lat0_deg": 35.75, "Lon0_E_deg": 267.95, "Lon0_W_deg": -92.05, "ProjScale": 1.000021, "SkewAz_deg": -9999, "FalseN_m": 0.0, "FalseE_m": 5638800.0, "FalseN_ift": 0.0, "FalseE_ift": 18500000.0, "DesignBy": "State", "Ref_frame": "NATRF2022" }, "geometry": { "type": "Polygon", "coordinates": [ [ [ -92.31446, 39.24645 ], [ -92.43022, 39.24879 ], [ -92.51354, 39.0888 ], [ -92.56511, 38.99827 ], [ -92.55637, 38.98564 ], [ -92.57014, 38.9792 ], [ -92.51498, 38.93811 ], [ -92.47425, 38.90159 ], [ -92.47778, 38.8741 ], [ -92.45671, 38.86026 ], [ -92.44485, 38.83834 ], [ -92.41686, 38.81886 ], [ -92.38438, 38.81548 ], [ -92.3796, 38.80007 ], [ -92.4094, 38.76427 ], [ -92.39486, 38.73912 ], [ -92.49518, 38.42782 ], [ -92.40347, 38.42532 ], [ -92.4084, 38.34134 ], [ -92.32767, 38.33723 ], [ -92.28447, 38.33753 ], [ -92.25017, 38.32271 ], [ -92.22467, 38.33573 ], [ -92.19447, 38.33553 ], [ -92.19567, 38.29223 ], [ -92.00081, 38.2883 ], [ -91.88398, 38.28989 ], [ -91.86311, 38.2936 ], [ -91.77534, 38.29204 ], [ -91.75731, 38.28871 ], [ -91.64472, 38.2885 ], [ -91.64452, 38.375 ], [ -91.64036, 38.70379 ], [ -91.64716, 38.70339 ], [ -91.64342, 38.82213 ], [ -91.63399, 39.05905 ], [ -92.11038, 39.0642 ], [ -92.10436, 39.2398 ], [ -92.31446, 39.24645 ] ] ] } },
{ "type": "Feature", "properties": { "fid": 108, "ZoneCode": "291019", "AbrvFull": "MO HAN", "NameFull": "Missouri Hannibal", "ZoneNum": 19, "AbrvPart": "HAN", "NamePart": "Hannibal", "ZoneType": "Multizone partial", "StateAbrv": "MO", "StateName": "Missouri", "ProjAbrv": "TM", "ProjType": "Transverse Mercator", "LatOrigin": "35°45'N", "LonOriginE": "268°18'E", "LonOriginW": "91°42'W", "Lat0_deg": 35.75, "Lon0_E_deg": 268.3, "Lon0_W_deg": -91.7, "ProjScale": 1.000016, "SkewAz_deg": -9999, "FalseN_m": 0.0, "FalseE_m": 5943600.0, "FalseN_ift": 0.0, "FalseE_ift": 19500000.0, "DesignBy": "State", "Ref_frame": "NATRF2022" }, "geometry": { "type": "Polygon", "coordinates": [ [ [ -91.43551, 39.94521 ], [ -91.72852, 39.94741 ], [ -92.03779, 39.9506 ], [ -92.16287, 39.95423 ], [ -92.28787, 39.95248 ], [ -92.29232, 39.79507 ], [ -92.30086, 39.60534 ], [ -92.30937, 39.3615 ], [ -92.31446, 39.24645 ], [ -92.10436, 39.2398 ], [ -92.11038, 39.0642 ], [ -91.63399, 39.05905 ], [ -91.62959, 39.14785 ], [ -91.40902, 39.14253 ], [ -91.46043, 39.45071 ], [ -91.36497, 39.50395 ], [ -91.20331, 39.59839 ], [ -91.178, 39.59819 ], [ -91.22332, 39.6176 ], [ -91.27613, 39.66575 ], [ -91.34724, 39.71047 ], [ -91.36774, 39.72902 ], [ -91.36343, 39.7928 ], [ -91.37648, 39.81003 ], [ -91.43379, 39.84186 ], [ -91.44783, 39.87794 ], [ -91.4435, 39.89358 ], [ -91.42087, 39.91486 ], [ -91.42182, 39.93296 ], [ -91.43551, 39.94521 ] ] ] } },
{ "type": "Feature", "properties": { "fid": 109, "ZoneCode": "291020", "AbrvFull": "MO KIRK", "NameFull": "Missouri Kirksville", "ZoneNum": 20, "AbrvPart": "KIRK", "NamePart": "Kirksville", "ZoneType": "Multizone partial", "StateAbrv": "MO", "StateName": "Missouri", "ProjAbrv": "LC1", "ProjType": "Lambert Conformal Conic, one parallel", "LatOrigin": "40°15'N", "LonOriginE": "267°30'E", "LonOriginW": "92°30'W", "Lat0_deg": 40.25, "Lon0_E_deg": 267.5, "Lon0_W_deg": -92.5, "ProjScale": 1.000026, "SkewAz_deg": -9999, "FalseN_m": 495300.0, "FalseE_m": 6248400.0, "FalseN_ift": 1625000.0, "FalseE_ift": 20500000.0, "DesignBy": "State", "Ref_frame": "NATRF2022" }, "geometry": { "type": "Polygon", "coordinates": [ [ [ -91.43551, 39.94521 ], [ -91.44344, 39.95367 ], [ -91.49487, 40.03645 ], [ -91.4896, 40.05743 ], [ -91.51083, 40.12613 ], [ -91.50821, 40.15766 ], [ -91.51307, 40.17853 ], [ -91.50447, 40.19825 ], [ -91.50649, 40.2363 ], [ -91.49051, 40.25949 ], [ -91.49272, 40.27821 ], [ -91.46213, 40.34241 ], [ -91.44485, 40.36314 ], [ -91.41941, 40.37826 ], [ -91.44123, 40.38625 ], [ -91.46389, 40.37565 ], [ -91.48314, 40.38248 ], [ -91.49808, 40.40192 ], [ -91.5246, 40.41076 ], [ -91.519, 40.43129 ], [ -91.5328, 40.43678 ], [ -91.52615, 40.45862 ], [ -91.56771, 40.46228 ], [ -91.59463, 40.49499 ], [ -91.61694, 40.50479 ], [ -91.62515, 40.54349 ], [ -91.6817, 40.55303 ], [ -91.69155, 40.56483 ], [ -91.68537, 40.57888 ], [ -91.71202, 40.59504 ], [ -91.72911, 40.61363 ], [ -91.86839, 40.60805 ], [ -92.0966, 40.60182 ], [ -92.48521, 40.59508 ], [ -92.6594, 40.59033 ], [ -93.01349, 40.58629 ], [ -93.26042, 40.58081 ], [ -93.37438, 40.58033 ], [ -93.37483, 40.4722 ], [ -93.36685, 40.47151 ], [ -93.36731, 40.3393 ], [ -93.36655, 40.03309 ], [ -93.36194, 40.03309 ], [ -93.08302, 40.03725 ], [ -92.89926, 40.03661 ], [ -92.62518, 40.03829 ], [ -92.54115, 40.03719 ], [ -92.34313, 40.03721 ], [ -92.3447, 39.95329 ], [ -92.28787, 39.95248 ], [ -92.16287, 39.95423 ], [ -92.03779, 39.9506 ], [ -91.72852, 39.94741 ], [ -91.43551, 39.94521 ] ] ] } },
{ "type": "Feature", "properties": { "fid": 110, "ZoneCode": "291021", "AbrvFull": "MO SPFD", "NameFull": "Missouri Springfield", "ZoneNum": 21, "AbrvPart": "SPFD", "NamePart": "Springfield", "ZoneType": "Multizone partial", "StateAbrv": "MO", "StateName": "Missouri", "ProjAbrv": "TM", "ProjType": "Transverse Mercator", "LatOrigin": "35°45'N", "LonOriginE": "266°45'E", "LonOriginW": "93°15'W", "Lat0_deg": 35.75, "Lon0_E_deg": 266.75, "Lon0_W_deg": -93.25, "ProjScale": 1.000046, "SkewAz_deg": -9999, "FalseN_m": 0.0, "FalseE_m": 6553200.0, "FalseN_ift": 0.0, "FalseE_ift": 21500000.0, "DesignBy": "State", "Ref_frame": "NATRF2022" }, "geometry": { "type": "Polygon", "coordinates": [ [ [ -93.07337, 37.41498 ], [ -93.51162, 37.42538 ], [ -93.62114, 37.42742 ], [ -93.62583, 37.282 ], [ -93.60509, 37.28148 ], [ -93.61012, 36.9958 ], [ -93.33744, 36.99249 ], [ -93.34203, 36.81729 ], [ -93.25017, 36.81623 ], [ -92.90933, 36.80917 ], [ -92.90326, 37.07064 ], [ -92.90291, 37.08521 ], [ -92.95717, 37.08764 ], [ -93.06526, 37.08869 ], [ -93.06153, 37.26983 ], [ -93.07677, 37.27003 ], [ -93.07337, 37.41498 ] ] ] } },
{ "type": "Feature", "properties": { "fid": 111, "ZoneCode": "291022", "AbrvFull": "MO LEBN", "NameFull": "Missouri Lebanon", "ZoneNum": 22, "AbrvPart": "LEBN", "NamePart": "Lebanon", "ZoneType": "Multizone partial", "StateAbrv": "MO", "StateName": "Missouri", "ProjAbrv": "LC1", "ProjType": "Lambert Conformal Conic, one parallel", "LatOrigin": "37°45'N", "LonOriginE": "267°03'E", "LonOriginW": "92°57'W", "Lat0_deg": 37.75, "Lon0_E_deg": 267.05, "Lon0_W_deg": -92.95, "ProjScale": 1.000044, "SkewAz_deg": -9999, "FalseN_m": 228600.0, "FalseE_m": 6858000.0, "FalseN_ift": 750000.0, "FalseE_ift": 22500000.0, "DesignBy": "State", "Ref_frame": "NATRF2022" }, "geometry": { "type": "Polygon", "coordinates": [ [ [ -93.07244, 37.90262 ], [ -93.1827, 37.90414 ], [ -93.18791, 37.80273 ], [ -93.29371, 37.80478 ], [ -93.57409, 37.81333 ], [ -93.57319, 37.82803 ], [ -93.62839, 37.82943 ], [ -93.63243, 37.7423 ], [ -93.60948, 37.74175 ], [ -93.62114, 37.42742 ], [ -93.51162, 37.42538 ], [ -93.07337, 37.41498 ], [ -93.07157, 37.48744 ], [ -92.68666, 37.48154 ], [ -92.48709, 37.47601 ], [ -92.25225, 37.47294 ], [ -92.24945, 37.60454 ], [ -92.24886, 37.64844 ], [ -92.41366, 37.71393 ], [ -92.40922, 37.85917 ], [ -92.41944, 37.85976 ], [ -92.44945, 37.83535 ], [ -92.45248, 37.82428 ], [ -92.49219, 37.82961 ], [ -92.51369, 37.81196 ], [ -92.54892, 37.80046 ], [ -92.56433, 37.80583 ], [ -92.57071, 37.82262 ], [ -92.60007, 37.84033 ], [ -92.61467, 37.86353 ], [ -92.62017, 37.89251 ], [ -92.85537, 37.89573 ], [ -93.07244, 37.90262 ] ] ] } },
{ "type": "Feature", "properties": { "fid": 112, "ZoneCode": "291023", "AbrvFull": "MO BNVL", "NameFull": "Missouri Boonville", "ZoneNum": 23, "AbrvPart": "BNVL", "NamePart": "Boonville", "ZoneType": "Multizone partial", "StateAbrv": "MO", "StateName": "Missouri", "ProjAbrv": "TM", "ProjType": "Transverse Mercator", "LatOrigin": "35°45'N", "LonOriginE": "267°21'E", "LonOriginW": "92°39'W", "Lat0_deg": 35.75, "Lon0_E_deg": 267.35, "Lon0_W_deg": -92.65, "ProjScale": 1.000029, "SkewAz_deg": -9999, "FalseN_m": 0.0, "FalseE_m": 7162800.0, "FalseN_ift": 0.0, "FalseE_ift": 23500000.0, "DesignBy": "State", "Ref_frame": "NATRF2022" }, "geometry": { "type": "Polygon", "coordinates": [ [ [ -92.43022, 39.24879 ], [ -92.79036, 39.34358 ], [ -92.84921, 39.22621 ], [ -92.86032, 39.20106 ], [ -92.90479, 39.16615 ], [ -92.90606, 39.14763 ], [ -92.92261, 39.13078 ], [ -92.94164, 39.12589 ], [ -92.94278, 39.10352 ], [ -92.90896, 39.09554 ], [ -92.90735, 39.0842 ], [ -92.93456, 39.06454 ], [ -93.04846, 38.97241 ], [ -93.05449, 38.81712 ], [ -93.06796, 38.5148 ], [ -93.07204, 38.44227 ], [ -93.06875, 38.44227 ], [ -93.08215, 38.1865 ], [ -93.05906, 38.18568 ], [ -93.07244, 37.90262 ], [ -92.85537, 37.89573 ], [ -92.62017, 37.89251 ], [ -92.61467, 37.86353 ], [ -92.60007, 37.84033 ], [ -92.57071, 37.82262 ], [ -92.56433, 37.80583 ], [ -92.54892, 37.80046 ], [ -92.51369, 37.81196 ], [ -92.49219, 37.82961 ], [ -92.45248, 37.82428 ], [ -92.44945, 37.83535 ], [ -92.41944, 37.85976 ], [ -92.40922, 37.85917 ], [ -92.40627, 38.02117 ], [ -92.18536, 38.01633 ], [ -92.18136, 38.16123 ], [ -92.19776, 38.16153 ], [ -92.19567, 38.29223 ], [ -92.19447, 38.33553 ], [ -92.22467, 38.33573 ], [ -92.25017, 38.32271 ], [ -92.28447, 38.33753 ], [ -92.32767, 38.33723 ], [ -92.4084, 38.34134 ], [ -92.40347, 38.42532 ], [ -92.49518, 38.42782 ], [ -92.39486, 38.73912 ], [ -92.4094, 38.76427 ], [ -92.3796, 38.80007 ], [ -92.38438, 38.81548 ], [ -92.41686, 38.81886 ], [ -92.44485, 38.83834 ], [ -92.45671, 38.86026 ], [ -92.47778, 38.8741 ], [ -92.47425, 38.90159 ], [ -92.51498, 38.93811 ], [ -92.57014, 38.9792 ], [ -92.55637, 38.98564 ], [ -92.56511, 38.99827 ], [ -92.51354, 39.0888 ], [ -92.43022, 39.24879 ] ] ] } },
{ "type": "Feature", "properties": { "fid": 113, "ZoneCode": "291024", "AbrvFull": "MO SED", "NameFull": "Missouri Sedalia", "ZoneNum": 24, "AbrvPart": "SED", "NamePart": "Sedalia", "ZoneType": "Multizone partial", "StateAbrv": "MO", "StateName": "Missouri", "ProjAbrv": "TM", "ProjType": "Transverse Mercator", "LatOrigin": "35°45'N", "LonOriginE": "266°48'E", "LonOriginW": "93°12'W", "Lat0_deg": 35.75, "Lon0_E_deg": 266.8, "Lon0_W_deg": -93.2, "ProjScale": 1.000032, "SkewAz_deg": -9999, "FalseN_m": 0.0, "FalseE_m": 7467600.0, "FalseN_ift": 0.0, "FalseE_ift": 24500000.0, "DesignBy": "State", "Ref_frame": "NATRF2022" }, "geometry": { "type": "Polygon", "coordinates": [ [ [ -92.84921, 39.22621 ], [ -92.86522, 39.2359 ], [ -92.90613, 39.22233 ], [ -92.91956, 39.23161 ], [ -92.91546, 39.25337 ], [ -92.94739, 39.27009 ], [ -92.95897, 39.28303 ], [ -92.95979, 39.31252 ], [ -93.02377, 39.31311 ], [ -93.04475, 39.31766 ], [ -93.07291, 39.33551 ], [ -93.07635, 39.36068 ], [ -93.08775, 39.37891 ], [ -93.10606, 39.38372 ], [ -93.13962, 39.37864 ], [ -93.16431, 39.405 ], [ -93.18943, 39.41048 ], [ -93.2007, 39.40178 ], [ -93.19019, 39.38179 ], [ -93.19203, 39.3657 ], [ -93.23007, 39.32787 ], [ -93.25591, 39.33783 ], [ -93.27772, 39.31154 ], [ -93.33224, 39.3096 ], [ -93.34377, 39.2871 ], [ -93.32895, 39.26548 ], [ -93.33333, 39.25001 ], [ -93.36813, 39.2333 ], [ -93.40378, 39.22743 ], [ -93.41522, 39.24179 ], [ -93.40289, 39.26005 ], [ -93.41144, 39.26715 ], [ -93.44422, 39.26852 ], [ -93.46498, 39.29236 ], [ -93.47722, 39.29279 ], [ -93.49727, 38.92842 ], [ -93.49311, 38.89915 ], [ -93.50954, 38.63583 ], [ -93.50756, 38.63586 ], [ -93.51507, 38.45451 ], [ -93.51195, 38.44681 ], [ -93.52347, 38.20721 ], [ -93.49727, 38.19908 ], [ -93.51209, 37.91353 ], [ -93.5687, 37.91491 ], [ -93.57319, 37.82803 ], [ -93.57409, 37.81333 ], [ -93.29371, 37.80478 ], [ -93.18791, 37.80273 ], [ -93.1827, 37.90414 ], [ -93.07244, 37.90262 ], [ -93.05906, 38.18568 ], [ -93.08215, 38.1865 ], [ -93.06875, 38.44227 ], [ -93.07204, 38.44227 ], [ -93.06796, 38.5148 ], [ -93.05449, 38.81712 ], [ -93.04846, 38.97241 ], [ -92.93456, 39.06454 ], [ -92.90735, 39.0842 ], [ -92.90896, 39.09554 ], [ -92.94278, 39.10352 ], [ -92.94164, 39.12589 ], [ -92.92261, 39.13078 ], [ -92.90606, 39.14763 ], [ -92.90479, 39.16615 ], [ -92.86032, 39.20106 ], [ -92.84921, 39.22621 ] ] ] } },
{ "type": "Feature", "properties": { "fid": 114, "ZoneCode": "291025", "AbrvFull": "MO MOBY", "NameFull": "Missouri Moberly", "ZoneNum": 25, "AbrvPart": "MOBY", "NamePart": "Moberly", "ZoneType": "Multizone partial", "StateAbrv": "MO", "StateName": "Missouri", "ProjAbrv": "LC1", "ProjType": "Lambert Conformal Conic, one parallel", "LatOrigin": "39°36'N", "LonOriginE": "267°00'E", "LonOriginW": "93°00'W", "Lat0_deg": 39.6, "Lon0_E_deg": 267.0, "Lon0_W_deg": -93.0, "ProjScale": 1.000022, "SkewAz_deg": -9999, "FalseN_m": 419100.0, "FalseE_m": 7772400.0, "FalseN_ift": 1375000.0, "FalseE_ift": 25500000.0, "DesignBy": "State", "Ref_frame": "NATRF2022" }, "geometry": { "type": "Polygon", "coordinates": [ [ [ -92.28787, 39.95248 ], [ -92.3447, 39.95329 ], [ -92.34313, 40.03721 ], [ -92.54115, 40.03719 ], [ -92.62518, 40.03829 ], [ -92.89926, 40.03661 ], [ -93.08302, 40.03725 ], [ -93.36194, 40.03309 ], [ -93.36195, 39.9676 ], [ -93.60534, 39.96323 ], [ -93.76196, 39.95955 ], [ -93.75914, 39.80919 ], [ -93.75816, 39.62478 ], [ -93.75917, 39.52455 ], [ -93.75845, 39.20701 ], [ -93.70012, 39.20968 ], [ -93.68159, 39.23123 ], [ -93.65052, 39.24821 ], [ -93.58494, 39.24042 ], [ -93.55953, 39.21879 ], [ -93.51605, 39.21528 ], [ -93.48788, 39.22887 ], [ -93.49621, 39.26488 ], [ -93.49201, 39.28293 ], [ -93.47722, 39.29279 ], [ -93.46498, 39.29236 ], [ -93.44422, 39.26852 ], [ -93.41144, 39.26715 ], [ -93.40289, 39.26005 ], [ -93.41522, 39.24179 ], [ -93.40378, 39.22743 ], [ -93.36813, 39.2333 ], [ -93.33333, 39.25001 ], [ -93.32895, 39.26548 ], [ -93.34377, 39.2871 ], [ -93.33224, 39.3096 ], [ -93.27772, 39.31154 ], [ -93.25591, 39.33783 ], [ -93.23007, 39.32787 ], [ -93.19203, 39.3657 ], [ -93.19019, 39.38179 ], [ -93.2007, 39.40178 ], [ -93.18943, 39.41048 ], [ -93.16431, 39.405 ], [ -93.13962, 39.37864 ], [ -93.10606, 39.38372 ], [ -93.08775, 39.37891 ], [ -93.07635, 39.36068 ], [ -93.07291, 39.33551 ], [ -93.04475, 39.31766 ], [ -93.02377, 39.31311 ], [ -92.95979, 39.31252 ], [ -92.95897, 39.28303 ], [ -92.94739, 39.27009 ], [ -92.91546, 39.25337 ], [ -92.91956, 39.23161 ], [ -92.90613, 39.22233 ], [ -92.86522, 39.2359 ], [ -92.84921, 39.22621 ], [ -92.79036, 39.34358 ], [ -92.43022, 39.24879 ], [ -92.31446, 39.24645 ], [ -92.30937, 39.3615 ], [ -92.30086, 39.60534 ], [ -92.29232, 39.79507 ], [ -92.28787, 39.95248 ] ] ] } },
{ "type": "Feature", "properties": { "fid": 115, "ZoneCode": "291026", "AbrvFull": "MO MONT", "NameFull": "Missouri Monett", "ZoneNum": 26, "AbrvPart": "MONT", "NamePart": "Monett", "ZoneType": "Multizone partial", "StateAbrv": "MO", "StateName": "Missouri", "ProjAbrv": "TM", "ProjType": "Transverse Mercator", "LatOrigin": "35°45'N", "LonOriginE": "266°09'E", "LonOriginW": "93°51'W", "Lat0_deg": 35.75, "Lon0_E_deg": 266.15, "Lon0_W_deg": -93.85, "ProjScale": 1.00005, "SkewAz_deg": -9999, "FalseN_m": 0.0, "FalseE_m": 8077200.0, "FalseN_ift": 0.0, "FalseE_ift": 26500000.0, "DesignBy": "State", "Ref_frame": "NATRF2022" }, "geometry": { "type": "Polygon", "coordinates": [ [ [ -93.62839, 37.82943 ], [ -93.81139, 37.83456 ], [ -93.80864, 37.89277 ], [ -94.06567, 37.90098 ], [ -94.07333, 37.7557 ], [ -94.06871, 37.75556 ], [ -94.0735, 37.64476 ], [ -94.07922, 37.42895 ], [ -94.08382, 37.29084 ], [ -94.0523, 37.29007 ], [ -94.0579, 37.09138 ], [ -94.06637, 36.83022 ], [ -94.06723, 36.74664 ], [ -94.07708, 36.49866 ], [ -93.58425, 36.49916 ], [ -93.57379, 36.82003 ], [ -93.61292, 36.82056 ], [ -93.61012, 36.9958 ], [ -93.60509, 37.28148 ], [ -93.62583, 37.282 ], [ -93.62114, 37.42742 ], [ -93.60948, 37.74175 ], [ -93.63243, 37.7423 ], [ -93.62839, 37.82943 ] ] ] } },
{ "type": "Feature", "properties": { "fid": 116, "ZoneCode": "291027", "AbrvFull": "MO WARB", "NameFull": "Missouri Warrensburg", "ZoneNum": 27, "AbrvPart": "WARB", "NamePart": "Warrensburg", "ZoneType": "Multizone partial", "StateAbrv": "MO", "StateName": "Missouri", "ProjAbrv": "TM", "ProjType": "Transverse Mercator", "LatOrigin": "35°45'N", "LonOriginE": "266°12'E", "LonOriginW": "93°48'W", "Lat0_deg": 35.75, "Lon0_E_deg": 266.2, "Lon0_W_deg": -93.8, "ProjScale": 1.000032, "SkewAz_deg": -9999, "FalseN_m": 0.0, "FalseE_m": 8382000.0, "FalseN_ift": 0.0, "FalseE_ift": 27500000.0, "DesignBy": "State", "Ref_frame": "NATRF2022" }, "geometry": { "type": "Polygon", "coordinates": [ [ [ -93.49727, 38.92842 ], [ -93.83471, 38.9379 ], [ -93.83631, 38.9087 ], [ -94.11018, 38.9176 ], [ -94.11362, 38.91696 ], [ -94.11909, 38.83316 ], [ -94.12936, 38.65586 ], [ -94.1164, 38.65551 ], [ -94.11965, 38.56871 ], [ -94.06431, 38.56737 ], [ -94.06781, 38.46601 ], [ -94.06501, 38.46581 ], [ -94.0752, 38.2145 ], [ -94.04989, 38.21398 ], [ -94.06567, 37.90098 ], [ -93.80864, 37.89277 ], [ -93.81139, 37.83456 ], [ -93.62839, 37.82943 ], [ -93.57319, 37.82803 ], [ -93.5687, 37.91491 ], [ -93.51209, 37.91353 ], [ -93.49727, 38.19908 ], [ -93.52347, 38.20721 ], [ -93.51195, 38.44681 ], [ -93.51507, 38.45451 ], [ -93.50756, 38.63586 ], [ -93.50954, 38.63583 ], [ -93.49311, 38.89915 ], [ -93.49727, 38.92842 ] ] ] } },
{ "type": "Feature", "properties": { "fid": 117, "ZoneCode": "291028", "AbrvFull": "MO JOPN", "NameFull": "Missouri Joplin", "ZoneNum": 28, "AbrvPart": "JOPN", "NamePart": "Joplin", "ZoneType": "Multizone partial", "StateAbrv": "MO", "StateName": "Missouri", "ProjAbrv": "TM", "ProjType": "Transverse Mercator", "LatOrigin": "35°45'N", "LonOriginE": "265°39'E", "LonOriginW": "94°21'W", "Lat0_deg": 35.75, "Lon0_E_deg": 265.65, "Lon0_W_deg": -94.35, "ProjScale": 1.000041, "SkewAz_deg": -9999, "FalseN_m": 0.0, "FalseE_m": 8686800.0, "FalseN_ift": 0.0, "FalseE_ift": 28500000.0, "DesignBy": "State", "Ref_frame": "NATRF2022" }, "geometry": { "type": "Polygon", "coordinates": [ [ [ -94.11909, 38.83316 ], [ -94.28758, 38.83508 ], [ -94.51011, 38.84246 ], [ -94.60802, 38.8472 ], [ -94.60907, 38.73809 ], [ -94.6119, 38.60588 ], [ -94.61334, 38.45869 ], [ -94.61249, 38.22037 ], [ -94.61415, 37.974 ], [ -94.61766, 37.77619 ], [ -94.61671, 37.50012 ], [ -94.6183, 37.19468 ], [ -94.61795, 36.9989 ], [ -94.61846, 36.81627 ], [ -94.61785, 36.49953 ], [ -94.37441, 36.49961 ], [ -94.07708, 36.49866 ], [ -94.06723, 36.74664 ], [ -94.06637, 36.83022 ], [ -94.0579, 37.09138 ], [ -94.0523, 37.29007 ], [ -94.08382, 37.29084 ], [ -94.07922, 37.42895 ], [ -94.0735, 37.64476 ], [ -94.06871, 37.75556 ], [ -94.07333, 37.7557 ], [ -94.06567, 37.90098 ], [ -94.04989, 38.21398 ], [ -94.0752, 38.2145 ], [ -94.06501, 38.46581 ], [ -94.06781, 38.46601 ], [ -94.06431, 38.56737 ], [ -94.11965, 38.56871 ], [ -94.1164, 38.65551 ], [ -94.12936, 38.65586 ], [ -94.11909, 38.83316 ] ] ] } },
{ "type": "Feature", "properties": { "fid": 118, "ZoneCode": "291029", "AbrvFull": "MO SJOS", "NameFull": "Missouri St Joseph", "ZoneNum": 29, "AbrvPart": "SJOS", "NamePart": "St Joseph", "ZoneType": "Multizone partial", "StateAbrv": "MO", "StateName": "Missouri", "ProjAbrv": "LC1", "ProjType": "Lambert Conformal Conic, one parallel", "LatOrigin": "39°51'N", "LonOriginE": "265°30'E", "LonOriginW": "94°30'W", "Lat0_deg": 39.85, "Lon0_E_deg": 265.5, "Lon0_W_deg": -94.5, "ProjScale": 1.00003, "SkewAz_deg": -9999, "FalseN_m": 457200.0, "FalseE_m": 8991600.0, "FalseN_ift": 1500000.0, "FalseE_ift": 29500000.0, "DesignBy": "State", "Ref_frame": "NATRF2022" }, "geometry": { "type": "Polygon", "coordinates": [ [ [ -93.76196, 39.95955 ], [ -93.76491, 40.10201 ], [ -93.76401, 40.1329 ], [ -94.1036, 40.13465 ], [ -94.21669, 40.13662 ], [ -94.21879, 40.03488 ], [ -94.32996, 40.03925 ], [ -94.60659, 40.0392 ], [ -94.60615, 40.12631 ], [ -94.78336, 40.12697 ], [ -95.04307, 40.13009 ], [ -95.06565, 40.15096 ], [ -95.06063, 40.17172 ], [ -95.07352, 40.19553 ], [ -95.06384, 40.20586 ], [ -95.06682, 40.22824 ], [ -95.05793, 40.23814 ], [ -95.07359, 40.24338 ], [ -95.07169, 40.26085 ], [ -95.24192, 40.26276 ], [ -95.55481, 40.26445 ], [ -95.52416, 40.25112 ], [ -95.47868, 40.24365 ], [ -95.46989, 40.22269 ], [ -95.48131, 40.20308 ], [ -95.47791, 40.18384 ], [ -95.44068, 40.16228 ], [ -95.43134, 40.13916 ], [ -95.39654, 40.12469 ], [ -95.39421, 40.10826 ], [ -95.40854, 40.09698 ], [ -95.41999, 40.05043 ], [ -95.39152, 40.02705 ], [ -95.34656, 40.02827 ], [ -95.3122, 40.00939 ], [ -95.30828, 39.99999 ], [ -95.3016, 39.98399 ], [ -95.27232, 39.97103 ], [ -95.25024, 39.94864 ], [ -95.20526, 39.93974 ], [ -95.20347, 39.90565 ], [ -95.18955, 39.90014 ], [ -95.14604, 39.90418 ], [ -95.13967, 39.88059 ], [ -95.08499, 39.86188 ], [ -95.03524, 39.86591 ], [ -95.01512, 39.89964 ], [ -94.98705, 39.89631 ], [ -94.95517, 39.90128 ], [ -94.92789, 39.88611 ], [ -94.93984, 39.85204 ], [ -94.91676, 39.8358 ], [ -94.89147, 39.83464 ], [ -94.87665, 39.82252 ], [ -94.87623, 39.80739 ], [ -94.89052, 39.79142 ], [ -94.91954, 39.79028 ], [ -94.93463, 39.77314 ], [ -94.90543, 39.75951 ], [ -94.86964, 39.77289 ], [ -94.85902, 39.75411 ], [ -94.87562, 39.73049 ], [ -94.9026, 39.7242 ], [ -94.94753, 39.74533 ], [ -94.97132, 39.7257 ], [ -94.96932, 39.69072 ], [ -94.98839, 39.67709 ], [ -95.02458, 39.66848 ], [ -95.04951, 39.63787 ], [ -95.05514, 39.62165 ], [ -95.04668, 39.59675 ], [ -95.05689, 39.58056 ], [ -95.09214, 39.58111 ], [ -95.11306, 39.55917 ], [ -95.10288, 39.53334 ], [ -95.01085, 39.53322 ], [ -94.60121, 39.53016 ], [ -94.60081, 39.45615 ], [ -94.3242, 39.45562 ], [ -94.21063, 39.45468 ], [ -94.20841, 39.52719 ], [ -94.00327, 39.52456 ], [ -93.80855, 39.52567 ], [ -93.75917, 39.52455 ], [ -93.75816, 39.62478 ], [ -93.75914, 39.80919 ], [ -93.76196, 39.95955 ] ] ] } },
{ "type": "Feature", "properties": { "fid": 119, "ZoneCode": "291030", "AbrvFull": "MO MARY", "NameFull": "Missouri Maryville", "ZoneNum": 30, "AbrvPart": "MARY", "NamePart": "Maryville", "ZoneType": "Multizone partial", "StateAbrv": "MO", "StateName": "Missouri", "ProjAbrv": "LC1", "ProjType": "Lambert Conformal Conic, one parallel", "LatOrigin": "40°15'N", "LonOriginE": "265°30'E", "LonOriginW": "94°30'W", "Lat0_deg": 40.25, "Lon0_E_deg": 265.5, "Lon0_W_deg": -94.5, "ProjScale": 1.000036, "SkewAz_deg": -9999, "FalseN_m": 495300.0, "FalseE_m": 9296400.0, "FalseN_ift": 1625000.0, "FalseE_ift": 30500000.0, "DesignBy": "State", "Ref_frame": "NATRF2022" }, "geometry": { "type": "Polygon", "coordinates": [ [ [ -93.37438, 40.58033 ], [ -93.54757, 40.5804 ], [ -93.69436, 40.57783 ], [ -93.81548, 40.57727 ], [ -94.07213, 40.57302 ], [ -94.4891, 40.5707 ], [ -94.66906, 40.57171 ], [ -94.96648, 40.57583 ], [ -95.76563, 40.5852 ], [ -95.77354, 40.5782 ], [ -95.76361, 40.54829 ], [ -95.76927, 40.53665 ], [ -95.7571, 40.52598 ], [ -95.69719, 40.52847 ], [ -95.69414, 40.55694 ], [ -95.67177, 40.56262 ], [ -95.65226, 40.5381 ], [ -95.66167, 40.51731 ], [ -95.69996, 40.50527 ], [ -95.69312, 40.46939 ], [ -95.65972, 40.44448 ], [ -95.66143, 40.41591 ], [ -95.64392, 40.38684 ], [ -95.6424, 40.36982 ], [ -95.6248, 40.34921 ], [ -95.62764, 40.33241 ], [ -95.6566, 40.31946 ], [ -95.64532, 40.30569 ], [ -95.61564, 40.31415 ], [ -95.55328, 40.29115 ], [ -95.55481, 40.26445 ], [ -95.24192, 40.26276 ], [ -95.07169, 40.26085 ], [ -95.07359, 40.24338 ], [ -95.05793, 40.23814 ], [ -95.06682, 40.22824 ], [ -95.06384, 40.20586 ], [ -95.07352, 40.19553 ], [ -95.06063, 40.17172 ], [ -95.06565, 40.15096 ], [ -95.04307, 40.13009 ], [ -94.78336, 40.12697 ], [ -94.60615, 40.12631 ], [ -94.60659, 40.0392 ], [ -94.32996, 40.03925 ], [ -94.21879, 40.03488 ], [ -94.21669, 40.13662 ], [ -94.1036, 40.13465 ], [ -93.76401, 40.1329 ], [ -93.76491, 40.10201 ], [ -93.76196, 39.95955 ], [ -93.60534, 39.96323 ], [ -93.36195, 39.9676 ], [ -93.36194, 40.03309 ], [ -93.36655, 40.03309 ], [ -93.36731, 40.3393 ], [ -93.36685, 40.47151 ], [ -93.37483, 40.4722 ], [ -93.37438, 40.58033 ] ] ] } },
{ "type": "Feature", "properties": { "fid": 120, "ZoneCode": "301001", "AbrvFull": "MT AS", "NameFull": "Montana Assiniboine", "ZoneNum": 1, "AbrvPart": "AS", "NamePart": "Assiniboine", "ZoneType": "Multizone partial", "StateAbrv": "MT", "StateName": "Montana", "ProjAbrv": "LC1", "ProjType": "Lambert Conformal Conic, one parallel", "LatOrigin": "48°36'N", "LonOriginE": "254°21'E", "LonOriginW": "105°39'W", "Lat0_deg": 48.6, "Lon0_E_deg": 254.35, "Lon0_W_deg": -105.65, "ProjScale": 1.000107, "SkewAz_deg": -9999, "FalseN_m": 38100.0, "FalseE_m": 266700.0, "FalseN_ift": 125000.0, "FalseE_ift": 875000.0, "DesignBy": "State", "Ref_frame": "NATRF2022" }, "geometry": { "type": "Polygon", "coordinates": [ [ [ -104.04675, 48.38929 ], [ -104.04887, 48.83776 ], [ -104.04868, 48.99989 ], [ -104.68499, 48.999 ], [ -105.7034, 48.99981 ], [ -106.22941, 48.99936 ], [ -106.60912, 48.99985 ], [ -107.1798, 49.00007 ], [ -107.17981, 48.91266 ], [ -107.20602, 48.9127 ], [ -107.2063, 48.56816 ], [ -107.19269, 48.56811 ], [ -107.19267, 48.51055 ], [ -106.84998, 48.5094 ], [ -106.84998, 48.63466 ], [ -106.41737, 48.63468 ], [ -106.02097, 48.63191 ], [ -106.01981, 48.56321 ], [ -104.7576, 48.56312 ], [ -104.75763, 48.47655 ], [ -104.62771, 48.47634 ], [ -104.62775, 48.38936 ], [ -104.04675, 48.38929 ] ] ] } },
{ "type": "Feature", "properties": { "fid": 121, "ZoneCode": "301002", "AbrvFull": "MT BP", "NameFull": "Montana Bears Paw", "ZoneNum": 2, "AbrvPart": "BP", "NamePart": "Bears Paw", "ZoneType": "Multizone partial", "StateAbrv": "MT", "StateName": "Montana", "ProjAbrv": "OMC", "ProjType": "Hotine Oblique Mercator, center", "LatOrigin": "48°42'N", "LonOriginE": "250°30'E", "LonOriginW": "109°30'W", "Lat0_deg": 48.7, "Lon0_E_deg": 250.5, "Lon0_W_deg": -109.5, "ProjScale": 1.000119, "SkewAz_deg": -75, "FalseN_m": 152400.0, "FalseE_m": 304800.0, "FalseN_ift": 500000.0, "FalseE_ift": 1000000.0, "DesignBy": "State", "Ref_frame": "NATRF2022" }, "geometry": { "type": "Polygon", "coordinates": [ [ [ -108.23634, 48.99963 ], [ -108.83548, 48.99924 ], [ -109.42061, 49.00042 ], [ -110.74305, 48.9986 ], [ -110.74268, 48.91408 ], [ -110.75058, 48.91408 ], [ -110.7501, 48.56651 ], [ -110.75616, 48.56649 ], [ -110.75585, 48.39999 ], [ -110.24998, 48.39999 ], [ -110.24998, 48.30581 ], [ -110.08998, 48.30608 ], [ -110.08998, 48.43809 ], [ -109.49681, 48.43828 ], [ -109.49701, 48.39473 ], [ -109.51876, 48.39472 ], [ -109.51906, 48.29345 ], [ -109.55163, 48.29347 ], [ -109.55174, 48.22137 ], [ -109.53392, 48.22131 ], [ -109.53428, 48.13456 ], [ -109.5329, 47.87108 ], [ -109.53865, 47.87102 ], [ -109.53866, 47.73886 ], [ -109.51089, 47.7445 ], [ -109.48722, 47.73094 ], [ -109.4253, 47.72015 ], [ -109.34968, 47.75078 ], [ -109.31282, 47.75838 ], [ -109.28192, 47.77694 ], [ -109.27416, 47.79323 ], [ -109.22989, 47.79492 ], [ -109.19026, 47.7909 ], [ -109.16033, 47.7798 ], [ -109.13275, 47.78112 ], [ -109.06588, 47.80106 ], [ -109.03024, 47.79244 ], [ -109.0007, 47.80311 ], [ -108.974, 47.80146 ], [ -108.94273, 47.79182 ], [ -108.94565, 47.77289 ], [ -108.92041, 47.75649 ], [ -108.94999, 47.73689 ], [ -108.94364, 47.72912 ], [ -108.91939, 47.73539 ], [ -108.8911, 47.73445 ], [ -108.89105, 47.8706 ], [ -108.8883, 47.92272 ], [ -108.67168, 47.92325 ], [ -108.62557, 47.9204 ], [ -108.62324, 47.95724 ], [ -108.60756, 47.99099 ], [ -108.56955, 47.98127 ], [ -108.4519, 47.97721 ], [ -108.50132, 47.9304 ], [ -108.45614, 47.89397 ], [ -108.44374, 47.8964 ], [ -108.40004, 47.88346 ], [ -108.36509, 47.8884 ], [ -108.28095, 48.38641 ], [ -108.29073, 48.4005 ], [ -108.32794, 48.42839 ], [ -108.3463, 48.4223 ], [ -108.34618, 48.56844 ], [ -108.319, 48.56842 ], [ -108.3191, 48.7422 ], [ -108.25937, 48.74222 ], [ -108.25936, 48.91359 ], [ -108.23634, 48.91351 ], [ -108.23634, 48.99963 ] ] ] } },
{ "type": "Feature", "properties": { "fid": 122, "ZoneCode": "301003", "AbrvFull": "MT BT", "NameFull": "Montana Big Timber", "ZoneNum": 3, "AbrvPart": "BT", "NamePart": "Big Timber", "ZoneType": "Multizone partial", "StateAbrv": "MT", "StateName": "Montana", "ProjAbrv": "TM", "ProjType": "Transverse Mercator", "LatOrigin": "44°00'N", "LonOriginE": "250°00'E", "LonOriginW": "110°00'W", "Lat0_deg": 44.0, "Lon0_E_deg": 250.0, "Lon0_W_deg": -110.0, "ProjScale": 1.000209, "SkewAz_deg": -9999, "FalseN_m": 0.0, "FalseE_m": 342900.0, "FalseN_ift": 0.0, "FalseE_ift": 1125000.0, "DesignBy": "State", "Ref_frame": "NATRF2022" }, "geometry": { "type": "Polygon", "coordinates": [ [ [ -109.41714, 46.04475 ], [ -109.60514, 46.04499 ], [ -109.60417, 46.13248 ], [ -109.65382, 46.13246 ], [ -109.65386, 46.2194 ], [ -109.75826, 46.21896 ], [ -110.28196, 46.2206 ], [ -110.2819, 46.18439 ], [ -110.40927, 46.18436 ], [ -110.40926, 46.19206 ], [ -110.78382, 46.19269 ], [ -110.78402, 46.14182 ], [ -110.79075, 46.14184 ], [ -110.79053, 46.04919 ], [ -110.79239, 45.98877 ], [ -110.7885, 45.93127 ], [ -110.78938, 45.7863 ], [ -110.79525, 45.78631 ], [ -110.79476, 45.59068 ], [ -110.85737, 45.59064 ], [ -110.85824, 45.52487 ], [ -110.91921, 45.52486 ], [ -110.91788, 45.35127 ], [ -111.03815, 45.35139 ], [ -111.0386, 45.17637 ], [ -111.04659, 45.17632 ], [ -111.04505, 45.00094 ], [ -110.7901, 45.00088 ], [ -110.70446, 44.99217 ], [ -110.50696, 44.99251 ], [ -110.44573, 44.99368 ], [ -110.4071, 44.99949 ], [ -110.18321, 44.99695 ], [ -110.10576, 45.00353 ], [ -109.82565, 45.00322 ], [ -109.79847, 45.00233 ], [ -109.79865, 45.17212 ], [ -110.0645, 45.17212 ], [ -110.06457, 45.34875 ], [ -109.93197, 45.34875 ], [ -109.93201, 45.52245 ], [ -109.80883, 45.52246 ], [ -109.80878, 45.56592 ], [ -109.68537, 45.5656 ], [ -109.68537, 45.60902 ], [ -109.56206, 45.60911 ], [ -109.56389, 45.78347 ], [ -109.54654, 45.78347 ], [ -109.54881, 45.87074 ], [ -109.50595, 45.87021 ], [ -109.50659, 45.95911 ], [ -109.42301, 45.96001 ], [ -109.423, 46.03301 ], [ -109.41714, 46.04475 ] ] ] } },
{ "type": "Feature", "properties": { "fid": 123, "ZoneCode": "301004", "AbrvFull": "MT BF", "NameFull": "Montana Blackfeet", "ZoneNum": 4, "AbrvPart": "BF", "NamePart": "Blackfeet", "ZoneType": "Multizone partial", "StateAbrv": "MT", "StateName": "Montana", "ProjAbrv": "TM", "ProjType": "Transverse Mercator", "LatOrigin": "47°45'N", "LonOriginE": "247°42'E", "LonOriginW": "112°18'W", "Lat0_deg": 47.75, "Lon0_E_deg": 247.7, "Lon0_W_deg": -112.3, "ProjScale": 1.00018, "SkewAz_deg": -9999, "FalseN_m": 0.0, "FalseE_m": 266700.0, "FalseN_ift": 0.0, "FalseE_ift": 875000.0, "DesignBy": "State", "Ref_frame": "NATRF2022" }, "geometry": { "type": "Polygon", "coordinates": [ [ [ -112.19339, 48.99868 ], [ -113.07569, 48.99851 ], [ -113.11504, 48.97938 ], [ -113.133, 48.97576 ], [ -113.19674, 48.94388 ], [ -113.28569, 48.93653 ], [ -113.31737, 48.93931 ], [ -113.36333, 48.92855 ], [ -113.40497, 48.89418 ], [ -113.3932, 48.86501 ], [ -113.37537, 48.86334 ], [ -113.37239, 48.84095 ], [ -113.38334, 48.8175 ], [ -113.3931, 48.76001 ], [ -113.41769, 48.71168 ], [ -113.43352, 48.67089 ], [ -113.4301, 48.65873 ], [ -113.45322, 48.62936 ], [ -113.46479, 48.60575 ], [ -113.49364, 48.59326 ], [ -113.4934, 48.58316 ], [ -113.51591, 48.57074 ], [ -113.49227, 48.55232 ], [ -113.46736, 48.54755 ], [ -113.47268, 48.525 ], [ -113.46657, 48.47453 ], [ -113.47914, 48.45311 ], [ -113.45177, 48.44582 ], [ -113.41346, 48.42088 ], [ -113.3895, 48.41639 ], [ -113.35596, 48.42391 ], [ -113.34654, 48.39409 ], [ -113.33295, 48.38763 ], [ -113.33914, 48.37133 ], [ -113.38703, 48.3415 ], [ -113.37425, 48.32392 ], [ -113.34799, 48.31136 ], [ -113.34798, 48.30311 ], [ -113.32257, 48.28772 ], [ -113.29778, 48.28425 ], [ -113.28957, 48.26533 ], [ -113.24978, 48.25521 ], [ -113.22766, 48.23575 ], [ -113.23684, 48.218 ], [ -113.23482, 48.17481 ], [ -113.20784, 48.16437 ], [ -113.19014, 48.17525 ], [ -113.16619, 48.16545 ], [ -113.13466, 48.13818 ], [ -113.09079, 48.13644 ], [ -113.0639, 48.14997 ], [ -113.05117, 48.1213 ], [ -113.03013, 48.13326 ], [ -113.01479, 48.13102 ], [ -112.92174, 48.13102 ], [ -112.92174, 48.16463 ], [ -112.90158, 48.15934 ], [ -112.87221, 48.1629 ], [ -112.8574, 48.17528 ], [ -112.81415, 48.18531 ], [ -112.80726, 48.1943 ], [ -112.76926, 48.20565 ], [ -112.74736, 48.23049 ], [ -112.67885, 48.24817 ], [ -112.64143, 48.24229 ], [ -112.60966, 48.25719 ], [ -112.59007, 48.30388 ], [ -112.56239, 48.32144 ], [ -112.54191, 48.32529 ], [ -112.50561, 48.34664 ], [ -112.4826, 48.34257 ], [ -112.47252, 48.34962 ], [ -112.40401, 48.33001 ], [ -112.39417, 48.31146 ], [ -112.38739, 48.31952 ], [ -112.36551, 48.31159 ], [ -112.32779, 48.33147 ], [ -112.34802, 48.35014 ], [ -112.33115, 48.36377 ], [ -112.32781, 48.39058 ], [ -112.31596, 48.3894 ], [ -112.26228, 48.42559 ], [ -112.26724, 48.44013 ], [ -112.24357, 48.44592 ], [ -112.22613, 48.4681 ], [ -112.22918, 48.48187 ], [ -112.18477, 48.47725 ], [ -112.18457, 48.56646 ], [ -112.18909, 48.56647 ], [ -112.189, 48.91398 ], [ -112.19319, 48.91402 ], [ -112.19339, 48.99868 ] ] ] } },
{ "type": "Feature", "properties": { "fid": 124, "ZoneCode": "301005", "AbrvFull": "MT BC", "NameFull": "Montana Bobcat", "ZoneNum": 5, "AbrvPart": "BC", "NamePart": "Bobcat", "ZoneType": "Multizone partial", "StateAbrv": "MT", "StateName": "Montana", "ProjAbrv": "LC1", "ProjType": "Lambert Conformal Conic, one parallel", "LatOrigin": "46°03'N", "LonOriginE": "248°24'E", "LonOriginW": "111°36'W", "Lat0_deg": 46.05, "Lon0_E_deg": 248.4, "Lon0_W_deg": -111.6, "ProjScale": 1.000206, "SkewAz_deg": -9999, "FalseN_m": 114300.0, "FalseE_m": 228600.0, "FalseN_ift": 375000.0, "FalseE_ift": 750000.0, "DesignBy": "State", "Ref_frame": "NATRF2022" }, "geometry": { "type": "Polygon", "coordinates": [ [ [ -110.79053, 46.04919 ], [ -111.66041, 46.04919 ], [ -111.78455, 46.04981 ], [ -112.28998, 46.04981 ], [ -112.39998, 45.59999 ], [ -111.78998, 45.35052 ], [ -111.37301, 45.35052 ], [ -111.03815, 45.35139 ], [ -110.91788, 45.35127 ], [ -110.91921, 45.52486 ], [ -110.85824, 45.52487 ], [ -110.85737, 45.59064 ], [ -110.79476, 45.59068 ], [ -110.79525, 45.78631 ], [ -110.78938, 45.7863 ], [ -110.7885, 45.93127 ], [ -110.79239, 45.98877 ], [ -110.79053, 46.04919 ] ] ] } },
{ "type": "Feature", "properties": { "fid": 125, "ZoneCode": "301006", "AbrvFull": "MT BR", "NameFull": "Montana Broadus", "ZoneNum": 6, "AbrvPart": "BR", "NamePart": "Broadus", "ZoneType": "Multizone partial", "StateAbrv": "MT", "StateName": "Montana", "ProjAbrv": "LC1", "ProjType": "Lambert Conformal Conic, one parallel", "LatOrigin": "45°33'N", "LonOriginE": "254°27'E", "LonOriginW": "105°33'W", "Lat0_deg": 45.55, "Lon0_E_deg": 254.45, "Lon0_W_deg": -105.55, "ProjScale": 1.000145, "SkewAz_deg": -9999, "FalseN_m": 76200.0, "FalseE_m": 304800.0, "FalseN_ift": 250000.0, "FalseE_ift": 1000000.0, "DesignBy": "State", "Ref_frame": "NATRF2022" }, "geometry": { "type": "Polygon", "coordinates": [ [ [ -104.04418, 45.88197 ], [ -104.13481, 45.88192 ], [ -104.13483, 45.96883 ], [ -104.32798, 45.96802 ], [ -104.39086, 45.97036 ], [ -104.39073, 46.05482 ], [ -104.51606, 46.05484 ], [ -104.51611, 46.13619 ], [ -104.93919, 46.13657 ], [ -104.93928, 45.78696 ], [ -105.31503, 45.78818 ], [ -106.19172, 45.78859 ], [ -106.8771, 45.78821 ], [ -106.91279, 45.78821 ], [ -106.91294, 45.68391 ], [ -106.97405, 45.68395 ], [ -106.97403, 45.69114 ], [ -107.01627, 45.69139 ], [ -107.01862, 45.56591 ], [ -107.02047, 45.15806 ], [ -107.01058, 45.10754 ], [ -107.00515, 44.99636 ], [ -106.12619, 44.99326 ], [ -105.92816, 44.99348 ], [ -105.91314, 45.00023 ], [ -105.64521, 45.00042 ], [ -104.88915, 45.00002 ], [ -104.59231, 44.99865 ], [ -104.03968, 44.99806 ], [ -104.0408, 45.4626 ], [ -104.04258, 45.74994 ], [ -104.04418, 45.88197 ] ] ] } },
{ "type": "Feature", "properties": { "fid": 126, "ZoneCode": "301007", "AbrvFull": "MT BU", "NameFull": "Montana Butte", "ZoneNum": 7, "AbrvPart": "BU", "NamePart": "Butte", "ZoneType": "Multizone partial", "StateAbrv": "MT", "StateName": "Montana", "ProjAbrv": "TM", "ProjType": "Transverse Mercator", "LatOrigin": "44°45'N", "LonOriginE": "247°12'E", "LonOriginW": "112°48'W", "Lat0_deg": 44.75, "Lon0_E_deg": 247.2, "Lon0_W_deg": -112.8, "ProjScale": 1.000252, "SkewAz_deg": -9999, "FalseN_m": 0.0, "FalseE_m": 266700.0, "FalseN_ift": 0.0, "FalseE_ift": 875000.0, "DesignBy": "State", "Ref_frame": "NATRF2022" }, "geometry": { "type": "Polygon", "coordinates": [ [ [ -112.39998, 45.59999 ], [ -112.28998, 46.04981 ], [ -112.46172, 46.07589 ], [ -112.46631, 46.09297 ], [ -112.49583, 46.10885 ], [ -112.51998, 46.13639 ], [ -112.51702, 46.16586 ], [ -112.50512, 46.18329 ], [ -112.52578, 46.18504 ], [ -112.54521, 46.175 ], [ -112.57656, 46.17849 ], [ -112.5821, 46.19868 ], [ -112.57356, 46.2118 ], [ -112.59439, 46.22798 ], [ -112.55858, 46.26582 ], [ -112.88919, 46.26594 ], [ -113.03681, 46.26682 ], [ -113.0368, 46.22332 ], [ -113.28452, 46.22278 ], [ -113.28502, 46.13578 ], [ -113.27435, 46.13579 ], [ -113.27434, 46.05932 ], [ -113.278, 46.04526 ], [ -113.33579, 46.00538 ], [ -113.36245, 46.00715 ], [ -113.37843, 46.01862 ], [ -113.39689, 46.01424 ], [ -113.39925, 46.00046 ], [ -113.44065, 45.9814 ], [ -113.458, 45.9843 ], [ -113.46815, 45.96812 ], [ -113.45932, 45.96229 ], [ -113.48002, 45.93976 ], [ -113.49983, 45.94843 ], [ -113.51613, 45.93881 ], [ -113.49551, 45.93618 ], [ -113.48473, 45.9109 ], [ -113.47077, 45.89778 ], [ -113.45967, 45.87167 ], [ -113.4414, 45.85582 ], [ -113.42965, 45.83107 ], [ -113.43493, 45.80661 ], [ -113.39505, 45.76648 ], [ -113.36293, 45.75802 ], [ -113.36441, 45.77103 ], [ -113.34622, 45.80514 ], [ -113.3359, 45.81323 ], [ -113.30828, 45.80638 ], [ -113.29815, 45.8186 ], [ -113.2754, 45.81797 ], [ -113.24996, 45.83961 ], [ -113.25503, 45.84558 ], [ -113.22882, 45.86645 ], [ -113.17978, 45.885 ], [ -113.10026, 45.88171 ], [ -113.08463, 45.85533 ], [ -113.06489, 45.85068 ], [ -112.98834, 45.80847 ], [ -112.94531, 45.79902 ], [ -112.92704, 45.80138 ], [ -112.90246, 45.7803 ], [ -112.88472, 45.78925 ], [ -112.86838, 45.77776 ], [ -112.84104, 45.77807 ], [ -113.02998, 45.15999 ], [ -112.49998, 45.15999 ], [ -112.39998, 45.59999 ] ] ] } },
{ "type": "Feature", "properties": { "fid": 127, "ZoneCode": "301008", "AbrvFull": "MT CF", "NameFull": "Montana Canyon Ferry", "ZoneNum": 8, "AbrvPart": "CF", "NamePart": "Canyon Ferry", "ZoneType": "Multizone partial", "StateAbrv": "MT", "StateName": "Montana", "ProjAbrv": "TM", "ProjType": "Transverse Mercator", "LatOrigin": "45°30'N", "LonOriginE": "248°12'E", "LonOriginW": "111°48'W", "Lat0_deg": 45.5, "Lon0_E_deg": 248.2, "Lon0_W_deg": -111.8, "ProjScale": 1.000188, "SkewAz_deg": -9999, "FalseN_m": 0.0, "FalseE_m": 266700.0, "FalseN_ift": 0.0, "FalseE_ift": 875000.0, "DesignBy": "State", "Ref_frame": "NATRF2022" }, "geometry": { "type": "Polygon", "coordinates": [ [ [ -110.28196, 46.2206 ], [ -110.28146, 46.48982 ], [ -110.27298, 46.48982 ], [ -110.27332, 46.7105 ], [ -110.30271, 46.68864 ], [ -110.32536, 46.68572 ], [ -110.3285, 46.67317 ], [ -110.37528, 46.69291 ], [ -110.42198, 46.67802 ], [ -110.4372, 46.68623 ], [ -110.45783, 46.67866 ], [ -110.48009, 46.68913 ], [ -110.48304, 46.70146 ], [ -110.5063, 46.71277 ], [ -110.52433, 46.71278 ], [ -110.56432, 46.73886 ], [ -110.56369, 46.77136 ], [ -110.62067, 46.77221 ], [ -110.64951, 46.80147 ], [ -110.65074, 46.8245 ], [ -110.67891, 46.82477 ], [ -110.6974, 46.84495 ], [ -110.71672, 46.83817 ], [ -110.7359, 46.84847 ], [ -110.75157, 46.84453 ], [ -110.76232, 46.88257 ], [ -110.7527, 46.89018 ], [ -110.79019, 46.9101 ], [ -110.80497, 46.90186 ], [ -110.82499, 46.91486 ], [ -110.85602, 46.92134 ], [ -110.85899, 46.94605 ], [ -110.87063, 46.94453 ], [ -110.91302, 46.98055 ], [ -110.99639, 47.00509 ], [ -111.05499, 47.00906 ], [ -111.07226, 47.00566 ], [ -111.10499, 47.02899 ], [ -111.07679, 47.04528 ], [ -111.0809, 47.08803 ], [ -111.15854, 47.0883 ], [ -111.15837, 47.01177 ], [ -111.28519, 47.01174 ], [ -111.28525, 47.00102 ], [ -111.53936, 47.00055 ], [ -111.5392, 46.91337 ], [ -111.79022, 46.91376 ], [ -112.53573, 46.83423 ], [ -112.53558, 46.69948 ], [ -112.41083, 46.6995 ], [ -112.41062, 46.65601 ], [ -112.32086, 46.65592 ], [ -112.29832, 46.62561 ], [ -112.29319, 46.60508 ], [ -112.31674, 46.57441 ], [ -112.29369, 46.53112 ], [ -112.30627, 46.51039 ], [ -112.30183, 46.48987 ], [ -112.30465, 46.4499 ], [ -112.32336, 46.43293 ], [ -112.31056, 46.42117 ], [ -111.78455, 46.04981 ], [ -111.66041, 46.04919 ], [ -110.79053, 46.04919 ], [ -110.79075, 46.14184 ], [ -110.78402, 46.14182 ], [ -110.78382, 46.19269 ], [ -110.40926, 46.19206 ], [ -110.40927, 46.18436 ], [ -110.2819, 46.18439 ], [ -110.28196, 46.2206 ] ] ] } },
{ "type": "Feature", "properties": { "fid": 128, "ZoneCode": "301009", "AbrvFull": "MT CR", "NameFull": "Montana Crow", "ZoneNum": 9, "AbrvPart": "CR", "NamePart": "Crow", "ZoneType": "Multizone partial", "StateAbrv": "MT", "StateName": "Montana", "ProjAbrv": "TM", "ProjType": "Transverse Mercator", "LatOrigin": "44°30'N", "LonOriginE": "252°15'E", "LonOriginW": "107°45'W", "Lat0_deg": 44.5, "Lon0_E_deg": 252.25, "Lon0_W_deg": -107.75, "ProjScale": 1.000148, "SkewAz_deg": -9999, "FalseN_m": 0.0, "FalseE_m": 266700.0, "FalseN_ift": 0.0, "FalseE_ift": 875000.0, "DesignBy": "State", "Ref_frame": "NATRF2022" }, "geometry": { "type": "Polygon", "coordinates": [ [ [ -107.00515, 44.99636 ], [ -107.01058, 45.10754 ], [ -107.02047, 45.15806 ], [ -107.01862, 45.56591 ], [ -107.01627, 45.69139 ], [ -106.97403, 45.69114 ], [ -106.97405, 45.68395 ], [ -106.91294, 45.68391 ], [ -106.91279, 45.78821 ], [ -106.8771, 45.78821 ], [ -106.8772, 45.83171 ], [ -106.93906, 45.8316 ], [ -106.93908, 45.87003 ], [ -107.05214, 45.87005 ], [ -107.05193, 45.91348 ], [ -107.17635, 45.91332 ], [ -107.17634, 45.95675 ], [ -107.42511, 45.95667 ], [ -107.42491, 46.04337 ], [ -107.67444, 46.0436 ], [ -107.67445, 45.98575 ], [ -107.79874, 45.98567 ], [ -107.79881, 45.95672 ], [ -107.84037, 45.95681 ], [ -107.84036, 45.92801 ], [ -107.88186, 45.92814 ], [ -107.88183, 45.89923 ], [ -108.04734, 45.89947 ], [ -108.04754, 45.78347 ], [ -108.06956, 45.7835 ], [ -108.06968, 45.68148 ], [ -108.24272, 45.68147 ], [ -108.24294, 45.78376 ], [ -108.36492, 45.78374 ], [ -108.36244, 45.75007 ], [ -108.3976, 45.73986 ], [ -108.39765, 45.69909 ], [ -108.41833, 45.69639 ], [ -108.41759, 45.66749 ], [ -108.45805, 45.64585 ], [ -108.458, 45.63141 ], [ -108.48785, 45.63135 ], [ -108.50967, 45.62393 ], [ -108.50949, 45.60935 ], [ -108.54011, 45.58023 ], [ -108.53979, 45.5585 ], [ -108.57782, 45.54016 ], [ -108.58881, 45.52157 ], [ -108.63818, 45.50174 ], [ -108.62305, 45.47542 ], [ -108.6407, 45.46793 ], [ -108.68221, 45.43313 ], [ -108.68572, 45.39185 ], [ -108.69961, 45.34894 ], [ -108.6996, 45.2177 ], [ -108.59138, 45.21743 ], [ -108.35458, 45.22 ], [ -108.09804, 45.22051 ], [ -108.12796, 45.21791 ], [ -108.14525, 45.1936 ], [ -108.15168, 45.16947 ], [ -108.17348, 45.15656 ], [ -108.16986, 45.13274 ], [ -108.18161, 45.12446 ], [ -108.18861, 45.1003 ], [ -108.2175, 45.09411 ], [ -108.22019, 45.07834 ], [ -108.23923, 45.0631 ], [ -108.22364, 45.04622 ], [ -108.2425, 45.04474 ], [ -108.25693, 45.00649 ], [ -108.2295, 45.00041 ], [ -107.6132, 45.00061 ], [ -107.48373, 45.00142 ], [ -107.1274, 44.99983 ], [ -107.08487, 44.99659 ], [ -107.00515, 44.99636 ] ] ] } },
{ "type": "Feature", "properties": { "fid": 129, "ZoneCode": "301010", "AbrvFull": "MT FH", "NameFull": "Montana Flathead", "ZoneNum": 10, "AbrvPart": "FH", "NamePart": "Flathead", "ZoneType": "Multizone partial", "StateAbrv": "MT", "StateName": "Montana", "ProjAbrv": "OMC", "ProjType": "Hotine Oblique Mercator, center", "LatOrigin": "48°09'N", "LonOriginE": "245°51'E", "LonOriginW": "114°09'W", "Lat0_deg": 48.15, "Lon0_E_deg": 245.85, "Lon0_W_deg": -114.15, "ProjScale": 1.000142, "SkewAz_deg": -40, "FalseN_m": 76200.0, "FalseE_m": 304800.0, "FalseN_ift": 250000.0, "FalseE_ift": 1000000.0, "DesignBy": "State", "Ref_frame": "NATRF2022" }, "geometry": { "type": "Polygon", "coordinates": [ [ [ -114.06816, 48.99886 ], [ -114.36191, 49.0011 ], [ -115.05531, 48.99962 ], [ -115.25103, 48.99963 ], [ -115.15451, 48.01769 ], [ -115.01066, 48.01762 ], [ -115.01066, 48.00313 ], [ -114.98942, 48.00314 ], [ -114.98933, 47.8728 ], [ -114.8611, 47.8728 ], [ -114.8611, 47.87577 ], [ -114.60457, 47.8756 ], [ -114.60445, 47.78987 ], [ -114.47727, 47.78994 ], [ -114.47743, 47.8754 ], [ -114.49213, 47.87541 ], [ -114.49217, 47.96198 ], [ -114.03853, 47.96254 ], [ -114.03897, 47.98753 ], [ -114.05786, 48.00004 ], [ -114.06164, 47.99008 ], [ -114.07827, 48.02314 ], [ -114.05023, 48.02299 ], [ -114.04989, 48.03734 ], [ -114.02831, 48.03734 ], [ -114.02903, 48.05165 ], [ -113.88452, 48.05189 ], [ -113.86817, 48.04328 ], [ -113.05117, 48.1213 ], [ -113.0639, 48.14997 ], [ -113.09079, 48.13644 ], [ -113.13466, 48.13818 ], [ -113.16619, 48.16545 ], [ -113.19014, 48.17525 ], [ -113.20784, 48.16437 ], [ -113.23482, 48.17481 ], [ -113.23684, 48.218 ], [ -113.22766, 48.23575 ], [ -113.24978, 48.25521 ], [ -113.28957, 48.26533 ], [ -113.29778, 48.28425 ], [ -113.32257, 48.28772 ], [ -113.34798, 48.30311 ], [ -113.34799, 48.31136 ], [ -113.37425, 48.32392 ], [ -113.38703, 48.3415 ], [ -113.33914, 48.37133 ], [ -113.33295, 48.38763 ], [ -113.34654, 48.39409 ], [ -113.35596, 48.42391 ], [ -113.3895, 48.41639 ], [ -113.41346, 48.42088 ], [ -113.45177, 48.44582 ], [ -113.47914, 48.45311 ], [ -113.46657, 48.47453 ], [ -113.47268, 48.525 ], [ -113.46736, 48.54755 ], [ -113.49227, 48.55232 ], [ -113.51591, 48.57074 ], [ -113.54347, 48.58687 ], [ -113.59903, 48.57517 ], [ -113.64188, 48.60057 ], [ -113.66354, 48.58563 ], [ -113.70791, 48.59471 ], [ -113.75044, 48.61433 ], [ -113.74215, 48.63554 ], [ -113.74555, 48.65277 ], [ -113.72587, 48.67145 ], [ -113.74095, 48.69268 ], [ -113.71981, 48.69488 ], [ -113.70292, 48.71986 ], [ -113.71488, 48.74259 ], [ -113.73924, 48.7528 ], [ -113.74269, 48.76521 ], [ -113.76163, 48.7733 ], [ -113.77279, 48.80083 ], [ -113.75692, 48.81831 ], [ -113.78614, 48.83373 ], [ -113.79044, 48.84548 ], [ -113.80877, 48.83846 ], [ -113.84114, 48.85594 ], [ -113.87503, 48.83729 ], [ -113.91154, 48.84924 ], [ -113.91866, 48.83504 ], [ -113.95685, 48.81747 ], [ -114.00412, 48.83321 ], [ -113.99074, 48.83944 ], [ -113.99302, 48.85412 ], [ -114.01721, 48.86474 ], [ -114.03108, 48.87992 ], [ -114.05808, 48.88895 ], [ -114.01885, 48.90302 ], [ -114.01359, 48.91008 ], [ -114.02475, 48.9334 ], [ -114.04559, 48.93363 ], [ -114.04246, 48.94589 ], [ -114.02119, 48.96134 ], [ -114.05035, 48.96336 ], [ -114.06816, 48.99886 ] ] ] } },
{ "type": "Feature", "properties": { "fid": 130, "ZoneCode": "301011", "AbrvFull": "MT GV", "NameFull": "Montana Gros Ventre", "ZoneNum": 11, "AbrvPart": "GV", "NamePart": "Gros Ventre", "ZoneType": "Multizone partial", "StateAbrv": "MT", "StateName": "Montana", "ProjAbrv": "TM", "ProjType": "Transverse Mercator", "LatOrigin": "47°00'N", "LonOriginE": "252°21'E", "LonOriginW": "107°39'W", "Lat0_deg": 47.0, "Lon0_E_deg": 252.35, "Lon0_W_deg": -107.65, "ProjScale": 1.00011, "SkewAz_deg": -9999, "FalseN_m": 0.0, "FalseE_m": 342900.0, "FalseN_ift": 0.0, "FalseE_ift": 1125000.0, "DesignBy": "State", "Ref_frame": "NATRF2022" }, "geometry": { "type": "Polygon", "coordinates": [ [ [ -107.1798, 49.00007 ], [ -107.41553, 48.99935 ], [ -107.77655, 48.99979 ], [ -108.23634, 48.99963 ], [ -108.23634, 48.91351 ], [ -108.25936, 48.91359 ], [ -108.25937, 48.74222 ], [ -108.3191, 48.7422 ], [ -108.319, 48.56842 ], [ -108.34618, 48.56844 ], [ -108.3463, 48.4223 ], [ -108.32794, 48.42839 ], [ -108.29073, 48.4005 ], [ -108.28095, 48.38641 ], [ -108.36509, 47.8884 ], [ -108.40004, 47.88346 ], [ -108.44374, 47.8964 ], [ -108.45614, 47.89397 ], [ -108.50132, 47.9304 ], [ -108.4519, 47.97721 ], [ -108.56955, 47.98127 ], [ -108.60756, 47.99099 ], [ -108.62324, 47.95724 ], [ -108.62557, 47.9204 ], [ -108.67168, 47.92325 ], [ -108.8883, 47.92272 ], [ -108.89105, 47.8706 ], [ -108.8911, 47.73445 ], [ -108.82397, 47.71024 ], [ -108.78404, 47.6821 ], [ -108.7898, 47.66294 ], [ -108.7716, 47.64552 ], [ -108.72882, 47.64982 ], [ -108.70984, 47.63276 ], [ -108.68828, 47.63148 ], [ -108.67138, 47.61955 ], [ -108.61096, 47.62432 ], [ -108.57241, 47.60948 ], [ -108.52605, 47.62082 ], [ -108.50921, 47.60119 ], [ -108.47453, 47.59827 ], [ -108.45689, 47.61572 ], [ -108.44245, 47.61476 ], [ -108.42894, 47.58845 ], [ -108.38633, 47.592 ], [ -108.37784, 47.5776 ], [ -108.35625, 47.5802 ], [ -108.35037, 47.56744 ], [ -108.32474, 47.57165 ], [ -108.33195, 47.58328 ], [ -108.28236, 47.57961 ], [ -108.2596, 47.58798 ], [ -108.23796, 47.58236 ], [ -108.19955, 47.58972 ], [ -108.17853, 47.58006 ], [ -108.14753, 47.58364 ], [ -108.13726, 47.59242 ], [ -108.07957, 47.59201 ], [ -108.0654, 47.59829 ], [ -108.02222, 47.58206 ], [ -107.97617, 47.58592 ], [ -107.96156, 47.56987 ], [ -107.93109, 47.56907 ], [ -107.93019, 47.54432 ], [ -107.91917, 47.52058 ], [ -107.89809, 47.51006 ], [ -107.9091, 47.488 ], [ -107.91172, 47.45238 ], [ -107.86353, 47.45605 ], [ -107.8662, 47.48254 ], [ -107.85046, 47.49194 ], [ -107.86491, 47.51373 ], [ -107.84222, 47.5249 ], [ -107.81717, 47.54628 ], [ -107.77785, 47.54364 ], [ -107.76191, 47.54804 ], [ -107.76309, 47.56343 ], [ -107.73225, 47.57187 ], [ -107.73151, 47.5854 ], [ -107.70951, 47.60025 ], [ -107.69467, 47.62976 ], [ -107.67116, 47.62989 ], [ -107.66197, 47.62088 ], [ -107.64666, 47.62944 ], [ -107.65493, 47.65244 ], [ -107.63756, 47.6488 ], [ -107.61709, 47.63155 ], [ -107.61084, 47.64736 ], [ -107.56756, 47.64296 ], [ -107.52077, 47.64291 ], [ -107.49933, 47.624 ], [ -107.45149, 47.62213 ], [ -107.43468, 47.6314 ], [ -107.4391, 47.64677 ], [ -107.41973, 47.66229 ], [ -107.42807, 47.67731 ], [ -107.41487, 47.69173 ], [ -107.41438, 47.87051 ], [ -107.40466, 47.8705 ], [ -107.4045, 48.21843 ], [ -107.36971, 48.21837 ], [ -107.36924, 48.30516 ], [ -107.26044, 48.30476 ], [ -107.26026, 48.39407 ], [ -107.30106, 48.39399 ], [ -107.30171, 48.48094 ], [ -107.25793, 48.48098 ], [ -107.25801, 48.51481 ], [ -107.21332, 48.50789 ], [ -107.19267, 48.51055 ], [ -107.19269, 48.56811 ], [ -107.2063, 48.56816 ], [ -107.20602, 48.9127 ], [ -107.17981, 48.91266 ], [ -107.1798, 49.00007 ] ] ] } },
{ "type": "Feature", "properties": { "fid": 131, "ZoneCode": "301012", "AbrvFull": "MT INT", "NameFull": "Montana Interstate", "ZoneNum": 12, "AbrvPart": "INT", "NamePart": "Interstate", "ZoneType": "Multizone partial", "StateAbrv": "MT", "StateName": "Montana", "ProjAbrv": "OMC", "ProjType": "Hotine Oblique Mercator, center", "LatOrigin": "46°33'N", "LonOriginE": "254°54'E", "LonOriginW": "105°06'W", "Lat0_deg": 46.55, "Lon0_E_deg": 254.9, "Lon0_W_deg": -105.1, "ProjScale": 1.000105, "SkewAz_deg": 31, "FalseN_m": 114300.0, "FalseE_m": 381000.0, "FalseN_ift": 375000.0, "FalseE_ift": 1250000.0, "DesignBy": "State", "Ref_frame": "NATRF2022" }, "geometry": { "type": "Polygon", "coordinates": [ [ [ -104.04418, 45.88197 ], [ -104.04666, 46.00017 ], [ -104.04547, 46.1661 ], [ -104.04514, 46.51005 ], [ -104.04596, 46.87452 ], [ -104.04508, 47.05037 ], [ -104.04484, 47.40672 ], [ -104.04271, 47.7905 ], [ -105.36325, 47.79041 ], [ -105.36349, 47.52955 ], [ -105.40657, 47.52953 ], [ -105.40629, 47.18158 ], [ -105.83303, 47.18109 ], [ -105.83262, 47.0931 ], [ -105.95988, 47.09296 ], [ -105.9598, 47.18099 ], [ -106.08676, 47.18093 ], [ -106.08633, 46.83146 ], [ -106.12062, 46.83143 ], [ -106.12035, 46.48364 ], [ -106.15513, 46.48363 ], [ -106.15493, 46.22428 ], [ -106.15162, 46.22428 ], [ -106.15342, 46.13725 ], [ -106.19161, 46.13718 ], [ -106.19172, 45.78859 ], [ -105.31503, 45.78818 ], [ -104.93928, 45.78696 ], [ -104.93919, 46.13657 ], [ -104.51611, 46.13619 ], [ -104.51606, 46.05484 ], [ -104.39073, 46.05482 ], [ -104.39086, 45.97036 ], [ -104.32798, 45.96802 ], [ -104.13483, 45.96883 ], [ -104.13481, 45.88192 ], [ -104.04418, 45.88197 ] ] ] } },
{ "type": "Feature", "properties": { "fid": 132, "ZoneCode": "301013", "AbrvFull": "MT KA", "NameFull": "Montana Kainai", "ZoneNum": 13, "AbrvPart": "KA", "NamePart": "Kainai", "ZoneType": "Multizone partial", "StateAbrv": "MT", "StateName": "Montana", "ProjAbrv": "TM", "ProjType": "Transverse Mercator", "LatOrigin": "48°15'N", "LonOriginE": "247°15'E", "LonOriginW": "112°45'W", "Lat0_deg": 48.25, "Lon0_E_deg": 247.25, "Lon0_W_deg": -112.75, "ProjScale": 1.000188, "SkewAz_deg": -9999, "FalseN_m": 0.0, "FalseE_m": 228600.0, "FalseN_ift": 0.0, "FalseE_ift": 750000.0, "DesignBy": "State", "Ref_frame": "NATRF2022" }, "geometry": { "type": "Polygon", "coordinates": [ [ [ -113.07569, 48.99851 ], [ -113.69475, 48.9975 ], [ -114.06816, 48.99886 ], [ -114.05035, 48.96336 ], [ -114.02119, 48.96134 ], [ -114.04246, 48.94589 ], [ -114.04559, 48.93363 ], [ -114.02475, 48.9334 ], [ -114.01359, 48.91008 ], [ -114.01885, 48.90302 ], [ -114.05808, 48.88895 ], [ -114.03108, 48.87992 ], [ -114.01721, 48.86474 ], [ -113.99302, 48.85412 ], [ -113.99074, 48.83944 ], [ -114.00412, 48.83321 ], [ -113.95685, 48.81747 ], [ -113.91866, 48.83504 ], [ -113.91154, 48.84924 ], [ -113.87503, 48.83729 ], [ -113.84114, 48.85594 ], [ -113.80877, 48.83846 ], [ -113.79044, 48.84548 ], [ -113.78614, 48.83373 ], [ -113.75692, 48.81831 ], [ -113.77279, 48.80083 ], [ -113.76163, 48.7733 ], [ -113.74269, 48.76521 ], [ -113.73924, 48.7528 ], [ -113.71488, 48.74259 ], [ -113.70292, 48.71986 ], [ -113.71981, 48.69488 ], [ -113.74095, 48.69268 ], [ -113.72587, 48.67145 ], [ -113.74555, 48.65277 ], [ -113.74215, 48.63554 ], [ -113.75044, 48.61433 ], [ -113.70791, 48.59471 ], [ -113.66354, 48.58563 ], [ -113.64188, 48.60057 ], [ -113.59903, 48.57517 ], [ -113.54347, 48.58687 ], [ -113.51591, 48.57074 ], [ -113.4934, 48.58316 ], [ -113.49364, 48.59326 ], [ -113.46479, 48.60575 ], [ -113.45322, 48.62936 ], [ -113.4301, 48.65873 ], [ -113.43352, 48.67089 ], [ -113.41769, 48.71168 ], [ -113.3931, 48.76001 ], [ -113.38334, 48.8175 ], [ -113.37239, 48.84095 ], [ -113.37537, 48.86334 ], [ -113.3932, 48.86501 ], [ -113.40497, 48.89418 ], [ -113.36333, 48.92855 ], [ -113.31737, 48.93931 ], [ -113.28569, 48.93653 ], [ -113.19674, 48.94388 ], [ -113.133, 48.97576 ], [ -113.11504, 48.97938 ], [ -113.07569, 48.99851 ] ] ] } },
{ "type": "Feature", "properties": { "fid": 133, "ZoneCode": "301014", "AbrvFull": "MT MN", "NameFull": "Montana Mission", "ZoneNum": 14, "AbrvPart": "MN", "NamePart": "Mission", "ZoneType": "Multizone partial", "StateAbrv": "MT", "StateName": "Montana", "ProjAbrv": "TM", "ProjType": "Transverse Mercator", "LatOrigin": "46°45'N", "LonOriginE": "245°21'E", "LonOriginW": "114°39'W", "Lat0_deg": 46.75, "Lon0_E_deg": 245.35, "Lon0_W_deg": -114.65, "ProjScale": 1.000126, "SkewAz_deg": -9999, "FalseN_m": 0.0, "FalseE_m": 228600.0, "FalseN_ift": 0.0, "FalseE_ift": 750000.0, "DesignBy": "State", "Ref_frame": "NATRF2022" }, "geometry": { "type": "Polygon", "coordinates": [ [ [ -113.86817, 48.04328 ], [ -113.88452, 48.05189 ], [ -114.02903, 48.05165 ], [ -114.02831, 48.03734 ], [ -114.04989, 48.03734 ], [ -114.05023, 48.02299 ], [ -114.07827, 48.02314 ], [ -114.06164, 47.99008 ], [ -114.05786, 48.00004 ], [ -114.03897, 47.98753 ], [ -114.03853, 47.96254 ], [ -114.49217, 47.96198 ], [ -114.49213, 47.87541 ], [ -114.47743, 47.8754 ], [ -114.47727, 47.78994 ], [ -114.60445, 47.78987 ], [ -114.60457, 47.8756 ], [ -114.8611, 47.87577 ], [ -114.8611, 47.8728 ], [ -114.98933, 47.8728 ], [ -114.98942, 48.00314 ], [ -115.01066, 48.00313 ], [ -115.01066, 48.01762 ], [ -115.15451, 48.01769 ], [ -115.15074, 47.99547 ], [ -115.13627, 47.98436 ], [ -115.1548, 47.96139 ], [ -115.15048, 47.43382 ], [ -115.12115, 47.41997 ], [ -115.08786, 47.42713 ], [ -115.06704, 47.41708 ], [ -115.03369, 47.4144 ], [ -115.01404, 47.40068 ], [ -114.98225, 47.3968 ], [ -114.96904, 47.37404 ], [ -114.96896, 47.31262 ], [ -114.906, 47.31248 ], [ -114.90603, 47.29796 ], [ -114.84244, 47.29794 ], [ -114.84231, 47.26884 ], [ -114.79719, 47.26891 ], [ -114.76118, 47.25993 ], [ -114.75164, 47.2638 ], [ -114.70883, 47.25468 ], [ -114.68728, 47.2743 ], [ -114.59344, 47.25708 ], [ -114.54994, 47.25154 ], [ -114.54269, 47.23988 ], [ -114.4913, 47.2202 ], [ -114.46907, 47.21933 ], [ -114.45438, 47.20796 ], [ -114.42384, 47.21009 ], [ -114.40334, 47.19683 ], [ -114.36222, 47.18705 ], [ -114.34609, 47.17623 ], [ -114.35591, 47.1579 ], [ -114.29244, 47.12784 ], [ -114.25357, 47.121 ], [ -114.23607, 47.1343 ], [ -114.21208, 47.1277 ], [ -114.18715, 47.13819 ], [ -113.93349, 47.13828 ], [ -113.93355, 47.18171 ], [ -113.82143, 47.1817 ], [ -113.82115, 47.26869 ], [ -113.84352, 47.27205 ], [ -113.87075, 47.28815 ], [ -113.887, 47.31787 ], [ -113.88182, 47.33852 ], [ -113.88903, 47.35501 ], [ -113.87109, 47.39196 ], [ -113.89132, 47.41678 ], [ -113.90366, 47.44761 ], [ -113.9324, 47.45759 ], [ -113.92876, 47.4659 ], [ -113.95116, 47.47599 ], [ -113.93544, 47.498 ], [ -113.9142, 47.50095 ], [ -113.90856, 47.51443 ], [ -113.92766, 47.52057 ], [ -113.92945, 47.53952 ], [ -113.91948, 47.54941 ], [ -113.93224, 47.57716 ], [ -113.92481, 47.60023 ], [ -113.63406, 47.60002 ], [ -113.62507, 47.62201 ], [ -113.62265, 47.65865 ], [ -113.60594, 47.66318 ], [ -113.5981, 47.68314 ], [ -113.60391, 47.72143 ], [ -113.64057, 47.71999 ], [ -113.664, 47.746 ], [ -113.64973, 47.75584 ], [ -113.65266, 47.7738 ], [ -113.67063, 47.78314 ], [ -113.68168, 47.80515 ], [ -113.66957, 47.81232 ], [ -113.66618, 47.84064 ], [ -113.67523, 47.86557 ], [ -113.66528, 47.88289 ], [ -113.672, 47.89634 ], [ -113.69871, 47.91674 ], [ -113.71848, 47.91672 ], [ -113.74717, 47.95295 ], [ -113.77035, 47.94766 ], [ -113.77232, 47.95796 ], [ -113.81329, 47.98331 ], [ -113.8423, 47.97887 ], [ -113.86553, 48.0139 ], [ -113.85921, 48.02552 ], [ -113.86817, 48.04328 ] ] ] } },
{ "type": "Feature", "properties": { "fid": 134, "ZoneCode": "301015", "AbrvFull": "MT MLA", "NameFull": "Montana Missoula", "ZoneNum": 15, "AbrvPart": "MLA", "NamePart": "Missoula", "ZoneType": "Multizone partial", "StateAbrv": "MT", "StateName": "Montana", "ProjAbrv": "TM", "ProjType": "Transverse Mercator", "LatOrigin": "45°30'N", "LonOriginE": "245°51'E", "LonOriginW": "114°09'W", "Lat0_deg": 45.5, "Lon0_E_deg": 245.85, "Lon0_W_deg": -114.15, "ProjScale": 1.000158, "SkewAz_deg": -9999, "FalseN_m": 0.0, "FalseE_m": 304800.0, "FalseN_ift": 0.0, "FalseE_ift": 1000000.0, "DesignBy": "State", "Ref_frame": "NATRF2022" }, "geometry": { "type": "Polygon", "coordinates": [ [ [ -113.63406, 47.60002 ], [ -113.92481, 47.60023 ], [ -113.93224, 47.57716 ], [ -113.91948, 47.54941 ], [ -113.92945, 47.53952 ], [ -113.92766, 47.52057 ], [ -113.90856, 47.51443 ], [ -113.9142, 47.50095 ], [ -113.93544, 47.498 ], [ -113.95116, 47.47599 ], [ -113.92876, 47.4659 ], [ -113.9324, 47.45759 ], [ -113.90366, 47.44761 ], [ -113.89132, 47.41678 ], [ -113.87109, 47.39196 ], [ -113.88903, 47.35501 ], [ -113.88182, 47.33852 ], [ -113.887, 47.31787 ], [ -113.87075, 47.28815 ], [ -113.84352, 47.27205 ], [ -113.82115, 47.26869 ], [ -113.82143, 47.1817 ], [ -113.93355, 47.18171 ], [ -113.93349, 47.13828 ], [ -114.18715, 47.13819 ], [ -114.21208, 47.1277 ], [ -114.23607, 47.1343 ], [ -114.25357, 47.121 ], [ -114.29244, 47.12784 ], [ -114.35591, 47.1579 ], [ -114.34609, 47.17623 ], [ -114.36222, 47.18705 ], [ -114.40334, 47.19683 ], [ -114.42384, 47.21009 ], [ -114.45438, 47.20796 ], [ -114.46907, 47.21933 ], [ -114.4913, 47.2202 ], [ -114.54269, 47.23988 ], [ -114.54994, 47.25154 ], [ -114.59344, 47.25708 ], [ -114.68728, 47.2743 ], [ -114.70883, 47.25468 ], [ -114.75164, 47.2638 ], [ -114.76118, 47.25993 ], [ -114.79719, 47.26891 ], [ -114.79712, 47.24003 ], [ -114.77583, 47.24005 ], [ -114.77582, 47.22557 ], [ -114.71226, 47.22558 ], [ -114.71227, 47.18218 ], [ -114.69135, 47.18226 ], [ -114.69138, 47.1672 ], [ -114.65021, 47.16716 ], [ -114.65045, 47.13824 ], [ -114.62913, 47.13825 ], [ -114.6292, 47.12372 ], [ -114.58672, 47.12375 ], [ -114.58665, 47.09485 ], [ -114.56564, 47.09484 ], [ -114.56608, 47.06737 ], [ -114.48368, 47.0675 ], [ -114.48321, 47.02335 ], [ -114.41952, 47.02324 ], [ -114.41936, 47.00889 ], [ -114.45134, 47.00889 ], [ -114.45125, 46.9932 ], [ -114.48612, 46.99919 ], [ -114.50263, 47.00913 ], [ -114.52534, 47.00924 ], [ -114.52531, 46.99232 ], [ -114.54716, 46.99243 ], [ -114.54643, 46.96337 ], [ -114.56611, 46.9634 ], [ -114.56624, 46.83355 ], [ -114.54899, 46.83362 ], [ -114.54911, 46.74736 ], [ -114.67491, 46.74741 ], [ -114.64717, 46.73138 ], [ -114.62077, 46.70726 ], [ -114.62353, 46.69093 ], [ -114.64143, 46.67949 ], [ -114.63522, 46.65924 ], [ -114.61501, 46.65541 ], [ -114.61309, 46.63846 ], [ -114.58451, 46.6334 ], [ -114.54169, 46.64994 ], [ -114.52383, 46.64058 ], [ -114.46682, 46.6318 ], [ -114.45371, 46.64845 ], [ -114.42416, 46.66062 ], [ -114.3579, 46.66869 ], [ -114.33699, 46.6623 ], [ -114.32069, 46.64694 ], [ -114.32269, 46.61061 ], [ -114.34418, 46.58996 ], [ -114.33119, 46.5725 ], [ -114.34787, 46.55147 ], [ -114.34297, 46.51803 ], [ -114.37558, 46.50175 ], [ -114.40234, 46.50058 ], [ -114.40108, 46.47858 ], [ -114.37941, 46.46028 ], [ -114.38364, 46.44615 ], [ -114.36877, 46.4365 ], [ -114.38489, 46.42759 ], [ -114.38483, 46.41135 ], [ -114.42243, 46.38704 ], [ -114.41015, 46.36549 ], [ -114.41468, 46.33954 ], [ -114.43342, 46.30554 ], [ -114.4276, 46.28336 ], [ -114.47078, 46.26537 ], [ -114.466, 46.24684 ], [ -114.45207, 46.24129 ], [ -114.44329, 46.20304 ], [ -114.44522, 46.16794 ], [ -114.47766, 46.16065 ], [ -114.51468, 46.16772 ], [ -114.52734, 46.14541 ], [ -114.52121, 46.12532 ], [ -114.47444, 46.1131 ], [ -114.45946, 46.09393 ], [ -114.46697, 46.06578 ], [ -114.49333, 46.05257 ], [ -114.5073, 46.03116 ], [ -114.48025, 46.02999 ], [ -113.77289, 46.02999 ], [ -113.80348, 46.03744 ], [ -113.78744, 46.07444 ], [ -113.77117, 46.08611 ], [ -113.75323, 46.11279 ], [ -113.78035, 46.14448 ], [ -113.7952, 46.15228 ], [ -113.78487, 46.18116 ], [ -113.81776, 46.191 ], [ -113.82116, 46.21246 ], [ -113.77507, 46.22839 ], [ -113.75051, 46.27214 ], [ -113.78578, 46.28807 ], [ -113.7718, 46.32125 ], [ -113.78549, 46.33909 ], [ -113.78202, 46.35951 ], [ -113.8258, 46.41007 ], [ -113.85764, 46.41941 ], [ -113.8492, 46.44097 ], [ -113.87464, 46.50832 ], [ -113.85001, 46.51483 ], [ -113.84517, 46.54657 ], [ -113.8287, 46.57071 ], [ -113.83524, 46.58403 ], [ -113.81169, 46.58906 ], [ -113.81638, 46.61481 ], [ -113.80282, 46.62947 ], [ -113.81763, 46.6373 ], [ -113.82773, 46.66089 ], [ -113.79354, 46.65816 ], [ -113.66798, 46.65837 ], [ -113.66815, 46.71622 ], [ -113.55151, 46.7165 ], [ -113.54507, 46.74462 ], [ -113.47984, 46.74471 ], [ -113.47982, 46.80277 ], [ -113.41707, 46.80249 ], [ -113.41658, 46.83211 ], [ -113.30289, 46.83215 ], [ -113.30293, 47.17964 ], [ -113.46643, 47.17918 ], [ -113.46647, 47.60005 ], [ -113.63406, 47.60002 ] ] ] } },
{ "type": "Feature", "properties": { "fid": 135, "ZoneCode": "301016", "AbrvFull": "MT RL", "NameFull": "Montana Red Lodge", "ZoneNum": 16, "AbrvPart": "RL", "NamePart": "Red Lodge", "ZoneType": "Multizone partial", "StateAbrv": "MT", "StateName": "Montana", "ProjAbrv": "LC1", "ProjType": "Lambert Conformal Conic, one parallel", "LatOrigin": "45°39'N", "LonOriginE": "250°30'E", "LonOriginW": "109°30'W", "Lat0_deg": 45.65, "Lon0_E_deg": 250.5, "Lon0_W_deg": -109.5, "ProjScale": 1.000188, "SkewAz_deg": -9999, "FalseN_m": 114300.0, "FalseE_m": 266700.0, "FalseN_ift": 375000.0, "FalseE_ift": 875000.0, "DesignBy": "State", "Ref_frame": "NATRF2022" }, "geometry": { "type": "Polygon", "coordinates": [ [ [ -109.41714, 46.04475 ], [ -109.423, 46.03301 ], [ -109.42301, 45.96001 ], [ -109.50659, 45.95911 ], [ -109.50595, 45.87021 ], [ -109.54881, 45.87074 ], [ -109.54654, 45.78347 ], [ -109.56389, 45.78347 ], [ -109.56206, 45.60911 ], [ -109.68537, 45.60902 ], [ -109.68537, 45.5656 ], [ -109.80878, 45.56592 ], [ -109.80883, 45.52246 ], [ -109.93201, 45.52245 ], [ -109.93197, 45.34875 ], [ -110.06457, 45.34875 ], [ -110.0645, 45.17212 ], [ -109.79865, 45.17212 ], [ -109.79847, 45.00233 ], [ -109.52857, 45.00332 ], [ -109.32682, 45.00528 ], [ -109.11474, 45.00579 ], [ -108.95999, 45.43999 ], [ -108.95999, 45.68282 ], [ -108.90471, 45.68282 ], [ -108.90484, 45.78426 ], [ -108.90191, 45.78426 ], [ -108.90164, 45.95941 ], [ -108.92231, 45.95944 ], [ -108.92536, 46.03193 ], [ -108.92457, 46.13236 ], [ -109.13444, 46.13186 ], [ -109.41621, 46.13237 ], [ -109.41714, 46.04475 ] ] ] } },
{ "type": "Feature", "properties": { "fid": 136, "ZoneCode": "301017", "AbrvFull": "MT SX", "NameFull": "Montana Sioux", "ZoneNum": 17, "AbrvPart": "SX", "NamePart": "Sioux", "ZoneType": "Multizone partial", "StateAbrv": "MT", "StateName": "Montana", "ProjAbrv": "LC1", "ProjType": "Lambert Conformal Conic, one parallel", "LatOrigin": "48°06'N", "LonOriginE": "254°15'E", "LonOriginW": "105°45'W", "Lat0_deg": 48.1, "Lon0_E_deg": 254.25, "Lon0_W_deg": -105.75, "ProjScale": 1.000099, "SkewAz_deg": -9999, "FalseN_m": 76200.0, "FalseE_m": 304800.0, "FalseN_ift": 250000.0, "FalseE_ift": 1000000.0, "DesignBy": "State", "Ref_frame": "NATRF2022" }, "geometry": { "type": "Polygon", "coordinates": [ [ [ -104.04675, 48.38929 ], [ -104.62775, 48.38936 ], [ -104.62771, 48.47634 ], [ -104.75763, 48.47655 ], [ -104.7576, 48.56312 ], [ -106.01981, 48.56321 ], [ -106.02097, 48.63191 ], [ -106.41737, 48.63468 ], [ -106.84998, 48.63466 ], [ -106.84998, 48.5094 ], [ -107.19267, 48.51055 ], [ -107.21332, 48.50789 ], [ -107.25801, 48.51481 ], [ -107.25793, 48.48098 ], [ -107.30171, 48.48094 ], [ -107.30106, 48.39399 ], [ -107.26026, 48.39407 ], [ -107.26044, 48.30476 ], [ -107.36924, 48.30516 ], [ -107.36971, 48.21837 ], [ -107.4045, 48.21843 ], [ -107.40466, 47.8705 ], [ -107.41438, 47.87051 ], [ -107.41487, 47.69173 ], [ -107.36022, 47.69121 ], [ -107.33174, 47.68068 ], [ -107.28427, 47.68044 ], [ -107.24899, 47.66156 ], [ -107.17507, 47.6619 ], [ -107.1588, 47.66778 ], [ -107.11409, 47.66902 ], [ -107.0705, 47.66239 ], [ -107.01134, 47.6631 ], [ -106.99921, 47.67365 ], [ -106.94454, 47.67628 ], [ -106.92554, 47.66946 ], [ -106.88115, 47.67812 ], [ -106.8699, 47.70226 ], [ -106.87921, 47.71809 ], [ -106.86165, 47.73737 ], [ -106.83416, 47.74339 ], [ -106.78569, 47.7425 ], [ -106.76017, 47.73145 ], [ -106.73444, 47.73415 ], [ -106.71143, 47.75524 ], [ -106.71195, 47.77211 ], [ -106.67742, 47.77591 ], [ -106.66175, 47.77173 ], [ -106.65301, 47.79026 ], [ -106.62177, 47.79085 ], [ -106.60894, 47.77796 ], [ -106.60226, 47.79041 ], [ -105.36325, 47.79041 ], [ -104.04271, 47.7905 ], [ -104.04143, 47.86305 ], [ -104.04403, 47.99608 ], [ -104.04675, 48.38929 ] ] ] } },
{ "type": "Feature", "properties": { "fid": 137, "ZoneCode": "301018", "AbrvFull": "MT SC", "NameFull": "Montana Stone Child", "ZoneNum": 18, "AbrvPart": "SC", "NamePart": "Stone Child", "ZoneType": "Multizone partial", "StateAbrv": "MT", "StateName": "Montana", "ProjAbrv": "OMC", "ProjType": "Hotine Oblique Mercator, center", "LatOrigin": "50°00'N", "LonOriginE": "250°12'E", "LonOriginW": "109°48'W", "Lat0_deg": 50.0, "Lon0_E_deg": 250.2, "Lon0_W_deg": -109.8, "ProjScale": 0.999985, "SkewAz_deg": 40, "FalseN_m": 228600.0, "FalseE_m": 152400.0, "FalseN_ift": 750000.0, "FalseE_ift": 500000.0, "DesignBy": "State", "Ref_frame": "NATRF2022" }, "geometry": { "type": "Polygon", "coordinates": [ [ [ -109.53428, 48.13456 ], [ -109.53392, 48.22131 ], [ -109.55174, 48.22137 ], [ -109.55163, 48.29347 ], [ -109.51906, 48.29345 ], [ -109.51876, 48.39472 ], [ -109.49701, 48.39473 ], [ -109.49681, 48.43828 ], [ -110.08998, 48.43809 ], [ -110.08998, 48.30608 ], [ -110.08998, 48.29499 ], [ -110.00498, 48.24499 ], [ -110.00498, 48.13285 ], [ -109.59809, 48.13249 ], [ -109.53428, 48.13456 ] ] ] } },
{ "type": "Feature", "properties": { "fid": 138, "ZoneCode": "301019", "AbrvFull": "MT SG", "NameFull": "Montana Sweet Grass", "ZoneNum": 19, "AbrvPart": "SG", "NamePart": "Sweet Grass", "ZoneType": "Multizone partial", "StateAbrv": "MT", "StateName": "Montana", "ProjAbrv": "LC1", "ProjType": "Lambert Conformal Conic, one parallel", "LatOrigin": "48°33'N", "LonOriginE": "248°09'E", "LonOriginW": "111°51'W", "Lat0_deg": 48.55, "Lon0_E_deg": 248.15, "Lon0_W_deg": -111.85, "ProjScale": 1.000155, "SkewAz_deg": -9999, "FalseN_m": 76200.0, "FalseE_m": 266700.0, "FalseN_ift": 250000.0, "FalseE_ift": 875000.0, "DesignBy": "State", "Ref_frame": "NATRF2022" }, "geometry": { "type": "Polygon", "coordinates": [ [ [ -110.74305, 48.9986 ], [ -111.57568, 48.99667 ], [ -112.02361, 48.99865 ], [ -112.19339, 48.99868 ], [ -112.19319, 48.91402 ], [ -112.189, 48.91398 ], [ -112.18909, 48.56647 ], [ -112.18457, 48.56646 ], [ -112.18477, 48.47725 ], [ -112.22918, 48.48187 ], [ -112.22613, 48.4681 ], [ -112.24357, 48.44592 ], [ -112.26724, 48.44013 ], [ -112.26228, 48.42559 ], [ -112.31596, 48.3894 ], [ -112.32781, 48.39058 ], [ -112.33115, 48.36377 ], [ -112.34802, 48.35014 ], [ -112.32779, 48.33147 ], [ -112.36551, 48.31159 ], [ -112.38739, 48.31952 ], [ -112.39417, 48.31146 ], [ -112.40401, 48.33001 ], [ -112.47252, 48.34962 ], [ -112.4826, 48.34257 ], [ -112.50561, 48.34664 ], [ -112.54191, 48.32529 ], [ -112.56239, 48.32144 ], [ -112.59007, 48.30388 ], [ -112.60966, 48.25719 ], [ -112.64143, 48.24229 ], [ -112.67885, 48.24817 ], [ -112.74736, 48.23049 ], [ -112.76926, 48.20565 ], [ -112.80726, 48.1943 ], [ -112.81415, 48.18531 ], [ -112.8574, 48.17528 ], [ -112.87221, 48.1629 ], [ -112.90158, 48.15934 ], [ -112.92174, 48.16463 ], [ -112.92174, 48.13102 ], [ -112.82673, 48.13317 ], [ -112.50268, 48.13236 ], [ -112.17774, 48.13071 ], [ -111.40908, 48.13221 ], [ -111.13552, 48.13328 ], [ -110.82715, 48.1332 ], [ -110.8274, 48.21956 ], [ -110.75586, 48.2196 ], [ -110.75585, 48.39999 ], [ -110.75616, 48.56649 ], [ -110.7501, 48.56651 ], [ -110.75058, 48.91408 ], [ -110.74268, 48.91408 ], [ -110.74305, 48.9986 ] ] ] } },
{ "type": "Feature", "properties": { "fid": 139, "ZoneCode": "352001", "AbrvFull": "NM BERN", "NameFull": "New Mexico Bernalillo-Albuquerque", "ZoneNum": 1, "AbrvPart": "BERN", "NamePart": "Bernalillo-Albuquerque", "ZoneType": "Multizone partial", "StateAbrv": "NM", "StateName": "New Mexico", "ProjAbrv": "OMC", "ProjType": "Hotine Oblique Mercator, center", "LatOrigin": "35°15'N", "LonOriginE": "253°21'E", "LonOriginW": "106°39'W", "Lat0_deg": 35.25, "Lon0_E_deg": 253.35, "Lon0_W_deg": -106.65, "ProjScale": 1.00025, "SkewAz_deg": -45, "FalseN_m": 76200.0, "FalseE_m": 152400.0, "FalseN_ift": 250000.0, "FalseE_ift": 500000.0, "DesignBy": "State", "Ref_frame": "NATRF2022" }, "geometry": { "type": "Polygon", "coordinates": [ [ [ -107.19723, 35.21945 ], [ -107.06655, 34.95719 ], [ -107.02447, 34.86995 ], [ -106.72065, 34.87005 ], [ -106.68579, 34.90635 ], [ -106.42947, 34.9034 ], [ -106.41155, 34.88973 ], [ -106.41177, 34.87025 ], [ -106.18819, 34.86927 ], [ -106.14973, 34.87014 ], [ -106.14982, 34.95346 ], [ -106.24375, 34.95335 ], [ -106.2442, 35.21565 ], [ -106.36723, 35.2174 ], [ -106.60447, 35.21786 ], [ -106.63814, 35.20387 ], [ -106.65815, 35.21791 ], [ -107.09839, 35.2185 ], [ -107.19723, 35.21945 ] ] ] } },
{ "type": "Feature", "properties": { "fid": 140, "ZoneCode": "352002", "AbrvFull": "NM DONA", "NameFull": "New Mexico Dona Ana-Las Cruces", "ZoneNum": 2, "AbrvPart": "DONA", "NamePart": "Dona Ana-Las Cruces", "ZoneType": "Multizone partial", "StateAbrv": "NM", "StateName": "New Mexico", "ProjAbrv": "TM", "ProjType": "Transverse Mercator", "LatOrigin": "31°15'N", "LonOriginE": "253°12'E", "LonOriginW": "106°48'W", "Lat0_deg": 31.25, "Lon0_E_deg": 253.2, "Lon0_W_deg": -106.8, "ProjScale": 1.000195, "SkewAz_deg": -9999, "FalseN_m": 0.0, "FalseE_m": 266700.0, "FalseN_ift": 0.0, "FalseE_ift": 875000.0, "DesignBy": "State", "Ref_frame": "NATRF2022" }, "geometry": { "type": "Polygon", "coordinates": [ [ [ -106.37716, 32.0015 ], [ -106.37657, 32.95805 ], [ -106.3407, 32.95838 ], [ -106.3405, 33.05277 ], [ -106.88788, 32.82278 ], [ -106.88772, 32.77927 ], [ -107.09428, 32.77889 ], [ -107.29946, 32.78016 ], [ -107.29962, 32.60537 ], [ -107.29776, 32.51832 ], [ -107.29861, 32.38797 ], [ -107.29873, 32.08234 ], [ -107.29658, 32.04315 ], [ -107.29678, 31.78364 ], [ -106.52804, 31.78389 ], [ -106.54713, 31.80729 ], [ -106.57723, 31.8104 ], [ -106.60529, 31.82772 ], [ -106.60168, 31.84437 ], [ -106.61478, 31.84641 ], [ -106.63591, 31.86623 ], [ -106.63067, 31.8864 ], [ -106.64005, 31.90527 ], [ -106.61285, 31.92037 ], [ -106.62973, 31.92656 ], [ -106.62211, 31.93662 ], [ -106.61956, 31.97157 ], [ -106.63952, 31.98034 ], [ -106.61847, 32.00049 ], [ -106.37716, 32.0015 ] ] ] } },
{ "type": "Feature", "properties": { "fid": 141, "ZoneCode": "482001", "AbrvFull": "TX ATSC", "NameFull": "Texas Atascosa", "ZoneNum": 1, "AbrvPart": "ATSC", "NamePart": "Atascosa", "ZoneType": "Multizone partial", "StateAbrv": "TX", "StateName": "Texas", "ProjAbrv": "OMC", "ProjType": "Hotine Oblique Mercator, center", "LatOrigin": "28°30'N", "LonOriginE": "261°38'E", "LonOriginW": "98°22'W", "Lat0_deg": 28.5, "Lon0_E_deg": 261.633333333, "Lon0_W_deg": -98.366666666699999, "ProjScale": 1.000005, "SkewAz_deg": -14, "FalseN_m": 266700.0, "FalseE_m": 419100.0, "FalseN_ift": 875000.0, "FalseE_ift": 1375000.0, "DesignBy": "State", "Ref_frame": "NATRF2022" }, "geometry": { "type": "Polygon", "coordinates": [ [ [ -98.40733, 29.11443 ], [ -98.80475, 29.25069 ], [ -98.80489, 29.09043 ], [ -98.80479, 29.02458 ], [ -98.80083, 28.64748 ], [ -98.8012, 28.25027 ], [ -98.80005, 28.20087 ], [ -98.80332, 28.05748 ], [ -98.5661, 28.05712 ], [ -98.23549, 28.05796 ], [ -97.88314, 28.0569 ], [ -97.90121, 28.06783 ], [ -97.90876, 28.09186 ], [ -97.89811, 28.09944 ], [ -97.90407, 28.11422 ], [ -97.81771, 28.17684 ], [ -97.80876, 28.18341 ], [ -97.99131, 28.49673 ], [ -98.08975, 28.66297 ], [ -98.00524, 28.69023 ], [ -98.18436, 28.87525 ], [ -98.27015, 28.96887 ], [ -98.40733, 29.11443 ] ] ] } },
{ "type": "Feature", "properties": { "fid": 142, "ZoneCode": "482002", "AbrvFull": "TX BELL", "NameFull": "Texas Bell", "ZoneNum": 2, "AbrvPart": "BELL", "NamePart": "Bell", "ZoneType": "Multizone partial", "StateAbrv": "TX", "StateName": "Texas", "ProjAbrv": "OMC", "ProjType": "Hotine Oblique Mercator, center", "LatOrigin": "31°24'N", "LonOriginE": "262°21'E", "LonOriginW": "97°39'W", "Lat0_deg": 31.4, "Lon0_E_deg": 262.35, "Lon0_W_deg": -97.65, "ProjScale": 1.000034, "SkewAz_deg": -36, "FalseN_m": 304800.0, "FalseE_m": 723900.0, "FalseN_ift": 1000000.0, "FalseE_ift": 2375000.0, "DesignBy": "State", "Ref_frame": "NATRF2022" }, "geometry": { "type": "Polygon", "coordinates": [ [ [ -97.2781, 31.27979 ], [ -97.34342, 31.24421 ], [ -97.4186, 31.3202 ], [ -97.50016, 31.43692 ], [ -97.68982, 31.71101 ], [ -97.76642, 31.67246 ], [ -98.00545, 32.01789 ], [ -98.20838, 31.91751 ], [ -98.15656, 31.84171 ], [ -98.46373, 31.68398 ], [ -98.41556, 31.61841 ], [ -98.27106, 31.41639 ], [ -98.18, 31.46371 ], [ -97.94501, 31.12518 ], [ -97.90709, 31.06937 ], [ -97.91384, 31.06588 ], [ -97.91167, 31.03491 ], [ -97.88571, 31.00039 ], [ -97.84036, 30.92931 ], [ -97.82809, 30.90441 ], [ -97.62404, 30.87 ], [ -97.31548, 30.75236 ], [ -97.25895, 30.88957 ], [ -97.2503, 30.89511 ], [ -97.07005, 30.98603 ], [ -97.2781, 31.27979 ] ] ] } },
{ "type": "Feature", "properties": { "fid": 143, "ZoneCode": "482003", "AbrvFull": "TX BEND", "NameFull": "Texas Big Bend", "ZoneNum": 3, "AbrvPart": "BEND", "NamePart": "Big Bend", "ZoneType": "Multizone partial", "StateAbrv": "TX", "StateName": "Texas", "ProjAbrv": "TM", "ProjType": "Transverse Mercator", "LatOrigin": "27°30'N", "LonOriginE": "256°10'E", "LonOriginW": "103°50'W", "Lat0_deg": 27.5, "Lon0_E_deg": 256.16666666700002, "Lon0_W_deg": -103.833333333, "ProjScale": 1.000222, "SkewAz_deg": -9999, "FalseN_m": 0.0, "FalseE_m": 1028700.0, "FalseN_ift": 0.0, "FalseE_ift": 3375000.0, "DesignBy": "State", "Ref_frame": "NATRF2022" }, "geometry": { "type": "Polygon", "coordinates": [ [ [ -104.06027, 30.03096 ], [ -103.99809, 30.03274 ], [ -103.60144, 30.07752 ], [ -103.52749, 30.0925 ], [ -103.48338, 30.10982 ], [ -103.43734, 30.13647 ], [ -103.3973, 30.16966 ], [ -103.36448, 30.20837 ], [ -103.33986, 30.25144 ], [ -103.32422, 30.29756 ], [ -103.31803, 30.34534 ], [ -103.3215, 30.39332 ], [ -103.33454, 30.44005 ], [ -103.35677, 30.48411 ], [ -103.39641, 30.53339 ], [ -103.65227, 30.79085 ], [ -103.68849, 30.82177 ], [ -103.74015, 30.85237 ], [ -103.79776, 30.87366 ], [ -103.84526, 30.88324 ], [ -103.91483, 30.88587 ], [ -103.99006, 30.87366 ], [ -104.04767, 30.85237 ], [ -104.09933, 30.82177 ], [ -104.13863, 30.78771 ], [ -104.17046, 30.74826 ], [ -104.18874, 30.71607 ], [ -104.33361, 30.41131 ], [ -104.35149, 30.35965 ], [ -104.35737, 30.31184 ], [ -104.3536, 30.26387 ], [ -104.34029, 30.2172 ], [ -104.31787, 30.17324 ], [ -104.28703, 30.13333 ], [ -104.2487, 30.09866 ], [ -104.20406, 30.07029 ], [ -104.15446, 30.04908 ], [ -104.10816, 30.0369 ], [ -104.06027, 30.03096 ] ] ] } },
{ "type": "Feature", "properties": { "fid": 144, "ZoneCode": "482004", "AbrvFull": "TX BRAZ", "NameFull": "Texas Brazos", "ZoneNum": 4, "AbrvPart": "BRAZ", "NamePart": "Brazos", "ZoneType": "Multizone partial", "StateAbrv": "TX", "StateName": "Texas", "ProjAbrv": "OMC", "ProjType": "Hotine Oblique Mercator, center", "LatOrigin": "30°20'N", "LonOriginE": "263°24'E", "LonOriginW": "96°36'W", "Lat0_deg": 30.333333333300001, "Lon0_E_deg": 263.4, "Lon0_W_deg": -96.6, "ProjScale": 1.000005, "SkewAz_deg": 60, "FalseN_m": 304800.0, "FalseE_m": 1371600.0, "FalseN_ift": 1000000.0, "FalseE_ift": 4500000.0, "DesignBy": "State", "Ref_frame": "NATRF2022" }, "geometry": { "type": "Polygon", "coordinates": [ [ [ -95.61786, 30.93041 ], [ -95.63867, 30.92673 ], [ -95.66494, 30.97088 ], [ -95.68115, 30.98695 ], [ -95.65841, 31.0163 ], [ -95.66317, 31.03321 ], [ -95.63469, 31.03732 ], [ -95.62997, 31.05174 ], [ -95.64754, 31.05538 ], [ -95.64894, 31.07047 ], [ -95.66354, 31.08388 ], [ -95.67646, 31.0759 ], [ -95.69238, 31.08195 ], [ -95.72337, 31.07983 ], [ -95.7644, 31.09421 ], [ -95.97383, 31.09214 ], [ -96.00806, 31.07311 ], [ -96.0489, 31.06813 ], [ -96.07745, 31.04792 ], [ -96.17091, 30.99439 ], [ -96.19306, 30.99115 ], [ -96.26321, 30.96412 ], [ -96.33799, 30.92053 ], [ -96.3874, 30.86401 ], [ -96.41013, 30.82584 ], [ -96.42339, 30.7927 ], [ -96.45762, 30.74447 ], [ -96.56697, 30.69567 ], [ -96.59577, 30.71507 ], [ -96.59946, 30.72863 ], [ -96.62139, 30.73072 ], [ -96.81743, 30.63178 ], [ -97.00702, 30.53498 ], [ -97.15521, 30.45734 ], [ -97.33445, 30.40284 ], [ -97.36948, 30.41964 ], [ -97.49247, 30.21001 ], [ -97.64936, 30.06794 ], [ -97.65368, 30.07156 ], [ -97.70776, 30.02405 ], [ -97.76132, 29.98731 ], [ -97.79258, 29.94505 ], [ -97.84917, 29.916 ], [ -97.89389, 29.88373 ], [ -97.89866, 29.8571 ], [ -97.876, 29.86055 ], [ -97.84863, 29.84334 ], [ -97.84234, 29.79922 ], [ -97.81713, 29.79038 ], [ -97.80027, 29.7662 ], [ -97.80359, 29.75373 ], [ -97.78161, 29.75971 ], [ -97.75859, 29.72504 ], [ -97.76845, 29.7191 ], [ -97.73836, 29.7129 ], [ -97.74334, 29.69884 ], [ -97.72184, 29.68208 ], [ -97.65324, 29.6678 ], [ -97.65164, 29.65396 ], [ -97.63317, 29.64986 ], [ -97.61749, 29.63355 ], [ -97.59773, 29.63071 ], [ -97.31788, 29.78465 ], [ -97.10501, 29.97718 ], [ -97.02445, 30.05143 ], [ -97.01915, 30.032 ], [ -96.84585, 30.11602 ], [ -96.79454, 30.16054 ], [ -96.74145, 30.19756 ], [ -96.74191, 30.22801 ], [ -96.73164, 30.24388 ], [ -96.70752, 30.24534 ], [ -96.68526, 30.25601 ], [ -96.65789, 30.28777 ], [ -96.63323, 30.29953 ], [ -96.60598, 30.30211 ], [ -96.56791, 30.31323 ], [ -96.56235, 30.32245 ], [ -96.5409, 30.31798 ], [ -96.49603, 30.32435 ], [ -96.49049, 30.33561 ], [ -96.4621, 30.33635 ], [ -96.45513, 30.34453 ], [ -96.42274, 30.34337 ], [ -96.3605, 30.36784 ], [ -96.3409, 30.36781 ], [ -96.31279, 30.3843 ], [ -96.26867, 30.35867 ], [ -96.19953, 30.38291 ], [ -96.19324, 30.39964 ], [ -96.17346, 30.38922 ], [ -96.17656, 30.3761 ], [ -96.14986, 30.36879 ], [ -96.16019, 30.33848 ], [ -96.12047, 30.30568 ], [ -96.09718, 30.31111 ], [ -96.10057, 30.2928 ], [ -96.08588, 30.28898 ], [ -96.09911, 30.25517 ], [ -96.08457, 30.25125 ], [ -96.09316, 30.22518 ], [ -96.08893, 30.22871 ], [ -95.95376, 30.23696 ], [ -95.92327, 30.23728 ], [ -95.8043, 30.24557 ], [ -95.80434, 30.3378 ], [ -95.81747, 30.50021 ], [ -95.83023, 30.63028 ], [ -95.86307, 30.86429 ], [ -95.84316, 30.86186 ], [ -95.78452, 30.8793 ], [ -95.76492, 30.89632 ], [ -95.73338, 30.90005 ], [ -95.7165, 30.9114 ], [ -95.6638, 30.90411 ], [ -95.65449, 30.89323 ], [ -95.62959, 30.90008 ], [ -95.61192, 30.91824 ], [ -95.61786, 30.93041 ] ] ] } },
{ "type": "Feature", "properties": { "fid": 145, "ZoneCode": "482005", "AbrvFull": "TX BRKS", "NameFull": "Texas Brooks", "ZoneNum": 5, "AbrvPart": "BRKS", "NamePart": "Brooks", "ZoneType": "Multizone partial", "StateAbrv": "TX", "StateName": "Texas", "ProjAbrv": "LC1", "ProjType": "Lambert Conformal Conic, one parallel", "LatOrigin": "26°58'N", "LonOriginE": "261°45'E", "LonOriginW": "98°15'W", "Lat0_deg": 26.9666666667, "Lon0_E_deg": 261.75, "Lon0_W_deg": -98.25, "ProjScale": 1.000006, "SkewAz_deg": -9999, "FalseN_m": 304800.0, "FalseE_m": 1676400.0, "FalseN_ift": 1000000.0, "FalseE_ift": 5500000.0, "DesignBy": "State", "Ref_frame": "NATRF2022" }, "geometry": { "type": "Polygon", "coordinates": [ [ [ -98.23245, 27.26248 ], [ -98.52327, 27.26515 ], [ -98.52228, 27.34328 ], [ -98.55244, 27.34376 ], [ -98.55261, 27.3591 ], [ -98.58953, 27.35869 ], [ -98.58947, 27.33823 ], [ -98.62492, 27.33806 ], [ -98.62502, 27.35772 ], [ -98.74937, 27.35667 ], [ -98.79831, 27.35402 ], [ -98.79808, 27.26801 ], [ -99.12539, 27.27078 ], [ -99.3336, 27.27322 ], [ -99.37061, 27.31917 ], [ -99.45378, 27.26505 ], [ -99.44154, 27.24991 ], [ -99.44328, 27.21941 ], [ -99.43258, 27.20969 ], [ -99.42641, 27.17828 ], [ -99.43983, 27.15158 ], [ -99.43066, 27.1253 ], [ -99.44203, 27.10596 ], [ -99.43027, 27.09487 ], [ -99.43446, 27.07851 ], [ -99.45103, 27.06676 ], [ -99.44611, 27.02304 ], [ -99.43017, 27.01054 ], [ -99.41547, 27.01724 ], [ -99.40368, 26.99735 ], [ -99.3773, 26.97381 ], [ -99.39294, 26.9638 ], [ -99.38824, 26.94421 ], [ -99.36704, 26.92903 ], [ -99.33729, 26.92275 ], [ -99.32181, 26.90684 ], [ -99.32889, 26.88022 ], [ -99.31674, 26.86583 ], [ -99.29514, 26.86544 ], [ -99.2686, 26.84321 ], [ -99.2622, 26.81566 ], [ -99.24243, 26.78826 ], [ -99.24001, 26.74585 ], [ -99.2089, 26.72476 ], [ -99.20994, 26.69393 ], [ -99.20023, 26.65582 ], [ -99.17805, 26.62054 ], [ -99.16941, 26.57168 ], [ -99.0111, 26.67502 ], [ -98.95422, 26.78569 ], [ -98.52223, 26.78359 ], [ -98.35119, 26.78325 ], [ -97.98548, 26.78091 ], [ -97.98529, 26.6158 ], [ -97.86168, 26.59799 ], [ -97.76436, 26.59807 ], [ -97.50025, 26.60098 ], [ -97.47429, 26.5998 ], [ -97.22537, 26.60022 ], [ -97.2517, 26.66186 ], [ -97.28272, 26.76342 ], [ -97.30041, 26.83461 ], [ -97.31594, 26.92928 ], [ -97.32321, 27.01025 ], [ -97.31981, 27.11002 ], [ -97.30935, 27.1961 ], [ -97.28833, 27.27758 ], [ -97.42571, 27.27795 ], [ -97.50885, 27.26663 ], [ -97.65049, 27.28348 ], [ -97.72739, 27.26599 ], [ -97.75786, 27.28312 ], [ -97.79392, 27.28044 ], [ -97.81592, 27.27136 ], [ -97.81565, 27.2558 ], [ -97.84133, 27.24395 ], [ -97.85539, 27.25242 ], [ -97.86812, 27.24031 ], [ -97.95189, 27.23324 ], [ -97.95919, 27.21294 ], [ -97.98588, 27.2093 ], [ -97.98607, 27.26049 ], [ -98.23245, 27.26248 ] ] ] } },
{ "type": "Feature", "properties": { "fid": 146, "ZoneCode": "482006", "AbrvFull": "TX BRWN", "NameFull": "Texas Brown", "ZoneNum": 6, "AbrvPart": "BRWN", "NamePart": "Brown", "ZoneType": "Multizone partial", "StateAbrv": "TX", "StateName": "Texas", "ProjAbrv": "OMC", "ProjType": "Hotine Oblique Mercator, center", "LatOrigin": "31°52'N", "LonOriginE": "261°16'E", "LonOriginW": "98°44'W", "Lat0_deg": 31.866666666699999, "Lon0_E_deg": 261.26666666699998, "Lon0_W_deg": -98.733333333299996, "ProjScale": 1.000055, "SkewAz_deg": -10, "FalseN_m": 304800.0, "FalseE_m": 1943100.0, "FalseN_ift": 1000000.0, "FalseE_ift": 6375000.0, "DesignBy": "State", "Ref_frame": "NATRF2022" }, "geometry": { "type": "Polygon", "coordinates": [ [ [ -98.57625, 32.51516 ], [ -99.09604, 32.51476 ], [ -99.11428, 32.51481 ], [ -99.11644, 32.36502 ], [ -99.11865, 32.07958 ], [ -99.19586, 32.07923 ], [ -99.20359, 31.74864 ], [ -99.20276, 31.46723 ], [ -99.18855, 31.47033 ], [ -99.18486, 31.45496 ], [ -99.16211, 31.46784 ], [ -99.11614, 31.46824 ], [ -99.09793, 31.44818 ], [ -99.09061, 31.46092 ], [ -99.09182, 31.25016 ], [ -99.09242, 30.92196 ], [ -98.9646, 30.92136 ], [ -98.96361, 30.75007 ], [ -98.96422, 30.49848 ], [ -98.59166, 30.49987 ], [ -98.41145, 30.50209 ], [ -98.35103, 30.48609 ], [ -98.35197, 30.55839 ], [ -98.37594, 30.57389 ], [ -98.39875, 30.56373 ], [ -98.41183, 30.58818 ], [ -98.40017, 30.59844 ], [ -98.41759, 30.62727 ], [ -98.41858, 30.64592 ], [ -98.43899, 30.67328 ], [ -98.40397, 30.6762 ], [ -98.41395, 30.70439 ], [ -98.3719, 30.74048 ], [ -98.37523, 30.74657 ], [ -98.42662, 30.75152 ], [ -98.42252, 30.77504 ], [ -98.43209, 30.78631 ], [ -98.4139, 30.7943 ], [ -98.40333, 30.81793 ], [ -98.39004, 30.81843 ], [ -98.37687, 30.83489 ], [ -98.40497, 30.84382 ], [ -98.42158, 30.83499 ], [ -98.41934, 30.85912 ], [ -98.45737, 30.87889 ], [ -98.44874, 30.89033 ], [ -98.44575, 30.92143 ], [ -98.42232, 30.92425 ], [ -98.4145, 30.94211 ], [ -98.44709, 30.95175 ], [ -98.45289, 30.96872 ], [ -98.44186, 30.98432 ], [ -98.45923, 31.00774 ], [ -98.43952, 31.02512 ], [ -98.44485, 31.03855 ], [ -98.47577, 31.05335 ], [ -98.48392, 31.06726 ], [ -98.45602, 31.0796 ], [ -98.48199, 31.11918 ], [ -98.50111, 31.11694 ], [ -98.52345, 31.08888 ], [ -98.54832, 31.1242 ], [ -98.52811, 31.13709 ], [ -98.52938, 31.15241 ], [ -98.51033, 31.15566 ], [ -98.54468, 31.17864 ], [ -98.54234, 31.19454 ], [ -98.56964, 31.20326 ], [ -98.56272, 31.23044 ], [ -98.26678, 31.41052 ], [ -98.27106, 31.41639 ], [ -98.41556, 31.61841 ], [ -98.46373, 31.68398 ], [ -98.15656, 31.84171 ], [ -98.20838, 31.91751 ], [ -98.2512, 31.98012 ], [ -98.32749, 31.94126 ], [ -98.39523, 32.03986 ], [ -98.4544, 32.12164 ], [ -98.55115, 32.26143 ], [ -98.47468, 32.29908 ], [ -98.47517, 32.51303 ], [ -98.57625, 32.51516 ] ] ] } },
{ "type": "Feature", "properties": { "fid": 147, "ZoneCode": "482007", "AbrvFull": "TX BURN", "NameFull": "Texas Burnet", "ZoneNum": 7, "AbrvPart": "BURN", "NamePart": "Burnet", "ZoneType": "Multizone partial", "StateAbrv": "TX", "StateName": "Texas", "ProjAbrv": "OMC", "ProjType": "Hotine Oblique Mercator, center", "LatOrigin": "30°43'N", "LonOriginE": "261°48'E", "LonOriginW": "98°12'W", "Lat0_deg": 30.7166666667, "Lon0_E_deg": 261.8, "Lon0_W_deg": -98.2, "ProjScale": 1.000053, "SkewAz_deg": 15, "FalseN_m": 304800.0, "FalseE_m": 2247900.0, "FalseN_ift": 1000000.0, "FalseE_ift": 7375000.0, "DesignBy": "State", "Ref_frame": "NATRF2022" }, "geometry": { "type": "Polygon", "coordinates": [ [ [ -97.82809, 30.90441 ], [ -97.84036, 30.92931 ], [ -97.88571, 31.00039 ], [ -97.91167, 31.03491 ], [ -97.91384, 31.06588 ], [ -97.90709, 31.06937 ], [ -97.94501, 31.12518 ], [ -98.18, 31.46371 ], [ -98.27106, 31.41639 ], [ -98.26678, 31.41052 ], [ -98.56272, 31.23044 ], [ -98.56964, 31.20326 ], [ -98.54234, 31.19454 ], [ -98.54468, 31.17864 ], [ -98.51033, 31.15566 ], [ -98.52938, 31.15241 ], [ -98.52811, 31.13709 ], [ -98.54832, 31.1242 ], [ -98.52345, 31.08888 ], [ -98.50111, 31.11694 ], [ -98.48199, 31.11918 ], [ -98.45602, 31.0796 ], [ -98.48392, 31.06726 ], [ -98.47577, 31.05335 ], [ -98.44485, 31.03855 ], [ -98.43952, 31.02512 ], [ -98.45923, 31.00774 ], [ -98.44186, 30.98432 ], [ -98.45289, 30.96872 ], [ -98.44709, 30.95175 ], [ -98.4145, 30.94211 ], [ -98.42232, 30.92425 ], [ -98.44575, 30.92143 ], [ -98.44874, 30.89033 ], [ -98.45737, 30.87889 ], [ -98.41934, 30.85912 ], [ -98.42158, 30.83499 ], [ -98.40497, 30.84382 ], [ -98.37687, 30.83489 ], [ -98.39004, 30.81843 ], [ -98.40333, 30.81793 ], [ -98.4139, 30.7943 ], [ -98.43209, 30.78631 ], [ -98.42252, 30.77504 ], [ -98.42662, 30.75152 ], [ -98.37523, 30.74657 ], [ -98.3719, 30.74048 ], [ -98.41395, 30.70439 ], [ -98.40397, 30.6762 ], [ -98.43899, 30.67328 ], [ -98.41858, 30.64592 ], [ -98.41759, 30.62727 ], [ -98.40017, 30.59844 ], [ -98.41183, 30.58818 ], [ -98.39875, 30.56373 ], [ -98.37594, 30.57389 ], [ -98.35197, 30.55839 ], [ -98.35103, 30.48609 ], [ -98.41145, 30.50209 ], [ -98.59166, 30.49987 ], [ -98.58785, 30.23498 ], [ -98.58789, 30.13895 ], [ -98.41401, 29.93755 ], [ -98.29759, 30.03799 ], [ -98.17302, 30.35624 ], [ -98.0977, 30.46762 ], [ -98.09777, 30.49805 ], [ -98.12341, 30.48648 ], [ -97.96285, 30.78564 ], [ -97.82809, 30.90441 ] ] ] } },
{ "type": "Feature", "properties": { "fid": 148, "ZoneCode": "482008", "AbrvFull": "TX CALA", "NameFull": "Texas Callahan", "ZoneNum": 8, "AbrvPart": "CALA", "NamePart": "Callahan", "ZoneType": "Multizone partial", "StateAbrv": "TX", "StateName": "Texas", "ProjAbrv": "OMC", "ProjType": "Hotine Oblique Mercator, center", "LatOrigin": "32°09'N", "LonOriginE": "260°42'E", "LonOriginW": "99°18'W", "Lat0_deg": 32.15, "Lon0_E_deg": 260.7, "Lon0_W_deg": -99.3, "ProjScale": 1.000071, "SkewAz_deg": 5, "FalseN_m": 304800.0, "FalseE_m": 2552700.0, "FalseN_ift": 1000000.0, "FalseE_ift": 8375000.0, "DesignBy": "State", "Ref_frame": "NATRF2022" }, "geometry": { "type": "Polygon", "coordinates": [ [ [ -99.09601, 32.95703 ], [ -99.61199, 32.95696 ], [ -99.61202, 32.51465 ], [ -99.62957, 32.51465 ], [ -99.63083, 32.34134 ], [ -99.6314, 32.08127 ], [ -99.71396, 32.08208 ], [ -99.7146, 32.00014 ], [ -99.72205, 31.56276 ], [ -99.70572, 31.57689 ], [ -99.69466, 31.55838 ], [ -99.67341, 31.55529 ], [ -99.69024, 31.53203 ], [ -99.65878, 31.53477 ], [ -99.65255, 31.52746 ], [ -99.67635, 31.49726 ], [ -99.64659, 31.49169 ], [ -99.62621, 31.46752 ], [ -99.60818, 31.4808 ], [ -99.62467, 31.4935 ], [ -99.61428, 31.50156 ], [ -99.60184, 31.49195 ], [ -99.57255, 31.49365 ], [ -99.5372, 31.48361 ], [ -99.51367, 31.42549 ], [ -99.49299, 31.44451 ], [ -99.47054, 31.42198 ], [ -99.46943, 31.43013 ], [ -99.43689, 31.44603 ], [ -99.44948, 31.46993 ], [ -99.44081, 31.475 ], [ -99.41688, 31.46139 ], [ -99.39878, 31.46008 ], [ -99.40227, 31.44619 ], [ -99.3572, 31.43085 ], [ -99.31487, 31.40987 ], [ -99.3026, 31.4325 ], [ -99.23844, 31.48312 ], [ -99.20276, 31.46723 ], [ -99.20359, 31.74864 ], [ -99.19586, 32.07923 ], [ -99.11865, 32.07958 ], [ -99.11644, 32.36502 ], [ -99.11428, 32.51481 ], [ -99.09604, 32.51476 ], [ -99.09601, 32.95703 ] ] ] } },
{ "type": "Feature", "properties": { "fid": 149, "ZoneCode": "482009", "AbrvFull": "TX CHLD", "NameFull": "Texas Childress", "ZoneNum": 9, "AbrvPart": "CHLD", "NamePart": "Childress", "ZoneType": "Multizone partial", "StateAbrv": "TX", "StateName": "Texas", "ProjAbrv": "TM", "ProjType": "Transverse Mercator", "LatOrigin": "31°00'N", "LonOriginE": "259°40'E", "LonOriginW": "100°20'W", "Lat0_deg": 31.0, "Lon0_E_deg": 259.66666666700002, "Lon0_W_deg": -100.333333333, "ProjScale": 1.000088, "SkewAz_deg": -9999, "FalseN_m": 0.0, "FalseE_m": 2857500.0, "FalseN_ift": 0.0, "FalseE_ift": 9375000.0, "DesignBy": "State", "Ref_frame": "NATRF2022" }, "geometry": { "type": "Polygon", "coordinates": [ [ [ -100.00037, 35.1827 ], [ -100.97452, 35.18318 ], [ -101.08627, 35.18213 ], [ -101.09074, 34.74824 ], [ -100.94493, 34.74828 ], [ -100.94612, 34.31275 ], [ -101.04147, 34.31244 ], [ -101.04115, 33.83362 ], [ -100.74159, 33.83507 ], [ -100.37538, 33.83597 ], [ -100.04847, 33.83597 ], [ -100.04702, 34.22977 ], [ -100.03783, 34.23841 ], [ -100.00978, 34.24195 ], [ -99.99761, 34.22435 ], [ -99.99749, 34.56057 ], [ -100.00041, 34.56944 ], [ -100.00037, 35.1827 ] ] ] } },
{ "type": "Feature", "properties": { "fid": 150, "ZoneCode": "482010", "AbrvFull": "TX CRP", "NameFull": "Texas Corpus Christi", "ZoneNum": 10, "AbrvPart": "CRP", "NamePart": "Corpus Christi", "ZoneType": "Multizone partial", "StateAbrv": "TX", "StateName": "Texas", "ProjAbrv": "OMC", "ProjType": "Hotine Oblique Mercator, center", "LatOrigin": "27°42'N", "LonOriginE": "262°25'E", "LonOriginW": "97°35'W", "Lat0_deg": 27.7, "Lon0_E_deg": 262.41666666700002, "Lon0_W_deg": -97.583333333300004, "ProjScale": 0.999986, "SkewAz_deg": 55, "FalseN_m": 304800.0, "FalseE_m": 3162300.0, "FalseN_ift": 1000000.0, "FalseE_ift": 10375000.0, "DesignBy": "State", "Ref_frame": "NATRF2022" }, "geometry": { "type": "Polygon", "coordinates": [ [ [ -96.8159, 28.02283 ], [ -96.85267, 28.06044 ], [ -96.83085, 28.108 ], [ -96.79074, 28.31628 ], [ -96.79499, 28.36468 ], [ -96.77862, 28.40425 ], [ -96.76425, 28.42585 ], [ -96.78939, 28.44717 ], [ -96.81348, 28.43026 ], [ -96.83991, 28.45888 ], [ -96.84839, 28.47607 ], [ -96.86255, 28.47751 ], [ -96.88065, 28.50387 ], [ -96.90171, 28.50963 ], [ -96.91527, 28.48579 ], [ -96.95554, 28.50435 ], [ -96.98214, 28.49963 ], [ -97.01973, 28.52026 ], [ -97.03061, 28.54152 ], [ -97.05138, 28.53703 ], [ -97.04852, 28.54997 ], [ -97.08278, 28.54259 ], [ -97.09083, 28.53457 ], [ -97.10516, 28.5548 ], [ -97.12504, 28.5453 ], [ -97.16155, 28.55271 ], [ -97.3751, 28.38917 ], [ -97.56761, 28.12968 ], [ -97.81771, 28.17684 ], [ -97.90407, 28.11422 ], [ -97.89811, 28.09944 ], [ -97.90876, 28.09186 ], [ -97.90121, 28.06783 ], [ -97.88314, 28.0569 ], [ -98.23549, 28.05796 ], [ -98.23245, 27.26248 ], [ -97.98607, 27.26049 ], [ -97.98588, 27.2093 ], [ -97.95919, 27.21294 ], [ -97.95189, 27.23324 ], [ -97.86812, 27.24031 ], [ -97.85539, 27.25242 ], [ -97.84133, 27.24395 ], [ -97.81565, 27.2558 ], [ -97.81592, 27.27136 ], [ -97.79392, 27.28044 ], [ -97.75786, 27.28312 ], [ -97.72739, 27.26599 ], [ -97.65049, 27.28348 ], [ -97.50885, 27.26663 ], [ -97.42571, 27.27795 ], [ -97.28833, 27.27758 ], [ -97.25025, 27.3923 ], [ -97.19981, 27.50031 ], [ -97.12526, 27.64059 ], [ -97.05021, 27.7503 ], [ -97.02185, 27.78336 ], [ -96.98427, 27.80378 ], [ -96.95949, 27.8753 ], [ -96.87525, 27.96992 ], [ -96.8159, 28.02283 ] ] ] } },
{ "type": "Feature", "properties": { "fid": 151, "ZoneCode": "482011", "AbrvFull": "TX DFW", "NameFull": "Texas Dallas-Fort Worth", "ZoneNum": 11, "AbrvPart": "DFW", "NamePart": "Dallas-Fort Worth", "ZoneType": "Multizone partial", "StateAbrv": "TX", "StateName": "Texas", "ProjAbrv": "OMC", "ProjType": "Hotine Oblique Mercator, center", "LatOrigin": "33°00'N", "LonOriginE": "263°06'E", "LonOriginW": "96°54'W", "Lat0_deg": 33.0, "Lon0_E_deg": 263.1, "Lon0_W_deg": -96.9, "ProjScale": 1.000012, "SkewAz_deg": 6, "FalseN_m": 304800.0, "FalseE_m": 3467100.0, "FalseN_ift": 1000000.0, "FalseE_ift": 11375000.0, "DesignBy": "State", "Ref_frame": "NATRF2022" }, "geometry": { "type": "Polygon", "coordinates": [ [ [ -96.37944, 33.72576 ], [ -96.40821, 33.75054 ], [ -96.43021, 33.77865 ], [ -96.50097, 33.7728 ], [ -96.51657, 33.78827 ], [ -96.51741, 33.80584 ], [ -96.53248, 33.82302 ], [ -96.57314, 33.81918 ], [ -96.62314, 33.84149 ], [ -96.62974, 33.85086 ], [ -96.58535, 33.88894 ], [ -96.59216, 33.89551 ], [ -96.62828, 33.89447 ], [ -96.65989, 33.91666 ], [ -96.67344, 33.91227 ], [ -96.6907, 33.84995 ], [ -96.71372, 33.83132 ], [ -96.76158, 33.8244 ], [ -96.76937, 33.82747 ], [ -96.77958, 33.85793 ], [ -96.79427, 33.86888 ], [ -96.83215, 33.87483 ], [ -96.85058, 33.84721 ], [ -96.883, 33.86801 ], [ -96.89572, 33.89641 ], [ -96.90524, 33.94721 ], [ -96.92426, 33.95915 ], [ -96.9738, 33.93569 ], [ -96.97941, 33.95617 ], [ -96.99624, 33.94266 ], [ -96.98381, 33.89318 ], [ -96.99708, 33.87101 ], [ -97.02143, 33.84637 ], [ -97.04103, 33.83761 ], [ -97.06953, 33.86036 ], [ -97.09011, 33.84396 ], [ -97.05759, 33.8365 ], [ -97.04831, 33.81726 ], [ -97.09264, 33.80419 ], [ -97.08518, 33.76473 ], [ -97.09563, 33.72922 ], [ -97.12357, 33.71704 ], [ -97.15436, 33.72409 ], [ -97.19296, 33.76078 ], [ -97.19039, 33.78115 ], [ -97.20482, 33.7999 ], [ -97.19467, 33.83119 ], [ -97.16681, 33.84039 ], [ -97.18545, 33.90069 ], [ -97.21259, 33.91589 ], [ -97.24504, 33.90321 ], [ -97.25563, 33.8637 ], [ -97.27286, 33.86167 ], [ -97.30762, 33.88801 ], [ -97.31424, 33.86698 ], [ -97.32872, 33.85543 ], [ -97.33187, 33.88448 ], [ -97.35732, 33.83136 ], [ -97.37468, 33.81855 ], [ -97.42679, 33.81864 ], [ -97.44487, 33.82404 ], [ -97.46319, 33.84308 ], [ -97.45217, 33.86895 ], [ -97.45105, 33.89167 ], [ -97.46141, 33.90522 ], [ -97.48415, 33.9155 ], [ -97.48706, 33.43368 ], [ -97.38301, 33.43288 ], [ -97.3907, 33.25011 ], [ -97.39847, 32.99083 ], [ -97.54417, 32.99417 ], [ -97.54749, 32.84042 ], [ -97.55057, 32.55539 ], [ -97.61706, 32.55548 ], [ -97.61508, 32.20349 ], [ -97.58975, 32.19316 ], [ -97.60236, 32.17885 ], [ -97.56768, 32.17501 ], [ -97.56831, 32.15024 ], [ -97.51571, 32.13376 ], [ -97.51178, 32.16193 ], [ -97.4718, 32.17551 ], [ -97.47598, 32.18167 ], [ -97.08703, 32.26682 ], [ -96.94065, 32.05208 ], [ -96.74986, 32.14649 ], [ -96.62526, 32.20658 ], [ -96.3829, 32.32892 ], [ -96.43063, 32.33239 ], [ -96.45099, 32.3444 ], [ -96.45449, 32.36104 ], [ -96.43754, 32.37839 ], [ -96.43451, 32.41143 ], [ -96.47699, 32.43407 ], [ -96.48357, 32.45048 ], [ -96.49735, 32.45307 ], [ -96.4935, 32.46704 ], [ -96.51021, 32.48192 ], [ -96.51244, 32.51333 ], [ -96.50421, 32.52714 ], [ -96.52311, 32.54521 ], [ -96.5194, 32.77742 ], [ -96.517, 32.98286 ], [ -96.29722, 32.98175 ], [ -96.29528, 33.2083 ], [ -96.2954, 33.35193 ], [ -96.38449, 33.34111 ], [ -96.38236, 33.59648 ], [ -96.37944, 33.72576 ] ] ] } },
{ "type": "Feature", "properties": { "fid": 152, "ZoneCode": "482012", "AbrvFull": "TX DEAF", "NameFull": "Texas Deaf Smith", "ZoneNum": 12, "AbrvPart": "DEAF", "NamePart": "Deaf Smith", "ZoneType": "Multizone partial", "StateAbrv": "TX", "StateName": "Texas", "ProjAbrv": "OMC", "ProjType": "Hotine Oblique Mercator, center", "LatOrigin": "35°35'N", "LonOriginE": "257°30'E", "LonOriginW": "102°30'W", "Lat0_deg": 35.583333333299997, "Lon0_E_deg": 257.5, "Lon0_W_deg": -102.5, "ProjScale": 1.000175, "SkewAz_deg": 5, "FalseN_m": 304800.0, "FalseE_m": 3771900.0, "FalseN_ift": 1000000.0, "FalseE_ift": 12375000.0, "DesignBy": "State", "Ref_frame": "NATRF2022" }, "geometry": { "type": "Polygon", "coordinates": [ [ [ -102.16245, 36.50032 ], [ -103.0417, 36.50043 ], [ -103.04085, 35.95727 ], [ -103.04251, 35.21432 ], [ -103.04297, 34.74736 ], [ -102.62548, 34.7473 ], [ -102.37089, 34.74602 ], [ -102.16883, 34.74741 ], [ -102.16759, 34.87505 ], [ -102.16768, 35.16053 ], [ -102.16271, 35.62315 ], [ -102.16306, 36.31358 ], [ -102.16245, 36.50032 ] ] ] } },
{ "type": "Feature", "properties": { "fid": 153, "ZoneCode": "482013", "AbrvFull": "TX DKNS", "NameFull": "Texas Dickens", "ZoneNum": 13, "AbrvPart": "DKNS", "NamePart": "Dickens", "ZoneType": "Multizone partial", "StateAbrv": "TX", "StateName": "Texas", "ProjAbrv": "TM", "ProjType": "Transverse Mercator", "LatOrigin": "33°21'N", "LonOriginE": "259°38'E", "LonOriginW": "100°22'W", "Lat0_deg": 33.35, "Lon0_E_deg": 259.633333333, "Lon0_W_deg": -100.366666667, "ProjScale": 1.000077, "SkewAz_deg": -9999, "FalseN_m": 304800.0, "FalseE_m": 4076700.0, "FalseN_ift": 1000000.0, "FalseE_ift": 13375000.0, "DesignBy": "State", "Ref_frame": "NATRF2022" }, "geometry": { "type": "Polygon", "coordinates": [ [ [ -100.04847, 33.83597 ], [ -100.37538, 33.83597 ], [ -100.74159, 33.83507 ], [ -101.04115, 33.83362 ], [ -101.03884, 33.50008 ], [ -101.03878, 33.39721 ], [ -101.03865, 32.97022 ], [ -100.99017, 32.96502 ], [ -100.49882, 32.96303 ], [ -100.14421, 32.95997 ], [ -99.98882, 32.96012 ], [ -99.98941, 33.25009 ], [ -99.99642, 33.83596 ], [ -100.04847, 33.83597 ] ] ] } },
{ "type": "Feature", "properties": { "fid": 154, "ZoneCode": "482014", "AbrvFull": "TX ELP", "NameFull": "Texas El Paso", "ZoneNum": 14, "AbrvPart": "ELP", "NamePart": "El Paso", "ZoneType": "Multizone partial", "StateAbrv": "TX", "StateName": "Texas", "ProjAbrv": "OMC", "ProjType": "Hotine Oblique Mercator, center", "LatOrigin": "31°46'N", "LonOriginE": "253°42'E", "LonOriginW": "106°18'W", "Lat0_deg": 31.766666666700001, "Lon0_E_deg": 253.7, "Lon0_W_deg": -106.3, "ProjScale": 1.000184, "SkewAz_deg": -45, "FalseN_m": 304800.0, "FalseE_m": 4381500.0, "FalseN_ift": 1000000.0, "FalseE_ift": 14375000.0, "DesignBy": "State", "Ref_frame": "NATRF2022" }, "geometry": { "type": "Polygon", "coordinates": [ [ [ -106.37716, 32.0015 ], [ -106.61847, 32.00049 ], [ -106.63952, 31.98034 ], [ -106.61956, 31.97157 ], [ -106.62211, 31.93662 ], [ -106.62973, 31.92656 ], [ -106.61285, 31.92037 ], [ -106.64005, 31.90527 ], [ -106.63067, 31.8864 ], [ -106.63591, 31.86623 ], [ -106.61478, 31.84641 ], [ -106.60168, 31.84437 ], [ -106.60529, 31.82772 ], [ -106.57723, 31.8104 ], [ -106.54713, 31.80729 ], [ -106.52804, 31.78389 ], [ -106.49054, 31.74892 ], [ -106.4732, 31.75049 ], [ -106.45142, 31.76442 ], [ -106.41728, 31.75159 ], [ -106.38106, 31.73208 ], [ -106.37402, 31.71484 ], [ -106.34955, 31.69671 ], [ -106.33471, 31.6641 ], [ -106.30793, 31.62951 ], [ -106.28013, 31.56146 ], [ -106.24484, 31.53796 ], [ -106.21961, 31.48156 ], [ -106.20011, 31.46241 ], [ -106.17238, 31.45307 ], [ -106.13228, 31.42508 ], [ -106.1101, 31.42301 ], [ -106.0753, 31.39761 ], [ -106.00691, 31.39282 ], [ -105.99723, 31.38715 ], [ -105.95854, 31.42346 ], [ -105.95925, 31.47841 ], [ -105.99324, 31.47839 ], [ -105.998, 32.00237 ], [ -106.37716, 32.0015 ] ] ] } },
{ "type": "Feature", "properties": { "fid": 155, "ZoneCode": "482015", "AbrvFull": "TX FALL", "NameFull": "Texas Falls", "ZoneNum": 15, "AbrvPart": "FALL", "NamePart": "Falls", "ZoneType": "Multizone partial", "StateAbrv": "TX", "StateName": "Texas", "ProjAbrv": "OMC", "ProjType": "Hotine Oblique Mercator, center", "LatOrigin": "31°19'N", "LonOriginE": "263°37'E", "LonOriginW": "96°23'W", "Lat0_deg": 31.316666666700002, "Lon0_E_deg": 263.616666667, "Lon0_W_deg": -96.383333333300001, "ProjScale": 1.0, "SkewAz_deg": 50, "FalseN_m": 304800.0, "FalseE_m": 4724400.0, "FalseN_ift": 1000000.0, "FalseE_ift": 15500000.0, "DesignBy": "State", "Ref_frame": "NATRF2022" }, "geometry": { "type": "Polygon", "coordinates": [ [ [ -96.05278, 32.00589 ], [ -96.05477, 32.01252 ], [ -96.33569, 31.87596 ], [ -96.4967, 31.79619 ], [ -96.7191, 31.81488 ], [ -96.93221, 31.70888 ], [ -96.80111, 31.52226 ], [ -96.97875, 31.43046 ], [ -97.2781, 31.27979 ], [ -97.07005, 30.98603 ], [ -97.2503, 30.89511 ], [ -97.25895, 30.88957 ], [ -97.31548, 30.75236 ], [ -97.26994, 30.73536 ], [ -97.15521, 30.45734 ], [ -97.00702, 30.53498 ], [ -96.81743, 30.63178 ], [ -96.62139, 30.73072 ], [ -96.59946, 30.72863 ], [ -96.59577, 30.71507 ], [ -96.56697, 30.69567 ], [ -96.45762, 30.74447 ], [ -96.42339, 30.7927 ], [ -96.41013, 30.82584 ], [ -96.3874, 30.86401 ], [ -96.33799, 30.92053 ], [ -96.26321, 30.96412 ], [ -96.19306, 30.99115 ], [ -96.17091, 30.99439 ], [ -96.07745, 31.04792 ], [ -96.0489, 31.06813 ], [ -96.00806, 31.07311 ], [ -95.97383, 31.09214 ], [ -95.7644, 31.09421 ], [ -95.77557, 31.13609 ], [ -95.75739, 31.14157 ], [ -95.7494, 31.15523 ], [ -95.72869, 31.16406 ], [ -95.74543, 31.18189 ], [ -95.74793, 31.2083 ], [ -95.72791, 31.22465 ], [ -95.72522, 31.27108 ], [ -95.69074, 31.29738 ], [ -95.67102, 31.29623 ], [ -95.67178, 31.31602 ], [ -95.65719, 31.31799 ], [ -95.66206, 31.357 ], [ -95.69173, 31.37493 ], [ -95.69831, 31.40633 ], [ -95.71167, 31.42359 ], [ -95.71108, 31.45413 ], [ -95.72555, 31.4623 ], [ -95.74683, 31.45816 ], [ -95.72949, 31.48918 ], [ -95.74184, 31.48654 ], [ -95.73702, 31.51853 ], [ -95.7587, 31.53321 ], [ -95.75106, 31.55196 ], [ -95.7185, 31.55365 ], [ -95.72929, 31.5829 ], [ -95.7101, 31.61558 ], [ -95.73567, 31.65382 ], [ -95.75726, 31.64354 ], [ -95.74866, 31.6177 ], [ -95.76722, 31.59758 ], [ -95.79563, 31.62892 ], [ -95.79407, 31.6603 ], [ -95.77973, 31.68393 ], [ -95.81055, 31.67346 ], [ -95.83531, 31.69559 ], [ -95.86125, 31.68745 ], [ -95.88043, 31.70334 ], [ -95.86713, 31.71818 ], [ -95.87593, 31.7555 ], [ -95.90391, 31.76739 ], [ -95.92423, 31.76584 ], [ -95.95301, 31.77628 ], [ -95.96306, 31.78942 ], [ -95.98056, 31.78456 ], [ -95.97322, 31.81913 ], [ -95.99453, 31.84335 ], [ -95.97028, 31.87718 ], [ -95.99412, 31.86625 ], [ -96.0079, 31.88113 ], [ -96.02761, 31.87787 ], [ -96.01946, 31.90377 ], [ -96.00139, 31.90816 ], [ -96.02248, 31.95754 ], [ -96.05468, 31.94822 ], [ -96.04643, 31.97018 ], [ -96.06485, 31.98094 ], [ -96.05278, 32.00589 ] ] ] } },
{ "type": "Feature", "properties": { "fid": 156, "ZoneCode": "482016", "AbrvFull": "TX FRIO", "NameFull": "Texas Frio", "ZoneNum": 16, "AbrvPart": "FRIO", "NamePart": "Frio", "ZoneType": "Multizone partial", "StateAbrv": "TX", "StateName": "Texas", "ProjAbrv": "TM", "ProjType": "Transverse Mercator", "LatOrigin": "25°15'N", "LonOriginE": "260°56'E", "LonOriginW": "99°04'W", "Lat0_deg": 25.25, "Lon0_E_deg": 260.93333333300001, "Lon0_W_deg": -99.066666666700002, "ProjScale": 1.000018, "SkewAz_deg": -9999, "FalseN_m": 0.0, "FalseE_m": 4991100.0, "FalseN_ift": 0.0, "FalseE_ift": 16375000.0, "DesignBy": "State", "Ref_frame": "NATRF2022" }, "geometry": { "type": "Polygon", "coordinates": [ [ [ -98.80489, 29.09043 ], [ -98.98072, 29.09115 ], [ -99.41387, 29.09133 ], [ -99.41108, 28.75025 ], [ -99.40901, 28.64056 ], [ -99.39573, 28.64078 ], [ -99.39667, 28.50026 ], [ -99.3944, 28.34979 ], [ -99.39566, 28.25227 ], [ -99.39417, 28.20462 ], [ -99.38894, 28.03041 ], [ -99.10207, 28.04373 ], [ -99.00029, 28.05051 ], [ -98.80332, 28.05748 ], [ -98.80005, 28.20087 ], [ -98.8012, 28.25027 ], [ -98.80083, 28.64748 ], [ -98.80479, 29.02458 ], [ -98.80489, 29.09043 ] ] ] } },
{ "type": "Feature", "properties": { "fid": 157, "ZoneCode": "482017", "AbrvFull": "TX GAAD", "NameFull": "Texas Gaines-Andrews", "ZoneNum": 17, "AbrvPart": "GAAD", "NamePart": "Gaines-Andrews", "ZoneType": "Multizone partial", "StateAbrv": "TX", "StateName": "Texas", "ProjAbrv": "TM", "ProjType": "Transverse Mercator", "LatOrigin": "29°15'N", "LonOriginE": "257°25'E", "LonOriginW": "102°35'W", "Lat0_deg": 29.25, "Lon0_E_deg": 257.41666666700002, "Lon0_W_deg": -102.583333333, "ProjScale": 1.00014, "SkewAz_deg": -9999, "FalseN_m": 0.0, "FalseE_m": 5295900.0, "FalseN_ift": 0.0, "FalseE_ift": 17375000.0, "DesignBy": "State", "Ref_frame": "NATRF2022" }, "geometry": { "type": "Polygon", "coordinates": [ [ [ -102.20851, 32.95895 ], [ -102.382, 32.95861 ], [ -103.06468, 32.95909 ], [ -103.06451, 32.08705 ], [ -102.80155, 32.08715 ], [ -102.79908, 32.08579 ], [ -102.56964, 32.08705 ], [ -102.21124, 32.0868 ], [ -102.21103, 32.52324 ], [ -102.20269, 32.52327 ], [ -102.2062, 32.84306 ], [ -102.20851, 32.95895 ] ] ] } },
{ "type": "Feature", "properties": { "fid": 158, "ZoneCode": "482018", "AbrvFull": "TX GRAY", "NameFull": "Texas Gray", "ZoneNum": 18, "AbrvPart": "GRAY", "NamePart": "Gray", "ZoneType": "Multizone partial", "StateAbrv": "TX", "StateName": "Texas", "ProjAbrv": "TM", "ProjType": "Transverse Mercator", "LatOrigin": "32°30'N", "LonOriginE": "259°36'E", "LonOriginW": "100°24'W", "Lat0_deg": 32.5, "Lon0_E_deg": 259.6, "Lon0_W_deg": -100.4, "ProjScale": 1.000111, "SkewAz_deg": -9999, "FalseN_m": 0.0, "FalseE_m": 5600700.0, "FalseN_ift": 0.0, "FalseE_ift": 18375000.0, "DesignBy": "State", "Ref_frame": "NATRF2022" }, "geometry": { "type": "Polygon", "coordinates": [ [ [ -100.00037, 35.1827 ], [ -100.0004, 36.4997 ], [ -100.2767, 36.49988 ], [ -100.49519, 36.49928 ], [ -100.97382, 36.49989 ], [ -101.08514, 36.49924 ], [ -101.08611, 35.87001 ], [ -101.08588, 35.59893 ], [ -101.08627, 35.18213 ], [ -100.97452, 35.18318 ], [ -100.00037, 35.1827 ] ] ] } },
{ "type": "Feature", "properties": { "fid": 159, "ZoneCode": "482019", "AbrvFull": "TX GREG", "NameFull": "Texas Gregg", "ZoneNum": 19, "AbrvPart": "GREG", "NamePart": "Gregg", "ZoneType": "Multizone partial", "StateAbrv": "TX", "StateName": "Texas", "ProjAbrv": "TM", "ProjType": "Transverse Mercator", "LatOrigin": "28°45'N", "LonOriginE": "265°36'E", "LonOriginW": "94°24'W", "Lat0_deg": 28.75, "Lon0_E_deg": 265.6, "Lon0_W_deg": -94.4, "ProjScale": 0.999997, "SkewAz_deg": -9999, "FalseN_m": 0.0, "FalseE_m": 5905500.0, "FalseN_ift": 0.0, "FalseE_ift": 19375000.0, "DesignBy": "State", "Ref_frame": "NATRF2022" }, "geometry": { "type": "Polygon", "coordinates": [ [ [ -93.83491, 31.58621 ], [ -93.83805, 31.60679 ], [ -93.81871, 31.61455 ], [ -93.82171, 31.67395 ], [ -93.80687, 31.68157 ], [ -93.79454, 31.70207 ], [ -93.81691, 31.70876 ], [ -93.81547, 31.72977 ], [ -93.83688, 31.75017 ], [ -93.82259, 31.77355 ], [ -93.83768, 31.78081 ], [ -93.83933, 31.80032 ], [ -93.87483, 31.82231 ], [ -93.87295, 31.83598 ], [ -93.88918, 31.85681 ], [ -93.88189, 31.86483 ], [ -93.90062, 31.87386 ], [ -93.90061, 31.89678 ], [ -93.92208, 31.886 ], [ -93.93213, 31.89367 ], [ -93.92989, 31.91271 ], [ -93.95354, 31.91056 ], [ -93.97082, 31.91996 ], [ -93.98231, 31.93976 ], [ -94.01651, 31.98117 ], [ -94.01851, 31.99243 ], [ -94.04271, 31.99927 ], [ -94.04318, 32.79711 ], [ -94.04288, 33.16128 ], [ -94.0433, 33.55158 ], [ -94.07303, 33.57219 ], [ -94.09624, 33.57398 ], [ -94.12066, 33.56698 ], [ -94.13082, 33.55204 ], [ -94.16247, 33.58893 ], [ -94.1844, 33.59438 ], [ -94.1954, 33.58183 ], [ -94.19544, 33.55516 ], [ -94.20854, 33.56656 ], [ -94.22375, 33.55348 ], [ -94.25129, 33.55771 ], [ -94.23821, 33.57716 ], [ -94.24446, 33.58949 ], [ -94.26344, 33.57662 ], [ -94.27423, 33.55875 ], [ -94.29045, 33.55834 ], [ -94.28273, 33.58128 ], [ -94.3016, 33.5721 ], [ -94.30929, 33.55174 ], [ -94.33226, 33.55373 ], [ -94.33849, 33.56727 ], [ -94.35276, 33.56089 ], [ -94.35651, 33.54298 ], [ -94.38678, 33.54512 ], [ -94.40058, 33.55679 ], [ -94.37891, 33.57016 ], [ -94.38284, 33.58334 ], [ -94.41244, 33.56901 ], [ -94.42802, 33.59003 ], [ -94.45347, 33.59196 ], [ -94.46905, 33.60764 ], [ -94.45397, 33.61576 ], [ -94.46274, 33.63079 ], [ -94.44677, 33.64017 ], [ -94.49166, 33.63645 ], [ -94.50565, 33.62066 ], [ -94.51746, 33.63305 ], [ -94.52035, 33.61745 ], [ -94.5348, 33.62133 ], [ -94.51852, 33.63756 ], [ -94.52812, 33.64124 ], [ -94.56407, 33.62626 ], [ -94.56855, 33.63691 ], [ -94.54543, 33.64622 ], [ -94.54963, 33.66067 ], [ -94.58004, 33.64449 ], [ -94.59082, 33.64556 ], [ -94.56119, 33.6685 ], [ -94.58077, 33.66639 ], [ -94.58792, 33.68625 ], [ -94.60115, 33.66276 ], [ -94.62683, 33.68203 ], [ -94.63919, 33.66373 ], [ -94.66864, 33.66384 ], [ -94.64533, 33.67364 ], [ -94.66784, 33.6946 ], [ -94.68479, 33.68435 ], [ -94.71833, 33.68866 ], [ -94.70601, 33.70629 ], [ -94.71962, 33.70392 ], [ -94.71952, 33.68885 ], [ -94.74609, 33.70301 ], [ -94.74692, 33.32893 ], [ -94.7303, 33.30881 ], [ -94.69182, 33.3124 ], [ -94.6863, 33.29277 ], [ -94.67234, 33.28972 ], [ -94.65225, 33.26886 ], [ -94.65399, 33.06126 ], [ -94.65399, 32.8795 ], [ -94.70575, 32.87916 ], [ -94.69765, 32.84308 ], [ -94.67234, 32.83475 ], [ -94.70213, 32.82051 ], [ -94.70178, 32.65227 ], [ -94.72791, 32.65541 ], [ -94.74613, 32.66753 ], [ -94.75849, 32.65979 ], [ -94.82021, 32.59064 ], [ -94.97479, 32.53593 ], [ -94.98693, 32.53724 ], [ -94.98503, 32.09633 ], [ -94.98503, 31.84619 ], [ -94.93752, 31.84555 ], [ -94.9359, 31.83148 ], [ -94.95542, 31.79636 ], [ -94.97813, 31.79351 ], [ -94.95135, 31.76913 ], [ -94.93862, 31.77222 ], [ -94.93166, 31.7545 ], [ -94.96731, 31.75393 ], [ -94.97275, 31.73763 ], [ -94.95834, 31.72409 ], [ -94.96594, 31.69775 ], [ -94.94856, 31.65741 ], [ -94.95196, 31.64135 ], [ -94.93346, 31.62181 ], [ -94.92421, 31.57948 ], [ -94.9123, 31.56902 ], [ -94.89224, 31.57808 ], [ -94.89719, 31.55281 ], [ -94.88396, 31.52969 ], [ -94.86585, 31.52691 ], [ -94.85306, 31.50847 ], [ -94.84003, 31.50772 ], [ -94.82286, 31.48397 ], [ -94.80428, 31.4904 ], [ -94.72867, 31.45722 ], [ -94.68634, 31.45081 ], [ -94.66284, 31.45879 ], [ -94.62899, 31.44025 ], [ -94.58433, 31.44424 ], [ -94.58144, 31.43318 ], [ -94.55483, 31.43512 ], [ -94.53705, 31.3986 ], [ -94.50218, 31.41052 ], [ -94.48714, 31.39078 ], [ -94.46978, 31.38397 ], [ -94.47078, 31.37232 ], [ -94.44941, 31.32133 ], [ -94.39601, 31.30235 ], [ -94.38302, 31.2741 ], [ -94.33535, 31.22956 ], [ -94.33963, 31.26327 ], [ -94.31592, 31.3045 ], [ -94.32221, 31.32357 ], [ -94.31343, 31.33752 ], [ -94.33118, 31.36296 ], [ -94.32693, 31.39999 ], [ -94.31278, 31.40432 ], [ -94.30493, 31.42182 ], [ -94.32092, 31.44494 ], [ -94.31191, 31.46886 ], [ -94.31883, 31.48165 ], [ -94.30552, 31.4966 ], [ -94.30061, 31.52645 ], [ -94.31339, 31.57554 ], [ -94.31087, 31.58919 ], [ -94.35035, 31.60698 ], [ -94.37367, 31.63552 ], [ -94.39407, 31.63831 ], [ -94.39908, 31.65359 ], [ -94.09071, 31.6206 ], [ -93.98445, 31.56941 ], [ -93.96964, 31.57237 ], [ -93.89653, 31.61183 ], [ -93.88525, 31.60142 ], [ -93.83491, 31.58621 ] ] ] } },
{ "type": "Feature", "properties": { "fid": 160, "ZoneCode": "482020", "AbrvFull": "TX HARR", "NameFull": "Texas Harris", "ZoneNum": 20, "AbrvPart": "HARR", "NamePart": "Harris", "ZoneType": "Multizone partial", "StateAbrv": "TX", "StateName": "Texas", "ProjAbrv": "OMC", "ProjType": "Hotine Oblique Mercator, center", "LatOrigin": "29°34'N", "LonOriginE": "264°36'E", "LonOriginW": "95°24'W", "Lat0_deg": 29.566666666700002, "Lon0_E_deg": 264.6, "Lon0_W_deg": -95.4, "ProjScale": 0.99999, "SkewAz_deg": -20, "FalseN_m": 304800.0, "FalseE_m": 6210300.0, "FalseN_ift": 1000000.0, "FalseE_ift": 20375000.0, "DesignBy": "State", "Ref_frame": "NATRF2022" }, "geometry": { "type": "Polygon", "coordinates": [ [ [ -94.6243, 29.33487 ], [ -94.79493, 29.35439 ], [ -94.8811, 29.51273 ], [ -94.90984, 29.49644 ], [ -94.97805, 29.51167 ], [ -95.00309, 29.52605 ], [ -95.0182, 29.55459 ], [ -95.00607, 29.57706 ], [ -94.9826, 29.60177 ], [ -95.01503, 29.63195 ], [ -95.00163, 29.66438 ], [ -94.96857, 29.68254 ], [ -94.93259, 29.67511 ], [ -94.91557, 29.69818 ], [ -94.9299, 29.69737 ], [ -94.93256, 29.71434 ], [ -94.94539, 29.71623 ], [ -94.92829, 29.73875 ], [ -94.92982, 29.75 ], [ -94.9138, 29.7663 ], [ -94.92383, 29.79472 ], [ -94.90921, 29.81362 ], [ -94.91286, 29.82945 ], [ -94.93459, 29.83429 ], [ -94.95308, 29.8553 ], [ -94.97704, 29.86806 ], [ -94.98791, 29.90473 ], [ -94.99865, 29.91977 ], [ -94.98536, 29.97227 ], [ -94.9998, 29.99143 ], [ -95.03117, 29.99332 ], [ -95.10018, 30.1768 ], [ -95.16589, 30.34497 ], [ -95.22576, 30.31944 ], [ -95.22061, 30.33739 ], [ -95.2038, 30.35209 ], [ -95.21798, 30.35624 ], [ -95.23554, 30.37862 ], [ -95.2607, 30.38344 ], [ -95.30839, 30.40574 ], [ -95.32952, 30.43319 ], [ -95.3507, 30.47605 ], [ -95.36186, 30.50891 ], [ -95.59896, 30.509 ], [ -95.83023, 30.63028 ], [ -95.81747, 30.50021 ], [ -95.80434, 30.3378 ], [ -95.8043, 30.24557 ], [ -95.92327, 30.23728 ], [ -95.95376, 30.23696 ], [ -96.08893, 30.22871 ], [ -96.09316, 30.22518 ], [ -96.09893, 30.21452 ], [ -96.11369, 30.2272 ], [ -96.12822, 30.2116 ], [ -96.14507, 30.21856 ], [ -96.159, 30.20661 ], [ -96.15486, 30.14137 ], [ -96.17628, 30.15482 ], [ -96.17193, 30.14116 ], [ -96.19141, 30.13466 ], [ -96.17281, 30.09934 ], [ -96.16026, 30.10806 ], [ -96.15841, 30.0917 ], [ -96.14062, 30.05822 ], [ -96.1172, 30.05012 ], [ -96.11321, 30.02699 ], [ -96.0947, 30.02538 ], [ -96.08453, 30.00513 ], [ -96.10451, 29.99637 ], [ -96.09569, 29.97813 ], [ -96.10525, 29.95917 ], [ -96.12274, 29.96854 ], [ -96.11945, 29.95501 ], [ -96.13164, 29.9375 ], [ -96.11335, 29.91556 ], [ -96.12626, 29.89885 ], [ -96.0958, 29.87667 ], [ -96.11222, 29.87255 ], [ -96.10165, 29.85396 ], [ -96.1213, 29.84196 ], [ -96.10249, 29.80966 ], [ -96.04923, 29.80318 ], [ -96.02959, 29.75466 ], [ -96.03968, 29.73972 ], [ -96.03238, 29.71747 ], [ -96.0116, 29.71984 ], [ -96.00757, 29.70293 ], [ -96.02263, 29.70501 ], [ -96.01663, 29.68006 ], [ -96.03215, 29.68852 ], [ -96.05721, 29.68194 ], [ -96.04383, 29.66579 ], [ -96.02966, 29.67522 ], [ -96.01603, 29.66371 ], [ -96.03184, 29.65556 ], [ -96.01753, 29.64546 ], [ -96.02484, 29.60287 ], [ -96.0889, 29.60165 ], [ -96.05955, 29.58851 ], [ -96.05999, 29.56866 ], [ -96.04459, 29.56223 ], [ -96.04166, 29.54026 ], [ -96.05514, 29.53986 ], [ -96.05391, 29.512 ], [ -96.02424, 29.50691 ], [ -96.02607, 29.49533 ], [ -96.05967, 29.49186 ], [ -96.06067, 29.47647 ], [ -96.03276, 29.45413 ], [ -96.03658, 29.44569 ], [ -96.00384, 29.42886 ], [ -95.99293, 29.43362 ], [ -95.98205, 29.41076 ], [ -95.97342, 29.41144 ], [ -95.9684, 29.38344 ], [ -95.94729, 29.37251 ], [ -95.9395, 29.35253 ], [ -95.95337, 29.34507 ], [ -95.9468, 29.33343 ], [ -95.923, 29.32927 ], [ -95.89446, 29.31498 ], [ -95.89753, 29.29928 ], [ -95.87959, 29.26676 ], [ -95.85693, 29.26797 ], [ -95.84194, 29.2587 ], [ -95.87402, 29.2297 ], [ -95.84466, 29.20467 ], [ -95.8578, 29.19331 ], [ -95.83836, 29.17656 ], [ -95.85069, 29.15187 ], [ -95.83753, 29.12991 ], [ -95.8463, 29.10779 ], [ -95.82903, 29.08892 ], [ -95.80579, 29.09041 ], [ -95.79366, 29.07248 ], [ -95.77044, 29.06621 ], [ -95.76754, 29.05324 ], [ -95.78544, 29.03895 ], [ -95.77833, 28.99705 ], [ -95.76716, 28.98871 ], [ -95.76493, 28.96735 ], [ -95.70545, 28.96861 ], [ -95.67954, 28.96573 ], [ -95.64581, 28.93888 ], [ -95.65189, 28.92568 ], [ -95.64166, 28.90374 ], [ -95.57923, 28.85961 ], [ -95.57901, 28.83962 ], [ -95.5677, 28.82975 ], [ -95.53046, 28.82909 ], [ -95.504, 28.83751 ], [ -95.50708, 28.825 ], [ -95.49564, 28.76483 ], [ -95.42006, 28.80562 ], [ -95.40169, 28.80591 ], [ -95.35346, 28.81786 ], [ -95.3221, 28.83444 ], [ -95.30811, 28.85883 ], [ -95.22722, 28.91037 ], [ -95.1805, 28.94924 ], [ -95.13946, 28.99169 ], [ -95.10544, 29.01604 ], [ -95.09433, 29.03224 ], [ -95.08639, 29.06824 ], [ -95.00019, 29.10445 ], [ -94.91212, 29.15931 ], [ -94.84014, 29.19834 ], [ -94.77268, 29.23171 ], [ -94.7133, 29.28252 ], [ -94.6923, 29.27705 ], [ -94.66621, 29.28104 ], [ -94.64241, 29.30013 ], [ -94.6243, 29.33487 ] ] ] } },
{ "type": "Feature", "properties": { "fid": 161, "ZoneCode": "482021", "AbrvFull": "TX HOCK", "NameFull": "Texas Hockley", "ZoneNum": 21, "AbrvPart": "HOCK", "NamePart": "Hockley", "ZoneType": "Multizone partial", "StateAbrv": "TX", "StateName": "Texas", "ProjAbrv": "TM", "ProjType": "Transverse Mercator", "LatOrigin": "30°15'N", "LonOriginE": "257°35'E", "LonOriginW": "102°25'W", "Lat0_deg": 30.25, "Lon0_E_deg": 257.58333333299998, "Lon0_W_deg": -102.416666667, "ProjScale": 1.000162, "SkewAz_deg": -9999, "FalseN_m": 0.0, "FalseE_m": 6515100.0, "FalseN_ift": 0.0, "FalseE_ift": 21375000.0, "DesignBy": "State", "Ref_frame": "NATRF2022" }, "geometry": { "type": "Polygon", "coordinates": [ [ [ -102.07592, 33.38958 ], [ -102.0856, 33.81974 ], [ -102.0904, 34.31313 ], [ -101.99801, 34.31303 ], [ -101.99848, 34.74818 ], [ -102.16883, 34.74741 ], [ -102.37089, 34.74602 ], [ -102.62548, 34.7473 ], [ -103.04297, 34.74736 ], [ -103.04386, 34.22126 ], [ -103.04364, 34.00363 ], [ -103.06461, 32.99989 ], [ -103.06468, 32.95909 ], [ -102.382, 32.95861 ], [ -102.20851, 32.95895 ], [ -102.0762, 32.9597 ], [ -102.07537, 33.00009 ], [ -102.07592, 33.38958 ] ] ] } },
{ "type": "Feature", "properties": { "fid": 162, "ZoneCode": "482022", "AbrvFull": "TX HWRD", "NameFull": "Texas Howard", "ZoneNum": 22, "AbrvPart": "HWRD", "NamePart": "Howard", "ZoneType": "Multizone partial", "StateAbrv": "TX", "StateName": "Texas", "ProjAbrv": "OMC", "ProjType": "Hotine Oblique Mercator, center", "LatOrigin": "32°43'N", "LonOriginE": "258°30'E", "LonOriginW": "101°30'W", "Lat0_deg": 32.7166666667, "Lon0_E_deg": 258.5, "Lon0_W_deg": -101.5, "ProjScale": 1.000114, "SkewAz_deg": 17, "FalseN_m": 304800.0, "FalseE_m": 6819900.0, "FalseN_ift": 1000000.0, "FalseE_ift": 22375000.0, "DesignBy": "State", "Ref_frame": "NATRF2022" }, "geometry": { "type": "Polygon", "coordinates": [ [ [ -101.03878, 33.39721 ], [ -101.36789, 33.39646 ], [ -101.62542, 33.39465 ], [ -102.07592, 33.38958 ], [ -102.07537, 33.00009 ], [ -102.0762, 32.9597 ], [ -102.20851, 32.95895 ], [ -102.2062, 32.84306 ], [ -102.20269, 32.52327 ], [ -102.21103, 32.52324 ], [ -102.21124, 32.0868 ], [ -101.26421, 32.08713 ], [ -101.18399, 32.0872 ], [ -101.1746, 32.49525 ], [ -101.17337, 32.96359 ], [ -101.03865, 32.97022 ], [ -101.03878, 33.39721 ] ] ] } },
{ "type": "Feature", "properties": { "fid": 163, "ZoneCode": "482023", "AbrvFull": "TX JEFF", "NameFull": "Texas Jefferson", "ZoneNum": 23, "AbrvPart": "JEFF", "NamePart": "Jefferson", "ZoneType": "Multizone partial", "StateAbrv": "TX", "StateName": "Texas", "ProjAbrv": "OMC", "ProjType": "Hotine Oblique Mercator, center", "LatOrigin": "30°45'N", "LonOriginE": "265°51'E", "LonOriginW": "94°09'W", "Lat0_deg": 30.75, "Lon0_E_deg": 265.85, "Lon0_W_deg": -94.15, "ProjScale": 0.99999, "SkewAz_deg": -11, "FalseN_m": 304800.0, "FalseE_m": 7124700.0, "FalseN_ift": 1000000.0, "FalseE_ift": 23375000.0, "DesignBy": "State", "Ref_frame": "NATRF2022" }, "geometry": { "type": "Polygon", "coordinates": [ [ [ -93.83491, 31.58621 ], [ -93.88525, 31.60142 ], [ -93.89653, 31.61183 ], [ -93.96964, 31.57237 ], [ -93.98445, 31.56941 ], [ -94.09071, 31.6206 ], [ -94.39908, 31.65359 ], [ -94.39407, 31.63831 ], [ -94.37367, 31.63552 ], [ -94.35035, 31.60698 ], [ -94.31087, 31.58919 ], [ -94.31339, 31.57554 ], [ -94.30061, 31.52645 ], [ -94.30552, 31.4966 ], [ -94.31883, 31.48165 ], [ -94.31191, 31.46886 ], [ -94.32092, 31.44494 ], [ -94.30493, 31.42182 ], [ -94.31278, 31.40432 ], [ -94.32693, 31.39999 ], [ -94.33118, 31.36296 ], [ -94.31343, 31.33752 ], [ -94.32221, 31.32357 ], [ -94.31592, 31.3045 ], [ -94.33963, 31.26327 ], [ -94.33535, 31.22956 ], [ -94.38302, 31.2741 ], [ -94.39601, 31.30235 ], [ -94.44941, 31.32133 ], [ -94.47078, 31.37232 ], [ -94.46978, 31.38397 ], [ -94.48714, 31.39078 ], [ -94.50218, 31.41052 ], [ -94.53705, 31.3986 ], [ -94.55483, 31.43512 ], [ -94.58144, 31.43318 ], [ -94.58433, 31.44424 ], [ -94.62899, 31.44025 ], [ -94.66284, 31.45879 ], [ -94.68634, 31.45081 ], [ -94.72867, 31.45722 ], [ -94.80428, 31.4904 ], [ -94.82286, 31.48397 ], [ -94.84003, 31.50772 ], [ -94.85306, 31.50847 ], [ -94.86585, 31.52691 ], [ -95.00303, 31.42622 ], [ -94.97602, 31.40774 ], [ -94.9581, 31.38692 ], [ -94.95781, 31.34284 ], [ -94.90949, 31.33705 ], [ -94.89901, 31.32697 ], [ -94.89467, 31.2917 ], [ -94.8767, 31.28339 ], [ -94.89767, 31.25801 ], [ -94.87454, 31.24964 ], [ -94.86116, 31.23274 ], [ -94.86574, 31.21206 ], [ -94.85007, 31.17855 ], [ -94.8522, 31.14802 ], [ -94.73859, 31.10368 ], [ -94.71861, 31.10699 ], [ -94.69834, 31.09624 ], [ -94.673, 31.09583 ], [ -94.65829, 31.08477 ], [ -94.6144, 31.0852 ], [ -94.59891, 31.06855 ], [ -94.56206, 31.05886 ], [ -94.65798, 31.012 ], [ -94.54203, 30.51134 ], [ -94.53792, 30.49105 ], [ -94.73272, 30.49006 ], [ -94.59633, 30.1121 ], [ -94.4449, 30.11301 ], [ -94.4422, 29.88705 ], [ -94.35797, 29.88746 ], [ -94.35337, 29.57484 ], [ -94.35487, 29.50632 ], [ -94.12517, 29.59555 ], [ -94.03356, 29.625 ], [ -93.90603, 29.625 ], [ -93.875, 29.62142 ], [ -93.84858, 29.60026 ], [ -93.81434, 29.59657 ], [ -93.8374, 29.68988 ], [ -93.87001, 29.73548 ], [ -93.88881, 29.74223 ], [ -93.89846, 29.77157 ], [ -93.9224, 29.78504 ], [ -93.9288, 29.79707 ], [ -93.92274, 29.8188 ], [ -93.90357, 29.83499 ], [ -93.85989, 29.85992 ], [ -93.83037, 29.89435 ], [ -93.81728, 29.91842 ], [ -93.80654, 29.95744 ], [ -93.79008, 29.98656 ], [ -93.77157, 29.99592 ], [ -93.73973, 30.02398 ], [ -93.7367, 30.03838 ], [ -93.71376, 30.06568 ], [ -93.73276, 30.08286 ], [ -93.70425, 30.11065 ], [ -93.70125, 30.13737 ], [ -93.69284, 30.13521 ], [ -93.71053, 30.17972 ], [ -93.71418, 30.20865 ], [ -93.70458, 30.28994 ], [ -93.74202, 30.30094 ], [ -93.76584, 30.3331 ], [ -93.75485, 30.36609 ], [ -93.7574, 30.39081 ], [ -93.69813, 30.43887 ], [ -93.71706, 30.49444 ], [ -93.71431, 30.51856 ], [ -93.74024, 30.53956 ], [ -93.72917, 30.54485 ], [ -93.72747, 30.57472 ], [ -93.71377, 30.58758 ], [ -93.67865, 30.59409 ], [ -93.68309, 30.64076 ], [ -93.65496, 30.67018 ], [ -93.63134, 30.67787 ], [ -93.62043, 30.69414 ], [ -93.61722, 30.71857 ], [ -93.60538, 30.71715 ], [ -93.61912, 30.74199 ], [ -93.61434, 30.76019 ], [ -93.59209, 30.76367 ], [ -93.58222, 30.80311 ], [ -93.56297, 30.806 ], [ -93.55362, 30.83513 ], [ -93.56858, 30.84364 ], [ -93.55849, 30.8679 ], [ -93.57407, 30.88452 ], [ -93.54919, 30.89743 ], [ -93.55837, 30.91353 ], [ -93.532, 30.92375 ], [ -93.526, 30.93753 ], [ -93.53175, 30.95821 ], [ -93.57432, 30.9737 ], [ -93.56542, 30.99057 ], [ -93.5782, 30.99999 ], [ -93.56562, 31.01315 ], [ -93.55592, 31.00374 ], [ -93.53918, 31.00821 ], [ -93.50828, 31.03235 ], [ -93.52473, 31.039 ], [ -93.52764, 31.0745 ], [ -93.5522, 31.07893 ], [ -93.56317, 31.09698 ], [ -93.53936, 31.1152 ], [ -93.54869, 31.15583 ], [ -93.53427, 31.18542 ], [ -93.54892, 31.1866 ], [ -93.58911, 31.16588 ], [ -93.60231, 31.18174 ], [ -93.60728, 31.2054 ], [ -93.59838, 31.23109 ], [ -93.61825, 31.2331 ], [ -93.61393, 31.25937 ], [ -93.62082, 31.27129 ], [ -93.63969, 31.26916 ], [ -93.6875, 31.31081 ], [ -93.67383, 31.32385 ], [ -93.66843, 31.35301 ], [ -93.64763, 31.35809 ], [ -93.63925, 31.37153 ], [ -93.67099, 31.36622 ], [ -93.67411, 31.39768 ], [ -93.70487, 31.41088 ], [ -93.69262, 31.43719 ], [ -93.74947, 31.46868 ], [ -93.74514, 31.48563 ], [ -93.72259, 31.49276 ], [ -93.71248, 31.51336 ], [ -93.73737, 31.51386 ], [ -93.74722, 31.53061 ], [ -93.78502, 31.52596 ], [ -93.81857, 31.55482 ], [ -93.81843, 31.57094 ], [ -93.83491, 31.58621 ] ] ] } },
{ "type": "Feature", "properties": { "fid": 164, "ZoneCode": "482024", "AbrvFull": "TX KEND", "NameFull": "Texas Kendall", "ZoneNum": 24, "AbrvPart": "KEND", "NamePart": "Kendall", "ZoneType": "Multizone partial", "StateAbrv": "TX", "StateName": "Texas", "ProjAbrv": "OMC", "ProjType": "Hotine Oblique Mercator, center", "LatOrigin": "30°38'N", "LonOriginE": "261°00'E", "LonOriginW": "99°00'W", "Lat0_deg": 30.633333333300001, "Lon0_E_deg": 261.0, "Lon0_W_deg": -99.0, "ProjScale": 1.000072, "SkewAz_deg": -22, "FalseN_m": 304800.0, "FalseE_m": 7429500.0, "FalseN_ift": 1000000.0, "FalseE_ift": 24375000.0, "DesignBy": "State", "Ref_frame": "NATRF2022" }, "geometry": { "type": "Polygon", "coordinates": [ [ [ -99.20276, 31.46723 ], [ -99.23844, 31.48312 ], [ -99.3026, 31.4325 ], [ -99.31487, 31.40987 ], [ -99.3572, 31.43085 ], [ -99.40227, 31.44619 ], [ -99.39878, 31.46008 ], [ -99.41688, 31.46139 ], [ -99.44081, 31.475 ], [ -99.44948, 31.46993 ], [ -99.43689, 31.44603 ], [ -99.46943, 31.43013 ], [ -99.47054, 31.42198 ], [ -99.49299, 31.44451 ], [ -99.51367, 31.42549 ], [ -99.5372, 31.48361 ], [ -99.57255, 31.49365 ], [ -99.60184, 31.49195 ], [ -99.60249, 31.36256 ], [ -99.60151, 31.12516 ], [ -99.60321, 31.08729 ], [ -99.60362, 30.94072 ], [ -99.48475, 30.9406 ], [ -99.4838, 30.74087 ], [ -99.48448, 30.49964 ], [ -99.30399, 30.49983 ], [ -99.30171, 30.28665 ], [ -99.30098, 30.13429 ], [ -98.92014, 30.13829 ], [ -98.92006, 29.89096 ], [ -98.91772, 29.78139 ], [ -98.77877, 29.72016 ], [ -98.73776, 29.71674 ], [ -98.69998, 29.73744 ], [ -98.64568, 29.74567 ], [ -98.48686, 29.87521 ], [ -98.41401, 29.93755 ], [ -98.58789, 30.13895 ], [ -98.58785, 30.23498 ], [ -98.59166, 30.49987 ], [ -98.96422, 30.49848 ], [ -98.96361, 30.75007 ], [ -98.9646, 30.92136 ], [ -99.09242, 30.92196 ], [ -99.09182, 31.25016 ], [ -99.09061, 31.46092 ], [ -99.09793, 31.44818 ], [ -99.11614, 31.46824 ], [ -99.16211, 31.46784 ], [ -99.18486, 31.45496 ], [ -99.18855, 31.47033 ], [ -99.20276, 31.46723 ] ] ] } },
{ "type": "Feature", "properties": { "fid": 165, "ZoneCode": "482025", "AbrvFull": "TX KERR", "NameFull": "Texas Kerr", "ZoneNum": 25, "AbrvPart": "KERR", "NamePart": "Kerr", "ZoneType": "Multizone partial", "StateAbrv": "TX", "StateName": "Texas", "ProjAbrv": "LC1", "ProjType": "Lambert Conformal Conic, one parallel", "LatOrigin": "29°50'N", "LonOriginE": "259°54'E", "LonOriginW": "100°06'W", "Lat0_deg": 29.833333333300001, "Lon0_E_deg": 259.9, "Lon0_W_deg": -100.1, "ProjScale": 1.000082, "SkewAz_deg": -9999, "FalseN_m": 495300.0, "FalseE_m": 7810500.0, "FalseN_ift": 1625000.0, "FalseE_ift": 25625000.0, "DesignBy": "State", "Ref_frame": "NATRF2022" }, "geometry": { "type": "Polygon", "coordinates": [ [ [ -99.30171, 30.28665 ], [ -99.75413, 30.29069 ], [ -100.12385, 30.29039 ], [ -100.50035, 30.28786 ], [ -100.72158, 30.28828 ], [ -101.00514, 30.28733 ], [ -101.24968, 30.28825 ], [ -101.75839, 30.28804 ], [ -101.75965, 29.91843 ], [ -101.76091, 29.7818 ], [ -101.73334, 29.77118 ], [ -101.71972, 29.77573 ], [ -101.71205, 29.76277 ], [ -101.6901, 29.77105 ], [ -101.68143, 29.76078 ], [ -101.66298, 29.77106 ], [ -101.64693, 29.75456 ], [ -101.62965, 29.76917 ], [ -101.60664, 29.77411 ], [ -101.5758, 29.76931 ], [ -101.56774, 29.79872 ], [ -101.54189, 29.81078 ], [ -101.535, 29.79767 ], [ -101.53918, 29.76177 ], [ -101.50038, 29.76586 ], [ -101.47885, 29.78408 ], [ -101.45579, 29.78804 ], [ -101.44887, 29.75069 ], [ -101.41092, 29.77015 ], [ -101.40014, 29.76008 ], [ -101.41557, 29.74653 ], [ -101.397, 29.73396 ], [ -101.39835, 29.717 ], [ -101.37538, 29.7018 ], [ -101.36321, 29.65263 ], [ -101.34785, 29.6622 ], [ -101.31412, 29.65905 ], [ -101.30002, 29.6407 ], [ -101.3117, 29.61537 ], [ -101.31163, 29.58512 ], [ -101.29095, 29.57153 ], [ -101.27787, 29.59081 ], [ -101.27875, 29.61946 ], [ -101.26222, 29.6306 ], [ -101.24732, 29.61848 ], [ -101.25229, 29.60416 ], [ -101.24102, 29.56502 ], [ -101.26117, 29.53677 ], [ -101.25488, 29.52034 ], [ -101.23526, 29.52485 ], [ -101.17381, 29.51456 ], [ -101.15187, 29.477 ], [ -101.13003, 29.47842 ], [ -101.11524, 29.46845 ], [ -101.08714, 29.46941 ], [ -101.06014, 29.45866 ], [ -101.05695, 29.44077 ], [ -101.04335, 29.42988 ], [ -101.03659, 29.4061 ], [ -101.02025, 29.39225 ], [ -101.00394, 29.3647 ], [ -100.95072, 29.34771 ], [ -100.94125, 29.33392 ], [ -100.90641, 29.31303 ], [ -100.88683, 29.30784 ], [ -100.87812, 29.28086 ], [ -100.85638, 29.27575 ], [ -100.79462, 29.24161 ], [ -100.74555, 29.2548 ], [ -100.73906, 29.29039 ], [ -100.74858, 29.30499 ], [ -100.74508, 29.32805 ], [ -100.71198, 29.33801 ], [ -100.71063, 29.36977 ], [ -100.69913, 29.41974 ], [ -100.69992, 29.62389 ], [ -100.02997, 29.62341 ], [ -99.75176, 29.62477 ], [ -99.60393, 29.62717 ], [ -99.35957, 29.62734 ], [ -99.27387, 29.62583 ], [ -98.98378, 29.62345 ], [ -98.97612, 29.61326 ], [ -98.98706, 29.58466 ], [ -98.98519, 29.56407 ], [ -98.96472, 29.5589 ], [ -98.92715, 29.56225 ], [ -98.80654, 29.6907 ], [ -98.77877, 29.72016 ], [ -98.91772, 29.78139 ], [ -98.92006, 29.89096 ], [ -98.92014, 30.13829 ], [ -99.30098, 30.13429 ], [ -99.30171, 30.28665 ] ] ] } },
{ "type": "Feature", "properties": { "fid": 166, "ZoneCode": "482026", "AbrvFull": "TX KMBL", "NameFull": "Texas Kimble", "ZoneNum": 26, "AbrvPart": "KMBL", "NamePart": "Kimble", "ZoneType": "Multizone partial", "StateAbrv": "TX", "StateName": "Texas", "ProjAbrv": "LC1", "ProjType": "Lambert Conformal Conic, one parallel", "LatOrigin": "30°41'N", "LonOriginE": "259°09'E", "LonOriginW": "100°51'W", "Lat0_deg": 30.683333333299998, "Lon0_E_deg": 259.15, "Lon0_W_deg": -100.85, "ProjScale": 1.000095, "SkewAz_deg": -9999, "FalseN_m": 685800.0, "FalseE_m": 8077200.0, "FalseN_ift": 2250000.0, "FalseE_ift": 26500000.0, "DesignBy": "State", "Ref_frame": "NATRF2022" }, "geometry": { "type": "Polygon", "coordinates": [ [ [ -100.11521, 31.08799 ], [ -100.25035, 31.08848 ], [ -100.68875, 31.08657 ], [ -101.00038, 31.08186 ], [ -101.25038, 31.07941 ], [ -101.86236, 31.07977 ], [ -101.95719, 31.08212 ], [ -102.38879, 31.08715 ], [ -102.31856, 31.06099 ], [ -102.29267, 31.03667 ], [ -102.26595, 31.03427 ], [ -102.24656, 31.04205 ], [ -102.20202, 31.03102 ], [ -102.18962, 31.00337 ], [ -102.15192, 31.0073 ], [ -102.13939, 30.99492 ], [ -102.12775, 31.00118 ], [ -102.10989, 30.99032 ], [ -102.08172, 30.98669 ], [ -102.04917, 31.00364 ], [ -102.01166, 30.97933 ], [ -101.99302, 30.98933 ], [ -101.96111, 30.9707 ], [ -101.95188, 30.95567 ], [ -101.92101, 30.9464 ], [ -101.90819, 30.92824 ], [ -101.88343, 30.92564 ], [ -101.87427, 30.91223 ], [ -101.89117, 30.89074 ], [ -101.86004, 30.87361 ], [ -101.84508, 30.84103 ], [ -101.8472, 30.82841 ], [ -101.83291, 30.80823 ], [ -101.83988, 30.78528 ], [ -101.83452, 30.75794 ], [ -101.81582, 30.75201 ], [ -101.80741, 30.6995 ], [ -101.77579, 30.68089 ], [ -101.76841, 30.65307 ], [ -101.75042, 30.64969 ], [ -101.71205, 30.65464 ], [ -101.68967, 30.63904 ], [ -101.66982, 30.6379 ], [ -101.65262, 30.61937 ], [ -101.66352, 30.58885 ], [ -101.64623, 30.56076 ], [ -101.66759, 30.52802 ], [ -101.67995, 30.52179 ], [ -101.67509, 30.50213 ], [ -101.69181, 30.49141 ], [ -101.68886, 30.46762 ], [ -101.70009, 30.45759 ], [ -101.72189, 30.47101 ], [ -101.73096, 30.45945 ], [ -101.72031, 30.44222 ], [ -101.74042, 30.42089 ], [ -101.72872, 30.40829 ], [ -101.70162, 30.40224 ], [ -101.69741, 30.38049 ], [ -101.65852, 30.35786 ], [ -101.66955, 30.33935 ], [ -101.7006, 30.34592 ], [ -101.73698, 30.32697 ], [ -101.7445, 30.30127 ], [ -101.75839, 30.28804 ], [ -101.24968, 30.28825 ], [ -101.00514, 30.28733 ], [ -100.72158, 30.28828 ], [ -100.50035, 30.28786 ], [ -100.12385, 30.29039 ], [ -99.75413, 30.29069 ], [ -99.30171, 30.28665 ], [ -99.30399, 30.49983 ], [ -99.48448, 30.49964 ], [ -99.4838, 30.74087 ], [ -99.48475, 30.9406 ], [ -99.60362, 30.94072 ], [ -99.60321, 31.08729 ], [ -100.00034, 31.08743 ], [ -100.11521, 31.08799 ] ] ] } },
{ "type": "Feature", "properties": { "fid": 167, "ZoneCode": "482027", "AbrvFull": "TX LBK", "NameFull": "Texas Lubbock", "ZoneNum": 27, "AbrvPart": "LBK", "NamePart": "Lubbock", "ZoneType": "Multizone partial", "StateAbrv": "TX", "StateName": "Texas", "ProjAbrv": "OMC", "ProjType": "Hotine Oblique Mercator, center", "LatOrigin": "33°51'N", "LonOriginE": "258°38'E", "LonOriginW": "101°22'W", "Lat0_deg": 33.85, "Lon0_E_deg": 258.633333333, "Lon0_W_deg": -101.366666667, "ProjScale": 1.000131, "SkewAz_deg": 8, "FalseN_m": 304800.0, "FalseE_m": 8343900.0, "FalseN_ift": 1000000.0, "FalseE_ift": 27375000.0, "DesignBy": "State", "Ref_frame": "NATRF2022" }, "geometry": { "type": "Polygon", "coordinates": [ [ [ -101.09074, 34.74824 ], [ -101.37543, 34.74821 ], [ -101.44111, 34.74741 ], [ -101.99848, 34.74818 ], [ -101.99801, 34.31303 ], [ -102.0904, 34.31313 ], [ -102.0856, 33.81974 ], [ -102.07592, 33.38958 ], [ -101.62542, 33.39465 ], [ -101.36789, 33.39646 ], [ -101.03878, 33.39721 ], [ -101.03884, 33.50008 ], [ -101.04115, 33.83362 ], [ -101.04147, 34.31244 ], [ -100.94612, 34.31275 ], [ -100.94493, 34.74828 ], [ -101.09074, 34.74824 ] ] ] } },
{ "type": "Feature", "properties": { "fid": 168, "ZoneCode": "482028", "AbrvFull": "TX MAV", "NameFull": "Texas Maverick", "ZoneNum": 28, "AbrvPart": "MAV", "NamePart": "Maverick", "ZoneType": "Multizone partial", "StateAbrv": "TX", "StateName": "Texas", "ProjAbrv": "LC1", "ProjType": "Lambert Conformal Conic, one parallel", "LatOrigin": "28°36'N", "LonOriginE": "260°03'E", "LonOriginW": "99°57'W", "Lat0_deg": 28.6, "Lon0_E_deg": 260.05, "Lon0_W_deg": -99.95, "ProjScale": 1.00002, "SkewAz_deg": -9999, "FalseN_m": 304800.0, "FalseE_m": 8648700.0, "FalseN_ift": 1000000.0, "FalseE_ift": 28375000.0, "DesignBy": "State", "Ref_frame": "NATRF2022" }, "geometry": { "type": "Polygon", "coordinates": [ [ [ -99.39417, 28.20462 ], [ -99.39566, 28.25227 ], [ -99.3944, 28.34979 ], [ -99.39667, 28.50026 ], [ -99.39573, 28.64078 ], [ -99.40901, 28.64056 ], [ -99.41108, 28.75025 ], [ -99.41387, 29.09133 ], [ -99.68459, 29.08926 ], [ -99.86235, 29.08884 ], [ -100.00106, 29.08701 ], [ -100.25034, 29.08521 ], [ -100.37534, 29.08581 ], [ -100.66754, 29.08429 ], [ -100.6632, 29.04804 ], [ -100.64588, 28.98642 ], [ -100.65153, 28.94557 ], [ -100.62347, 28.9096 ], [ -100.60074, 28.90007 ], [ -100.60383, 28.88839 ], [ -100.59103, 28.86305 ], [ -100.57298, 28.84846 ], [ -100.57047, 28.82603 ], [ -100.54657, 28.82492 ], [ -100.53242, 28.79106 ], [ -100.53354, 28.76107 ], [ -100.5076, 28.74059 ], [ -100.51052, 28.69266 ], [ -100.50034, 28.66196 ], [ -100.46206, 28.6411 ], [ -100.44574, 28.64062 ], [ -100.44759, 28.61006 ], [ -100.43186, 28.59784 ], [ -100.39845, 28.58516 ], [ -100.41138, 28.55196 ], [ -100.38695, 28.51402 ], [ -100.33473, 28.50026 ], [ -100.34417, 28.48624 ], [ -100.36819, 28.47891 ], [ -100.34152, 28.44957 ], [ -100.33618, 28.43018 ], [ -100.34944, 28.40371 ], [ -100.34186, 28.38495 ], [ -100.28863, 28.31697 ], [ -100.29346, 28.27847 ], [ -100.25778, 28.24034 ], [ -100.22362, 28.23522 ], [ -100.21218, 28.19683 ], [ -99.4999, 28.20323 ], [ -99.39417, 28.20462 ] ] ] } },
{ "type": "Feature", "properties": { "fid": 169, "ZoneCode": "482029", "AbrvFull": "TX MCLN", "NameFull": "Texas McLennan", "ZoneNum": 29, "AbrvPart": "MCLN", "NamePart": "McLennan", "ZoneType": "Multizone partial", "StateAbrv": "TX", "StateName": "Texas", "ProjAbrv": "OMC", "ProjType": "Hotine Oblique Mercator, center", "LatOrigin": "31°53'N", "LonOriginE": "263°00'E", "LonOriginW": "97°00'W", "Lat0_deg": 31.883333333300001, "Lon0_E_deg": 263.0, "Lon0_W_deg": -97.0, "ProjScale": 1.000016, "SkewAz_deg": 60, "FalseN_m": 304800.0, "FalseE_m": 8991600.0, "FalseN_ift": 1000000.0, "FalseE_ift": 29500000.0, "DesignBy": "State", "Ref_frame": "NATRF2022" }, "geometry": { "type": "Polygon", "coordinates": [ [ [ -96.05477, 32.01252 ], [ -96.06264, 32.02644 ], [ -96.06952, 32.07649 ], [ -96.066, 32.08581 ], [ -96.10535, 32.07533 ], [ -96.11772, 32.09463 ], [ -96.11469, 32.12648 ], [ -96.10241, 32.14226 ], [ -96.11568, 32.16091 ], [ -96.1384, 32.15141 ], [ -96.16697, 32.15867 ], [ -96.17647, 32.18137 ], [ -96.1579, 32.19133 ], [ -96.15584, 32.215 ], [ -96.17584, 32.20393 ], [ -96.19696, 32.20694 ], [ -96.22936, 32.23618 ], [ -96.23396, 32.25 ], [ -96.25654, 32.24506 ], [ -96.26766, 32.2592 ], [ -96.28589, 32.25597 ], [ -96.284, 32.27922 ], [ -96.32311, 32.3062 ], [ -96.33901, 32.30597 ], [ -96.3829, 32.32892 ], [ -96.62526, 32.20658 ], [ -96.74986, 32.14649 ], [ -96.94065, 32.05208 ], [ -97.08703, 32.26682 ], [ -97.47598, 32.18167 ], [ -97.4718, 32.17551 ], [ -97.51178, 32.16193 ], [ -97.51571, 32.13376 ], [ -97.56831, 32.15024 ], [ -97.56768, 32.17501 ], [ -97.60236, 32.17885 ], [ -97.58975, 32.19316 ], [ -97.61508, 32.20349 ], [ -97.63088, 32.2074 ], [ -97.8654, 32.08705 ], [ -98.00545, 32.01789 ], [ -97.76642, 31.67246 ], [ -97.68982, 31.71101 ], [ -97.50016, 31.43692 ], [ -97.4186, 31.3202 ], [ -97.34342, 31.24421 ], [ -97.2781, 31.27979 ], [ -96.97875, 31.43046 ], [ -96.80111, 31.52226 ], [ -96.93221, 31.70888 ], [ -96.7191, 31.81488 ], [ -96.4967, 31.79619 ], [ -96.33569, 31.87596 ], [ -96.05477, 32.01252 ] ] ] } },
{ "type": "Feature", "properties": { "fid": 170, "ZoneCode": "482030", "AbrvFull": "TX MDNA", "NameFull": "Texas Medina", "ZoneNum": 30, "AbrvPart": "MDNA", "NamePart": "Medina", "ZoneType": "Multizone partial", "StateAbrv": "TX", "StateName": "Texas", "ProjAbrv": "OMC", "ProjType": "Hotine Oblique Mercator, center", "LatOrigin": "29°21'N", "LonOriginE": "260°03'E", "LonOriginW": "99°57'W", "Lat0_deg": 29.35, "Lon0_E_deg": 260.05, "Lon0_W_deg": -99.95, "ProjScale": 1.000048, "SkewAz_deg": -85, "FalseN_m": 304800.0, "FalseE_m": 9258300.0, "FalseN_ift": 1000000.0, "FalseE_ift": 30375000.0, "DesignBy": "State", "Ref_frame": "NATRF2022" }, "geometry": { "type": "Polygon", "coordinates": [ [ [ -98.80475, 29.25069 ], [ -98.80458, 29.3234 ], [ -98.80654, 29.6907 ], [ -98.92715, 29.56225 ], [ -98.96472, 29.5589 ], [ -98.98519, 29.56407 ], [ -98.98706, 29.58466 ], [ -98.97612, 29.61326 ], [ -98.98378, 29.62345 ], [ -99.27387, 29.62583 ], [ -99.35957, 29.62734 ], [ -99.60393, 29.62717 ], [ -99.75176, 29.62477 ], [ -100.02997, 29.62341 ], [ -100.69992, 29.62389 ], [ -100.69913, 29.41974 ], [ -100.71063, 29.36977 ], [ -100.71198, 29.33801 ], [ -100.74508, 29.32805 ], [ -100.74858, 29.30499 ], [ -100.73906, 29.29039 ], [ -100.74555, 29.2548 ], [ -100.79462, 29.24161 ], [ -100.76599, 29.18584 ], [ -100.77589, 29.17334 ], [ -100.73778, 29.13907 ], [ -100.67519, 29.10074 ], [ -100.66754, 29.08429 ], [ -100.37534, 29.08581 ], [ -100.25034, 29.08521 ], [ -100.00106, 29.08701 ], [ -99.86235, 29.08884 ], [ -99.68459, 29.08926 ], [ -99.41387, 29.09133 ], [ -98.98072, 29.09115 ], [ -98.80489, 29.09043 ], [ -98.80475, 29.25069 ] ] ] } },
{ "type": "Feature", "properties": { "fid": 171, "ZoneCode": "482031", "AbrvFull": "TX MIDL", "NameFull": "Texas Midland", "ZoneNum": 31, "AbrvPart": "MIDL", "NamePart": "Midland", "ZoneType": "Multizone partial", "StateAbrv": "TX", "StateName": "Texas", "ProjAbrv": "LC1", "ProjType": "Lambert Conformal Conic, one parallel", "LatOrigin": "31°55'N", "LonOriginE": "257°33'E", "LonOriginW": "102°27'W", "Lat0_deg": 31.916666666699999, "Lon0_E_deg": 257.55, "Lon0_W_deg": -102.45, "ProjScale": 1.000131, "SkewAz_deg": -9999, "FalseN_m": 304800.0, "FalseE_m": 9601200.0, "FalseN_ift": 1000000.0, "FalseE_ift": 31500000.0, "DesignBy": "State", "Ref_frame": "NATRF2022" }, "geometry": { "type": "Polygon", "coordinates": [ [ [ -101.26421, 32.08713 ], [ -102.21124, 32.0868 ], [ -102.56964, 32.08705 ], [ -102.79908, 32.08579 ], [ -102.80155, 32.08715 ], [ -103.06451, 32.08705 ], [ -103.0645, 32.00042 ], [ -103.98017, 32.00012 ], [ -103.97445, 31.9792 ], [ -103.95191, 31.98741 ], [ -103.94088, 31.94454 ], [ -103.92238, 31.94252 ], [ -103.91224, 31.90242 ], [ -103.88238, 31.89191 ], [ -103.88557, 31.87037 ], [ -103.83963, 31.88939 ], [ -103.82937, 31.88799 ], [ -103.82866, 31.86254 ], [ -103.81306, 31.84632 ], [ -103.8211, 31.83863 ], [ -103.80711, 31.82175 ], [ -103.80945, 31.79431 ], [ -103.79722, 31.77018 ], [ -103.7468, 31.7395 ], [ -103.724, 31.73924 ], [ -103.70059, 31.74839 ], [ -103.6858, 31.74216 ], [ -103.67601, 31.72274 ], [ -103.65945, 31.71039 ], [ -103.62572, 31.70503 ], [ -103.62074, 31.69034 ], [ -103.63563, 31.69028 ], [ -103.63241, 31.67362 ], [ -103.61088, 31.6518 ], [ -102.59768, 31.65108 ], [ -102.00704, 31.65162 ], [ -101.61624, 31.65152 ], [ -101.26711, 31.65085 ], [ -101.26421, 32.08713 ] ] ] } },
{ "type": "Feature", "properties": { "fid": 172, "ZoneCode": "482032", "AbrvFull": "TX PARK", "NameFull": "Texas Parker", "ZoneNum": 32, "AbrvPart": "PARK", "NamePart": "Parker", "ZoneType": "Multizone partial", "StateAbrv": "TX", "StateName": "Texas", "ProjAbrv": "TM", "ProjType": "Transverse Mercator", "LatOrigin": "29°15'N", "LonOriginE": "262°06'E", "LonOriginW": "97°54'W", "Lat0_deg": 29.25, "Lon0_E_deg": 262.1, "Lon0_W_deg": -97.9, "ProjScale": 1.000033, "SkewAz_deg": -9999, "FalseN_m": 0.0, "FalseE_m": 9867900.0, "FalseN_ift": 0.0, "FalseE_ift": 32375000.0, "DesignBy": "State", "Ref_frame": "NATRF2022" }, "geometry": { "type": "Polygon", "coordinates": [ [ [ -97.48415, 33.9155 ], [ -97.50092, 33.91953 ], [ -97.55826, 33.89709 ], [ -97.58924, 33.90392 ], [ -97.59697, 33.92022 ], [ -97.58882, 33.95188 ], [ -97.60908, 33.96809 ], [ -97.66148, 33.99081 ], [ -97.68768, 33.98717 ], [ -97.70953, 33.95488 ], [ -97.73221, 33.93668 ], [ -97.76303, 33.93414 ], [ -97.75939, 33.91881 ], [ -97.78612, 33.91342 ], [ -97.78465, 33.89063 ], [ -97.80173, 33.89514 ], [ -97.8335, 33.85809 ], [ -97.87817, 33.85053 ], [ -97.93966, 33.87944 ], [ -97.95705, 33.87876 ], [ -97.98436, 33.89802 ], [ -97.97998, 33.9114 ], [ -97.95715, 33.91445 ], [ -97.9555, 33.93818 ], [ -97.97117, 33.93712 ], [ -97.96103, 33.9511 ], [ -97.94679, 33.99089 ], [ -97.97416, 34.00671 ], [ -97.98738, 33.99982 ], [ -98.04111, 33.99345 ], [ -98.08442, 34.00289 ], [ -98.08401, 34.01436 ], [ -98.10361, 34.0292 ], [ -98.08383, 34.04171 ], [ -98.10062, 34.04998 ], [ -98.1202, 34.07212 ], [ -98.08974, 34.12821 ], [ -98.10193, 34.14682 ], [ -98.12337, 34.15453 ], [ -98.16878, 34.11426 ], [ -98.20006, 34.11678 ], [ -98.23246, 34.13464 ], [ -98.25646, 34.12948 ], [ -98.3002, 34.13457 ], [ -98.32257, 34.14971 ], [ -98.36401, 34.1571 ], [ -98.38707, 34.14091 ], [ -98.37975, 34.13117 ], [ -98.39843, 34.12845 ], [ -98.39838, 34.10456 ], [ -98.42352, 34.08284 ], [ -98.42325, 33.61887 ], [ -98.42043, 33.3751 ], [ -98.42088, 33.26984 ], [ -98.42461, 33.1501 ], [ -98.4272, 32.95229 ], [ -98.57561, 32.95434 ], [ -98.57625, 32.51516 ], [ -98.47517, 32.51303 ], [ -98.47468, 32.29908 ], [ -98.55115, 32.26143 ], [ -98.4544, 32.12164 ], [ -98.39523, 32.03986 ], [ -98.32749, 31.94126 ], [ -98.2512, 31.98012 ], [ -98.20838, 31.91751 ], [ -98.00545, 32.01789 ], [ -97.8654, 32.08705 ], [ -97.63088, 32.2074 ], [ -97.61508, 32.20349 ], [ -97.61706, 32.55548 ], [ -97.55057, 32.55539 ], [ -97.54749, 32.84042 ], [ -97.54417, 32.99417 ], [ -97.39847, 32.99083 ], [ -97.3907, 33.25011 ], [ -97.38301, 33.43288 ], [ -97.48706, 33.43368 ], [ -97.48415, 33.9155 ] ] ] } },
{ "type": "Feature", "properties": { "fid": 173, "ZoneCode": "482033", "AbrvFull": "TX PCOS", "NameFull": "Texas Pecos", "ZoneNum": 33, "AbrvPart": "PCOS", "NamePart": "Pecos", "ZoneType": "Multizone partial", "StateAbrv": "TX", "StateName": "Texas", "ProjAbrv": "OMC", "ProjType": "Hotine Oblique Mercator, center", "LatOrigin": "31°07'N", "LonOriginE": "257°00'E", "LonOriginW": "103°00'W", "Lat0_deg": 31.116666666699999, "Lon0_E_deg": 257.0, "Lon0_W_deg": -103.0, "ProjScale": 1.000138, "SkewAz_deg": -60, "FalseN_m": 304800.0, "FalseE_m": 10210800.0, "FalseN_ift": 1000000.0, "FalseE_ift": 33500000.0, "DesignBy": "State", "Ref_frame": "NATRF2022" }, "geometry": { "type": "Polygon", "coordinates": [ [ [ -103.98017, 32.00012 ], [ -104.0245, 32.0001 ], [ -104.03623, 31.86966 ], [ -104.10234, 31.1052 ], [ -103.62544, 30.79355 ], [ -103.56075, 30.75013 ], [ -103.25044, 30.53401 ], [ -102.84041, 30.24635 ], [ -102.56704, 30.0528 ], [ -102.56693, 30.28326 ], [ -102.34307, 30.28411 ], [ -102.34298, 30.59875 ], [ -102.1384, 30.59752 ], [ -102.13777, 30.65598 ], [ -101.9976, 30.65408 ], [ -101.76841, 30.65307 ], [ -101.77579, 30.68089 ], [ -101.80741, 30.6995 ], [ -101.81582, 30.75201 ], [ -101.83452, 30.75794 ], [ -101.83988, 30.78528 ], [ -101.83291, 30.80823 ], [ -101.8472, 30.82841 ], [ -101.84508, 30.84103 ], [ -101.86004, 30.87361 ], [ -101.89117, 30.89074 ], [ -101.87427, 30.91223 ], [ -101.88343, 30.92564 ], [ -101.90819, 30.92824 ], [ -101.92101, 30.9464 ], [ -101.95188, 30.95567 ], [ -101.96111, 30.9707 ], [ -101.99302, 30.98933 ], [ -102.01166, 30.97933 ], [ -102.04917, 31.00364 ], [ -102.08172, 30.98669 ], [ -102.10989, 30.99032 ], [ -102.12775, 31.00118 ], [ -102.13939, 30.99492 ], [ -102.15192, 31.0073 ], [ -102.18962, 31.00337 ], [ -102.20202, 31.03102 ], [ -102.24656, 31.04205 ], [ -102.26595, 31.03427 ], [ -102.29267, 31.03667 ], [ -102.31856, 31.06099 ], [ -102.38879, 31.08715 ], [ -102.40614, 31.08787 ], [ -102.43012, 31.12905 ], [ -102.42286, 31.14924 ], [ -102.42953, 31.19355 ], [ -102.45805, 31.22357 ], [ -102.49109, 31.23563 ], [ -102.50229, 31.25297 ], [ -102.52147, 31.26258 ], [ -102.57906, 31.27152 ], [ -102.60067, 31.26709 ], [ -102.61637, 31.28938 ], [ -102.62894, 31.29102 ], [ -102.641, 31.30968 ], [ -102.67649, 31.32682 ], [ -102.72486, 31.30841 ], [ -102.72997, 31.2877 ], [ -102.75371, 31.27905 ], [ -102.77259, 31.29349 ], [ -102.82708, 31.2679 ], [ -102.83884, 31.28583 ], [ -102.87727, 31.30521 ], [ -102.87538, 31.31629 ], [ -102.89566, 31.32206 ], [ -102.93357, 31.35008 ], [ -102.96566, 31.3513 ], [ -102.99626, 31.36142 ], [ -103.02388, 31.37956 ], [ -103.05598, 31.38442 ], [ -103.06734, 31.36519 ], [ -103.14248, 31.36541 ], [ -103.18121, 31.37024 ], [ -103.24492, 31.38936 ], [ -103.26895, 31.42709 ], [ -103.32993, 31.41199 ], [ -103.34458, 31.42224 ], [ -103.36921, 31.41413 ], [ -103.3938, 31.43133 ], [ -103.41857, 31.42615 ], [ -103.44053, 31.43193 ], [ -103.4543, 31.42582 ], [ -103.48302, 31.4471 ], [ -103.48992, 31.45971 ], [ -103.48209, 31.47716 ], [ -103.50349, 31.50547 ], [ -103.49559, 31.55029 ], [ -103.51141, 31.567 ], [ -103.50419, 31.59664 ], [ -103.5113, 31.62627 ], [ -103.54932, 31.64462 ], [ -103.57302, 31.63229 ], [ -103.61088, 31.6518 ], [ -103.63241, 31.67362 ], [ -103.63563, 31.69028 ], [ -103.62074, 31.69034 ], [ -103.62572, 31.70503 ], [ -103.65945, 31.71039 ], [ -103.67601, 31.72274 ], [ -103.6858, 31.74216 ], [ -103.70059, 31.74839 ], [ -103.724, 31.73924 ], [ -103.7468, 31.7395 ], [ -103.79722, 31.77018 ], [ -103.80945, 31.79431 ], [ -103.80711, 31.82175 ], [ -103.8211, 31.83863 ], [ -103.81306, 31.84632 ], [ -103.82866, 31.86254 ], [ -103.82937, 31.88799 ], [ -103.83963, 31.88939 ], [ -103.88557, 31.87037 ], [ -103.88238, 31.89191 ], [ -103.91224, 31.90242 ], [ -103.92238, 31.94252 ], [ -103.94088, 31.94454 ], [ -103.95191, 31.98741 ], [ -103.97445, 31.9792 ], [ -103.98017, 32.00012 ] ] ] } },
{ "type": "Feature", "properties": { "fid": 174, "ZoneCode": "482034", "AbrvFull": "TX POTR", "NameFull": "Texas Potter", "ZoneNum": 34, "AbrvPart": "POTR", "NamePart": "Potter", "ZoneType": "Multizone partial", "StateAbrv": "TX", "StateName": "Texas", "ProjAbrv": "OMC", "ProjType": "Hotine Oblique Mercator, center", "LatOrigin": "35°32'N", "LonOriginE": "258°30'E", "LonOriginW": "101°30'W", "Lat0_deg": 35.5333333333, "Lon0_E_deg": 258.5, "Lon0_W_deg": -101.5, "ProjScale": 1.000143, "SkewAz_deg": 5, "FalseN_m": 304800.0, "FalseE_m": 10477500.0, "FalseN_ift": 1000000.0, "FalseE_ift": 34375000.0, "DesignBy": "State", "Ref_frame": "NATRF2022" }, "geometry": { "type": "Polygon", "coordinates": [ [ [ -101.08514, 36.49924 ], [ -101.37543, 36.49934 ], [ -102.16245, 36.50032 ], [ -102.16306, 36.31358 ], [ -102.16271, 35.62315 ], [ -102.16768, 35.16053 ], [ -102.16759, 34.87505 ], [ -102.16883, 34.74741 ], [ -101.99848, 34.74818 ], [ -101.44111, 34.74741 ], [ -101.37543, 34.74821 ], [ -101.09074, 34.74824 ], [ -101.08627, 35.18213 ], [ -101.08588, 35.59893 ], [ -101.08611, 35.87001 ], [ -101.08514, 36.49924 ] ] ] } },
{ "type": "Feature", "properties": { "fid": 175, "ZoneCode": "482035", "AbrvFull": "TX PRBO", "NameFull": "Texas Presidio-Borderline", "ZoneNum": 35, "AbrvPart": "PRBO", "NamePart": "Presidio-Borderline", "ZoneType": "Multizone partial", "StateAbrv": "TX", "StateName": "Texas", "ProjAbrv": "OMC", "ProjType": "Hotine Oblique Mercator, center", "LatOrigin": "30°00'N", "LonOriginE": "255°27'E", "LonOriginW": "104°33'W", "Lat0_deg": 30.0, "Lon0_E_deg": 255.45, "Lon0_W_deg": -104.55, "ProjScale": 1.00013, "SkewAz_deg": -33, "FalseN_m": 304800.0, "FalseE_m": 10782300.0, "FalseN_ift": 1000000.0, "FalseE_ift": 35375000.0, "DesignBy": "State", "Ref_frame": "NATRF2022" }, "geometry": { "type": "Polygon", "coordinates": [ [ [ -104.54231, 30.54145 ], [ -104.97979, 30.62925 ], [ -104.9714, 30.60984 ], [ -104.92992, 30.5992 ], [ -104.89904, 30.57076 ], [ -104.88769, 30.54672 ], [ -104.86021, 30.43991 ], [ -104.86129, 30.42612 ], [ -104.84762, 30.41397 ], [ -104.85939, 30.39112 ], [ -104.83743, 30.37384 ], [ -104.81641, 30.37518 ], [ -104.81139, 30.3327 ], [ -104.79725, 30.33034 ], [ -104.76143, 30.30081 ], [ -104.76015, 30.27166 ], [ -104.73371, 30.26139 ], [ -104.70624, 30.23481 ], [ -104.71032, 30.22129 ], [ -104.68706, 30.17934 ], [ -104.69657, 30.13487 ], [ -104.69437, 30.10188 ], [ -104.68582, 30.08206 ], [ -104.70724, 30.05013 ], [ -104.69566, 30.03766 ], [ -104.68065, 29.9772 ], [ -104.68519, 29.95722 ], [ -104.67317, 29.95455 ], [ -104.68326, 29.9291 ], [ -104.67486, 29.91093 ], [ -104.65715, 29.90603 ], [ -104.64586, 29.87831 ], [ -104.63392, 29.8712 ], [ -104.62224, 29.84188 ], [ -104.60952, 29.83986 ], [ -104.59508, 29.80546 ], [ -104.56592, 29.77146 ], [ -104.5691, 29.75165 ], [ -104.55005, 29.73823 ], [ -104.55166, 29.71641 ], [ -104.54382, 29.69629 ], [ -104.53061, 29.69107 ], [ -104.54419, 29.68127 ], [ -104.52497, 29.66597 ], [ -104.50765, 29.63227 ], [ -104.49799, 29.63969 ], [ -104.47732, 29.62861 ], [ -104.46674, 29.60938 ], [ -104.39891, 29.57189 ], [ -104.39487, 29.55628 ], [ -104.33819, 29.52018 ], [ -104.31106, 29.52314 ], [ -104.26216, 29.5135 ], [ -104.23499, 29.49577 ], [ -104.23069, 29.47866 ], [ -104.20891, 29.48073 ], [ -104.21116, 29.44975 ], [ -104.19463, 29.44199 ], [ -104.1694, 29.40779 ], [ -104.14115, 29.37782 ], [ -104.10686, 29.37344 ], [ -104.08225, 29.34606 ], [ -104.02021, 29.31204 ], [ -103.9758, 29.29624 ], [ -103.96805, 29.29999 ], [ -103.91888, 29.28484 ], [ -103.89859, 29.28707 ], [ -103.81336, 29.27396 ], [ -103.79269, 29.26249 ], [ -103.79278, 29.50018 ], [ -103.79377, 29.56312 ], [ -103.88075, 29.58194 ], [ -103.93056, 29.61396 ], [ -103.97295, 29.66665 ], [ -104.01386, 29.70251 ], [ -104.08523, 29.74259 ], [ -104.19933, 29.78981 ], [ -104.23537, 29.81572 ], [ -104.27856, 29.91436 ], [ -104.29996, 29.94811 ], [ -104.35422, 30.02149 ], [ -104.3658, 30.07466 ], [ -104.35738, 30.15747 ], [ -104.35726, 30.20754 ], [ -104.36722, 30.25741 ], [ -104.38742, 30.30577 ], [ -104.4289, 30.38286 ], [ -104.45688, 30.42512 ], [ -104.53791, 30.51175 ], [ -104.54231, 30.54145 ] ] ] } },
{ "type": "Feature", "properties": { "fid": 176, "ZoneCode": "482036", "AbrvFull": "TX RGV", "NameFull": "Texas Rio Grande Valley", "ZoneNum": 36, "AbrvPart": "RGV", "NamePart": "Rio Grande Valley", "ZoneType": "Multizone partial", "StateAbrv": "TX", "StateName": "Texas", "ProjAbrv": "OMC", "ProjType": "Hotine Oblique Mercator, center", "LatOrigin": "26°27'N", "LonOriginE": "261°50'E", "LonOriginW": "98°10'W", "Lat0_deg": 26.45, "Lon0_E_deg": 261.83333333299998, "Lon0_W_deg": -98.166666666699996, "ProjScale": 1.0, "SkewAz_deg": -68, "FalseN_m": 304800.0, "FalseE_m": 11125200.0, "FalseN_ift": 1000000.0, "FalseE_ift": 36500000.0, "DesignBy": "State", "Ref_frame": "NATRF2022" }, "geometry": { "type": "Polygon", "coordinates": [ [ [ -97.22537, 26.60022 ], [ -97.47429, 26.5998 ], [ -97.50025, 26.60098 ], [ -97.76436, 26.59807 ], [ -97.86168, 26.59799 ], [ -97.98529, 26.6158 ], [ -97.98548, 26.78091 ], [ -98.35119, 26.78325 ], [ -98.52223, 26.78359 ], [ -98.95422, 26.78569 ], [ -99.0111, 26.67502 ], [ -99.16941, 26.57168 ], [ -99.16673, 26.53608 ], [ -99.12837, 26.5255 ], [ -99.10484, 26.50038 ], [ -99.09197, 26.47237 ], [ -99.11084, 26.42628 ], [ -99.082, 26.39666 ], [ -99.0621, 26.39738 ], [ -99.03705, 26.4136 ], [ -99.01063, 26.39213 ], [ -98.98719, 26.39219 ], [ -98.97415, 26.40114 ], [ -98.95296, 26.39092 ], [ -98.95584, 26.37698 ], [ -98.93615, 26.37153 ], [ -98.92927, 26.39336 ], [ -98.91737, 26.37447 ], [ -98.90167, 26.37123 ], [ -98.89568, 26.35349 ], [ -98.8619, 26.36599 ], [ -98.84155, 26.35894 ], [ -98.82044, 26.371 ], [ -98.7982, 26.36016 ], [ -98.78895, 26.33043 ], [ -98.74946, 26.32998 ], [ -98.73846, 26.3037 ], [ -98.71821, 26.28725 ], [ -98.70176, 26.28614 ], [ -98.7184, 26.27141 ], [ -98.68503, 26.26462 ], [ -98.67655, 26.24156 ], [ -98.66462, 26.23535 ], [ -98.58387, 26.257 ], [ -98.57984, 26.23477 ], [ -98.56738, 26.24162 ], [ -98.56454, 26.22688 ], [ -98.54654, 26.23551 ], [ -98.52427, 26.22124 ], [ -98.50107, 26.22134 ], [ -98.50376, 26.2088 ], [ -98.4843, 26.21171 ], [ -98.4627, 26.2258 ], [ -98.44521, 26.22457 ], [ -98.44227, 26.19891 ], [ -98.40442, 26.18256 ], [ -98.38668, 26.15787 ], [ -98.36859, 26.15708 ], [ -98.36064, 26.17254 ], [ -98.3531, 26.15139 ], [ -98.34752, 26.164 ], [ -98.32486, 26.1223 ], [ -98.30944, 26.113 ], [ -98.26689, 26.12086 ], [ -98.26993, 26.10749 ], [ -98.28853, 26.10531 ], [ -98.24873, 26.07204 ], [ -98.22121, 26.07661 ], [ -98.1923, 26.05345 ], [ -98.17589, 26.07491 ], [ -98.14777, 26.04963 ], [ -98.13017, 26.07431 ], [ -98.12686, 26.06185 ], [ -98.1038, 26.06709 ], [ -98.09442, 26.05862 ], [ -98.07908, 26.07051 ], [ -98.06508, 26.04483 ], [ -98.03923, 26.04127 ], [ -98.03148, 26.06421 ], [ -98.01119, 26.05658 ], [ -97.98729, 26.06572 ], [ -97.96606, 26.05193 ], [ -97.95117, 26.06195 ], [ -97.93791, 26.05352 ], [ -97.89364, 26.06017 ], [ -97.88764, 26.06643 ], [ -97.86049, 26.05291 ], [ -97.78989, 26.05117 ], [ -97.79725, 26.03944 ], [ -97.77727, 26.02932 ], [ -97.76261, 26.04062 ], [ -97.76157, 26.02579 ], [ -97.73489, 26.03201 ], [ -97.7095, 26.02636 ], [ -97.70929, 26.03472 ], [ -97.65104, 26.01621 ], [ -97.60764, 25.97588 ], [ -97.59905, 25.95678 ], [ -97.58174, 25.96159 ], [ -97.5661, 25.94541 ], [ -97.58399, 25.93555 ], [ -97.55977, 25.92614 ], [ -97.54666, 25.93454 ], [ -97.5208, 25.886 ], [ -97.49888, 25.89872 ], [ -97.49735, 25.88009 ], [ -97.47081, 25.88835 ], [ -97.42678, 25.8413 ], [ -97.37318, 25.83995 ], [ -97.37555, 25.85399 ], [ -97.35936, 25.86921 ], [ -97.35739, 25.88682 ], [ -97.37416, 25.90592 ], [ -97.3489, 25.9308 ], [ -97.32464, 25.91859 ], [ -97.30458, 25.93515 ], [ -97.27669, 25.93534 ], [ -97.28963, 25.95402 ], [ -97.247, 25.94823 ], [ -97.20995, 25.96345 ], [ -97.19031, 25.95386 ], [ -97.17708, 25.96534 ], [ -97.09111, 25.97384 ], [ -97.09785, 26.03862 ], [ -97.08998, 26.07534 ], [ -97.10829, 26.10451 ], [ -97.11014, 26.14058 ], [ -97.12611, 26.25035 ], [ -97.15649, 26.37534 ], [ -97.18456, 26.47585 ], [ -97.22537, 26.60022 ] ] ] } },
{ "type": "Feature", "properties": { "fid": 177, "ZoneCode": "482037", "AbrvFull": "TX ROCK", "NameFull": "Texas Rockwall", "ZoneNum": 37, "AbrvPart": "ROCK", "NamePart": "Rockwall", "ZoneType": "Multizone partial", "StateAbrv": "TX", "StateName": "Texas", "ProjAbrv": "OMC", "ProjType": "Hotine Oblique Mercator, center", "LatOrigin": "33°00'N", "LonOriginE": "264°03'E", "LonOriginW": "95°57'W", "Lat0_deg": 33.0, "Lon0_E_deg": 264.05, "Lon0_W_deg": -95.95, "ProjScale": 1.000003, "SkewAz_deg": 5, "FalseN_m": 304800.0, "FalseE_m": 11391900.0, "FalseN_ift": 1000000.0, "FalseE_ift": 37375000.0, "DesignBy": "State", "Ref_frame": "NATRF2022" }, "geometry": { "type": "Polygon", "coordinates": [ [ [ -95.31049, 33.8772 ], [ -95.32993, 33.88633 ], [ -95.33569, 33.87425 ], [ -95.3632, 33.86681 ], [ -95.43864, 33.86628 ], [ -95.46333, 33.87239 ], [ -95.45972, 33.88665 ], [ -95.49203, 33.87494 ], [ -95.50577, 33.87639 ], [ -95.51143, 33.89729 ], [ -95.53379, 33.88115 ], [ -95.55121, 33.88971 ], [ -95.54791, 33.90014 ], [ -95.5577, 33.93035 ], [ -95.59751, 33.94234 ], [ -95.61636, 33.92762 ], [ -95.62731, 33.9078 ], [ -95.66862, 33.90699 ], [ -95.68887, 33.88848 ], [ -95.71217, 33.88551 ], [ -95.73317, 33.89644 ], [ -95.7566, 33.89202 ], [ -95.76151, 33.87311 ], [ -95.75141, 33.86068 ], [ -95.77023, 33.8452 ], [ -95.79487, 33.85961 ], [ -95.81571, 33.85981 ], [ -95.8304, 33.83478 ], [ -95.86718, 33.85128 ], [ -95.92477, 33.88484 ], [ -95.94248, 33.86096 ], [ -95.98485, 33.85249 ], [ -95.98492, 33.8658 ], [ -96.00292, 33.87358 ], [ -95.99834, 33.85104 ], [ -96.02061, 33.84062 ], [ -96.02696, 33.85747 ], [ -96.04882, 33.83646 ], [ -96.10146, 33.8467 ], [ -96.09935, 33.83046 ], [ -96.12294, 33.83996 ], [ -96.14922, 33.83709 ], [ -96.16978, 33.76915 ], [ -96.17984, 33.75961 ], [ -96.22051, 33.74738 ], [ -96.26379, 33.76752 ], [ -96.29035, 33.77083 ], [ -96.30607, 33.7443 ], [ -96.30635, 33.72306 ], [ -96.31875, 33.69675 ], [ -96.34685, 33.68621 ], [ -96.35936, 33.68943 ], [ -96.37944, 33.72576 ], [ -96.38236, 33.59648 ], [ -96.38449, 33.34111 ], [ -96.2954, 33.35193 ], [ -96.29528, 33.2083 ], [ -96.29722, 32.98175 ], [ -96.517, 32.98286 ], [ -96.5194, 32.77742 ], [ -96.52311, 32.54521 ], [ -96.50421, 32.52714 ], [ -96.51244, 32.51333 ], [ -96.51021, 32.48192 ], [ -96.4935, 32.46704 ], [ -96.49735, 32.45307 ], [ -96.48357, 32.45048 ], [ -96.47699, 32.43407 ], [ -96.43451, 32.41143 ], [ -96.43754, 32.37839 ], [ -96.45449, 32.36104 ], [ -96.45099, 32.3444 ], [ -96.43063, 32.33239 ], [ -96.3829, 32.32892 ], [ -96.33901, 32.30597 ], [ -96.32311, 32.3062 ], [ -96.284, 32.27922 ], [ -96.28589, 32.25597 ], [ -96.26766, 32.2592 ], [ -96.25654, 32.24506 ], [ -96.23396, 32.25 ], [ -96.22936, 32.23618 ], [ -96.19696, 32.20694 ], [ -96.17584, 32.20393 ], [ -96.15584, 32.215 ], [ -96.1579, 32.19133 ], [ -96.17647, 32.18137 ], [ -96.16697, 32.15867 ], [ -96.1384, 32.15141 ], [ -96.11568, 32.16091 ], [ -96.10241, 32.14226 ], [ -96.11469, 32.12648 ], [ -96.11772, 32.09463 ], [ -96.10535, 32.07533 ], [ -96.066, 32.08581 ], [ -96.06952, 32.07649 ], [ -96.06264, 32.02644 ], [ -96.05477, 32.01252 ], [ -96.05278, 32.00589 ], [ -95.7932, 32.0369 ], [ -95.4285, 32.08447 ], [ -95.45683, 32.1123 ], [ -95.4599, 32.13555 ], [ -95.4779, 32.1462 ], [ -95.46257, 32.20176 ], [ -95.48872, 32.23248 ], [ -95.46757, 32.24662 ], [ -95.46994, 32.26212 ], [ -95.44696, 32.2958 ], [ -95.45782, 32.32792 ], [ -95.44909, 32.35945 ], [ -95.47039, 32.36879 ], [ -95.49379, 32.38963 ], [ -95.50163, 32.40923 ], [ -95.53911, 32.43298 ], [ -95.5523, 32.45182 ], [ -95.59429, 32.47985 ], [ -95.59453, 32.68702 ], [ -95.60545, 32.70241 ], [ -95.63461, 32.71692 ], [ -95.66538, 32.96043 ], [ -95.30895, 32.96257 ], [ -95.30762, 33.29129 ], [ -95.31018, 33.5706 ], [ -95.31103, 33.75009 ], [ -95.31049, 33.8772 ] ] ] } },
{ "type": "Feature", "properties": { "fid": 178, "ZoneCode": "482038", "AbrvFull": "TX SMTH", "NameFull": "Texas Smith", "ZoneNum": 38, "AbrvPart": "SMTH", "NamePart": "Smith", "ZoneType": "Multizone partial", "StateAbrv": "TX", "StateName": "Texas", "ProjAbrv": "OMC", "ProjType": "Hotine Oblique Mercator, center", "LatOrigin": "32°00'N", "LonOriginE": "264°30'E", "LonOriginW": "95°30'W", "Lat0_deg": 32.0, "Lon0_E_deg": 264.5, "Lon0_W_deg": -95.5, "ProjScale": 1.000002, "SkewAz_deg": -8, "FalseN_m": 304800.0, "FalseE_m": 11696700.0, "FalseN_ift": 1000000.0, "FalseE_ift": 38375000.0, "DesignBy": "State", "Ref_frame": "NATRF2022" }, "geometry": { "type": "Polygon", "coordinates": [ [ [ -94.98693, 32.53724 ], [ -95.00868, 32.51681 ], [ -95.02235, 32.52169 ], [ -95.01503, 32.54269 ], [ -95.04075, 32.53228 ], [ -95.04625, 32.53924 ], [ -95.08386, 32.54254 ], [ -95.07911, 32.55611 ], [ -95.14009, 32.55016 ], [ -95.14588, 32.56974 ], [ -95.15646, 32.56858 ], [ -95.16751, 32.54395 ], [ -95.18123, 32.5418 ], [ -95.2067, 32.55995 ], [ -95.20428, 32.57178 ], [ -95.23794, 32.56054 ], [ -95.2503, 32.57772 ], [ -95.27785, 32.57158 ], [ -95.28125, 32.58 ], [ -95.33215, 32.60425 ], [ -95.35754, 32.60789 ], [ -95.37491, 32.59753 ], [ -95.4197, 32.6091 ], [ -95.47296, 32.60642 ], [ -95.51069, 32.62699 ], [ -95.53023, 32.64748 ], [ -95.58358, 32.67467 ], [ -95.59453, 32.68702 ], [ -95.59429, 32.47985 ], [ -95.5523, 32.45182 ], [ -95.53911, 32.43298 ], [ -95.50163, 32.40923 ], [ -95.49379, 32.38963 ], [ -95.47039, 32.36879 ], [ -95.44909, 32.35945 ], [ -95.45782, 32.32792 ], [ -95.44696, 32.2958 ], [ -95.46994, 32.26212 ], [ -95.46757, 32.24662 ], [ -95.48872, 32.23248 ], [ -95.46257, 32.20176 ], [ -95.4779, 32.1462 ], [ -95.4599, 32.13555 ], [ -95.45683, 32.1123 ], [ -95.4285, 32.08447 ], [ -95.7932, 32.0369 ], [ -96.05278, 32.00589 ], [ -96.06485, 31.98094 ], [ -96.04643, 31.97018 ], [ -96.05468, 31.94822 ], [ -96.02248, 31.95754 ], [ -96.00139, 31.90816 ], [ -96.01946, 31.90377 ], [ -96.02761, 31.87787 ], [ -96.0079, 31.88113 ], [ -95.99412, 31.86625 ], [ -95.97028, 31.87718 ], [ -95.99453, 31.84335 ], [ -95.97322, 31.81913 ], [ -95.98056, 31.78456 ], [ -95.96306, 31.78942 ], [ -95.95301, 31.77628 ], [ -95.92423, 31.76584 ], [ -95.90391, 31.76739 ], [ -95.87593, 31.7555 ], [ -95.86713, 31.71818 ], [ -95.88043, 31.70334 ], [ -95.86125, 31.68745 ], [ -95.83531, 31.69559 ], [ -95.81055, 31.67346 ], [ -95.77973, 31.68393 ], [ -95.79407, 31.6603 ], [ -95.79563, 31.62892 ], [ -95.76722, 31.59758 ], [ -95.74866, 31.6177 ], [ -95.75726, 31.64354 ], [ -95.73567, 31.65382 ], [ -95.7101, 31.61558 ], [ -95.72929, 31.5829 ], [ -95.7185, 31.55365 ], [ -95.75106, 31.55196 ], [ -95.7587, 31.53321 ], [ -95.73702, 31.51853 ], [ -95.74184, 31.48654 ], [ -95.72949, 31.48918 ], [ -95.74683, 31.45816 ], [ -95.72555, 31.4623 ], [ -95.71108, 31.45413 ], [ -95.71167, 31.42359 ], [ -95.69831, 31.40633 ], [ -95.69173, 31.37493 ], [ -95.66206, 31.357 ], [ -95.65719, 31.31799 ], [ -95.67178, 31.31602 ], [ -95.67102, 31.29623 ], [ -95.69074, 31.29738 ], [ -95.72522, 31.27108 ], [ -95.72791, 31.22465 ], [ -95.74793, 31.2083 ], [ -95.74543, 31.18189 ], [ -95.72869, 31.16406 ], [ -95.7494, 31.15523 ], [ -95.75739, 31.14157 ], [ -95.77557, 31.13609 ], [ -95.7644, 31.09421 ], [ -95.72337, 31.07983 ], [ -95.69238, 31.08195 ], [ -95.67646, 31.0759 ], [ -95.66354, 31.08388 ], [ -95.64894, 31.07047 ], [ -95.64754, 31.05538 ], [ -95.62997, 31.05174 ], [ -95.63469, 31.03732 ], [ -95.66317, 31.03321 ], [ -95.65841, 31.0163 ], [ -95.68115, 30.98695 ], [ -95.66494, 30.97088 ], [ -95.63867, 30.92673 ], [ -95.61786, 30.93041 ], [ -95.43934, 31.05498 ], [ -95.0002, 31.35698 ], [ -94.9581, 31.38692 ], [ -94.97602, 31.40774 ], [ -95.00303, 31.42622 ], [ -94.86585, 31.52691 ], [ -94.88396, 31.52969 ], [ -94.89719, 31.55281 ], [ -94.89224, 31.57808 ], [ -94.9123, 31.56902 ], [ -94.92421, 31.57948 ], [ -94.93346, 31.62181 ], [ -94.95196, 31.64135 ], [ -94.94856, 31.65741 ], [ -94.96594, 31.69775 ], [ -94.95834, 31.72409 ], [ -94.97275, 31.73763 ], [ -94.96731, 31.75393 ], [ -94.93166, 31.7545 ], [ -94.93862, 31.77222 ], [ -94.95135, 31.76913 ], [ -94.97813, 31.79351 ], [ -94.95542, 31.79636 ], [ -94.9359, 31.83148 ], [ -94.93752, 31.84555 ], [ -94.98503, 31.84619 ], [ -94.98503, 32.09633 ], [ -94.98693, 32.53724 ] ] ] } },
{ "type": "Feature", "properties": { "fid": 179, "ZoneCode": "482039", "AbrvFull": "TX TALR", "NameFull": "Texas Taylor", "ZoneNum": 39, "AbrvPart": "TALR", "NamePart": "Taylor", "ZoneType": "Multizone partial", "StateAbrv": "TX", "StateName": "Texas", "ProjAbrv": "OMC", "ProjType": "Hotine Oblique Mercator, center", "LatOrigin": "32°19'N", "LonOriginE": "260°12'E", "LonOriginW": "99°48'W", "Lat0_deg": 32.316666666700002, "Lon0_E_deg": 260.2, "Lon0_W_deg": -99.8, "ProjScale": 1.000084, "SkewAz_deg": 5, "FalseN_m": 304800.0, "FalseE_m": 12001500.0, "FalseN_ift": 1000000.0, "FalseE_ift": 39375000.0, "DesignBy": "State", "Ref_frame": "NATRF2022" }, "geometry": { "type": "Polygon", "coordinates": [ [ [ -99.98882, 32.96012 ], [ -100.14421, 32.95997 ], [ -100.14666, 32.50029 ], [ -100.14806, 32.44753 ], [ -100.1519, 32.08263 ], [ -100.23513, 32.08237 ], [ -100.23611, 31.7399 ], [ -100.23377, 31.58219 ], [ -100.11122, 31.58026 ], [ -100.11521, 31.08799 ], [ -100.00034, 31.08743 ], [ -99.60321, 31.08729 ], [ -99.60151, 31.12516 ], [ -99.60249, 31.36256 ], [ -99.60184, 31.49195 ], [ -99.61428, 31.50156 ], [ -99.62467, 31.4935 ], [ -99.60818, 31.4808 ], [ -99.62621, 31.46752 ], [ -99.64659, 31.49169 ], [ -99.67635, 31.49726 ], [ -99.65255, 31.52746 ], [ -99.65878, 31.53477 ], [ -99.69024, 31.53203 ], [ -99.67341, 31.55529 ], [ -99.69466, 31.55838 ], [ -99.70572, 31.57689 ], [ -99.72205, 31.56276 ], [ -99.7146, 32.00014 ], [ -99.71396, 32.08208 ], [ -99.6314, 32.08127 ], [ -99.63083, 32.34134 ], [ -99.62957, 32.51465 ], [ -99.61202, 32.51465 ], [ -99.61199, 32.95696 ], [ -99.98882, 32.96012 ] ] ] } },
{ "type": "Feature", "properties": { "fid": 180, "ZoneCode": "482040", "AbrvFull": "TX TRRL", "NameFull": "Texas Terrell", "ZoneNum": 40, "AbrvPart": "TRRL", "NamePart": "Terrell", "ZoneType": "Multizone partial", "StateAbrv": "TX", "StateName": "Texas", "ProjAbrv": "OMC", "ProjType": "Hotine Oblique Mercator, center", "LatOrigin": "29°50'N", "LonOriginE": "258°00'E", "LonOriginW": "102°00'W", "Lat0_deg": 29.833333333300001, "Lon0_E_deg": 258.0, "Lon0_W_deg": -102.0, "ProjScale": 1.000099, "SkewAz_deg": 15, "FalseN_m": 304800.0, "FalseE_m": 12306300.0, "FalseN_ift": 1000000.0, "FalseE_ift": 40375000.0, "DesignBy": "State", "Ref_frame": "NATRF2022" }, "geometry": { "type": "Polygon", "coordinates": [ [ [ -101.75839, 30.28804 ], [ -101.7445, 30.30127 ], [ -101.73698, 30.32697 ], [ -101.7006, 30.34592 ], [ -101.66955, 30.33935 ], [ -101.65852, 30.35786 ], [ -101.69741, 30.38049 ], [ -101.70162, 30.40224 ], [ -101.72872, 30.40829 ], [ -101.74042, 30.42089 ], [ -101.72031, 30.44222 ], [ -101.73096, 30.45945 ], [ -101.72189, 30.47101 ], [ -101.70009, 30.45759 ], [ -101.68886, 30.46762 ], [ -101.69181, 30.49141 ], [ -101.67509, 30.50213 ], [ -101.67995, 30.52179 ], [ -101.66759, 30.52802 ], [ -101.64623, 30.56076 ], [ -101.66352, 30.58885 ], [ -101.65262, 30.61937 ], [ -101.66982, 30.6379 ], [ -101.68967, 30.63904 ], [ -101.71205, 30.65464 ], [ -101.75042, 30.64969 ], [ -101.76841, 30.65307 ], [ -101.9976, 30.65408 ], [ -102.13777, 30.65598 ], [ -102.1384, 30.59752 ], [ -102.34298, 30.59875 ], [ -102.34307, 30.28411 ], [ -102.56693, 30.28326 ], [ -102.56704, 30.0528 ], [ -102.32081, 29.87893 ], [ -102.29999, 29.87736 ], [ -102.27707, 29.86278 ], [ -102.2494, 29.86381 ], [ -102.2453, 29.85039 ], [ -102.19925, 29.83668 ], [ -102.18893, 29.8488 ], [ -102.18133, 29.83082 ], [ -102.14356, 29.80332 ], [ -102.11974, 29.80247 ], [ -102.11671, 29.79303 ], [ -102.08437, 29.79506 ], [ -102.04901, 29.78567 ], [ -102.03581, 29.80406 ], [ -102.01445, 29.79764 ], [ -102.00065, 29.80519 ], [ -101.98429, 29.79926 ], [ -101.98156, 29.81502 ], [ -101.95547, 29.79533 ], [ -101.94588, 29.80175 ], [ -101.9249, 29.78403 ], [ -101.91047, 29.79829 ], [ -101.87576, 29.79379 ], [ -101.84982, 29.80727 ], [ -101.83758, 29.79336 ], [ -101.81868, 29.7915 ], [ -101.82505, 29.80825 ], [ -101.8036, 29.80344 ], [ -101.8108, 29.78362 ], [ -101.78852, 29.77927 ], [ -101.78276, 29.78932 ], [ -101.76091, 29.7818 ], [ -101.75965, 29.91843 ], [ -101.75839, 30.28804 ] ] ] } },
{ "type": "Feature", "properties": { "fid": 181, "ZoneCode": "482041", "AbrvFull": "TX TIUS", "NameFull": "Texas Titus", "ZoneNum": 41, "AbrvPart": "TIUS", "NamePart": "Titus", "ZoneType": "Multizone partial", "StateAbrv": "TX", "StateName": "Texas", "ProjAbrv": "TM", "ProjType": "Transverse Mercator", "LatOrigin": "30°00'N", "LonOriginE": "264°54'E", "LonOriginW": "95°06'W", "Lat0_deg": 30.0, "Lon0_E_deg": 264.9, "Lon0_W_deg": -95.1, "ProjScale": 1.000006, "SkewAz_deg": -9999, "FalseN_m": 0.0, "FalseE_m": 12611100.0, "FalseN_ift": 0.0, "FalseE_ift": 41375000.0, "DesignBy": "State", "Ref_frame": "NATRF2022" }, "geometry": { "type": "Polygon", "coordinates": [ [ [ -94.74609, 33.70301 ], [ -94.75773, 33.71781 ], [ -94.75136, 33.73372 ], [ -94.77312, 33.72718 ], [ -94.78863, 33.73566 ], [ -94.75812, 33.75653 ], [ -94.77134, 33.76064 ], [ -94.78006, 33.74446 ], [ -94.80224, 33.73278 ], [ -94.82338, 33.76917 ], [ -94.82794, 33.74088 ], [ -94.8493, 33.73958 ], [ -94.87466, 33.74916 ], [ -94.88692, 33.76906 ], [ -94.89819, 33.76902 ], [ -94.92234, 33.79353 ], [ -94.91103, 33.81502 ], [ -94.92656, 33.82633 ], [ -94.92328, 33.80874 ], [ -94.94221, 33.80577 ], [ -94.95351, 33.81647 ], [ -94.94388, 33.83022 ], [ -94.96439, 33.83702 ], [ -94.96888, 33.86091 ], [ -94.99215, 33.85203 ], [ -95.04902, 33.86408 ], [ -95.0601, 33.90187 ], [ -95.07557, 33.90122 ], [ -95.0824, 33.87988 ], [ -95.09999, 33.89679 ], [ -95.07973, 33.90859 ], [ -95.08244, 33.92174 ], [ -95.11314, 33.90449 ], [ -95.13163, 33.91602 ], [ -95.12956, 33.93671 ], [ -95.15714, 33.93672 ], [ -95.17163, 33.94676 ], [ -95.21667, 33.96265 ], [ -95.25088, 33.93606 ], [ -95.24762, 33.91474 ], [ -95.26135, 33.88772 ], [ -95.26975, 33.91146 ], [ -95.28552, 33.90365 ], [ -95.28072, 33.87549 ], [ -95.31049, 33.8772 ], [ -95.31103, 33.75009 ], [ -95.31018, 33.5706 ], [ -95.30762, 33.29129 ], [ -95.30895, 32.96257 ], [ -95.66538, 32.96043 ], [ -95.63461, 32.71692 ], [ -95.60545, 32.70241 ], [ -95.59453, 32.68702 ], [ -95.58358, 32.67467 ], [ -95.53023, 32.64748 ], [ -95.51069, 32.62699 ], [ -95.47296, 32.60642 ], [ -95.4197, 32.6091 ], [ -95.37491, 32.59753 ], [ -95.35754, 32.60789 ], [ -95.33215, 32.60425 ], [ -95.28125, 32.58 ], [ -95.27785, 32.57158 ], [ -95.2503, 32.57772 ], [ -95.23794, 32.56054 ], [ -95.20428, 32.57178 ], [ -95.2067, 32.55995 ], [ -95.18123, 32.5418 ], [ -95.16751, 32.54395 ], [ -95.15646, 32.56858 ], [ -95.14588, 32.56974 ], [ -95.14009, 32.55016 ], [ -95.07911, 32.55611 ], [ -95.08386, 32.54254 ], [ -95.04625, 32.53924 ], [ -95.04075, 32.53228 ], [ -95.01503, 32.54269 ], [ -95.02235, 32.52169 ], [ -95.00868, 32.51681 ], [ -94.98693, 32.53724 ], [ -94.97479, 32.53593 ], [ -94.82021, 32.59064 ], [ -94.75849, 32.65979 ], [ -94.74613, 32.66753 ], [ -94.72791, 32.65541 ], [ -94.70178, 32.65227 ], [ -94.70213, 32.82051 ], [ -94.67234, 32.83475 ], [ -94.69765, 32.84308 ], [ -94.70575, 32.87916 ], [ -94.65399, 32.8795 ], [ -94.65399, 33.06126 ], [ -94.65225, 33.26886 ], [ -94.67234, 33.28972 ], [ -94.6863, 33.29277 ], [ -94.69182, 33.3124 ], [ -94.7303, 33.30881 ], [ -94.74692, 33.32893 ], [ -94.74609, 33.70301 ] ] ] } },
{ "type": "Feature", "properties": { "fid": 182, "ZoneCode": "482042", "AbrvFull": "TX TOMG", "NameFull": "Texas Tom Green", "ZoneNum": 42, "AbrvPart": "TOMG", "NamePart": "Tom Green", "ZoneType": "Multizone partial", "StateAbrv": "TX", "StateName": "Texas", "ProjAbrv": "TM", "ProjType": "Transverse Mercator", "LatOrigin": "28°30'N", "LonOriginE": "259°26'E", "LonOriginW": "100°34'W", "Lat0_deg": 28.5, "Lon0_E_deg": 259.43333333300001, "Lon0_W_deg": -100.56666666700001, "ProjScale": 1.00009, "SkewAz_deg": -9999, "FalseN_m": 0.0, "FalseE_m": 12915900.0, "FalseN_ift": 0.0, "FalseE_ift": 42375000.0, "DesignBy": "State", "Ref_frame": "NATRF2022" }, "geometry": { "type": "Polygon", "coordinates": [ [ [ -100.14421, 32.95997 ], [ -100.49882, 32.96303 ], [ -100.99017, 32.96502 ], [ -101.03865, 32.97022 ], [ -101.17337, 32.96359 ], [ -101.1746, 32.49525 ], [ -101.18399, 32.0872 ], [ -101.26421, 32.08713 ], [ -101.26711, 31.65085 ], [ -101.26794, 31.52868 ], [ -100.991, 31.52763 ], [ -100.69305, 31.52395 ], [ -100.68875, 31.08657 ], [ -100.25035, 31.08848 ], [ -100.11521, 31.08799 ], [ -100.11122, 31.58026 ], [ -100.23377, 31.58219 ], [ -100.23611, 31.7399 ], [ -100.23513, 32.08237 ], [ -100.1519, 32.08263 ], [ -100.14806, 32.44753 ], [ -100.14666, 32.50029 ], [ -100.14421, 32.95997 ] ] ] } },
{ "type": "Feature", "properties": { "fid": 183, "ZoneCode": "482043", "AbrvFull": "TX TVBX", "NameFull": "Texas Travis-Bexar", "ZoneNum": 43, "AbrvPart": "TVBX", "NamePart": "Travis-Bexar", "ZoneType": "Multizone partial", "StateAbrv": "TX", "StateName": "Texas", "ProjAbrv": "OMC", "ProjType": "Hotine Oblique Mercator, center", "LatOrigin": "29°45'N", "LonOriginE": "262°00'E", "LonOriginW": "98°00'W", "Lat0_deg": 29.75, "Lon0_E_deg": 262.0, "Lon0_W_deg": -98.0, "ProjScale": 1.000028, "SkewAz_deg": 30, "FalseN_m": 266700.0, "FalseE_m": 13220700.0, "FalseN_ift": 875000.0, "FalseE_ift": 43375000.0, "DesignBy": "State", "Ref_frame": "NATRF2022" }, "geometry": { "type": "Polygon", "coordinates": [ [ [ -97.31548, 30.75236 ], [ -97.62404, 30.87 ], [ -97.82809, 30.90441 ], [ -97.96285, 30.78564 ], [ -98.12341, 30.48648 ], [ -98.09777, 30.49805 ], [ -98.0977, 30.46762 ], [ -98.17302, 30.35624 ], [ -98.29759, 30.03799 ], [ -98.41401, 29.93755 ], [ -98.48686, 29.87521 ], [ -98.64568, 29.74567 ], [ -98.69998, 29.73744 ], [ -98.73776, 29.71674 ], [ -98.77877, 29.72016 ], [ -98.80654, 29.6907 ], [ -98.80458, 29.3234 ], [ -98.80475, 29.25069 ], [ -98.40733, 29.11443 ], [ -98.29595, 29.24731 ], [ -98.13718, 29.44042 ], [ -98.12256, 29.37854 ], [ -98.11306, 29.36533 ], [ -98.08467, 29.37959 ], [ -97.84037, 29.37679 ], [ -97.75385, 29.48858 ], [ -97.74658, 29.50033 ], [ -97.63317, 29.64986 ], [ -97.65164, 29.65396 ], [ -97.65324, 29.6678 ], [ -97.72184, 29.68208 ], [ -97.74334, 29.69884 ], [ -97.73836, 29.7129 ], [ -97.76845, 29.7191 ], [ -97.75859, 29.72504 ], [ -97.78161, 29.75971 ], [ -97.80359, 29.75373 ], [ -97.80027, 29.7662 ], [ -97.81713, 29.79038 ], [ -97.84234, 29.79922 ], [ -97.84863, 29.84334 ], [ -97.876, 29.86055 ], [ -97.89866, 29.8571 ], [ -97.89389, 29.88373 ], [ -97.84917, 29.916 ], [ -97.79258, 29.94505 ], [ -97.76132, 29.98731 ], [ -97.70776, 30.02405 ], [ -97.65368, 30.07156 ], [ -97.64936, 30.06794 ], [ -97.49247, 30.21001 ], [ -97.36948, 30.41964 ], [ -97.33445, 30.40284 ], [ -97.15521, 30.45734 ], [ -97.26994, 30.73536 ], [ -97.31548, 30.75236 ] ] ] } },
{ "type": "Feature", "properties": { "fid": 184, "ZoneCode": "482044", "AbrvFull": "TX VICT", "NameFull": "Texas Victoria", "ZoneNum": 44, "AbrvPart": "VICT", "NamePart": "Victoria", "ZoneType": "Multizone partial", "StateAbrv": "TX", "StateName": "Texas", "ProjAbrv": "OMC", "ProjType": "Hotine Oblique Mercator, center", "LatOrigin": "28°40'N", "LonOriginE": "263°12'E", "LonOriginW": "96°48'W", "Lat0_deg": 28.666666666699999, "Lon0_E_deg": 263.2, "Lon0_W_deg": -96.8, "ProjScale": 0.999983, "SkewAz_deg": 58, "FalseN_m": 266700.0, "FalseE_m": 13563600.0, "FalseN_ift": 875000.0, "FalseE_ift": 44500000.0, "DesignBy": "State", "Ref_frame": "NATRF2022" }, "geometry": { "type": "Polygon", "coordinates": [ [ [ -96.0889, 29.60165 ], [ -96.11624, 29.62333 ], [ -96.14183, 29.61963 ], [ -96.17604, 29.63337 ], [ -96.30766, 29.51452 ], [ -96.34921, 29.40605 ], [ -96.3758, 29.39327 ], [ -96.60433, 29.26578 ], [ -96.64031, 29.2478 ], [ -96.65846, 29.26387 ], [ -96.87525, 29.11006 ], [ -96.93858, 29.06324 ], [ -96.97637, 29.10404 ], [ -97.03318, 29.06433 ], [ -97.30591, 28.86403 ], [ -97.3104, 28.8773 ], [ -97.32549, 28.87483 ], [ -97.33998, 28.89564 ], [ -97.37146, 28.89925 ], [ -97.38241, 28.91566 ], [ -97.41733, 28.92522 ], [ -97.77852, 28.66802 ], [ -97.79522, 28.67339 ], [ -97.8253, 28.67034 ], [ -97.89333, 28.69996 ], [ -97.9151, 28.71964 ], [ -98.00524, 28.69023 ], [ -98.08975, 28.66297 ], [ -97.99131, 28.49673 ], [ -97.80876, 28.18341 ], [ -97.81771, 28.17684 ], [ -97.56761, 28.12968 ], [ -97.3751, 28.38917 ], [ -97.16155, 28.55271 ], [ -97.12504, 28.5453 ], [ -97.10516, 28.5548 ], [ -97.09083, 28.53457 ], [ -97.08278, 28.54259 ], [ -97.04852, 28.54997 ], [ -97.05138, 28.53703 ], [ -97.03061, 28.54152 ], [ -97.01973, 28.52026 ], [ -96.98214, 28.49963 ], [ -96.95554, 28.50435 ], [ -96.91527, 28.48579 ], [ -96.90171, 28.50963 ], [ -96.88065, 28.50387 ], [ -96.86255, 28.47751 ], [ -96.84839, 28.47607 ], [ -96.83991, 28.45888 ], [ -96.81348, 28.43026 ], [ -96.78939, 28.44717 ], [ -96.76425, 28.42585 ], [ -96.77862, 28.40425 ], [ -96.79499, 28.36468 ], [ -96.79074, 28.31628 ], [ -96.83085, 28.108 ], [ -96.85267, 28.06044 ], [ -96.8159, 28.02283 ], [ -96.74624, 28.07962 ], [ -96.61878, 28.16952 ], [ -96.53099, 28.22116 ], [ -96.37524, 28.29076 ], [ -96.35268, 28.31292 ], [ -96.34128, 28.34069 ], [ -96.32075, 28.36286 ], [ -96.29417, 28.3683 ], [ -96.27176, 28.38293 ], [ -96.25818, 28.40787 ], [ -96.18223, 28.45203 ], [ -96.07832, 28.5 ], [ -95.87523, 28.58278 ], [ -95.75023, 28.63841 ], [ -95.53201, 28.75025 ], [ -95.49564, 28.76483 ], [ -95.50708, 28.825 ], [ -95.504, 28.83751 ], [ -95.53046, 28.82909 ], [ -95.5677, 28.82975 ], [ -95.57901, 28.83962 ], [ -95.57923, 28.85961 ], [ -95.64166, 28.90374 ], [ -95.65189, 28.92568 ], [ -95.64581, 28.93888 ], [ -95.67954, 28.96573 ], [ -95.70545, 28.96861 ], [ -95.76493, 28.96735 ], [ -95.76716, 28.98871 ], [ -95.77833, 28.99705 ], [ -95.78544, 29.03895 ], [ -95.76754, 29.05324 ], [ -95.77044, 29.06621 ], [ -95.79366, 29.07248 ], [ -95.80579, 29.09041 ], [ -95.82903, 29.08892 ], [ -95.8463, 29.10779 ], [ -95.83753, 29.12991 ], [ -95.85069, 29.15187 ], [ -95.83836, 29.17656 ], [ -95.8578, 29.19331 ], [ -95.84466, 29.20467 ], [ -95.87402, 29.2297 ], [ -95.84194, 29.2587 ], [ -95.85693, 29.26797 ], [ -95.87959, 29.26676 ], [ -95.89753, 29.29928 ], [ -95.89446, 29.31498 ], [ -95.923, 29.32927 ], [ -95.9468, 29.33343 ], [ -95.95337, 29.34507 ], [ -95.9395, 29.35253 ], [ -95.94729, 29.37251 ], [ -95.9684, 29.38344 ], [ -95.97342, 29.41144 ], [ -95.98205, 29.41076 ], [ -95.99293, 29.43362 ], [ -96.00384, 29.42886 ], [ -96.03658, 29.44569 ], [ -96.03276, 29.45413 ], [ -96.06067, 29.47647 ], [ -96.05967, 29.49186 ], [ -96.02607, 29.49533 ], [ -96.02424, 29.50691 ], [ -96.05391, 29.512 ], [ -96.05514, 29.53986 ], [ -96.04166, 29.54026 ], [ -96.04459, 29.56223 ], [ -96.05999, 29.56866 ], [ -96.05955, 29.58851 ], [ -96.0889, 29.60165 ] ] ] } },
{ "type": "Feature", "properties": { "fid": 185, "ZoneCode": "482045", "AbrvFull": "TX WLKR", "NameFull": "Texas Walker", "ZoneNum": 45, "AbrvPart": "WLKR", "NamePart": "Walker", "ZoneType": "Multizone partial", "StateAbrv": "TX", "StateName": "Texas", "ProjAbrv": "OMC", "ProjType": "Hotine Oblique Mercator, center", "LatOrigin": "30°16'N", "LonOriginE": "265°01'E", "LonOriginW": "94°59'W", "Lat0_deg": 30.266666666700001, "Lon0_E_deg": 265.01666666699998, "Lon0_W_deg": -94.983333333299996, "ProjScale": 0.999991, "SkewAz_deg": -20, "FalseN_m": 304800.0, "FalseE_m": 13868400.0, "FalseN_ift": 1000000.0, "FalseE_ift": 45500000.0, "DesignBy": "State", "Ref_frame": "NATRF2022" }, "geometry": { "type": "Polygon", "coordinates": [ [ [ -94.35487, 29.50632 ], [ -94.35337, 29.57484 ], [ -94.35797, 29.88746 ], [ -94.4422, 29.88705 ], [ -94.4449, 30.11301 ], [ -94.59633, 30.1121 ], [ -94.73272, 30.49006 ], [ -94.53792, 30.49105 ], [ -94.54203, 30.51134 ], [ -94.65798, 31.012 ], [ -94.56206, 31.05886 ], [ -94.59891, 31.06855 ], [ -94.6144, 31.0852 ], [ -94.65829, 31.08477 ], [ -94.673, 31.09583 ], [ -94.69834, 31.09624 ], [ -94.71861, 31.10699 ], [ -94.73859, 31.10368 ], [ -94.8522, 31.14802 ], [ -94.85007, 31.17855 ], [ -94.86574, 31.21206 ], [ -94.86116, 31.23274 ], [ -94.87454, 31.24964 ], [ -94.89767, 31.25801 ], [ -94.8767, 31.28339 ], [ -94.89467, 31.2917 ], [ -94.89901, 31.32697 ], [ -94.90949, 31.33705 ], [ -94.95781, 31.34284 ], [ -94.9581, 31.38692 ], [ -95.0002, 31.35698 ], [ -95.43934, 31.05498 ], [ -95.61786, 30.93041 ], [ -95.61192, 30.91824 ], [ -95.62959, 30.90008 ], [ -95.65449, 30.89323 ], [ -95.6638, 30.90411 ], [ -95.7165, 30.9114 ], [ -95.73338, 30.90005 ], [ -95.76492, 30.89632 ], [ -95.78452, 30.8793 ], [ -95.84316, 30.86186 ], [ -95.86307, 30.86429 ], [ -95.83023, 30.63028 ], [ -95.59896, 30.509 ], [ -95.36186, 30.50891 ], [ -95.3507, 30.47605 ], [ -95.32952, 30.43319 ], [ -95.30839, 30.40574 ], [ -95.2607, 30.38344 ], [ -95.23554, 30.37862 ], [ -95.21798, 30.35624 ], [ -95.2038, 30.35209 ], [ -95.22061, 30.33739 ], [ -95.22576, 30.31944 ], [ -95.16589, 30.34497 ], [ -95.10018, 30.1768 ], [ -95.03117, 29.99332 ], [ -94.9998, 29.99143 ], [ -94.98536, 29.97227 ], [ -94.99865, 29.91977 ], [ -94.98791, 29.90473 ], [ -94.97704, 29.86806 ], [ -94.95308, 29.8553 ], [ -94.93459, 29.83429 ], [ -94.91286, 29.82945 ], [ -94.90921, 29.81362 ], [ -94.92383, 29.79472 ], [ -94.9138, 29.7663 ], [ -94.92982, 29.75 ], [ -94.92829, 29.73875 ], [ -94.94539, 29.71623 ], [ -94.93256, 29.71434 ], [ -94.9299, 29.69737 ], [ -94.91557, 29.69818 ], [ -94.93259, 29.67511 ], [ -94.96857, 29.68254 ], [ -95.00163, 29.66438 ], [ -95.01503, 29.63195 ], [ -94.9826, 29.60177 ], [ -95.00607, 29.57706 ], [ -95.0182, 29.55459 ], [ -95.00309, 29.52605 ], [ -94.97805, 29.51167 ], [ -94.90984, 29.49644 ], [ -94.8811, 29.51273 ], [ -94.79493, 29.35439 ], [ -94.6243, 29.33487 ], [ -94.62858, 29.35827 ], [ -94.6503, 29.38282 ], [ -94.62518, 29.39766 ], [ -94.49944, 29.45233 ], [ -94.35487, 29.50632 ] ] ] } },
{ "type": "Feature", "properties": { "fid": 186, "ZoneCode": "482046", "AbrvFull": "TX WARD", "NameFull": "Texas Ward", "ZoneNum": 46, "AbrvPart": "WARD", "NamePart": "Ward", "ZoneType": "Multizone partial", "StateAbrv": "TX", "StateName": "Texas", "ProjAbrv": "LC1", "ProjType": "Lambert Conformal Conic, one parallel", "LatOrigin": "31°20'N", "LonOriginE": "257°48'E", "LonOriginW": "102°12'W", "Lat0_deg": 31.333333333300001, "Lon0_E_deg": 257.8, "Lon0_W_deg": -102.2, "ProjScale": 1.000115, "SkewAz_deg": -9999, "FalseN_m": 304800.0, "FalseE_m": 14173200.0, "FalseN_ift": 1000000.0, "FalseE_ift": 46500000.0, "DesignBy": "State", "Ref_frame": "NATRF2022" }, "geometry": { "type": "Polygon", "coordinates": [ [ [ -101.26711, 31.65085 ], [ -101.61624, 31.65152 ], [ -102.00704, 31.65162 ], [ -102.59768, 31.65108 ], [ -103.61088, 31.6518 ], [ -103.57302, 31.63229 ], [ -103.54932, 31.64462 ], [ -103.5113, 31.62627 ], [ -103.50419, 31.59664 ], [ -103.51141, 31.567 ], [ -103.49559, 31.55029 ], [ -103.50349, 31.50547 ], [ -103.48209, 31.47716 ], [ -103.48992, 31.45971 ], [ -103.48302, 31.4471 ], [ -103.4543, 31.42582 ], [ -103.44053, 31.43193 ], [ -103.41857, 31.42615 ], [ -103.3938, 31.43133 ], [ -103.36921, 31.41413 ], [ -103.34458, 31.42224 ], [ -103.32993, 31.41199 ], [ -103.26895, 31.42709 ], [ -103.24492, 31.38936 ], [ -103.18121, 31.37024 ], [ -103.14248, 31.36541 ], [ -103.06734, 31.36519 ], [ -103.05598, 31.38442 ], [ -103.02388, 31.37956 ], [ -102.99626, 31.36142 ], [ -102.96566, 31.3513 ], [ -102.93357, 31.35008 ], [ -102.89566, 31.32206 ], [ -102.87538, 31.31629 ], [ -102.87727, 31.30521 ], [ -102.83884, 31.28583 ], [ -102.82708, 31.2679 ], [ -102.77259, 31.29349 ], [ -102.75371, 31.27905 ], [ -102.72997, 31.2877 ], [ -102.72486, 31.30841 ], [ -102.67649, 31.32682 ], [ -102.641, 31.30968 ], [ -102.62894, 31.29102 ], [ -102.61637, 31.28938 ], [ -102.60067, 31.26709 ], [ -102.57906, 31.27152 ], [ -102.52147, 31.26258 ], [ -102.50229, 31.25297 ], [ -102.49109, 31.23563 ], [ -102.45805, 31.22357 ], [ -102.42953, 31.19355 ], [ -102.42286, 31.14924 ], [ -102.43012, 31.12905 ], [ -102.40614, 31.08787 ], [ -102.38879, 31.08715 ], [ -101.95719, 31.08212 ], [ -101.86236, 31.07977 ], [ -101.25038, 31.07941 ], [ -101.00038, 31.08186 ], [ -100.68875, 31.08657 ], [ -100.69305, 31.52395 ], [ -100.991, 31.52763 ], [ -101.26794, 31.52868 ], [ -101.26711, 31.65085 ] ] ] } },
{ "type": "Feature", "properties": { "fid": 187, "ZoneCode": "482047", "AbrvFull": "TX WASH", "NameFull": "Texas Washington", "ZoneNum": 47, "AbrvPart": "WASH", "NamePart": "Washington", "ZoneType": "Multizone partial", "StateAbrv": "TX", "StateName": "Texas", "ProjAbrv": "OMC", "ProjType": "Hotine Oblique Mercator, center", "LatOrigin": "29°21'N", "LonOriginE": "262°48'E", "LonOriginW": "97°12'W", "Lat0_deg": 29.35, "Lon0_E_deg": 262.8, "Lon0_W_deg": -97.2, "ProjScale": 1.0, "SkewAz_deg": 54, "FalseN_m": 266700.0, "FalseE_m": 14478000.0, "FalseN_ift": 875000.0, "FalseE_ift": 47500000.0, "DesignBy": "State", "Ref_frame": "NATRF2022" }, "geometry": { "type": "Polygon", "coordinates": [ [ [ -96.09316, 30.22518 ], [ -96.08457, 30.25125 ], [ -96.09911, 30.25517 ], [ -96.08588, 30.28898 ], [ -96.10057, 30.2928 ], [ -96.09718, 30.31111 ], [ -96.12047, 30.30568 ], [ -96.16019, 30.33848 ], [ -96.14986, 30.36879 ], [ -96.17656, 30.3761 ], [ -96.17346, 30.38922 ], [ -96.19324, 30.39964 ], [ -96.19953, 30.38291 ], [ -96.26867, 30.35867 ], [ -96.31279, 30.3843 ], [ -96.3409, 30.36781 ], [ -96.3605, 30.36784 ], [ -96.42274, 30.34337 ], [ -96.45513, 30.34453 ], [ -96.4621, 30.33635 ], [ -96.49049, 30.33561 ], [ -96.49603, 30.32435 ], [ -96.5409, 30.31798 ], [ -96.56235, 30.32245 ], [ -96.56791, 30.31323 ], [ -96.60598, 30.30211 ], [ -96.63323, 30.29953 ], [ -96.65789, 30.28777 ], [ -96.68526, 30.25601 ], [ -96.70752, 30.24534 ], [ -96.73164, 30.24388 ], [ -96.74191, 30.22801 ], [ -96.74145, 30.19756 ], [ -96.79454, 30.16054 ], [ -96.84585, 30.11602 ], [ -97.01915, 30.032 ], [ -97.02445, 30.05143 ], [ -97.10501, 29.97718 ], [ -97.31788, 29.78465 ], [ -97.59773, 29.63071 ], [ -97.61749, 29.63355 ], [ -97.63317, 29.64986 ], [ -97.74658, 29.50033 ], [ -97.75385, 29.48858 ], [ -97.84037, 29.37679 ], [ -98.08467, 29.37959 ], [ -98.11306, 29.36533 ], [ -98.12256, 29.37854 ], [ -98.13718, 29.44042 ], [ -98.29595, 29.24731 ], [ -98.40733, 29.11443 ], [ -98.27015, 28.96887 ], [ -98.18436, 28.87525 ], [ -98.00524, 28.69023 ], [ -97.9151, 28.71964 ], [ -97.89333, 28.69996 ], [ -97.8253, 28.67034 ], [ -97.79522, 28.67339 ], [ -97.77852, 28.66802 ], [ -97.41733, 28.92522 ], [ -97.38241, 28.91566 ], [ -97.37146, 28.89925 ], [ -97.33998, 28.89564 ], [ -97.32549, 28.87483 ], [ -97.3104, 28.8773 ], [ -97.30591, 28.86403 ], [ -97.03318, 29.06433 ], [ -96.97637, 29.10404 ], [ -96.93858, 29.06324 ], [ -96.87525, 29.11006 ], [ -96.65846, 29.26387 ], [ -96.64031, 29.2478 ], [ -96.60433, 29.26578 ], [ -96.3758, 29.39327 ], [ -96.34921, 29.40605 ], [ -96.30766, 29.51452 ], [ -96.17604, 29.63337 ], [ -96.14183, 29.61963 ], [ -96.11624, 29.62333 ], [ -96.0889, 29.60165 ], [ -96.02484, 29.60287 ], [ -96.01753, 29.64546 ], [ -96.03184, 29.65556 ], [ -96.01603, 29.66371 ], [ -96.02966, 29.67522 ], [ -96.04383, 29.66579 ], [ -96.05721, 29.68194 ], [ -96.03215, 29.68852 ], [ -96.01663, 29.68006 ], [ -96.02263, 29.70501 ], [ -96.00757, 29.70293 ], [ -96.0116, 29.71984 ], [ -96.03238, 29.71747 ], [ -96.03968, 29.73972 ], [ -96.02959, 29.75466 ], [ -96.04923, 29.80318 ], [ -96.10249, 29.80966 ], [ -96.1213, 29.84196 ], [ -96.10165, 29.85396 ], [ -96.11222, 29.87255 ], [ -96.0958, 29.87667 ], [ -96.12626, 29.89885 ], [ -96.11335, 29.91556 ], [ -96.13164, 29.9375 ], [ -96.11945, 29.95501 ], [ -96.12274, 29.96854 ], [ -96.10525, 29.95917 ], [ -96.09569, 29.97813 ], [ -96.10451, 29.99637 ], [ -96.08453, 30.00513 ], [ -96.0947, 30.02538 ], [ -96.11321, 30.02699 ], [ -96.1172, 30.05012 ], [ -96.14062, 30.05822 ], [ -96.15841, 30.0917 ], [ -96.16026, 30.10806 ], [ -96.17281, 30.09934 ], [ -96.19141, 30.13466 ], [ -96.17193, 30.14116 ], [ -96.17628, 30.15482 ], [ -96.15486, 30.14137 ], [ -96.159, 30.20661 ], [ -96.14507, 30.21856 ], [ -96.12822, 30.2116 ], [ -96.11369, 30.2272 ], [ -96.09893, 30.21452 ], [ -96.09316, 30.22518 ] ] ] } },
{ "type": "Feature", "properties": { "fid": 188, "ZoneCode": "482048", "AbrvFull": "TX WEBB", "NameFull": "Texas Webb", "ZoneNum": 48, "AbrvPart": "WEBB", "NamePart": "Webb", "ZoneType": "Multizone partial", "StateAbrv": "TX", "StateName": "Texas", "ProjAbrv": "OMC", "ProjType": "Hotine Oblique Mercator, center", "LatOrigin": "27°42'N", "LonOriginE": "260°47'E", "LonOriginW": "99°13'W", "Lat0_deg": 27.7, "Lon0_E_deg": 260.78333333299997, "Lon0_W_deg": -99.216666666699993, "ProjScale": 1.000001, "SkewAz_deg": -80, "FalseN_m": 304800.0, "FalseE_m": 14782800.0, "FalseN_ift": 1000000.0, "FalseE_ift": 48500000.0, "DesignBy": "State", "Ref_frame": "NATRF2022" }, "geometry": { "type": "Polygon", "coordinates": [ [ [ -98.80332, 28.05748 ], [ -99.00029, 28.05051 ], [ -99.10207, 28.04373 ], [ -99.38894, 28.03041 ], [ -99.39417, 28.20462 ], [ -99.4999, 28.20323 ], [ -100.21218, 28.19683 ], [ -100.15918, 28.16764 ], [ -100.14109, 28.16814 ], [ -100.11962, 28.15558 ], [ -100.08689, 28.14678 ], [ -100.05311, 28.08473 ], [ -100.01894, 28.06644 ], [ -100.00614, 28.01841 ], [ -99.98975, 27.99287 ], [ -99.96276, 27.98353 ], [ -99.9318, 27.98096 ], [ -99.93713, 27.94053 ], [ -99.91745, 27.91797 ], [ -99.90007, 27.91214 ], [ -99.89408, 27.89296 ], [ -99.90148, 27.86416 ], [ -99.88132, 27.84955 ], [ -99.87228, 27.79525 ], [ -99.84965, 27.79246 ], [ -99.83304, 27.76289 ], [ -99.81311, 27.77399 ], [ -99.80164, 27.74177 ], [ -99.79152, 27.73185 ], [ -99.77073, 27.73213 ], [ -99.73845, 27.6931 ], [ -99.72151, 27.66615 ], [ -99.70459, 27.65495 ], [ -99.69124, 27.66873 ], [ -99.65806, 27.648 ], [ -99.6661, 27.63608 ], [ -99.63892, 27.62675 ], [ -99.62139, 27.64376 ], [ -99.59403, 27.63857 ], [ -99.57763, 27.61859 ], [ -99.57862, 27.60228 ], [ -99.55494, 27.61445 ], [ -99.54188, 27.606 ], [ -99.5297, 27.57976 ], [ -99.51104, 27.5645 ], [ -99.52191, 27.54409 ], [ -99.52838, 27.49855 ], [ -99.49682, 27.5001 ], [ -99.47924, 27.47863 ], [ -99.49509, 27.45151 ], [ -99.48776, 27.41339 ], [ -99.49213, 27.38051 ], [ -99.50797, 27.35301 ], [ -99.50439, 27.33989 ], [ -99.53803, 27.31709 ], [ -99.52964, 27.30605 ], [ -99.49501, 27.30393 ], [ -99.48779, 27.28869 ], [ -99.49649, 27.27338 ], [ -99.48038, 27.26014 ], [ -99.45378, 27.26505 ], [ -99.37061, 27.31917 ], [ -99.3336, 27.27322 ], [ -99.12539, 27.27078 ], [ -98.79808, 27.26801 ], [ -98.79831, 27.35402 ], [ -98.74937, 27.35667 ], [ -98.62502, 27.35772 ], [ -98.62492, 27.33806 ], [ -98.58947, 27.33823 ], [ -98.58953, 27.35869 ], [ -98.55261, 27.3591 ], [ -98.55244, 27.34376 ], [ -98.52228, 27.34328 ], [ -98.52327, 27.26515 ], [ -98.23245, 27.26248 ], [ -98.23549, 28.05796 ], [ -98.5661, 28.05712 ], [ -98.80332, 28.05748 ] ] ] } },
{ "type": "Feature", "properties": { "fid": 189, "ZoneCode": "482049", "AbrvFull": "TX WICH", "NameFull": "Texas Wichita", "ZoneNum": 49, "AbrvPart": "WICH", "NamePart": "Wichita", "ZoneType": "Multizone partial", "StateAbrv": "TX", "StateName": "Texas", "ProjAbrv": "TM", "ProjType": "Transverse Mercator", "LatOrigin": "29°45'N", "LonOriginE": "261°21'E", "LonOriginW": "98°39'W", "Lat0_deg": 29.75, "Lon0_E_deg": 261.35, "Lon0_W_deg": -98.65, "ProjScale": 1.00005, "SkewAz_deg": -9999, "FalseN_m": 0.0, "FalseE_m": 15049500.0, "FalseN_ift": 0.0, "FalseE_ift": 49375000.0, "DesignBy": "State", "Ref_frame": "NATRF2022" }, "geometry": { "type": "Polygon", "coordinates": [ [ [ -98.42352, 34.08284 ], [ -98.4428, 34.08314 ], [ -98.48632, 34.06259 ], [ -98.50414, 34.07228 ], [ -98.53625, 34.10734 ], [ -98.56097, 34.12392 ], [ -98.57735, 34.14909 ], [ -98.60309, 34.1605 ], [ -98.61934, 34.15666 ], [ -98.64806, 34.16444 ], [ -98.69006, 34.13315 ], [ -98.73546, 34.1352 ], [ -98.75744, 34.12471 ], [ -98.76666, 34.13683 ], [ -98.8311, 34.16215 ], [ -98.85731, 34.16109 ], [ -98.86011, 34.14991 ], [ -98.8871, 34.16825 ], [ -98.92069, 34.18343 ], [ -98.95238, 34.21249 ], [ -98.95395, 33.37509 ], [ -98.95086, 32.95691 ], [ -99.09601, 32.95703 ], [ -99.09604, 32.51476 ], [ -98.57625, 32.51516 ], [ -98.57561, 32.95434 ], [ -98.4272, 32.95229 ], [ -98.42461, 33.1501 ], [ -98.42088, 33.26984 ], [ -98.42043, 33.3751 ], [ -98.42325, 33.61887 ], [ -98.42352, 34.08284 ] ] ] } },
{ "type": "Feature", "properties": { "fid": 190, "ZoneCode": "482050", "AbrvFull": "TX WILB", "NameFull": "Texas Wilbarger", "ZoneNum": 50, "AbrvPart": "WILB", "NamePart": "Wilbarger", "ZoneType": "Multizone partial", "StateAbrv": "TX", "StateName": "Texas", "ProjAbrv": "TM", "ProjType": "Transverse Mercator", "LatOrigin": "30°15'N", "LonOriginE": "260°36'E", "LonOriginW": "99°24'W", "Lat0_deg": 30.25, "Lon0_E_deg": 260.6, "Lon0_W_deg": -99.4, "ProjScale": 1.00005, "SkewAz_deg": -9999, "FalseN_m": 0.0, "FalseE_m": 15354300.0, "FalseN_ift": 0.0, "FalseE_ift": 50375000.0, "DesignBy": "State", "Ref_frame": "NATRF2022" }, "geometry": { "type": "Polygon", "coordinates": [ [ [ -98.95238, 34.21249 ], [ -98.96573, 34.20146 ], [ -98.99169, 34.22142 ], [ -99.01295, 34.20319 ], [ -99.03733, 34.20644 ], [ -99.04335, 34.19824 ], [ -99.06632, 34.20842 ], [ -99.09526, 34.21184 ], [ -99.12099, 34.20184 ], [ -99.13754, 34.21934 ], [ -99.15656, 34.20716 ], [ -99.18977, 34.21435 ], [ -99.19924, 34.26079 ], [ -99.19554, 34.28128 ], [ -99.20776, 34.28382 ], [ -99.21315, 34.30847 ], [ -99.21071, 34.33733 ], [ -99.23429, 34.34045 ], [ -99.24284, 34.37267 ], [ -99.27529, 34.38613 ], [ -99.26126, 34.4035 ], [ -99.27882, 34.40026 ], [ -99.2879, 34.41402 ], [ -99.32006, 34.40926 ], [ -99.32869, 34.42238 ], [ -99.35689, 34.44208 ], [ -99.35896, 34.4558 ], [ -99.37554, 34.45878 ], [ -99.39518, 34.44202 ], [ -99.39674, 34.4172 ], [ -99.38717, 34.41084 ], [ -99.39872, 34.37583 ], [ -99.42749, 34.38513 ], [ -99.43345, 34.37022 ], [ -99.46637, 34.39589 ], [ -99.48721, 34.39795 ], [ -99.51761, 34.41449 ], [ -99.57975, 34.41692 ], [ -99.5862, 34.3874 ], [ -99.60002, 34.37468 ], [ -99.62419, 34.37357 ], [ -99.64813, 34.38231 ], [ -99.66394, 34.37367 ], [ -99.69452, 34.37821 ], [ -99.72702, 34.41055 ], [ -99.75344, 34.42085 ], [ -99.76559, 34.43748 ], [ -99.78375, 34.445 ], [ -99.8143, 34.4762 ], [ -99.81671, 34.48971 ], [ -99.85304, 34.51158 ], [ -99.88873, 34.55045 ], [ -99.9232, 34.57455 ], [ -99.95381, 34.57852 ], [ -99.971, 34.5625 ], [ -99.99749, 34.56057 ], [ -99.99761, 34.22435 ], [ -100.00978, 34.24195 ], [ -100.03783, 34.23841 ], [ -100.04702, 34.22977 ], [ -100.04847, 33.83597 ], [ -99.99642, 33.83596 ], [ -99.98941, 33.25009 ], [ -99.98882, 32.96012 ], [ -99.61199, 32.95696 ], [ -99.09601, 32.95703 ], [ -98.95086, 32.95691 ], [ -98.95395, 33.37509 ], [ -98.95238, 34.21249 ] ] ] } },
{ "type": "Feature", "properties": { "fid": 191, "ZoneCode": "492001", "AbrvFull": "UT GCN", "NameFull": "Utah Grouse Creek North", "ZoneNum": 1, "AbrvPart": "GCN", "NamePart": "Grouse Creek North", "ZoneType": "Multizone partial", "StateAbrv": "UT", "StateName": "Utah", "ProjAbrv": "LC1", "ProjType": "Lambert Conformal Conic, one parallel", "LatOrigin": "43°00'N", "LonOriginE": "246°18'E", "LonOriginW": "113°42'W", "Lat0_deg": 43.0, "Lon0_E_deg": 246.3, "Lon0_W_deg": -113.7, "ProjScale": 1.000105, "SkewAz_deg": -9999, "FalseN_m": 190500.0, "FalseE_m": 152400.0, "FalseN_ift": 625000.0, "FalseE_ift": 500000.0, "DesignBy": "State", "Ref_frame": "NATRF2022" }, "geometry": { "type": "Polygon", "coordinates": [ [ [ -113.75459, 41.63598 ], [ -113.33126, 41.99498 ], [ -113.81487, 41.98865 ], [ -113.90156, 41.98855 ], [ -113.95598, 41.9912 ], [ -114.03987, 41.83344 ], [ -114.03984, 41.75183 ], [ -113.99581, 41.74392 ], [ -113.88999, 41.83 ], [ -113.79999, 41.83 ], [ -113.77999, 41.74 ], [ -113.75459, 41.63598 ] ] ] } },
{ "type": "Feature", "properties": { "fid": 192, "ZoneCode": "492002", "AbrvFull": "UT GCS", "NameFull": "Utah Grouse Creek South", "ZoneNum": 2, "AbrvPart": "GCS", "NamePart": "Grouse Creek South", "ZoneType": "Multizone partial", "StateAbrv": "UT", "StateName": "Utah", "ProjAbrv": "LC1", "ProjType": "Lambert Conformal Conic, one parallel", "LatOrigin": "39°30'N", "LonOriginE": "246°09'E", "LonOriginW": "113°51'W", "Lat0_deg": 39.5, "Lon0_E_deg": 246.15, "Lon0_W_deg": -113.85, "ProjScale": 0.999476, "SkewAz_deg": -9999, "FalseN_m": -190500.0, "FalseE_m": 114300.0, "FalseN_ift": -625000.0, "FalseE_ift": 375000.0, "DesignBy": "State", "Ref_frame": "NATRF2022" }, "geometry": { "type": "Polygon", "coordinates": [ [ [ -113.77999, 41.74 ], [ -113.79999, 41.83 ], [ -113.88999, 41.83 ], [ -113.99581, 41.74392 ], [ -113.89361, 41.68481 ], [ -113.77999, 41.74 ] ] ] } },
{ "type": "Feature", "properties": { "fid": 193, "ZoneCode": "492003", "AbrvFull": "UT 30RT", "NameFull": "Utah US30 Rossette", "ZoneNum": 3, "AbrvPart": "30RT", "NamePart": "US30 Rossette", "ZoneType": "Multizone partial", "StateAbrv": "UT", "StateName": "Utah", "ProjAbrv": "LC1", "ProjType": "Lambert Conformal Conic, one parallel", "LatOrigin": "41°50'N", "LonOriginE": "246°39'E", "LonOriginW": "113°21'W", "Lat0_deg": 41.833333333299997, "Lon0_E_deg": 246.65, "Lon0_W_deg": -113.35, "ProjScale": 1.000243, "SkewAz_deg": -9999, "FalseN_m": 76200.0, "FalseE_m": 152400.0, "FalseN_ift": 250000.0, "FalseE_ift": 500000.0, "DesignBy": "State", "Ref_frame": "NATRF2022" }, "geometry": { "type": "Polygon", "coordinates": [ [ [ -113.18999, 41.78 ], [ -112.99273, 41.99824 ], [ -113.33126, 41.99498 ], [ -113.75459, 41.63598 ], [ -113.71999, 41.545 ], [ -113.41999, 41.545 ], [ -113.18999, 41.62 ], [ -113.18999, 41.78 ] ] ] } },
{ "type": "Feature", "properties": { "fid": 194, "ZoneCode": "492004", "AbrvFull": "UT 84RH", "NameFull": "Utah Interstate 84 Rattlesnake Pass-Howell", "ZoneNum": 4, "AbrvPart": "84RH", "NamePart": "Interstate 84 Rattlesnake Pass-Howell", "ZoneType": "Multizone partial", "StateAbrv": "UT", "StateName": "Utah", "ProjAbrv": "TM", "ProjType": "Transverse Mercator", "LatOrigin": "41°15'N", "LonOriginE": "247°42'E", "LonOriginW": "112°18'W", "Lat0_deg": 41.25, "Lon0_E_deg": 247.7, "Lon0_W_deg": -112.3, "ProjScale": 1.000236, "SkewAz_deg": -9999, "FalseN_m": 0.0, "FalseE_m": 152400.0, "FalseN_ift": 0.0, "FalseE_ift": 500000.0, "DesignBy": "State", "Ref_frame": "NATRF2022" }, "geometry": { "type": "Polygon", "coordinates": [ [ [ -112.34999, 41.62 ], [ -112.19999, 41.72499 ], [ -112.17499, 41.78499 ], [ -112.26496, 42.00114 ], [ -112.58817, 42.00047 ], [ -112.62999, 41.62 ], [ -112.34999, 41.62 ] ] ] } },
{ "type": "Feature", "properties": { "fid": 195, "ZoneCode": "492005", "AbrvFull": "UT 89TG", "NameFull": "Utah US89 Tony Grove-Franklin Basin Road", "ZoneNum": 5, "AbrvPart": "89TG", "NamePart": "US89 Tony Grove-Franklin Basin Road", "ZoneType": "Multizone partial", "StateAbrv": "UT", "StateName": "Utah", "ProjAbrv": "LC1", "ProjType": "Lambert Conformal Conic, one parallel", "LatOrigin": "41°00'N", "LonOriginE": "248°24'E", "LonOriginW": "111°36'W", "Lat0_deg": 41.0, "Lon0_E_deg": 248.4, "Lon0_W_deg": -111.6, "ProjScale": 1.000197, "SkewAz_deg": -9999, "FalseN_m": -38100.0, "FalseE_m": 114300.0, "FalseN_ift": -125000.0, "FalseE_ift": 375000.0, "DesignBy": "State", "Ref_frame": "NATRF2022" }, "geometry": { "type": "Polygon", "coordinates": [ [ [ -111.51999, 41.88999 ], [ -111.51999, 41.99951 ], [ -111.65999, 41.99937 ], [ -111.65999, 41.88999 ], [ -111.51999, 41.88999 ] ] ] } },
{ "type": "Feature", "properties": { "fid": 196, "ZoneCode": "492006", "AbrvFull": "UT 89LV", "NameFull": "Utah US89 Jct 243-Lake View Drive", "ZoneNum": 6, "AbrvPart": "89LV", "NamePart": "US89 Jct 243-Lake View Drive", "ZoneType": "Multizone partial", "StateAbrv": "UT", "StateName": "Utah", "ProjAbrv": "TM", "ProjType": "Transverse Mercator", "LatOrigin": "41°30'N", "LonOriginE": "250°00'E", "LonOriginW": "110°00'W", "Lat0_deg": 41.5, "Lon0_E_deg": 250.0, "Lon0_W_deg": -110.0, "ProjScale": 1.00016, "SkewAz_deg": -9999, "FalseN_m": 0.0, "FalseE_m": 228600.0, "FalseN_ift": 0.0, "FalseE_ift": 750000.0, "DesignBy": "State", "Ref_frame": "NATRF2022" }, "geometry": { "type": "Polygon", "coordinates": [ [ [ -111.51999, 41.99951 ], [ -111.51999, 41.88999 ], [ -111.38999, 41.88999 ], [ -111.38999, 42.00081 ], [ -111.51999, 41.99951 ] ] ] } },
{ "type": "Feature", "properties": { "fid": 197, "ZoneCode": "492007", "AbrvFull": "UT 30ON", "NameFull": "Utah US30 Old Laketown Canyon-Northfork-Sage Creek", "ZoneNum": 7, "AbrvPart": "30ON", "NamePart": "US30 Old Laketown Canyon-Northfork-Sage Creek", "ZoneType": "Multizone partial", "StateAbrv": "UT", "StateName": "Utah", "ProjAbrv": "LC1", "ProjType": "Lambert Conformal Conic, one parallel", "LatOrigin": "41°45'N", "LonOriginE": "248°45'E", "LonOriginW": "111°15'W", "Lat0_deg": 41.75, "Lon0_E_deg": 248.75, "Lon0_W_deg": -111.25, "ProjScale": 1.000327, "SkewAz_deg": -9999, "FalseN_m": 38100.0, "FalseE_m": 114300.0, "FalseN_ift": 125000.0, "FalseE_ift": 375000.0, "DesignBy": "State", "Ref_frame": "NATRF2022" }, "geometry": { "type": "Polygon", "coordinates": [ [ [ -111.10687, 42.00155 ], [ -111.26315, 42.00131 ], [ -111.30999, 41.74999 ], [ -111.20999, 41.74999 ], [ -111.10687, 42.00155 ] ] ] } },
{ "type": "Feature", "properties": { "fid": 198, "ZoneCode": "492008", "AbrvFull": "UT 89LW", "NameFull": "Utah US89 Logan Canyon-Wood Camp Hollow", "ZoneNum": 8, "AbrvPart": "89LW", "NamePart": "US89 Logan Canyon-Wood Camp Hollow", "ZoneType": "Multizone partial", "StateAbrv": "UT", "StateName": "Utah", "ProjAbrv": "LC1", "ProjType": "Lambert Conformal Conic, one parallel", "LatOrigin": "41°45'N", "LonOriginE": "248°15'E", "LonOriginW": "111°45'W", "Lat0_deg": 41.75, "Lon0_E_deg": 248.25, "Lon0_W_deg": -111.75, "ProjScale": 1.000245, "SkewAz_deg": -9999, "FalseN_m": 76200.0, "FalseE_m": 114300.0, "FalseN_ift": 250000.0, "FalseE_ift": 375000.0, "DesignBy": "State", "Ref_frame": "NATRF2022" }, "geometry": { "type": "Polygon", "coordinates": [ [ [ -111.58999, 41.74999 ], [ -111.62779, 41.82384 ], [ -111.80491, 41.75419 ], [ -111.82739, 41.63471 ], [ -111.91969, 41.60982 ], [ -111.95585, 41.63316 ], [ -111.98999, 41.60999 ], [ -111.92033, 41.54999 ], [ -111.71999, 41.57999 ], [ -111.71999, 41.61999 ], [ -111.68999, 41.74999 ], [ -111.58999, 41.74999 ] ] ] } },
{ "type": "Feature", "properties": { "fid": 199, "ZoneCode": "492009", "AbrvFull": "UT LHFR", "NameFull": "Utah SR101 Left Hand Fork Road-Richards Hollow", "ZoneNum": 9, "AbrvPart": "LHFR", "NamePart": "SR101 Left Hand Fork Road-Richards Hollow", "ZoneType": "Multizone partial", "StateAbrv": "UT", "StateName": "Utah", "ProjAbrv": "LC1", "ProjType": "Lambert Conformal Conic, one parallel", "LatOrigin": "40°00'N", "LonOriginE": "248°21'E", "LonOriginW": "111°39'W", "Lat0_deg": 40.0, "Lon0_E_deg": 248.35, "Lon0_W_deg": -111.65, "ProjScale": 0.999842, "SkewAz_deg": -9999, "FalseN_m": -114300.0, "FalseE_m": 114300.0, "FalseN_ift": -375000.0, "FalseE_ift": 375000.0, "DesignBy": "State", "Ref_frame": "NATRF2022" }, "geometry": { "type": "Polygon", "coordinates": [ [ [ -111.58999, 41.74999 ], [ -111.68999, 41.74999 ], [ -111.71999, 41.61999 ], [ -111.54999, 41.58999 ], [ -111.54999, 41.63999 ], [ -111.58999, 41.74999 ] ] ] } },
{ "type": "Feature", "properties": { "fid": 200, "ZoneCode": "492010", "AbrvFull": "UT 89BS", "NameFull": "Utah US89 Brigham City-Summit", "ZoneNum": 10, "AbrvPart": "89BS", "NamePart": "US89 Brigham City-Summit", "ZoneType": "Multizone partial", "StateAbrv": "UT", "StateName": "Utah", "ProjAbrv": "LC1", "ProjType": "Lambert Conformal Conic, one parallel", "LatOrigin": "40°30'N", "LonOriginE": "248°00'E", "LonOriginW": "112°00'W", "Lat0_deg": 40.5, "Lon0_E_deg": 248.0, "Lon0_W_deg": -112.0, "ProjScale": 1.000091, "SkewAz_deg": -9999, "FalseN_m": -38100.0, "FalseE_m": 114300.0, "FalseN_ift": -125000.0, "FalseE_ift": 375000.0, "DesignBy": "State", "Ref_frame": "NATRF2022" }, "geometry": { "type": "Polygon", "coordinates": [ [ [ -111.71999, 41.57999 ], [ -111.92033, 41.54999 ], [ -111.98999, 41.60999 ], [ -111.98999, 41.48999 ], [ -111.75955, 41.42389 ], [ -111.71999, 41.57999 ] ] ] } },
{ "type": "Feature", "properties": { "fid": 201, "ZoneCode": "492011", "AbrvFull": "UT JHBD", "NameFull": "Utah Junction Hills-Beaver Dam", "ZoneNum": 11, "AbrvPart": "JHBD", "NamePart": "Junction Hills-Beaver Dam", "ZoneType": "Multizone partial", "StateAbrv": "UT", "StateName": "Utah", "ProjAbrv": "TM", "ProjType": "Transverse Mercator", "LatOrigin": "41°21'N", "LonOriginE": "247°57'E", "LonOriginW": "112°03'W", "Lat0_deg": 41.35, "Lon0_E_deg": 247.95, "Lon0_W_deg": -112.05, "ProjScale": 1.00023, "SkewAz_deg": -9999, "FalseN_m": 0.0, "FalseE_m": 114300.0, "FalseN_ift": 0.0, "FalseE_ift": 375000.0, "DesignBy": "State", "Ref_frame": "NATRF2022" }, "geometry": { "type": "Polygon", "coordinates": [ [ [ -112.09999, 41.73999 ], [ -111.97999, 41.73999 ], [ -111.99999, 41.84999 ], [ -111.99999, 41.92999 ], [ -112.06999, 41.92999 ], [ -112.09999, 41.88999 ], [ -112.09999, 41.73999 ] ] ] } },
{ "type": "Feature", "properties": { "fid": 202, "ZoneCode": "492012", "AbrvFull": "UT 39BC", "NameFull": "Utah US39 Beaver Creek-County Line", "ZoneNum": 12, "AbrvPart": "39BC", "NamePart": "US39 Beaver Creek-County Line", "ZoneType": "Multizone partial", "StateAbrv": "UT", "StateName": "Utah", "ProjAbrv": "LC1", "ProjType": "Lambert Conformal Conic, one parallel", "LatOrigin": "39°00'N", "LonOriginE": "248°24'E", "LonOriginW": "111°36'W", "Lat0_deg": 39.0, "Lon0_E_deg": 248.4, "Lon0_W_deg": -111.6, "ProjScale": 0.999473, "SkewAz_deg": -9999, "FalseN_m": -190500.0, "FalseE_m": 114300.0, "FalseN_ift": -625000.0, "FalseE_ift": 375000.0, "DesignBy": "State", "Ref_frame": "NATRF2022" }, "geometry": { "type": "Polygon", "coordinates": [ [ [ -111.53999, 41.39999 ], [ -111.52098, 41.48237 ], [ -111.65999, 41.44999 ], [ -111.65999, 41.33999 ], [ -111.49999, 41.34999 ], [ -111.53999, 41.39999 ] ] ] } },
{ "type": "Feature", "properties": { "fid": 203, "ZoneCode": "492013", "AbrvFull": "UT 39CB", "NameFull": "Utah US39 Curtis Creek-Birch Creek Reservoir", "ZoneNum": 13, "AbrvPart": "39CB", "NamePart": "US39 Curtis Creek-Birch Creek Reservoir", "ZoneType": "Multizone partial", "StateAbrv": "UT", "StateName": "Utah", "ProjAbrv": "TM", "ProjType": "Transverse Mercator", "LatOrigin": "41°00'N", "LonOriginE": "250°30'E", "LonOriginW": "109°30'W", "Lat0_deg": 41.0, "Lon0_E_deg": 250.5, "Lon0_W_deg": -109.5, "ProjScale": 1.000061, "SkewAz_deg": -9999, "FalseN_m": 0.0, "FalseE_m": 266700.0, "FalseN_ift": 0.0, "FalseE_ift": 875000.0, "DesignBy": "State", "Ref_frame": "NATRF2022" }, "geometry": { "type": "Polygon", "coordinates": [ [ [ -111.52098, 41.48237 ], [ -111.53999, 41.39999 ], [ -111.36999, 41.37999 ], [ -111.26999, 41.52999 ], [ -111.50999, 41.52999 ], [ -111.52098, 41.48237 ] ] ] } },
{ "type": "Feature", "properties": { "fid": 204, "ZoneCode": "492014", "AbrvFull": "UT WFBC", "NameFull": "Utah Wasatch Front Benches and Canyons", "ZoneNum": 14, "AbrvPart": "WFBC", "NamePart": "Wasatch Front Benches and Canyons", "ZoneType": "Multizone partial", "StateAbrv": "UT", "StateName": "Utah", "ProjAbrv": "TM", "ProjType": "Transverse Mercator", "LatOrigin": "40°00'N", "LonOriginE": "247°30'E", "LonOriginW": "112°30'W", "Lat0_deg": 40.0, "Lon0_E_deg": 247.5, "Lon0_W_deg": -112.5, "ProjScale": 1.000197, "SkewAz_deg": -9999, "FalseN_m": 0.0, "FalseE_m": 152400.0, "FalseN_ift": 0.0, "FalseE_ift": 500000.0, "DesignBy": "State", "Ref_frame": "NATRF2022" }, "geometry": { "type": "Polygon", "coordinates": [ [ [ -111.69999, 41.31999 ], [ -111.69999, 41.36999 ], [ -111.77999, 41.39999 ], [ -111.94999, 41.39999 ], [ -112.02899, 41.36499 ], [ -112.02899, 41.34499 ], [ -111.93739, 41.23703 ], [ -111.84573, 40.86427 ], [ -111.90508, 40.81674 ], [ -111.81802, 40.7464 ], [ -111.79671, 40.62627 ], [ -111.82868, 40.54077 ], [ -111.90499, 40.47 ], [ -111.90499, 40.45 ], [ -111.74009, 40.39545 ], [ -111.66221, 40.41873 ], [ -111.60832, 40.50607 ], [ -111.65999, 40.535 ], [ -111.73546, 40.57063 ], [ -111.73546, 40.65162 ], [ -111.75587, 40.70915 ], [ -111.69999, 40.735 ], [ -111.69999, 40.865 ], [ -111.69999, 41.16999 ], [ -111.82999, 41.15999 ], [ -111.86999, 41.23999 ], [ -111.82999, 41.25999 ], [ -111.69999, 41.23999 ], [ -111.69999, 41.31999 ] ] ] } },
{ "type": "Feature", "properties": { "fid": 205, "ZoneCode": "492015", "AbrvFull": "UT 167N", "NameFull": "Utah SR167 Trappers Loop North-South", "ZoneNum": 15, "AbrvPart": "167N", "NamePart": "SR167 Trappers Loop North-South", "ZoneType": "Multizone partial", "StateAbrv": "UT", "StateName": "Utah", "ProjAbrv": "LC1", "ProjType": "Lambert Conformal Conic, one parallel", "LatOrigin": "42°30'N", "LonOriginE": "248°15'E", "LonOriginW": "111°45'W", "Lat0_deg": 42.5, "Lon0_E_deg": 248.25, "Lon0_W_deg": -111.75, "ProjScale": 1.000017, "SkewAz_deg": -9999, "FalseN_m": 190500.0, "FalseE_m": 114300.0, "FalseN_ift": 625000.0, "FalseE_ift": 375000.0, "DesignBy": "State", "Ref_frame": "NATRF2022" }, "geometry": { "type": "Polygon", "coordinates": [ [ [ -111.69999, 41.23999 ], [ -111.82999, 41.25999 ], [ -111.86999, 41.23999 ], [ -111.82999, 41.15999 ], [ -111.69999, 41.16999 ], [ -111.69999, 41.23999 ] ] ] } },
{ "type": "Feature", "properties": { "fid": 206, "ZoneCode": "492016", "AbrvFull": "UT 84MC", "NameFull": "Utah Interstate 84 Morgan-Croydon", "ZoneNum": 16, "AbrvPart": "84MC", "NamePart": "Interstate 84 Morgan-Croydon", "ZoneType": "Multizone partial", "StateAbrv": "UT", "StateName": "Utah", "ProjAbrv": "TM", "ProjType": "Transverse Mercator", "LatOrigin": "40°27'N", "LonOriginE": "248°30'E", "LonOriginW": "111°30'W", "Lat0_deg": 40.45, "Lon0_E_deg": 248.5, "Lon0_W_deg": -111.5, "ProjScale": 1.000253, "SkewAz_deg": -9999, "FalseN_m": 0.0, "FalseE_m": 152400.0, "FalseN_ift": 0.0, "FalseE_ift": 500000.0, "DesignBy": "State", "Ref_frame": "NATRF2022" }, "geometry": { "type": "Polygon", "coordinates": [ [ [ -111.57999, 40.83999 ], [ -111.34999, 40.83999 ], [ -111.34999, 41.31999 ], [ -111.69999, 41.31999 ], [ -111.69999, 41.23999 ], [ -111.69999, 41.16999 ], [ -111.69999, 40.865 ], [ -111.59999, 40.86499 ], [ -111.57999, 40.83999 ] ] ] } },
{ "type": "Feature", "properties": { "fid": 207, "ZoneCode": "492017", "AbrvFull": "UT 80WN", "NameFull": "Utah Interstate 80 Wendover", "ZoneNum": 17, "AbrvPart": "80WN", "NamePart": "Interstate 80 Wendover", "ZoneType": "Multizone partial", "StateAbrv": "UT", "StateName": "Utah", "ProjAbrv": "TM", "ProjType": "Transverse Mercator", "LatOrigin": "39°51'N", "LonOriginE": "246°15'E", "LonOriginW": "113°45'W", "Lat0_deg": 39.85, "Lon0_E_deg": 246.25, "Lon0_W_deg": -113.75, "ProjScale": 1.000212, "SkewAz_deg": -9999, "FalseN_m": 0.0, "FalseE_m": 228600.0, "FalseN_ift": 0.0, "FalseE_ift": 750000.0, "DesignBy": "State", "Ref_frame": "NATRF2022" }, "geometry": { "type": "Polygon", "coordinates": [ [ [ -114.04631, 40.23825 ], [ -113.58999, 40.23825 ], [ -113.58999, 41.47075 ], [ -114.04038, 41.47075 ], [ -114.04051, 41.34197 ], [ -114.04286, 40.79507 ], [ -114.04608, 40.40184 ], [ -114.04631, 40.23825 ] ] ] } },
{ "type": "Feature", "properties": { "fid": 208, "ZoneCode": "492018", "AbrvFull": "UT TRCM", "NameFull": "Utah Tooele-Rush-Cedar-Mountain View Corridor", "ZoneNum": 18, "AbrvPart": "TRCM", "NamePart": "Tooele-Rush-Cedar-Mountain View Corridor", "ZoneType": "Multizone partial", "StateAbrv": "UT", "StateName": "Utah", "ProjAbrv": "LC1", "ProjType": "Lambert Conformal Conic, one parallel", "LatOrigin": "40°45'N", "LonOriginE": "247°42'E", "LonOriginW": "112°18'W", "Lat0_deg": 40.75, "Lon0_E_deg": 247.7, "Lon0_W_deg": -112.3, "ProjScale": 1.000222, "SkewAz_deg": -9999, "FalseN_m": 114300.0, "FalseE_m": 228600.0, "FalseN_ift": 375000.0, "FalseE_ift": 750000.0, "DesignBy": "State", "Ref_frame": "NATRF2022" }, "geometry": { "type": "Polygon", "coordinates": [ [ [ -112.17098, 40.73674 ], [ -112.24365, 40.7102 ], [ -112.31915, 40.60908 ], [ -112.45006, 40.58505 ], [ -112.64833, 40.74088 ], [ -112.67175, 40.64294 ], [ -112.72999, 40.55 ], [ -112.72999, 40.37058 ], [ -112.63275, 40.11 ], [ -112.50999, 40.11 ], [ -112.3397, 40.25631 ], [ -112.14054, 40.15416 ], [ -112.08602, 40.30246 ], [ -111.93999, 40.33451 ], [ -111.93999, 40.68547 ], [ -112.17098, 40.73674 ] ] ] } },
{ "type": "Feature", "properties": { "fid": 209, "ZoneCode": "492019", "AbrvFull": "UT 80PU", "NameFull": "Utah Interstate 80 Parleys Canyon Upper", "ZoneNum": 19, "AbrvPart": "80PU", "NamePart": "Interstate 80 Parleys Canyon Upper", "ZoneType": "Multizone partial", "StateAbrv": "UT", "StateName": "Utah", "ProjAbrv": "TM", "ProjType": "Transverse Mercator", "LatOrigin": "40°18'N", "LonOriginE": "247°15'E", "LonOriginW": "112°45'W", "Lat0_deg": 40.3, "Lon0_E_deg": 247.25, "Lon0_W_deg": -112.75, "ProjScale": 1.0002, "SkewAz_deg": -9999, "FalseN_m": 0.0, "FalseE_m": 0.0, "FalseN_ift": 0.0, "FalseE_ift": 0.0, "DesignBy": "State", "Ref_frame": "NATRF2022" }, "geometry": { "type": "Polygon", "coordinates": [ [ [ -111.57999, 40.83999 ], [ -111.59999, 40.86499 ], [ -111.69999, 40.865 ], [ -111.69999, 40.735 ], [ -111.59027, 40.70599 ], [ -111.54667, 40.75337 ], [ -111.54667, 40.77881 ], [ -111.57999, 40.83999 ] ] ] } },
{ "type": "Feature", "properties": { "fid": 210, "ZoneCode": "492020", "AbrvFull": "UT BRAL", "NameFull": "Utah Brighton-Alta", "ZoneNum": 20, "AbrvPart": "BRAL", "NamePart": "Brighton-Alta", "ZoneType": "Multizone partial", "StateAbrv": "UT", "StateName": "Utah", "ProjAbrv": "TM", "ProjType": "Transverse Mercator", "LatOrigin": "40°09'N", "LonOriginE": "244°00'E", "LonOriginW": "116°00'W", "Lat0_deg": 40.15, "Lon0_E_deg": 244.0, "Lon0_W_deg": -116.0, "ProjScale": 0.998703, "SkewAz_deg": -9999, "FalseN_m": 0.0, "FalseE_m": -266700.0, "FalseN_ift": 0.0, "FalseE_ift": -875000.0, "DesignBy": "State", "Ref_frame": "NATRF2022" }, "geometry": { "type": "Polygon", "coordinates": [ [ [ -111.59027, 40.70599 ], [ -111.69999, 40.735 ], [ -111.75587, 40.70915 ], [ -111.73546, 40.65162 ], [ -111.73546, 40.57063 ], [ -111.65999, 40.535 ], [ -111.52999, 40.59 ], [ -111.52999, 40.64379 ], [ -111.56196, 40.65961 ], [ -111.59027, 40.70599 ] ] ] } },
{ "type": "Feature", "properties": { "fid": 211, "ZoneCode": "492021", "AbrvFull": "UT 80PS", "NameFull": "Utah Interstate 80 Park City-Silver Creek-US40", "ZoneNum": 21, "AbrvPart": "80PS", "NamePart": "Interstate 80 Park City-Silver Creek-US40", "ZoneType": "Multizone partial", "StateAbrv": "UT", "StateName": "Utah", "ProjAbrv": "TM", "ProjType": "Transverse Mercator", "LatOrigin": "40°12'N", "LonOriginE": "249°00'E", "LonOriginW": "111°00'W", "Lat0_deg": 40.2, "Lon0_E_deg": 249.0, "Lon0_W_deg": -111.0, "ProjScale": 1.000306, "SkewAz_deg": -9999, "FalseN_m": 0.0, "FalseE_m": 152400.0, "FalseN_ift": 0.0, "FalseE_ift": 500000.0, "DesignBy": "State", "Ref_frame": "NATRF2022" }, "geometry": { "type": "Polygon", "coordinates": [ [ [ -111.52999, 40.64379 ], [ -111.50212, 40.63 ], [ -111.46782, 40.63 ], [ -111.38175, 40.56415 ], [ -111.30999, 40.57903 ], [ -111.30999, 40.64606 ], [ -111.36636, 40.72045 ], [ -111.48678, 40.79636 ], [ -111.54667, 40.77881 ], [ -111.54667, 40.75337 ], [ -111.59027, 40.70599 ], [ -111.56196, 40.65961 ], [ -111.52999, 40.64379 ] ] ] } },
{ "type": "Feature", "properties": { "fid": 212, "ZoneCode": "492022", "AbrvFull": "UT 150S", "NameFull": "Utah SR150 Samak-Soapstone Basin Road", "ZoneNum": 22, "AbrvPart": "150S", "NamePart": "SR150 Samak-Soapstone Basin Road", "ZoneType": "Multizone partial", "StateAbrv": "UT", "StateName": "Utah", "ProjAbrv": "TM", "ProjType": "Transverse Mercator", "LatOrigin": "40°06'N", "LonOriginE": "248°00'E", "LonOriginW": "112°00'W", "Lat0_deg": 40.1, "Lon0_E_deg": 248.0, "Lon0_W_deg": -112.0, "ProjScale": 1.000285, "SkewAz_deg": -9999, "FalseN_m": 0.0, "FalseE_m": 38100.0, "FalseN_ift": 0.0, "FalseE_ift": 125000.0, "DesignBy": "State", "Ref_frame": "NATRF2022" }, "geometry": { "type": "Polygon", "coordinates": [ [ [ -110.96999, 40.65999 ], [ -111.03999, 40.65999 ], [ -111.03999, 40.82999 ], [ -111.22999, 40.82999 ], [ -111.22999, 40.51999 ], [ -111.07999, 40.45999 ], [ -111.07999, 40.50499 ], [ -111.02999, 40.50499 ], [ -111.02999, 40.56999 ], [ -110.96999, 40.56999 ], [ -110.96999, 40.65999 ] ] ] } },
{ "type": "Feature", "properties": { "fid": 213, "ZoneCode": "492023", "AbrvFull": "UT 150B", "NameFull": "Utah SR150 Lost Creek Lake-Bald Mountain Pass", "ZoneNum": 23, "AbrvPart": "150B", "NamePart": "SR150 Lost Creek Lake-Bald Mountain Pass", "ZoneType": "Multizone partial", "StateAbrv": "UT", "StateName": "Utah", "ProjAbrv": "TM", "ProjType": "Transverse Mercator", "LatOrigin": "40°18'N", "LonOriginE": "247°00'E", "LonOriginW": "113°00'W", "Lat0_deg": 40.3, "Lon0_E_deg": 247.0, "Lon0_W_deg": -113.0, "ProjScale": 1.000104, "SkewAz_deg": -9999, "FalseN_m": 0.0, "FalseE_m": -76200.0, "FalseN_ift": 0.0, "FalseE_ift": -250000.0, "DesignBy": "State", "Ref_frame": "NATRF2022" }, "geometry": { "type": "Polygon", "coordinates": [ [ [ -110.89999, 40.72999 ], [ -110.94999, 40.82999 ], [ -111.03999, 40.82999 ], [ -111.03999, 40.65999 ], [ -110.96999, 40.65999 ], [ -110.89999, 40.65999 ], [ -110.89999, 40.72999 ] ] ] } },
{ "type": "Feature", "properties": { "fid": 214, "ZoneCode": "492024", "AbrvFull": "UT 150L", "NameFull": "Utah SR150 Spring Canyon-Lost Creek Lake", "ZoneNum": 24, "AbrvPart": "150L", "NamePart": "SR150 Spring Canyon-Lost Creek Lake", "ZoneType": "Multizone partial", "StateAbrv": "UT", "StateName": "Utah", "ProjAbrv": "TM", "ProjType": "Transverse Mercator", "LatOrigin": "40°06'N", "LonOriginE": "249°30'E", "LonOriginW": "110°30'W", "Lat0_deg": 40.1, "Lon0_E_deg": 249.5, "Lon0_W_deg": -110.5, "ProjScale": 1.000404, "SkewAz_deg": -9999, "FalseN_m": 0.0, "FalseE_m": 152400.0, "FalseN_ift": 0.0, "FalseE_ift": 500000.0, "DesignBy": "State", "Ref_frame": "NATRF2022" }, "geometry": { "type": "Polygon", "coordinates": [ [ [ -110.89999, 40.61999 ], [ -110.89999, 40.65999 ], [ -110.96999, 40.65999 ], [ -110.96999, 40.56999 ], [ -111.02999, 40.56999 ], [ -111.02999, 40.50499 ], [ -111.07999, 40.50499 ], [ -111.07999, 40.45999 ], [ -110.93499, 40.45999 ], [ -110.93499, 40.47999 ], [ -110.89999, 40.47999 ], [ -110.89999, 40.61999 ] ] ] } },
{ "type": "Feature", "properties": { "fid": 215, "ZoneCode": "492025", "AbrvFull": "UT 150N", "NameFull": "Utah SR150 North Slope", "ZoneNum": 25, "AbrvPart": "150N", "NamePart": "SR150 North Slope", "ZoneType": "Multizone partial", "StateAbrv": "UT", "StateName": "Utah", "ProjAbrv": "LC1", "ProjType": "Lambert Conformal Conic, one parallel", "LatOrigin": "41°51'N", "LonOriginE": "249°09'E", "LonOriginW": "110°51'W", "Lat0_deg": 41.85, "Lon0_E_deg": 249.15, "Lon0_W_deg": -110.85, "ProjScale": 1.000283, "SkewAz_deg": -9999, "FalseN_m": 190500.0, "FalseE_m": 114300.0, "FalseN_ift": 625000.0, "FalseE_ift": 375000.0, "DesignBy": "State", "Ref_frame": "NATRF2022" }, "geometry": { "type": "Polygon", "coordinates": [ [ [ -110.71999, 40.72999 ], [ -110.71999, 40.99645 ], [ -110.94999, 40.99745 ], [ -110.94999, 40.82999 ], [ -110.89999, 40.72999 ], [ -110.71999, 40.72999 ] ] ] } },
{ "type": "Feature", "properties": { "fid": 216, "ZoneCode": "492026", "AbrvFull": "UT 150M", "NameFull": "Utah SR150 Mirror Lake", "ZoneNum": 26, "AbrvPart": "150M", "NamePart": "SR150 Mirror Lake", "ZoneType": "Multizone partial", "StateAbrv": "UT", "StateName": "Utah", "ProjAbrv": "LC1", "ProjType": "Lambert Conformal Conic, one parallel", "LatOrigin": "40°45'N", "LonOriginE": "249°12'E", "LonOriginW": "110°48'W", "Lat0_deg": 40.75, "Lon0_E_deg": 249.2, "Lon0_W_deg": -110.8, "ProjScale": 1.000496, "SkewAz_deg": -9999, "FalseN_m": 76200.0, "FalseE_m": 114300.0, "FalseN_ift": 250000.0, "FalseE_ift": 375000.0, "DesignBy": "State", "Ref_frame": "NATRF2022" }, "geometry": { "type": "Polygon", "coordinates": [ [ [ -110.89999, 40.61999 ], [ -110.87499, 40.61999 ], [ -110.87499, 40.55999 ], [ -110.71999, 40.55999 ], [ -110.71999, 40.72999 ], [ -110.89999, 40.72999 ], [ -110.89999, 40.65999 ], [ -110.89999, 40.61999 ] ] ] } },
{ "type": "Feature", "properties": { "fid": 217, "ZoneCode": "492027", "AbrvFull": "UT FGRG", "NameFull": "Utah Flaming Gorge", "ZoneNum": 27, "AbrvPart": "FGRG", "NamePart": "Flaming Gorge", "ZoneType": "Multizone partial", "StateAbrv": "UT", "StateName": "Utah", "ProjAbrv": "LC1", "ProjType": "Lambert Conformal Conic, one parallel", "LatOrigin": "42°30'N", "LonOriginE": "250°30'E", "LonOriginW": "109°30'W", "Lat0_deg": 42.5, "Lon0_E_deg": 250.5, "Lon0_W_deg": -109.5, "ProjScale": 0.999931, "SkewAz_deg": -9999, "FalseN_m": 228600.0, "FalseE_m": 114300.0, "FalseN_ift": 750000.0, "FalseE_ift": 375000.0, "DesignBy": "State", "Ref_frame": "NATRF2022" }, "geometry": { "type": "Polygon", "coordinates": [ [ [ -109.35999, 40.95999 ], [ -109.41999, 40.95999 ], [ -109.41999, 40.99976 ], [ -109.54368, 40.99839 ], [ -109.74999, 40.99808 ], [ -109.74999, 40.92999 ], [ -109.67499, 40.89999 ], [ -109.6242, 40.89999 ], [ -109.45999, 40.86999 ], [ -109.35999, 40.86999 ], [ -109.35999, 40.95999 ] ] ] } },
{ "type": "Feature", "properties": { "fid": 218, "ZoneCode": "492028", "AbrvFull": "UT BRPR", "NameFull": "Utah Browns Park Road", "ZoneNum": 28, "AbrvPart": "BRPR", "NamePart": "Browns Park Road", "ZoneType": "Multizone partial", "StateAbrv": "UT", "StateName": "Utah", "ProjAbrv": "LC1", "ProjType": "Lambert Conformal Conic, one parallel", "LatOrigin": "40°15'N", "LonOriginE": "250°45'E", "LonOriginW": "109°15'W", "Lat0_deg": 40.25, "Lon0_E_deg": 250.75, "Lon0_W_deg": -109.25, "ProjScale": 1.000235, "SkewAz_deg": -9999, "FalseN_m": 0.0, "FalseE_m": 114300.0, "FalseN_ift": 0.0, "FalseE_ift": 375000.0, "DesignBy": "State", "Ref_frame": "NATRF2022" }, "geometry": { "type": "Polygon", "coordinates": [ [ [ -109.41999, 40.99976 ], [ -109.41999, 40.95999 ], [ -109.35999, 40.95999 ], [ -109.04918, 40.90304 ], [ -109.05001, 41.00069 ], [ -109.24999, 41.00104 ], [ -109.41999, 40.99976 ] ] ] } },
{ "type": "Feature", "properties": { "fid": 219, "ZoneCode": "492029", "AbrvFull": "UT 1914", "NameFull": "Utah US191 Limestone Road-US44", "ZoneNum": 29, "AbrvPart": "1914", "NamePart": "US191 Limestone Road-US44", "ZoneType": "Multizone partial", "StateAbrv": "UT", "StateName": "Utah", "ProjAbrv": "LC1", "ProjType": "Lambert Conformal Conic, one parallel", "LatOrigin": "41°30'N", "LonOriginE": "250°30'E", "LonOriginW": "109°30'W", "Lat0_deg": 41.5, "Lon0_E_deg": 250.5, "Lon0_W_deg": -109.5, "ProjScale": 1.000308, "SkewAz_deg": -9999, "FalseN_m": 152400.0, "FalseE_m": 152400.0, "FalseN_ift": 500000.0, "FalseE_ift": 500000.0, "DesignBy": "State", "Ref_frame": "NATRF2022" }, "geometry": { "type": "Polygon", "coordinates": [ [ [ -109.35999, 40.86999 ], [ -109.45999, 40.86999 ], [ -109.6242, 40.89999 ], [ -109.67499, 40.89999 ], [ -109.74999, 40.92999 ], [ -109.74999, 40.99808 ], [ -109.87999, 40.99765 ], [ -109.87999, 40.90999 ], [ -109.80999, 40.79999 ], [ -109.51999, 40.79999 ], [ -109.51999, 40.69999 ], [ -109.43999, 40.69999 ], [ -109.32999, 40.72999 ], [ -109.32999, 40.86999 ], [ -109.35999, 40.86999 ] ] ] } },
{ "type": "Feature", "properties": { "fid": 220, "ZoneCode": "492030", "AbrvFull": "UT 191L", "NameFull": "Utah US191 Canyon Rim-Limestone Road", "ZoneNum": 30, "AbrvPart": "191L", "NamePart": "US191 Canyon Rim-Limestone Road", "ZoneType": "Multizone partial", "StateAbrv": "UT", "StateName": "Utah", "ProjAbrv": "LC1", "ProjType": "Lambert Conformal Conic, one parallel", "LatOrigin": "38°15'N", "LonOriginE": "250°21'E", "LonOriginW": "109°39'W", "Lat0_deg": 38.25, "Lon0_E_deg": 250.35, "Lon0_W_deg": -109.65, "ProjScale": 0.999483, "SkewAz_deg": -9999, "FalseN_m": -190500.0, "FalseE_m": 152400.0, "FalseN_ift": -625000.0, "FalseE_ift": 500000.0, "DesignBy": "State", "Ref_frame": "NATRF2022" }, "geometry": { "type": "Polygon", "coordinates": [ [ [ -109.43999, 40.69999 ], [ -109.51999, 40.69999 ], [ -109.51999, 40.79999 ], [ -109.80999, 40.79999 ], [ -109.80999, 40.62999 ], [ -109.61999, 40.43999 ], [ -109.54999, 40.52999 ], [ -109.54999, 40.64499 ], [ -109.43999, 40.64499 ], [ -109.43999, 40.69999 ] ] ] } },
{ "type": "Feature", "properties": { "fid": 221, "ZoneCode": "492031", "AbrvFull": "UT DMP", "NameFull": "Utah Diamond Mountain Plateau", "ZoneNum": 31, "AbrvPart": "DMP", "NamePart": "Diamond Mountain Plateau", "ZoneType": "Multizone partial", "StateAbrv": "UT", "StateName": "Utah", "ProjAbrv": "LC1", "ProjType": "Lambert Conformal Conic, one parallel", "LatOrigin": "40°45'N", "LonOriginE": "250°45'E", "LonOriginW": "109°15'W", "Lat0_deg": 40.75, "Lon0_E_deg": 250.75, "Lon0_W_deg": -109.25, "ProjScale": 1.000356, "SkewAz_deg": -9999, "FalseN_m": 76200.0, "FalseE_m": 114300.0, "FalseN_ift": 250000.0, "FalseE_ift": 375000.0, "DesignBy": "State", "Ref_frame": "NATRF2022" }, "geometry": { "type": "Polygon", "coordinates": [ [ [ -109.32999, 40.58999 ], [ -109.04807, 40.58999 ], [ -109.04869, 40.77153 ], [ -109.22999, 40.86999 ], [ -109.32999, 40.86999 ], [ -109.32999, 40.72999 ], [ -109.43999, 40.69999 ], [ -109.43999, 40.64499 ], [ -109.32999, 40.64499 ], [ -109.32999, 40.58999 ] ] ] } },
{ "type": "Feature", "properties": { "fid": 222, "ZoneCode": "492032", "AbrvFull": "UT 87MH", "NameFull": "Utah SR87 Mountain Home", "ZoneNum": 32, "AbrvPart": "87MH", "NamePart": "SR87 Mountain Home", "ZoneType": "Multizone partial", "StateAbrv": "UT", "StateName": "Utah", "ProjAbrv": "LC1", "ProjType": "Lambert Conformal Conic, one parallel", "LatOrigin": "39°00'N", "LonOriginE": "249°39'E", "LonOriginW": "110°21'W", "Lat0_deg": 39.0, "Lon0_E_deg": 249.65, "Lon0_W_deg": -110.35, "ProjScale": 1.000027, "SkewAz_deg": -9999, "FalseN_m": -114300.0, "FalseE_m": 114300.0, "FalseN_ift": -375000.0, "FalseE_ift": 375000.0, "DesignBy": "State", "Ref_frame": "NATRF2022" }, "geometry": { "type": "Polygon", "coordinates": [ [ [ -110.13547, 40.37999 ], [ -110.19999, 40.62999 ], [ -110.56999, 40.62999 ], [ -110.56999, 40.31999 ], [ -110.11999, 40.31999 ], [ -110.13547, 40.37999 ] ] ] } },
{ "type": "Feature", "properties": { "fid": 223, "ZoneCode": "492033", "AbrvFull": "UT 121W", "NameFull": "Utah SR121 Whiterocks", "ZoneNum": 33, "AbrvPart": "121W", "NamePart": "SR121 Whiterocks", "ZoneType": "Multizone partial", "StateAbrv": "UT", "StateName": "Utah", "ProjAbrv": "LC1", "ProjType": "Lambert Conformal Conic, one parallel", "LatOrigin": "39°00'N", "LonOriginE": "250°06'E", "LonOriginW": "109°54'W", "Lat0_deg": 39.0, "Lon0_E_deg": 250.1, "Lon0_W_deg": -109.9, "ProjScale": 0.999972, "SkewAz_deg": -9999, "FalseN_m": -76200.0, "FalseE_m": 152400.0, "FalseN_ift": -250000.0, "FalseE_ift": 500000.0, "DesignBy": "State", "Ref_frame": "NATRF2022" }, "geometry": { "type": "Polygon", "coordinates": [ [ [ -109.61999, 40.43999 ], [ -109.80999, 40.62999 ], [ -110.19999, 40.62999 ], [ -110.13547, 40.37999 ], [ -109.61999, 40.37999 ], [ -109.61999, 40.43999 ] ] ] } },
{ "type": "Feature", "properties": { "fid": 224, "ZoneCode": "492034", "AbrvFull": "UT 191R", "NameFull": "Utah US191 Stein Draw-Canyon Rim", "ZoneNum": 34, "AbrvPart": "191R", "NamePart": "US191 Stein Draw-Canyon Rim", "ZoneType": "Multizone partial", "StateAbrv": "UT", "StateName": "Utah", "ProjAbrv": "LC1", "ProjType": "Lambert Conformal Conic, one parallel", "LatOrigin": "38°00'N", "LonOriginE": "250°30'E", "LonOriginW": "109°30'W", "Lat0_deg": 38.0, "Lon0_E_deg": 250.5, "Lon0_W_deg": -109.5, "ProjScale": 0.999256, "SkewAz_deg": -9999, "FalseN_m": -228600.0, "FalseE_m": 114300.0, "FalseN_ift": -750000.0, "FalseE_ift": 375000.0, "DesignBy": "State", "Ref_frame": "NATRF2022" }, "geometry": { "type": "Polygon", "coordinates": [ [ [ -109.32999, 40.58999 ], [ -109.32999, 40.64499 ], [ -109.43999, 40.64499 ], [ -109.54999, 40.64499 ], [ -109.54999, 40.52999 ], [ -109.32999, 40.52999 ], [ -109.32999, 40.58999 ] ] ] } },
{ "type": "Feature", "properties": { "fid": 225, "ZoneCode": "492035", "AbrvFull": "UT 40SR", "NameFull": "Utah US40 Strawberry Reservoir", "ZoneNum": 35, "AbrvPart": "40SR", "NamePart": "US40 Strawberry Reservoir", "ZoneType": "Multizone partial", "StateAbrv": "UT", "StateName": "Utah", "ProjAbrv": "LC1", "ProjType": "Lambert Conformal Conic, one parallel", "LatOrigin": "40°12'N", "LonOriginE": "248°54'E", "LonOriginW": "111°06'W", "Lat0_deg": 40.2, "Lon0_E_deg": 248.9, "Lon0_W_deg": -111.1, "ProjScale": 1.000361, "SkewAz_deg": -9999, "FalseN_m": 76200.0, "FalseE_m": 152400.0, "FalseN_ift": 250000.0, "FalseE_ift": 500000.0, "DesignBy": "State", "Ref_frame": "NATRF2022" }, "geometry": { "type": "Polygon", "coordinates": [ [ [ -111.17747, 40.33032 ], [ -111.26999, 40.4 ], [ -111.30999, 40.4 ], [ -111.30999, 40.24148 ], [ -111.23578, 40.05207 ], [ -110.97999, 40.11526 ], [ -110.97999, 40.2448 ], [ -110.99659, 40.32536 ], [ -111.05584, 40.39131 ], [ -111.17747, 40.33032 ] ] ] } },
{ "type": "Feature", "properties": { "fid": 226, "ZoneCode": "492036", "AbrvFull": "UT 191G", "NameFull": "Utah US191 Grass Hollow-Right Fork-Indian Hollow", "ZoneNum": 36, "AbrvPart": "191G", "NamePart": "US191 Grass Hollow-Right Fork-Indian Hollow", "ZoneType": "Multizone partial", "StateAbrv": "UT", "StateName": "Utah", "ProjAbrv": "LC1", "ProjType": "Lambert Conformal Conic, one parallel", "LatOrigin": "40°45'N", "LonOriginE": "249°24'E", "LonOriginW": "110°36'W", "Lat0_deg": 40.75, "Lon0_E_deg": 249.4, "Lon0_W_deg": -110.6, "ProjScale": 1.000252, "SkewAz_deg": -9999, "FalseN_m": 152400.0, "FalseE_m": 152400.0, "FalseN_ift": 500000.0, "FalseE_ift": 500000.0, "DesignBy": "State", "Ref_frame": "NATRF2022" }, "geometry": { "type": "Polygon", "coordinates": [ [ [ -110.67999, 39.92999 ], [ -110.51999, 39.92999 ], [ -110.51999, 40.05999 ], [ -110.69095, 40.24733 ], [ -110.89999, 40.28999 ], [ -110.89999, 40.16999 ], [ -110.67999, 39.92999 ] ] ] } },
{ "type": "Feature", "properties": { "fid": 227, "ZoneCode": "492037", "AbrvFull": "UT 40VS", "NameFull": "Utah US40 Vernal-State Line", "ZoneNum": 37, "AbrvPart": "40VS", "NamePart": "US40 Vernal-State Line", "ZoneType": "Multizone partial", "StateAbrv": "UT", "StateName": "Utah", "ProjAbrv": "TM", "ProjType": "Transverse Mercator", "LatOrigin": "39°36'N", "LonOriginE": "250°15'E", "LonOriginW": "109°45'W", "Lat0_deg": 39.6, "Lon0_E_deg": 250.25, "Lon0_W_deg": -109.75, "ProjScale": 1.000219, "SkewAz_deg": -9999, "FalseN_m": 0.0, "FalseE_m": 114300.0, "FalseN_ift": 0.0, "FalseE_ift": 375000.0, "DesignBy": "State", "Ref_frame": "NATRF2022" }, "geometry": { "type": "Polygon", "coordinates": [ [ [ -109.72999, 39.99999 ], [ -109.05106, 39.99999 ], [ -109.05082, 40.38969 ], [ -109.29999, 40.46999 ], [ -109.39999, 40.46999 ], [ -109.46999, 40.32999 ], [ -109.72999, 40.11999 ], [ -109.72999, 39.99999 ] ] ] } },
{ "type": "Feature", "properties": { "fid": 228, "ZoneCode": "492038", "AbrvFull": "UT 89FH", "NameFull": "Utah US89 Fairview-Hilltop", "ZoneNum": 38, "AbrvPart": "89FH", "NamePart": "US89 Fairview-Hilltop", "ZoneType": "Multizone partial", "StateAbrv": "UT", "StateName": "Utah", "ProjAbrv": "TM", "ProjType": "Transverse Mercator", "LatOrigin": "39°12'N", "LonOriginE": "248°30'E", "LonOriginW": "111°30'W", "Lat0_deg": 39.2, "Lon0_E_deg": 248.5, "Lon0_W_deg": -111.5, "ProjScale": 1.000304, "SkewAz_deg": -9999, "FalseN_m": 0.0, "FalseE_m": 114300.0, "FalseN_ift": 0.0, "FalseE_ift": 375000.0, "DesignBy": "State", "Ref_frame": "NATRF2022" }, "geometry": { "type": "Polygon", "coordinates": [ [ [ -111.72999, 39.58 ], [ -111.39999, 39.58 ], [ -111.39999, 39.75 ], [ -111.72999, 39.75 ], [ -111.72999, 39.58 ] ] ] } },
{ "type": "Feature", "properties": { "fid": 229, "ZoneCode": "492039", "AbrvFull": "UT 06SS", "NameFull": "Utah US6 Soldier Summit-SR96", "ZoneNum": 39, "AbrvPart": "06SS", "NamePart": "US6 Soldier Summit-SR96", "ZoneType": "Multizone partial", "StateAbrv": "UT", "StateName": "Utah", "ProjAbrv": "LC1", "ProjType": "Lambert Conformal Conic, one parallel", "LatOrigin": "39°52'N", "LonOriginE": "249°00'E", "LonOriginW": "111°00'W", "Lat0_deg": 39.866666666699999, "Lon0_E_deg": 249.0, "Lon0_W_deg": -111.0, "ProjScale": 1.000358, "SkewAz_deg": -9999, "FalseN_m": 76200.0, "FalseE_m": 114300.0, "FalseN_ift": 250000.0, "FalseE_ift": 375000.0, "DesignBy": "State", "Ref_frame": "NATRF2022" }, "geometry": { "type": "Polygon", "coordinates": [ [ [ -111.19999, 39.65 ], [ -111.01999, 39.65 ], [ -111.01999, 39.86767 ], [ -110.98867, 39.90388 ], [ -111.08727, 39.96437 ], [ -111.19999, 39.86988 ], [ -111.19999, 39.65 ] ] ] } },
{ "type": "Feature", "properties": { "fid": 230, "ZoneCode": "492040", "AbrvFull": "UT 06PC", "NameFull": "Utah US6 Price Canyon-US191", "ZoneNum": 40, "AbrvPart": "06PC", "NamePart": "US6 Price Canyon-US191", "ZoneType": "Multizone partial", "StateAbrv": "UT", "StateName": "Utah", "ProjAbrv": "LC1", "ProjType": "Lambert Conformal Conic, one parallel", "LatOrigin": "39°45'N", "LonOriginE": "249°06'E", "LonOriginW": "110°54'W", "Lat0_deg": 39.75, "Lon0_E_deg": 249.1, "Lon0_W_deg": -110.9, "ProjScale": 1.000303, "SkewAz_deg": -9999, "FalseN_m": 38100.0, "FalseE_m": 114300.0, "FalseN_ift": 125000.0, "FalseE_ift": 375000.0, "DesignBy": "State", "Ref_frame": "NATRF2022" }, "geometry": { "type": "Polygon", "coordinates": [ [ [ -110.81999, 39.7 ], [ -110.81999, 39.79 ], [ -110.94999, 39.79 ], [ -110.94999, 39.68 ], [ -110.83999, 39.68 ], [ -110.81999, 39.7 ] ] ] } },
{ "type": "Feature", "properties": { "fid": 231, "ZoneCode": "492041", "AbrvFull": "UT 191E", "NameFull": "Utah US191 Emma Park-Bad Lands Cliffs", "ZoneNum": 41, "AbrvPart": "191E", "NamePart": "US191 Emma Park-Bad Lands Cliffs", "ZoneType": "Multizone partial", "StateAbrv": "UT", "StateName": "Utah", "ProjAbrv": "LC1", "ProjType": "Lambert Conformal Conic, one parallel", "LatOrigin": "38°48'N", "LonOriginE": "249°15'E", "LonOriginW": "110°45'W", "Lat0_deg": 38.8, "Lon0_E_deg": 249.25, "Lon0_W_deg": -110.75, "ProjScale": 1.000234, "SkewAz_deg": -9999, "FalseN_m": -38100.0, "FalseE_m": 114300.0, "FalseN_ift": -125000.0, "FalseE_ift": 375000.0, "DesignBy": "State", "Ref_frame": "NATRF2022" }, "geometry": { "type": "Polygon", "coordinates": [ [ [ -110.62503, 39.71 ], [ -110.55679, 39.71 ], [ -110.47414, 39.81291 ], [ -110.70221, 39.90999 ], [ -110.76999, 39.91 ], [ -110.76999, 39.85569 ], [ -110.62503, 39.71 ] ] ] } },
{ "type": "Feature", "properties": { "fid": 232, "ZoneCode": "492042", "AbrvFull": "UT 06WW", "NameFull": "Utah US6 Wellington-Woodside", "ZoneNum": 42, "AbrvPart": "06WW", "NamePart": "US6 Wellington-Woodside", "ZoneType": "Multizone partial", "StateAbrv": "UT", "StateName": "Utah", "ProjAbrv": "LC1", "ProjType": "Lambert Conformal Conic, one parallel", "LatOrigin": "39°00'N", "LonOriginE": "249°30'E", "LonOriginW": "110°30'W", "Lat0_deg": 39.0, "Lon0_E_deg": 249.5, "Lon0_W_deg": -110.5, "ProjScale": 1.000222, "SkewAz_deg": -9999, "FalseN_m": 76200.0, "FalseE_m": 190500.0, "FalseN_ift": 250000.0, "FalseE_ift": 625000.0, "DesignBy": "State", "Ref_frame": "NATRF2022" }, "geometry": { "type": "Polygon", "coordinates": [ [ [ -110.45999, 38.9 ], [ -110.25999, 38.9 ], [ -110.32748, 39.37741 ], [ -110.57811, 39.67425 ], [ -110.81999, 39.7 ], [ -110.83999, 39.68 ], [ -110.87832, 39.52671 ], [ -110.66347, 39.36362 ], [ -110.53224, 39.18049 ], [ -110.45999, 38.97614 ], [ -110.45999, 38.9 ] ] ] } },
{ "type": "Feature", "properties": { "fid": 233, "ZoneCode": "492043", "AbrvFull": "UT 06KC", "NameFull": "Utah US6 King Cove-State Line", "ZoneNum": 43, "AbrvPart": "06KC", "NamePart": "US6 King Cove-State Line", "ZoneType": "Multizone partial", "StateAbrv": "UT", "StateName": "Utah", "ProjAbrv": "TM", "ProjType": "Transverse Mercator", "LatOrigin": "38°30'N", "LonOriginE": "246°00'E", "LonOriginW": "114°00'W", "Lat0_deg": 38.5, "Lon0_E_deg": 246.0, "Lon0_W_deg": -114.0, "ProjScale": 1.000242, "SkewAz_deg": -9999, "FalseN_m": 0.0, "FalseE_m": 114300.0, "FalseN_ift": 0.0, "FalseE_ift": 375000.0, "DesignBy": "State", "Ref_frame": "NATRF2022" }, "geometry": { "type": "Polygon", "coordinates": [ [ [ -114.04957, 38.88 ], [ -113.48999, 38.88 ], [ -113.56999, 39.2 ], [ -114.04853, 39.2 ], [ -114.04957, 38.88 ] ] ] } },
{ "type": "Feature", "properties": { "fid": 234, "ZoneCode": "492044", "AbrvFull": "UT 50SS", "NameFull": "Utah US50 Salina-Scipio", "ZoneNum": 44, "AbrvPart": "50SS", "NamePart": "US50 Salina-Scipio", "ZoneType": "Multizone partial", "StateAbrv": "UT", "StateName": "Utah", "ProjAbrv": "TM", "ProjType": "Transverse Mercator", "LatOrigin": "38°33'N", "LonOriginE": "248°30'E", "LonOriginW": "111°30'W", "Lat0_deg": 38.55, "Lon0_E_deg": 248.5, "Lon0_W_deg": -111.5, "ProjScale": 1.000255, "SkewAz_deg": -9999, "FalseN_m": 0.0, "FalseE_m": 152400.0, "FalseN_ift": 0.0, "FalseE_ift": 500000.0, "DesignBy": "State", "Ref_frame": "NATRF2022" }, "geometry": { "type": "Polygon", "coordinates": [ [ [ -112.13999, 38.95 ], [ -111.92999, 38.95 ], [ -111.92999, 39.26 ], [ -112.13999, 39.26 ], [ -112.13999, 38.95 ] ] ] } },
{ "type": "Feature", "properties": { "fid": 235, "ZoneCode": "492045", "AbrvFull": "UT 10MH", "NameFull": "Utah SR10 Moore-Huntington", "ZoneNum": 45, "AbrvPart": "10MH", "NamePart": "SR10 Moore-Huntington", "ZoneType": "Multizone partial", "StateAbrv": "UT", "StateName": "Utah", "ProjAbrv": "TM", "ProjType": "Transverse Mercator", "LatOrigin": "38°15'N", "LonOriginE": "249°00'E", "LonOriginW": "111°00'W", "Lat0_deg": 38.25, "Lon0_E_deg": 249.0, "Lon0_W_deg": -111.0, "ProjScale": 1.000279, "SkewAz_deg": -9999, "FalseN_m": 0.0, "FalseE_m": 190500.0, "FalseN_ift": 0.0, "FalseE_ift": 625000.0, "DesignBy": "State", "Ref_frame": "NATRF2022" }, "geometry": { "type": "Polygon", "coordinates": [ [ [ -110.45999, 38.97614 ], [ -110.53224, 39.18049 ], [ -110.66347, 39.36362 ], [ -110.87832, 39.52671 ], [ -111.07173, 39.39522 ], [ -111.18791, 39.27494 ], [ -111.32999, 38.64 ], [ -111.10276, 38.64 ], [ -111.01999, 38.79858 ], [ -111.01999, 38.90782 ], [ -110.45999, 38.97614 ] ] ] } },
{ "type": "Feature", "properties": { "fid": 236, "ZoneCode": "492046", "AbrvFull": "UT 70GS", "NameFull": "Utah Interstate 70 Gooseberry Road-Summit", "ZoneNum": 46, "AbrvPart": "70GS", "NamePart": "Interstate 70 Gooseberry Road-Summit", "ZoneType": "Multizone partial", "StateAbrv": "UT", "StateName": "Utah", "ProjAbrv": "TM", "ProjType": "Transverse Mercator", "LatOrigin": "38°24'N", "LonOriginE": "247°00'E", "LonOriginW": "113°00'W", "Lat0_deg": 38.4, "Lon0_E_deg": 247.0, "Lon0_W_deg": -113.0, "ProjScale": 1.000159, "SkewAz_deg": -9999, "FalseN_m": 0.0, "FalseE_m": 0.0, "FalseN_ift": 0.0, "FalseE_ift": 0.0, "DesignBy": "State", "Ref_frame": "NATRF2022" }, "geometry": { "type": "Polygon", "coordinates": [ [ [ -111.46999, 38.84445 ], [ -111.46999, 38.95 ], [ -111.7996, 38.95 ], [ -111.81403, 38.86317 ], [ -111.73117, 38.84 ], [ -111.6521, 38.84 ], [ -111.57499, 38.80479 ], [ -111.46999, 38.84445 ] ] ] } },
{ "type": "Feature", "properties": { "fid": 237, "ZoneCode": "492047", "AbrvFull": "UT 70SR", "NameFull": "Utah Interstate 70 San Rafael Swell", "ZoneNum": 47, "AbrvPart": "70SR", "NamePart": "Interstate 70 San Rafael Swell", "ZoneType": "Multizone partial", "StateAbrv": "UT", "StateName": "Utah", "ProjAbrv": "LC1", "ProjType": "Lambert Conformal Conic, one parallel", "LatOrigin": "41°00'N", "LonOriginE": "249°15'E", "LonOriginW": "110°45'W", "Lat0_deg": 41.0, "Lon0_E_deg": 249.25, "Lon0_W_deg": -110.75, "ProjScale": 0.999635, "SkewAz_deg": -9999, "FalseN_m": 304800.0, "FalseE_m": 114300.0, "FalseN_ift": 1000000.0, "FalseE_ift": 375000.0, "DesignBy": "State", "Ref_frame": "NATRF2022" }, "geometry": { "type": "Polygon", "coordinates": [ [ [ -110.45999, 38.9 ], [ -110.45999, 38.97614 ], [ -111.01999, 38.90782 ], [ -111.01999, 38.79858 ], [ -110.95113, 38.77754 ], [ -110.52197, 38.83149 ], [ -110.45999, 38.9 ] ] ] } },
{ "type": "Feature", "properties": { "fid": 238, "ZoneCode": "492048", "AbrvFull": "UT 70FS", "NameFull": "Utah Interstate 70 Floy-State Line", "ZoneNum": 48, "AbrvPart": "70FS", "NamePart": "Interstate 70 Floy-State Line", "ZoneType": "Multizone partial", "StateAbrv": "UT", "StateName": "Utah", "ProjAbrv": "OMC", "ProjType": "Hotine Oblique Mercator, center", "LatOrigin": "38°42'N", "LonOriginE": "250°30'E", "LonOriginW": "109°30'W", "Lat0_deg": 38.7, "Lon0_E_deg": 250.5, "Lon0_W_deg": -109.5, "ProjScale": 1.000215, "SkewAz_deg": 51, "FalseN_m": 38100.0, "FalseE_m": 190500.0, "FalseN_ift": 125000.0, "FalseE_ift": 625000.0, "DesignBy": "State", "Ref_frame": "NATRF2022" }, "geometry": { "type": "Polygon", "coordinates": [ [ [ -109.41613, 38.68855 ], [ -109.05838, 38.76806 ], [ -109.05411, 38.87353 ], [ -109.05115, 39.1426 ], [ -109.05105, 39.31999 ], [ -109.25219, 39.31999 ], [ -109.62393, 39.04276 ], [ -109.94999, 38.99067 ], [ -109.94999, 38.89425 ], [ -109.41613, 38.68855 ] ] ] } },
{ "type": "Feature", "properties": { "fid": 239, "ZoneCode": "492049", "AbrvFull": "UT GSLE", "NameFull": "Utah Great Salt Lake Ecosystem", "ZoneNum": 49, "AbrvPart": "GSLE", "NamePart": "Great Salt Lake Ecosystem", "ZoneType": "Multizone partial", "StateAbrv": "UT", "StateName": "Utah", "ProjAbrv": "TM", "ProjType": "Transverse Mercator", "LatOrigin": "40°15'N", "LonOriginE": "247°27'E", "LonOriginW": "112°33'W", "Lat0_deg": 40.25, "Lon0_E_deg": 247.45, "Lon0_W_deg": -112.55, "ProjScale": 1.000183, "SkewAz_deg": -9999, "FalseN_m": 0.0, "FalseE_m": 228600.0, "FalseN_ift": 0.0, "FalseE_ift": 750000.0, "DesignBy": "State", "Ref_frame": "NATRF2022" }, "geometry": { "type": "Polygon", "coordinates": [ [ [ -112.62999, 41.62 ], [ -112.72999, 41.78 ], [ -113.18999, 41.78 ], [ -113.18999, 41.62 ], [ -113.12326, 40.84136 ], [ -112.64833, 40.74088 ], [ -112.45006, 40.58505 ], [ -112.31915, 40.60908 ], [ -112.24365, 40.7102 ], [ -112.17098, 40.73674 ], [ -112.07292, 40.81961 ], [ -111.95922, 40.8747 ], [ -111.91999, 40.92 ], [ -111.91999, 40.97 ], [ -111.96433, 41.01654 ], [ -112.12999, 41.09 ], [ -112.12999, 41.22 ], [ -112.05999, 41.36 ], [ -112.07999, 41.56999 ], [ -112.34999, 41.62 ], [ -112.62999, 41.62 ] ] ] } },
{ "type": "Feature", "properties": { "fid": 240, "ZoneCode": "492050", "AbrvFull": "UT 70CC", "NameFull": "Utah Interstate 70 Cove Fort-Clear Creek Road", "ZoneNum": 50, "AbrvPart": "70CC", "NamePart": "Interstate 70 Cove Fort-Clear Creek Road", "ZoneType": "Multizone partial", "StateAbrv": "UT", "StateName": "Utah", "ProjAbrv": "TM", "ProjType": "Transverse Mercator", "LatOrigin": "38°09'N", "LonOriginE": "247°30'E", "LonOriginW": "112°30'W", "Lat0_deg": 38.15, "Lon0_E_deg": 247.5, "Lon0_W_deg": -112.5, "ProjScale": 1.000318, "SkewAz_deg": -9999, "FalseN_m": 0.0, "FalseE_m": 114300.0, "FalseN_ift": 0.0, "FalseE_ift": 375000.0, "DesignBy": "State", "Ref_frame": "NATRF2022" }, "geometry": { "type": "Polygon", "coordinates": [ [ [ -112.57999, 38.52 ], [ -112.37999, 38.52 ], [ -112.37999, 38.64 ], [ -112.57999, 38.64 ], [ -112.57999, 38.52 ] ] ] } },
{ "type": "Feature", "properties": { "fid": 241, "ZoneCode": "492051", "AbrvFull": "UT 24PV", "NameFull": "Utah SR24 Plateau Valley", "ZoneNum": 51, "AbrvPart": "24PV", "NamePart": "SR24 Plateau Valley", "ZoneType": "Multizone partial", "StateAbrv": "UT", "StateName": "Utah", "ProjAbrv": "TM", "ProjType": "Transverse Mercator", "LatOrigin": "38°00'N", "LonOriginE": "246°06'E", "LonOriginW": "113°54'W", "Lat0_deg": 38.0, "Lon0_E_deg": 246.1, "Lon0_W_deg": -113.9, "ProjScale": 0.999946, "SkewAz_deg": -9999, "FalseN_m": 0.0, "FalseE_m": -38100.0, "FalseN_ift": 0.0, "FalseE_ift": -125000.0, "DesignBy": "State", "Ref_frame": "NATRF2022" }, "geometry": { "type": "Polygon", "coordinates": [ [ [ -111.81403, 38.86317 ], [ -111.96638, 38.87349 ], [ -112.01033, 38.71318 ], [ -111.87182, 38.68604 ], [ -111.95876, 38.3984 ], [ -111.86762, 38.37697 ], [ -111.85777, 38.41 ], [ -111.76955, 38.72 ], [ -111.70687, 38.72 ], [ -111.6737, 38.77641 ], [ -111.57499, 38.76727 ], [ -111.57499, 38.80479 ], [ -111.6521, 38.84 ], [ -111.73117, 38.84 ], [ -111.81403, 38.86317 ] ] ] } },
{ "type": "Feature", "properties": { "fid": 242, "ZoneCode": "492052", "AbrvFull": "UT 24FL", "NameFull": "Utah SR24 Fish Lake", "ZoneNum": 52, "AbrvPart": "24FL", "NamePart": "SR24 Fish Lake", "ZoneType": "Multizone partial", "StateAbrv": "UT", "StateName": "Utah", "ProjAbrv": "LC1", "ProjType": "Lambert Conformal Conic, one parallel", "LatOrigin": "37°15'N", "LonOriginE": "248°21'E", "LonOriginW": "111°39'W", "Lat0_deg": 37.25, "Lon0_E_deg": 248.35, "Lon0_W_deg": -111.65, "ProjScale": 1.000152, "SkewAz_deg": -9999, "FalseN_m": -76200.0, "FalseE_m": 152400.0, "FalseN_ift": -250000.0, "FalseE_ift": 500000.0, "DesignBy": "State", "Ref_frame": "NATRF2022" }, "geometry": { "type": "Polygon", "coordinates": [ [ [ -111.57499, 38.76727 ], [ -111.6737, 38.77641 ], [ -111.70687, 38.72 ], [ -111.76955, 38.72 ], [ -111.85777, 38.41 ], [ -111.68999, 38.41 ], [ -111.57949, 38.49 ], [ -111.49999, 38.49 ], [ -111.49999, 38.62 ], [ -111.49999, 38.67621 ], [ -111.57499, 38.76727 ] ] ] } },
{ "type": "Feature", "properties": { "fid": 243, "ZoneCode": "492053", "AbrvFull": "UT 70SL", "NameFull": "Utah Interstate 70 Summit-Last Chance Road", "ZoneNum": 53, "AbrvPart": "70SL", "NamePart": "Interstate 70 Summit-Last Chance Road", "ZoneType": "Multizone partial", "StateAbrv": "UT", "StateName": "Utah", "ProjAbrv": "TM", "ProjType": "Transverse Mercator", "LatOrigin": "38°15'N", "LonOriginE": "249°00'E", "LonOriginW": "111°00'W", "Lat0_deg": 38.25, "Lon0_E_deg": 249.0, "Lon0_W_deg": -111.0, "ProjScale": 1.000325, "SkewAz_deg": -9999, "FalseN_m": 0.0, "FalseE_m": 152400.0, "FalseN_ift": 0.0, "FalseE_ift": 500000.0, "DesignBy": "State", "Ref_frame": "NATRF2022" }, "geometry": { "type": "Polygon", "coordinates": [ [ [ -111.49999, 38.62 ], [ -111.35999, 38.62 ], [ -111.35999, 38.78392 ], [ -111.46999, 38.84445 ], [ -111.57499, 38.80479 ], [ -111.57499, 38.76727 ], [ -111.49999, 38.67621 ], [ -111.49999, 38.62 ] ] ] } },
{ "type": "Feature", "properties": { "fid": 244, "ZoneCode": "492054", "AbrvFull": "UT 24CA", "NameFull": "Utah SR24 Caineville", "ZoneNum": 54, "AbrvPart": "24CA", "NamePart": "SR24 Caineville", "ZoneType": "Multizone partial", "StateAbrv": "UT", "StateName": "Utah", "ProjAbrv": "LC1", "ProjType": "Lambert Conformal Conic, one parallel", "LatOrigin": "37°30'N", "LonOriginE": "249°03'E", "LonOriginW": "110°57'W", "Lat0_deg": 37.5, "Lon0_E_deg": 249.05, "Lon0_W_deg": -110.95, "ProjScale": 1.000113, "SkewAz_deg": -9999, "FalseN_m": -38100.0, "FalseE_m": 152400.0, "FalseN_ift": -125000.0, "FalseE_ift": 500000.0, "DesignBy": "State", "Ref_frame": "NATRF2022" }, "geometry": { "type": "Polygon", "coordinates": [ [ [ -110.92999, 38.57 ], [ -110.96999, 38.57 ], [ -111.10276, 38.64 ], [ -111.32999, 38.64 ], [ -111.32999, 38.53653 ], [ -111.27064, 38.39244 ], [ -111.11714, 38.43638 ], [ -111.03817, 38.27 ], [ -110.92999, 38.27 ], [ -110.92999, 38.57 ] ] ] } },
{ "type": "Feature", "properties": { "fid": 245, "ZoneCode": "492055", "AbrvFull": "UT 89ST", "NameFull": "Utah US89 Spry-Thompsonville", "ZoneNum": 55, "AbrvPart": "89ST", "NamePart": "US89 Spry-Thompsonville", "ZoneType": "Multizone partial", "StateAbrv": "UT", "StateName": "Utah", "ProjAbrv": "TM", "ProjType": "Transverse Mercator", "LatOrigin": "37°21'N", "LonOriginE": "247°45'E", "LonOriginW": "112°15'W", "Lat0_deg": 37.35, "Lon0_E_deg": 247.75, "Lon0_W_deg": -112.25, "ProjScale": 1.000296, "SkewAz_deg": -9999, "FalseN_m": 0.0, "FalseE_m": 190500.0, "FalseN_ift": 0.0, "FalseE_ift": 625000.0, "DesignBy": "State", "Ref_frame": "NATRF2022" }, "geometry": { "type": "Polygon", "coordinates": [ [ [ -111.95876, 38.3984 ], [ -112.3021, 38.47906 ], [ -112.55188, 37.8136 ], [ -112.30941, 37.75963 ], [ -112.22999, 37.91 ], [ -111.95999, 37.91 ], [ -111.8482, 38.37241 ], [ -111.86762, 38.37697 ], [ -111.95876, 38.3984 ] ] ] } },
{ "type": "Feature", "properties": { "fid": 246, "ZoneCode": "492056", "AbrvFull": "UT 24LB", "NameFull": "Utah SR24 Loa-Bicknell", "ZoneNum": 56, "AbrvPart": "24LB", "NamePart": "SR24 Loa-Bicknell", "ZoneType": "Multizone partial", "StateAbrv": "UT", "StateName": "Utah", "ProjAbrv": "LC1", "ProjType": "Lambert Conformal Conic, one parallel", "LatOrigin": "38°20'N", "LonOriginE": "248°27'E", "LonOriginW": "111°33'W", "Lat0_deg": 38.333333333299997, "Lon0_E_deg": 248.45, "Lon0_W_deg": -111.55, "ProjScale": 1.000343, "SkewAz_deg": -9999, "FalseN_m": 76200.0, "FalseE_m": 114300.0, "FalseN_ift": 250000.0, "FalseE_ift": 375000.0, "DesignBy": "State", "Ref_frame": "NATRF2022" }, "geometry": { "type": "Polygon", "coordinates": [ [ [ -111.30999, 38.17 ], [ -111.25999, 38.17 ], [ -111.25999, 38.26 ], [ -111.36999, 38.26 ], [ -111.36999, 38.41 ], [ -111.49999, 38.41 ], [ -111.49999, 38.49 ], [ -111.57949, 38.49 ], [ -111.68999, 38.41 ], [ -111.68999, 38.24 ], [ -111.43999, 38.24 ], [ -111.30999, 38.17 ] ] ] } },
{ "type": "Feature", "properties": { "fid": 247, "ZoneCode": "492057", "AbrvFull": "UT 24NO", "NameFull": "Utah SR24 Notom", "ZoneNum": 57, "AbrvPart": "24NO", "NamePart": "SR24 Notom", "ZoneType": "Multizone partial", "StateAbrv": "UT", "StateName": "Utah", "ProjAbrv": "TM", "ProjType": "Transverse Mercator", "LatOrigin": "37°39'N", "LonOriginE": "249°00'E", "LonOriginW": "111°00'W", "Lat0_deg": 37.65, "Lon0_E_deg": 249.0, "Lon0_W_deg": -111.0, "ProjScale": 1.00024, "SkewAz_deg": -9999, "FalseN_m": 0.0, "FalseE_m": 152400.0, "FalseN_ift": 0.0, "FalseE_ift": 500000.0, "DesignBy": "State", "Ref_frame": "NATRF2022" }, "geometry": { "type": "Polygon", "coordinates": [ [ [ -111.03817, 38.27 ], [ -111.11714, 38.43638 ], [ -111.27064, 38.39244 ], [ -111.10655, 38.0382 ], [ -110.94951, 38.0832 ], [ -111.03817, 38.27 ] ] ] } },
{ "type": "Feature", "properties": { "fid": 248, "ZoneCode": "492058", "AbrvFull": "UT 24HA", "NameFull": "Utah SR24 Hanksville", "ZoneNum": 58, "AbrvPart": "24HA", "NamePart": "SR24 Hanksville", "ZoneType": "Multizone partial", "StateAbrv": "UT", "StateName": "Utah", "ProjAbrv": "TM", "ProjType": "Transverse Mercator", "LatOrigin": "37°48'N", "LonOriginE": "249°15'E", "LonOriginW": "110°45'W", "Lat0_deg": 37.8, "Lon0_E_deg": 249.25, "Lon0_W_deg": -110.75, "ProjScale": 1.000212, "SkewAz_deg": -9999, "FalseN_m": 0.0, "FalseE_m": 228600.0, "FalseN_ift": 0.0, "FalseE_ift": 750000.0, "DesignBy": "State", "Ref_frame": "NATRF2022" }, "geometry": { "type": "Polygon", "coordinates": [ [ [ -110.92999, 38.57 ], [ -110.92999, 38.27 ], [ -110.92999, 38.21 ], [ -110.63999, 38.21 ], [ -110.63999, 38.57 ], [ -110.92999, 38.57 ] ] ] } },
{ "type": "Feature", "properties": { "fid": 249, "ZoneCode": "492059", "AbrvFull": "UT 12CG", "NameFull": "Utah SR12 Carcass Creek-Grover", "ZoneNum": 59, "AbrvPart": "12CG", "NamePart": "SR12 Carcass Creek-Grover", "ZoneType": "Multizone partial", "StateAbrv": "UT", "StateName": "Utah", "ProjAbrv": "LC1", "ProjType": "Lambert Conformal Conic, one parallel", "LatOrigin": "39°00'N", "LonOriginE": "248°30'E", "LonOriginW": "111°30'W", "Lat0_deg": 39.0, "Lon0_E_deg": 248.5, "Lon0_W_deg": -111.5, "ProjScale": 1.000292, "SkewAz_deg": -9999, "FalseN_m": 152400.0, "FalseE_m": 114300.0, "FalseN_ift": 500000.0, "FalseE_ift": 375000.0, "DesignBy": "State", "Ref_frame": "NATRF2022" }, "geometry": { "type": "Polygon", "coordinates": [ [ [ -111.30999, 38.17 ], [ -111.43999, 38.24 ], [ -111.68999, 38.24 ], [ -111.70999, 38.24 ], [ -111.70999, 38.08 ], [ -111.59999, 38.08 ], [ -111.50999, 38.12 ], [ -111.40999, 38.1 ], [ -111.30999, 38.04285 ], [ -111.30999, 38.17 ] ] ] } },
{ "type": "Feature", "properties": { "fid": 250, "ZoneCode": "492060", "AbrvFull": "UT 12BR", "NameFull": "Utah SR12 Boulder-Roundup Flat Summit", "ZoneNum": 60, "AbrvPart": "12BR", "NamePart": "SR12 Boulder-Roundup Flat Summit", "ZoneType": "Multizone partial", "StateAbrv": "UT", "StateName": "Utah", "ProjAbrv": "LC1", "ProjType": "Lambert Conformal Conic, one parallel", "LatOrigin": "34°00'N", "LonOriginE": "248°30'E", "LonOriginW": "111°30'W", "Lat0_deg": 34.0, "Lon0_E_deg": 248.5, "Lon0_W_deg": -111.5, "ProjScale": 0.997941, "SkewAz_deg": -9999, "FalseN_m": -381000.0, "FalseE_m": 114300.0, "FalseN_ift": -1250000.0, "FalseE_ift": 375000.0, "DesignBy": "State", "Ref_frame": "NATRF2022" }, "geometry": { "type": "Polygon", "coordinates": [ [ [ -111.30999, 38.04285 ], [ -111.40999, 38.1 ], [ -111.50999, 38.12 ], [ -111.59999, 38.08 ], [ -111.70999, 38.08 ], [ -111.76999, 38.08 ], [ -111.76999, 38.03 ], [ -111.46999, 37.91 ], [ -111.36999, 37.91 ], [ -111.26999, 38.02 ], [ -111.30999, 38.04285 ] ] ] } },
{ "type": "Feature", "properties": { "fid": 251, "ZoneCode": "492061", "AbrvFull": "UT 46LS", "NameFull": "Utah US46 La Sal", "ZoneNum": 61, "AbrvPart": "46LS", "NamePart": "US46 La Sal", "ZoneType": "Multizone partial", "StateAbrv": "UT", "StateName": "Utah", "ProjAbrv": "TM", "ProjType": "Transverse Mercator", "LatOrigin": "37°48'N", "LonOriginE": "249°24'E", "LonOriginW": "110°36'W", "Lat0_deg": 37.8, "Lon0_E_deg": 249.4, "Lon0_W_deg": -110.6, "ProjScale": 1.000163, "SkewAz_deg": -9999, "FalseN_m": 0.0, "FalseE_m": 0.0, "FalseN_ift": 0.0, "FalseE_ift": 0.0, "DesignBy": "State", "Ref_frame": "NATRF2022" }, "geometry": { "type": "Polygon", "coordinates": [ [ [ -109.22999, 38.28 ], [ -109.22999, 38.38 ], [ -109.35999, 38.38 ], [ -109.35999, 38.27 ], [ -109.26999, 38.19 ], [ -109.17999, 38.19 ], [ -109.22999, 38.28 ] ] ] } },
{ "type": "Feature", "properties": { "fid": 252, "ZoneCode": "492062", "AbrvFull": "UT 46OL", "NameFull": "Utah US46 Old La Sal", "ZoneNum": 62, "AbrvPart": "46OL", "NamePart": "US46 Old La Sal", "ZoneType": "Multizone partial", "StateAbrv": "UT", "StateName": "Utah", "ProjAbrv": "TM", "ProjType": "Transverse Mercator", "LatOrigin": "37°54'N", "LonOriginE": "252°30'E", "LonOriginW": "107°30'W", "Lat0_deg": 37.9, "Lon0_E_deg": 252.5, "Lon0_W_deg": -107.5, "ProjScale": 1.000073, "SkewAz_deg": -9999, "FalseN_m": 0.0, "FalseE_m": 228600.0, "FalseN_ift": 0.0, "FalseE_ift": 750000.0, "DesignBy": "State", "Ref_frame": "NATRF2022" }, "geometry": { "type": "Polygon", "coordinates": [ [ [ -109.22999, 38.38 ], [ -109.22999, 38.28 ], [ -109.06018, 38.28 ], [ -109.06015, 38.37999 ], [ -109.22999, 38.38 ] ] ] } },
{ "type": "Feature", "properties": { "fid": 253, "ZoneCode": "492063", "AbrvFull": "UT 18PV", "NameFull": "Utah SR18 Pine Valley", "ZoneNum": 63, "AbrvPart": "18PV", "NamePart": "SR18 Pine Valley", "ZoneType": "Multizone partial", "StateAbrv": "UT", "StateName": "Utah", "ProjAbrv": "TM", "ProjType": "Transverse Mercator", "LatOrigin": "36°51'N", "LonOriginE": "245°12'E", "LonOriginW": "114°48'W", "Lat0_deg": 36.85, "Lon0_E_deg": 245.2, "Lon0_W_deg": -114.8, "ProjScale": 1.00014, "SkewAz_deg": -9999, "FalseN_m": 0.0, "FalseE_m": 0.0, "FalseN_ift": 0.0, "FalseE_ift": 0.0, "DesignBy": "State", "Ref_frame": "NATRF2022" }, "geometry": { "type": "Polygon", "coordinates": [ [ [ -113.60999, 37.36 ], [ -113.42999, 37.36 ], [ -113.42999, 37.62 ], [ -113.75999, 37.62 ], [ -113.75999, 37.36 ], [ -113.60999, 37.36 ] ] ] } },
{ "type": "Feature", "properties": { "fid": 254, "ZoneCode": "492064", "AbrvFull": "UT 18SV", "NameFull": "Utah SR18 Santa Clara-Veyo", "ZoneNum": 64, "AbrvPart": "18SV", "NamePart": "SR18 Santa Clara-Veyo", "ZoneType": "Multizone partial", "StateAbrv": "UT", "StateName": "Utah", "ProjAbrv": "LC1", "ProjType": "Lambert Conformal Conic, one parallel", "LatOrigin": "36°45'N", "LonOriginE": "246°21'E", "LonOriginW": "113°39'W", "Lat0_deg": 36.75, "Lon0_E_deg": 246.35, "Lon0_W_deg": -113.65, "ProjScale": 1.000161, "SkewAz_deg": -9999, "FalseN_m": 0.0, "FalseE_m": 114300.0, "FalseN_ift": 0.0, "FalseE_ift": 375000.0, "DesignBy": "State", "Ref_frame": "NATRF2022" }, "geometry": { "type": "Polygon", "coordinates": [ [ [ -113.60999, 37.36 ], [ -113.75999, 37.36 ], [ -113.75999, 37.17 ], [ -113.60999, 37.17 ], [ -113.60999, 37.36 ] ] ] } },
{ "type": "Feature", "properties": { "fid": 255, "ZoneCode": "492065", "AbrvFull": "UT 09VZ", "NameFull": "Utah SR9 Virgin-Zion", "ZoneNum": 65, "AbrvPart": "09VZ", "NamePart": "SR9 Virgin-Zion", "ZoneType": "Multizone partial", "StateAbrv": "UT", "StateName": "Utah", "ProjAbrv": "LC1", "ProjType": "Lambert Conformal Conic, one parallel", "LatOrigin": "34°15'N", "LonOriginE": "247°00'E", "LonOriginW": "113°00'W", "Lat0_deg": 34.25, "Lon0_E_deg": 247.0, "Lon0_W_deg": -113.0, "ProjScale": 0.998857, "SkewAz_deg": -9999, "FalseN_m": -266700.0, "FalseE_m": 114300.0, "FalseN_ift": -875000.0, "FalseE_ift": 375000.0, "DesignBy": "State", "Ref_frame": "NATRF2022" }, "geometry": { "type": "Polygon", "coordinates": [ [ [ -112.9315, 37.30466 ], [ -113.06102, 37.43628 ], [ -113.20999, 37.30214 ], [ -113.20999, 37.19 ], [ -113.20999, 37.15 ], [ -112.9768, 37.15 ], [ -112.9315, 37.30466 ] ] ] } },
{ "type": "Feature", "properties": { "fid": 256, "ZoneCode": "492066", "AbrvFull": "UT 09ZC", "NameFull": "Utah SR9 Zion-Mount Carmel", "ZoneNum": 66, "AbrvPart": "09ZC", "NamePart": "SR9 Zion-Mount Carmel", "ZoneType": "Multizone partial", "StateAbrv": "UT", "StateName": "Utah", "ProjAbrv": "LC1", "ProjType": "Lambert Conformal Conic, one parallel", "LatOrigin": "34°30'N", "LonOriginE": "247°15'E", "LonOriginW": "112°45'W", "Lat0_deg": 34.5, "Lon0_E_deg": 247.25, "Lon0_W_deg": -112.75, "ProjScale": 0.999125, "SkewAz_deg": -9999, "FalseN_m": -228600.0, "FalseE_m": 114300.0, "FalseN_ift": -750000.0, "FalseE_ift": 375000.0, "DesignBy": "State", "Ref_frame": "NATRF2022" }, "geometry": { "type": "Polygon", "coordinates": [ [ [ -112.6504, 37.1937 ], [ -112.73919, 37.38383 ], [ -112.9315, 37.30466 ], [ -112.9768, 37.15 ], [ -112.89999, 37.16028 ], [ -112.6504, 37.1937 ] ] ] } },
{ "type": "Feature", "properties": { "fid": 257, "ZoneCode": "492067", "AbrvFull": "UT 89ML", "NameFull": "Utah US89 Mount Carmel Jct-Long Valley Jct", "ZoneNum": 67, "AbrvPart": "89ML", "NamePart": "US89 Mount Carmel Jct-Long Valley Jct", "ZoneType": "Multizone partial", "StateAbrv": "UT", "StateName": "Utah", "ProjAbrv": "LC1", "ProjType": "Lambert Conformal Conic, one parallel", "LatOrigin": "35°45'N", "LonOriginE": "247°30'E", "LonOriginW": "112°30'W", "Lat0_deg": 35.75, "Lon0_E_deg": 247.5, "Lon0_W_deg": -112.5, "ProjScale": 0.9999, "SkewAz_deg": -9999, "FalseN_m": -114300.0, "FalseE_m": 152400.0, "FalseN_ift": -375000.0, "FalseE_ift": 500000.0, "DesignBy": "State", "Ref_frame": "NATRF2022" }, "geometry": { "type": "Polygon", "coordinates": [ [ [ -112.43387, 37.52431 ], [ -112.60769, 37.61342 ], [ -112.68424, 37.55084 ], [ -112.62999, 37.43 ], [ -112.73919, 37.38383 ], [ -112.6504, 37.1937 ], [ -112.41284, 37.41524 ], [ -112.38449, 37.49897 ], [ -112.43387, 37.52431 ] ] ] } },
{ "type": "Feature", "properties": { "fid": 258, "ZoneCode": "492068", "AbrvFull": "UT 63BC", "NameFull": "Utah US63 Bryce Canyon National Park", "ZoneNum": 68, "AbrvPart": "63BC", "NamePart": "US63 Bryce Canyon National Park", "ZoneType": "Multizone partial", "StateAbrv": "UT", "StateName": "Utah", "ProjAbrv": "LC1", "ProjType": "Lambert Conformal Conic, one parallel", "LatOrigin": "38°00'N", "LonOriginE": "247°48'E", "LonOriginW": "112°12'W", "Lat0_deg": 38.0, "Lon0_E_deg": 247.8, "Lon0_W_deg": -112.2, "ProjScale": 1.000363, "SkewAz_deg": -9999, "FalseN_m": 114300.0, "FalseE_m": 152400.0, "FalseN_ift": 375000.0, "FalseE_ift": 500000.0, "DesignBy": "State", "Ref_frame": "NATRF2022" }, "geometry": { "type": "Polygon", "coordinates": [ [ [ -111.95999, 37.8 ], [ -111.95999, 37.91 ], [ -112.22999, 37.91 ], [ -112.30941, 37.75963 ], [ -112.43387, 37.52431 ], [ -112.38449, 37.49897 ], [ -112.41284, 37.41524 ], [ -112.2354, 37.42243 ], [ -112.07325, 37.69145 ], [ -112.00782, 37.8 ], [ -111.95999, 37.8 ] ] ] } },
{ "type": "Feature", "properties": { "fid": 259, "ZoneCode": "492069", "AbrvFull": "UT 12DH", "NameFull": "Utah SR12 Dry Creek-Henrieville Creek", "ZoneNum": 69, "AbrvPart": "12DH", "NamePart": "SR12 Dry Creek-Henrieville Creek", "ZoneType": "Multizone partial", "StateAbrv": "UT", "StateName": "Utah", "ProjAbrv": "LC1", "ProjType": "Lambert Conformal Conic, one parallel", "LatOrigin": "37°30'N", "LonOriginE": "248°00'E", "LonOriginW": "112°00'W", "Lat0_deg": 37.5, "Lon0_E_deg": 248.0, "Lon0_W_deg": -112.0, "ProjScale": 1.000299, "SkewAz_deg": -9999, "FalseN_m": 38100.0, "FalseE_m": 152400.0, "FalseN_ift": 125000.0, "FalseE_ift": 500000.0, "DesignBy": "State", "Ref_frame": "NATRF2022" }, "geometry": { "type": "Polygon", "coordinates": [ [ [ -111.84999, 37.59 ], [ -111.97825, 37.59 ], [ -111.97834, 37.6734 ], [ -112.07325, 37.69145 ], [ -112.2354, 37.42243 ], [ -111.69999, 37.43991 ], [ -111.69999, 37.59 ], [ -111.84999, 37.59 ] ] ] } },
{ "type": "Feature", "properties": { "fid": 260, "ZoneCode": "492070", "AbrvFull": "UT 12RH", "NameFull": "Utah SR12 Roundup Flat Summit-Happy Valley Road", "ZoneNum": 70, "AbrvPart": "12RH", "NamePart": "SR12 Roundup Flat Summit-Happy Valley Road", "ZoneType": "Multizone partial", "StateAbrv": "UT", "StateName": "Utah", "ProjAbrv": "LC1", "ProjType": "Lambert Conformal Conic, one parallel", "LatOrigin": "35°45'N", "LonOriginE": "248°00'E", "LonOriginW": "112°00'W", "Lat0_deg": 35.75, "Lon0_E_deg": 248.0, "Lon0_W_deg": -112.0, "ProjScale": 0.999793, "SkewAz_deg": -9999, "FalseN_m": -152400.0, "FalseE_m": 152400.0, "FalseN_ift": -500000.0, "FalseE_ift": 500000.0, "DesignBy": "State", "Ref_frame": "NATRF2022" }, "geometry": { "type": "Polygon", "coordinates": [ [ [ -111.84999, 37.59 ], [ -111.84999, 37.8 ], [ -111.95999, 37.8 ], [ -112.00782, 37.8 ], [ -112.07325, 37.69145 ], [ -111.97834, 37.6734 ], [ -111.97825, 37.59 ], [ -111.84999, 37.59 ] ] ] } },
{ "type": "Feature", "properties": { "fid": 261, "ZoneCode": "492071", "AbrvFull": "UT 12PL", "NameFull": "Utah SR12 Paria Hollow-Lincoln Flat", "ZoneNum": 71, "AbrvPart": "12PL", "NamePart": "SR12 Paria Hollow-Lincoln Flat", "ZoneType": "Multizone partial", "StateAbrv": "UT", "StateName": "Utah", "ProjAbrv": "LC1", "ProjType": "Lambert Conformal Conic, one parallel", "LatOrigin": "37°20'N", "LonOriginE": "248°12'E", "LonOriginW": "111°48'W", "Lat0_deg": 37.333333333299997, "Lon0_E_deg": 248.2, "Lon0_W_deg": -111.8, "ProjScale": 1.000345, "SkewAz_deg": -9999, "FalseN_m": 38100.0, "FalseE_m": 152400.0, "FalseN_ift": 125000.0, "FalseE_ift": 500000.0, "DesignBy": "State", "Ref_frame": "NATRF2022" }, "geometry": { "type": "Polygon", "coordinates": [ [ [ -111.69999, 37.59 ], [ -111.72499, 37.7 ], [ -111.79999, 37.7 ], [ -111.79999, 37.8 ], [ -111.84999, 37.8 ], [ -111.84999, 37.59 ], [ -111.69999, 37.59 ] ] ] } },
{ "type": "Feature", "properties": { "fid": 262, "ZoneCode": "492072", "AbrvFull": "UT GNRA", "NameFull": "Utah Glen Canyon National Recreation Area", "ZoneNum": 72, "AbrvPart": "GNRA", "NamePart": "Glen Canyon National Recreation Area", "ZoneType": "Multizone partial", "StateAbrv": "UT", "StateName": "Utah", "ProjAbrv": "OMC", "ProjType": "Hotine Oblique Mercator, center", "LatOrigin": "37°12'N", "LonOriginE": "249°00'E", "LonOriginW": "111°00'W", "Lat0_deg": 37.2, "Lon0_E_deg": 249.0, "Lon0_W_deg": -111.0, "ProjScale": 1.00017, "SkewAz_deg": 50, "FalseN_m": 76200.0, "FalseE_m": 114300.0, "FalseN_ift": 250000.0, "FalseE_ift": 375000.0, "DesignBy": "State", "Ref_frame": "NATRF2022" }, "geometry": { "type": "Polygon", "coordinates": [ [ [ -109.89999, 37.22 ], [ -110.08999, 37.33 ], [ -110.37999, 37.33 ], [ -110.51999, 37.45 ], [ -109.84999, 38.18 ], [ -109.84999, 38.67 ], [ -110.20291, 38.67 ], [ -110.54999, 38.2 ], [ -110.54999, 37.85 ], [ -110.58999, 37.73 ], [ -110.95999, 37.73 ], [ -111.31999, 37.84 ], [ -111.42999, 37.84 ], [ -111.54999, 37.71 ], [ -111.54999, 37.69 ], [ -111.05999, 37.30754 ], [ -111.05999, 37.22 ], [ -111.39999, 37.22 ], [ -111.39999, 37.17 ], [ -111.62999, 37.17 ], [ -111.62999, 37.09223 ], [ -111.62999, 37.035 ], [ -111.62999, 37.00139 ], [ -111.14054, 37.00115 ], [ -110.86162, 37.07999 ], [ -110.15999, 37.07358 ], [ -110.15999, 37.27 ], [ -110.00023, 37.17933 ], [ -109.92215, 37.13502 ], [ -109.89999, 37.22 ] ] ] } },
{ "type": "Feature", "properties": { "fid": 263, "ZoneCode": "492073", "AbrvFull": "UT 491M", "NameFull": "Utah US491 Monticello-State Line", "ZoneNum": 73, "AbrvPart": "491M", "NamePart": "US491 Monticello-State Line", "ZoneType": "Multizone partial", "StateAbrv": "UT", "StateName": "Utah", "ProjAbrv": "LC1", "ProjType": "Lambert Conformal Conic, one parallel", "LatOrigin": "37°45'N", "LonOriginE": "250°45'E", "LonOriginW": "109°15'W", "Lat0_deg": 37.75, "Lon0_E_deg": 250.75, "Lon0_W_deg": -109.25, "ProjScale": 1.000321, "SkewAz_deg": -9999, "FalseN_m": 76200.0, "FalseE_m": 152400.0, "FalseN_ift": 250000.0, "FalseE_ift": 500000.0, "DesignBy": "State", "Ref_frame": "NATRF2022" }, "geometry": { "type": "Polygon", "coordinates": [ [ [ -109.40999, 37.65 ], [ -109.04187, 37.65 ], [ -109.04257, 38.1 ], [ -109.19999, 38.1 ], [ -109.19999, 38.0 ], [ -109.44999, 38.0 ], [ -109.44999, 37.69 ], [ -109.40999, 37.69 ], [ -109.40999, 37.65 ] ] ] } },
{ "type": "Feature", "properties": { "fid": 264, "ZoneCode": "492074", "AbrvFull": "UT 191S", "NameFull": "Utah US191 Blanding-SR95", "ZoneNum": 74, "AbrvPart": "191S", "NamePart": "US191 Blanding-SR95", "ZoneType": "Multizone partial", "StateAbrv": "UT", "StateName": "Utah", "ProjAbrv": "LC1", "ProjType": "Lambert Conformal Conic, one parallel", "LatOrigin": "37°00'N", "LonOriginE": "250°30'E", "LonOriginW": "109°30'W", "Lat0_deg": 37.0, "Lon0_E_deg": 250.5, "Lon0_W_deg": -109.5, "ProjScale": 1.000225, "SkewAz_deg": -9999, "FalseN_m": 0.0, "FalseE_m": 114300.0, "FalseN_ift": 0.0, "FalseE_ift": 375000.0, "DesignBy": "State", "Ref_frame": "NATRF2022" }, "geometry": { "type": "Polygon", "coordinates": [ [ [ -109.40999, 37.65 ], [ -109.40999, 37.69 ], [ -109.44999, 37.69 ], [ -109.53999, 37.69 ], [ -109.53999, 37.5 ], [ -109.40999, 37.5 ], [ -109.40999, 37.65 ] ] ] } },
{ "type": "Feature", "properties": { "fid": 265, "ZoneCode": "492075", "AbrvFull": "UT 89TF", "NameFull": "Utah US89 Telegraph Flats", "ZoneNum": 75, "AbrvPart": "89TF", "NamePart": "US89 Telegraph Flats", "ZoneType": "Multizone partial", "StateAbrv": "UT", "StateName": "Utah", "ProjAbrv": "LC1", "ProjType": "Lambert Conformal Conic, one parallel", "LatOrigin": "37°15'N", "LonOriginE": "248°00'E", "LonOriginW": "112°00'W", "Lat0_deg": 37.25, "Lon0_E_deg": 248.0, "Lon0_W_deg": -112.0, "ProjScale": 1.000255, "SkewAz_deg": -9999, "FalseN_m": 76200.0, "FalseE_m": 152400.0, "FalseN_ift": 250000.0, "FalseE_ift": 500000.0, "DesignBy": "State", "Ref_frame": "NATRF2022" }, "geometry": { "type": "Polygon", "coordinates": [ [ [ -111.97999, 37.2 ], [ -111.97999, 37.25 ], [ -112.29999, 37.25 ], [ -112.29999, 37.00114 ], [ -111.97999, 37.00099 ], [ -111.97999, 37.035 ], [ -111.97999, 37.2 ] ] ] } },
{ "type": "Feature", "properties": { "fid": 266, "ZoneCode": "492076", "AbrvFull": "UT 89BR", "NameFull": "Utah US89 Big Water-Rimrocks", "ZoneNum": 76, "AbrvPart": "89BR", "NamePart": "US89 Big Water-Rimrocks", "ZoneType": "Multizone partial", "StateAbrv": "UT", "StateName": "Utah", "ProjAbrv": "LC1", "ProjType": "Lambert Conformal Conic, one parallel", "LatOrigin": "35°00'N", "LonOriginE": "248°15'E", "LonOriginW": "111°45'W", "Lat0_deg": 35.0, "Lon0_E_deg": 248.25, "Lon0_W_deg": -111.75, "ProjScale": 0.99954, "SkewAz_deg": -9999, "FalseN_m": -152400.0, "FalseE_m": 190500.0, "FalseN_ift": -500000.0, "FalseE_ift": 625000.0, "DesignBy": "State", "Ref_frame": "NATRF2022" }, "geometry": { "type": "Polygon", "coordinates": [ [ [ -111.62999, 37.09223 ], [ -111.97999, 37.2 ], [ -111.97999, 37.035 ], [ -111.62999, 37.035 ], [ -111.62999, 37.09223 ] ] ] } },
{ "type": "Feature", "properties": { "fid": 267, "ZoneCode": "492077", "AbrvFull": "UT 163M", "NameFull": "Utah US163 Monument Pass", "ZoneNum": 77, "AbrvPart": "163M", "NamePart": "US163 Monument Pass", "ZoneType": "Multizone partial", "StateAbrv": "UT", "StateName": "Utah", "ProjAbrv": "LC1", "ProjType": "Lambert Conformal Conic, one parallel", "LatOrigin": "37°00'N", "LonOriginE": "250°00'E", "LonOriginW": "110°00'W", "Lat0_deg": 37.0, "Lon0_E_deg": 250.0, "Lon0_W_deg": -110.0, "ProjScale": 1.000264, "SkewAz_deg": -9999, "FalseN_m": 38100.0, "FalseE_m": 114300.0, "FalseN_ift": 125000.0, "FalseE_ift": 375000.0, "DesignBy": "State", "Ref_frame": "NATRF2022" }, "geometry": { "type": "Polygon", "coordinates": [ [ [ -110.00023, 37.17933 ], [ -110.15999, 37.27 ], [ -110.15999, 37.07358 ], [ -110.15999, 36.99826 ], [ -110.06693, 36.99829 ], [ -110.00023, 37.17933 ] ] ] } },
{ "type": "Feature", "properties": { "fid": 268, "ZoneCode": "492078", "AbrvFull": "UT 162B", "NameFull": "Utah SR162 US163-Bluff-Aneth", "ZoneNum": 78, "AbrvPart": "162B", "NamePart": "SR162 US163-Bluff-Aneth", "ZoneType": "Multizone partial", "StateAbrv": "UT", "StateName": "Utah", "ProjAbrv": "LC1", "ProjType": "Lambert Conformal Conic, one parallel", "LatOrigin": "37°15'N", "LonOriginE": "250°30'E", "LonOriginW": "109°30'W", "Lat0_deg": 37.25, "Lon0_E_deg": 250.5, "Lon0_W_deg": -109.5, "ProjScale": 1.000211, "SkewAz_deg": -9999, "FalseN_m": 76200.0, "FalseE_m": 190500.0, "FalseN_ift": 250000.0, "FalseE_ift": 625000.0, "DesignBy": "State", "Ref_frame": "NATRF2022" }, "geometry": { "type": "Polygon", "coordinates": [ [ [ -109.89999, 37.22 ], [ -109.92215, 37.13502 ], [ -109.95779, 36.99841 ], [ -109.80539, 36.99825 ], [ -109.54999, 37.18 ], [ -109.04577, 37.18 ], [ -109.04576, 37.33 ], [ -109.82999, 37.33 ], [ -109.89999, 37.22 ] ] ] } },
{ "type": "Feature", "properties": { "fid": 269, "ZoneCode": "492079", "AbrvFull": "UT 59HH", "NameFull": "Utah SR59 Hurricane-Hildale", "ZoneNum": 79, "AbrvPart": "59HH", "NamePart": "SR59 Hurricane-Hildale", "ZoneType": "Multizone partial", "StateAbrv": "UT", "StateName": "Utah", "ProjAbrv": "LC1", "ProjType": "Lambert Conformal Conic, one parallel", "LatOrigin": "37°45'N", "LonOriginE": "246°54'E", "LonOriginW": "113°06'W", "Lat0_deg": 37.75, "Lon0_E_deg": 246.9, "Lon0_W_deg": -113.1, "ProjScale": 1.000147, "SkewAz_deg": -9999, "FalseN_m": 114300.0, "FalseE_m": 114300.0, "FalseN_ift": 375000.0, "FalseE_ift": 375000.0, "DesignBy": "State", "Ref_frame": "NATRF2022" }, "geometry": { "type": "Polygon", "coordinates": [ [ [ -112.9768, 37.15 ], [ -113.20999, 37.15 ], [ -113.20999, 37.19 ], [ -113.26999, 37.19 ], [ -113.29999, 37.12718 ], [ -113.29999, 36.99999 ], [ -112.89999, 37.0003 ], [ -112.89999, 37.16028 ], [ -112.9768, 37.15 ] ] ] } },
{ "type": "Feature", "properties": { "fid": 270, "ZoneCode": "562001", "AbrvFull": "WY WRIV", "NameFull": "Wyoming Wind River Nation", "ZoneNum": 1, "AbrvPart": "WRIV", "NamePart": "Wind River Nation", "ZoneType": "Multizone partial", "StateAbrv": "WY", "StateName": "Wyoming", "ProjAbrv": "TM", "ProjType": "Transverse Mercator", "LatOrigin": "42°30'N", "LonOriginE": "251°39'E", "LonOriginW": "108°21'W", "Lat0_deg": 42.5, "Lon0_E_deg": 251.65, "Lon0_W_deg": -108.35, "ProjScale": 1.00024, "SkewAz_deg": -9999, "FalseN_m": 0.0, "FalseE_m": 266700.0, "FalseN_ift": 0.0, "FalseE_ift": 875000.0, "DesignBy": "State", "Ref_frame": "NATRF2022" }, "geometry": { "type": "Polygon", "coordinates": [ [ [ -109.19651, 43.71166 ], [ -109.23364, 43.76213 ], [ -109.25068, 43.75874 ], [ -109.30402, 43.72071 ], [ -109.36915, 43.67827 ], [ -109.36416, 43.64918 ], [ -109.38604, 43.63067 ], [ -109.38194, 43.62295 ], [ -109.40314, 43.60466 ], [ -109.45058, 43.58617 ], [ -109.46411, 43.54041 ], [ -109.46452, 43.51471 ], [ -109.47288, 43.49743 ], [ -109.46762, 43.45142 ], [ -109.45989, 43.44198 ], [ -109.46071, 43.37337 ], [ -109.45985, 43.14328 ], [ -109.45816, 42.9768 ], [ -109.41119, 42.95545 ], [ -109.39774, 42.93919 ], [ -109.37064, 42.94572 ], [ -109.34676, 42.92016 ], [ -109.3319, 42.89541 ], [ -109.32576, 42.86877 ], [ -109.19784, 42.86812 ], [ -108.88615, 42.86869 ], [ -108.86662, 42.87378 ], [ -108.85908, 42.88688 ], [ -108.82956, 42.89234 ], [ -108.77658, 42.87952 ], [ -108.76822, 42.89063 ], [ -108.73246, 42.88867 ], [ -108.718, 42.86098 ], [ -108.69495, 42.8542 ], [ -108.68422, 42.87032 ], [ -108.6429, 42.87025 ], [ -108.6143, 42.88442 ], [ -108.5963, 42.90605 ], [ -108.50065, 42.90477 ], [ -108.39122, 42.90569 ], [ -108.29097, 42.90391 ], [ -108.15426, 42.90508 ], [ -108.15515, 43.25458 ], [ -108.15675, 43.37546 ], [ -108.15622, 43.57924 ], [ -108.35487, 43.5792 ], [ -108.3542, 43.68762 ], [ -108.37209, 43.68501 ], [ -108.46136, 43.69412 ], [ -108.51525, 43.71344 ], [ -108.54184, 43.72787 ], [ -108.58065, 43.73195 ], [ -108.6137, 43.71608 ], [ -108.66084, 43.71154 ], [ -108.70087, 43.71542 ], [ -108.72056, 43.69404 ], [ -108.73801, 43.69028 ], [ -108.76575, 43.67116 ], [ -108.83789, 43.66274 ], [ -108.85879, 43.66693 ], [ -108.88247, 43.65894 ], [ -108.94357, 43.62513 ], [ -108.97029, 43.62279 ], [ -109.0495, 43.63657 ], [ -109.06728, 43.65623 ], [ -109.10583, 43.67539 ], [ -109.11039, 43.68441 ], [ -109.15333, 43.69066 ], [ -109.19651, 43.71166 ] ] ] } }
]
}
