{
"type": "FeatureCollection",
"name": "simplified_statewide",
"features": [
{ "type": "Feature", "properties": { "fid": 1, "ZoneCode": "010001", "AbrvFull": "AL", "NameFull": "Alabama", "ZoneNum": 1, "AbrvPart": null, "NamePart": null, "ZoneType": "Statewide", "StateAbrv": "AL", "StateName": "Alabama", "ProjAbrv": "TM", "ProjType": "Transverse Mercator", "LatOrigin": "28°12'N", "LonOriginE": "273°18'E", "LonOriginW": "86°42'W", "Lat0_deg": 28.2, "Lon0_E_deg": 273.3, "Lon0_W_deg": -86.7, "ProjScale": 0.99986, "SkewAz_deg": -9999, "FalseN_m": 0.0, "FalseE_m": 1219200.0, "FalseN_ift": 0.0, "FalseE_ift": 4000000.0, "DesignBy": "NGS", "Ref_frame": "NATRF2022" }, "geometry": { "type": "Polygon", "coordinates": [ [ [ -85.00249, 31.00068 ], [ -84.99942, 31.01384 ], [ -85.01138, 31.05354 ], [ -85.02857, 31.07458 ], [ -85.03706, 31.10975 ], [ -85.05286, 31.11948 ], [ -85.07779, 31.15788 ], [ -85.10052, 31.16599 ], [ -85.10696, 31.20269 ], [ -85.09684, 31.22523 ], [ -85.1117, 31.25802 ], [ -85.11035, 31.28174 ], [ -85.09033, 31.2936 ], [ -85.08382, 31.32696 ], [ -85.09216, 31.36457 ], [ -85.07733, 31.40084 ], [ -85.07605, 31.42435 ], [ -85.0664, 31.42949 ], [ -85.07161, 31.46838 ], [ -85.04455, 31.5209 ], [ -85.04142, 31.53929 ], [ -85.05795, 31.57083 ], [ -85.05747, 31.61862 ], [ -85.08702, 31.64096 ], [ -85.08042, 31.65596 ], [ -85.09242, 31.65996 ], [ -85.12592, 31.69626 ], [ -85.11912, 31.73096 ], [ -85.12632, 31.76886 ], [ -85.14182, 31.78236 ], [ -85.13292, 31.79236 ], [ -85.13212, 31.82796 ], [ -85.14072, 31.85745 ], [ -85.12882, 31.87635 ], [ -85.13292, 31.89305 ], [ -85.11702, 31.89285 ], [ -85.11312, 31.91185 ], [ -85.07892, 31.94015 ], [ -85.08682, 31.95775 ], [ -85.06592, 31.97115 ], [ -85.07092, 31.98165 ], [ -85.04886, 32.023 ], [ -85.05803, 32.0336 ], [ -85.05323, 32.0806 ], [ -85.04506, 32.08806 ], [ -85.06205, 32.13248 ], [ -85.04559, 32.14375 ], [ -85.00922, 32.18164 ], [ -84.96172, 32.19854 ], [ -84.98022, 32.20774 ], [ -84.97332, 32.21764 ], [ -84.92952, 32.21924 ], [ -84.90722, 32.24904 ], [ -84.88851, 32.26086 ], [ -84.93379, 32.29825 ], [ -85.00278, 32.32242 ], [ -85.00458, 32.34519 ], [ -84.98386, 32.36238 ], [ -84.97942, 32.41224 ], [ -84.96342, 32.42254 ], [ -84.97182, 32.44284 ], [ -84.99352, 32.45074 ], [ -85.00153, 32.51473 ], [ -85.0213, 32.54308 ], [ -85.06719, 32.5793 ], [ -85.08223, 32.61626 ], [ -85.08273, 32.63403 ], [ -85.10543, 32.64493 ], [ -85.08848, 32.65775 ], [ -85.11233, 32.68323 ], [ -85.12273, 32.71603 ], [ -85.11316, 32.73281 ], [ -85.13313, 32.74462 ], [ -85.14297, 32.76165 ], [ -85.12232, 32.77438 ], [ -85.16793, 32.8116 ], [ -85.16853, 32.82714 ], [ -85.15458, 32.8398 ], [ -85.1623, 32.85647 ], [ -85.18399, 32.86049 ], [ -85.18473, 32.87051 ], [ -85.2331, 33.11171 ], [ -85.30443, 33.48288 ], [ -85.40674, 34.00231 ], [ -85.43638, 34.15807 ], [ -85.47044, 34.32823 ], [ -85.52725, 34.58868 ], [ -85.56141, 34.75007 ], [ -85.59697, 34.93376 ], [ -85.60516, 34.98467 ], [ -85.82402, 34.98812 ], [ -86.24801, 34.99041 ], [ -86.37431, 34.99169 ], [ -86.46793, 34.99048 ], [ -86.70313, 34.99212 ], [ -86.8363, 34.99189 ], [ -87.30361, 35.00097 ], [ -87.42996, 35.00278 ], [ -87.66225, 35.00353 ], [ -87.8678, 35.00568 ], [ -88.00002, 35.00594 ], [ -88.20295, 35.00802 ], [ -88.20006, 34.99563 ], [ -88.17253, 34.95689 ], [ -88.15241, 34.91973 ], [ -88.12821, 34.90309 ], [ -88.09788, 34.8922 ], [ -88.1184, 34.72429 ], [ -88.1352, 34.61587 ], [ -88.15628, 34.46321 ], [ -88.16558, 34.38394 ], [ -88.21073, 34.02919 ], [ -88.25225, 33.71958 ], [ -88.31523, 33.20332 ], [ -88.35428, 32.87512 ], [ -88.39217, 32.54837 ], [ -88.4282, 32.25102 ], [ -88.47322, 31.89385 ], [ -88.4649, 31.70547 ], [ -88.45157, 31.48153 ], [ -88.42542, 30.99832 ], [ -88.41172, 30.7227 ], [ -88.40733, 30.61391 ], [ -88.38442, 30.15854 ], [ -88.34771, 30.19008 ], [ -88.3103, 30.17781 ], [ -88.27793, 30.18007 ], [ -88.16202, 30.20009 ], [ -88.1316, 30.17362 ], [ -88.10341, 30.16637 ], [ -88.07486, 30.14714 ], [ -88.0461, 30.14468 ], [ -88.02803, 30.15038 ], [ -88.00361, 30.17341 ], [ -87.92575, 30.17956 ], [ -87.80715, 30.17737 ], [ -87.718, 30.19175 ], [ -87.64782, 30.19921 ], [ -87.51834, 30.2295 ], [ -87.51837, 30.2839 ], [ -87.45237, 30.3002 ], [ -87.45007, 30.31109 ], [ -87.48367, 30.3048 ], [ -87.50557, 30.31109 ], [ -87.49997, 30.32895 ], [ -87.46107, 30.33529 ], [ -87.45077, 30.34699 ], [ -87.44067, 30.39149 ], [ -87.42437, 30.40979 ], [ -87.40777, 30.40889 ], [ -87.36938, 30.43194 ], [ -87.37076, 30.44686 ], [ -87.41467, 30.45729 ], [ -87.43557, 30.48049 ], [ -87.42857, 30.48969 ], [ -87.4477, 30.51045 ], [ -87.43488, 30.54943 ], [ -87.41792, 30.5624 ], [ -87.39329, 30.62721 ], [ -87.40635, 30.67443 ], [ -87.4513, 30.69959 ], [ -87.46808, 30.7002 ], [ -87.48189, 30.71731 ], [ -87.5015, 30.72109 ], [ -87.53255, 30.74319 ], [ -87.5513, 30.78568 ], [ -87.57721, 30.80877 ], [ -87.60079, 30.82128 ], [ -87.62622, 30.84666 ], [ -87.63478, 30.8667 ], [ -87.62026, 30.8874 ], [ -87.58886, 30.96578 ], [ -87.59882, 30.99745 ], [ -87.31194, 30.99843 ], [ -87.23768, 30.99639 ], [ -87.14075, 30.99953 ], [ -86.72358, 30.99656 ], [ -86.70448, 30.99466 ], [ -86.56343, 30.99522 ], [ -86.52019, 30.99325 ], [ -86.40509, 30.99441 ], [ -86.18081, 30.994 ], [ -86.12153, 30.99288 ], [ -85.87492, 30.99361 ], [ -85.74961, 30.99529 ], [ -85.49799, 30.99693 ], [ -85.24363, 31.00088 ], [ -85.00249, 31.00068 ] ] ] } },
{ "type": "Feature", "properties": { "fid": 2, "ZoneCode": "020001", "AbrvFull": "AK", "NameFull": "Alaska", "ZoneNum": 1, "AbrvPart": null, "NamePart": null, "ZoneType": "Statewide", "StateAbrv": "AK", "StateName": "Alaska", "ProjAbrv": "LC1", "ProjType": "Lambert Conformal Conic, one parallel", "LatOrigin": "62°00'N", "LonOriginE": "205°00'E", "LonOriginW": "155°00'W", "Lat0_deg": 62.0, "Lon0_E_deg": 205.0, "Lon0_W_deg": -155.0, "ProjScale": 0.993, "SkewAz_deg": -9999, "FalseN_m": 1295400.0, "FalseE_m": 4876800.0, "FalseN_ift": 4250000.0, "FalseE_ift": 16000000.0, "DesignBy": "NGS", "Ref_frame": "NATRF2022" }, "geometry": { "type": "MultiPolygon", "coordinates": [ [ [ [ -179.22567, 51.29928 ], [ -179.23107, 51.26754 ], [ -179.22055, 51.22799 ], [ -179.20787, 51.20273 ], [ -179.1838, 51.18378 ], [ -179.13693, 51.1751 ], [ -179.07358, 51.17905 ], [ -179.02418, 51.20984 ], [ -178.97483, 51.25538 ], [ -178.92859, 51.27044 ], [ -178.89956, 51.29338 ], [ -178.85647, 51.3049 ], [ -178.83279, 51.32359 ], [ -178.824, 51.35807 ], [ -178.83521, 51.39081 ], [ -178.87315, 51.4248 ], [ -178.91389, 51.44422 ], [ -178.96941, 51.45711 ], [ -179.00503, 51.45266 ], [ -179.04986, 51.42844 ], [ -179.07754, 51.39901 ], [ -179.09322, 51.39094 ], [ -179.10758, 51.35368 ], [ -179.15023, 51.35064 ], [ -179.18365, 51.3385 ], [ -179.20764, 51.32095 ], [ -179.22567, 51.29928 ] ] ], [ [ [ -178.95727, 51.7808 ], [ -178.94994, 51.76025 ], [ -178.86847, 51.7117 ], [ -178.828, 51.69478 ], [ -178.7713, 51.69605 ], [ -178.72457, 51.70663 ], [ -178.70089, 51.71654 ], [ -178.66347, 51.74736 ], [ -178.64678, 51.7903 ], [ -178.69031, 51.84953 ], [ -178.72883, 51.86967 ], [ -178.78652, 51.88788 ], [ -178.84508, 51.88794 ], [ -178.89035, 51.87311 ], [ -178.91531, 51.85809 ], [ -178.93954, 51.83361 ], [ -178.95727, 51.7808 ] ] ], [ [ [ -177.5429, 51.93513 ], [ -177.55197, 51.90815 ], [ -177.54647, 51.88937 ], [ -177.52367, 51.86619 ], [ -177.48671, 51.84365 ], [ -177.43953, 51.84036 ], [ -177.40321, 51.84723 ], [ -177.36192, 51.86429 ], [ -177.33632, 51.88899 ], [ -177.33641, 51.92156 ], [ -177.35619, 51.95035 ], [ -177.37435, 51.96262 ], [ -177.42218, 51.97645 ], [ -177.45953, 51.98289 ], [ -177.49362, 51.97464 ], [ -177.5429, 51.93513 ] ] ], [ [ [ -179.14986, 51.59536 ], [ -179.14888, 51.55424 ], [ -179.11991, 51.51907 ], [ -179.08673, 51.51026 ], [ -179.05411, 51.51141 ], [ -179.00235, 51.52164 ], [ -178.97976, 51.53111 ], [ -178.9486, 51.56088 ], [ -178.92559, 51.53809 ], [ -178.90026, 51.52229 ], [ -178.86888, 51.5131 ], [ -178.83641, 51.49204 ], [ -178.80018, 51.48586 ], [ -178.71478, 51.49382 ], [ -178.69079, 51.50075 ], [ -178.66526, 51.51801 ], [ -178.63641, 51.5248 ], [ -178.57444, 51.50753 ], [ -178.55018, 51.50849 ], [ -178.49646, 51.53248 ], [ -178.45614, 51.5434 ], [ -178.42666, 51.5618 ], [ -178.42166, 51.58729 ], [ -178.45219, 51.62101 ], [ -178.50445, 51.63353 ], [ -178.53979, 51.65234 ], [ -178.5781, 51.65949 ], [ -178.59297, 51.65623 ], [ -178.63429, 51.66649 ], [ -178.66011, 51.66588 ], [ -178.72588, 51.65267 ], [ -178.74181, 51.64413 ], [ -178.76828, 51.61662 ], [ -178.84457, 51.63763 ], [ -178.89074, 51.62853 ], [ -178.94415, 51.59606 ], [ -178.98832, 51.62459 ], [ -179.02003, 51.63929 ], [ -179.05601, 51.64598 ], [ -179.11333, 51.63239 ], [ -179.14986, 51.59536 ] ] ], [ [ [ -178.42293, 51.509 ], [ -178.43086, 51.47659 ], [ -178.4098, 51.44936 ], [ -178.38739, 51.43681 ], [ -178.3318, 51.43082 ], [ -178.30432, 51.42135 ], [ -178.24863, 51.42317 ], [ -178.21811, 51.43149 ], [ -178.1984, 51.44366 ], [ -178.18761, 51.48223 ], [ -178.20225, 51.5039 ], [ -178.2386, 51.5299 ], [ -178.27257, 51.54102 ], [ -178.35997, 51.53748 ], [ -178.40513, 51.52238 ], [ -178.42293, 51.509 ] ] ], [ [ [ -178.30777, 51.88161 ], [ -178.30704, 51.85844 ], [ -178.29763, 51.84523 ], [ -178.25603, 51.81202 ], [ -178.2253, 51.79907 ], [ -178.16028, 51.77889 ], [ -178.13203, 51.75786 ], [ -178.16446, 51.74689 ], [ -178.19232, 51.72085 ], [ -178.2037, 51.69251 ], [ -178.20318, 51.66133 ], [ -178.18935, 51.63368 ], [ -178.13176, 51.60991 ], [ -178.09021, 51.60375 ], [ -178.05069, 51.57991 ], [ -178.0108, 51.57583 ], [ -177.97128, 51.5524 ], [ -177.92824, 51.5419 ], [ -177.87825, 51.54333 ], [ -177.84379, 51.55856 ], [ -177.82048, 51.58443 ], [ -177.81868, 51.61874 ], [ -177.82489, 51.63106 ], [ -177.78339, 51.64786 ], [ -177.75193, 51.63736 ], [ -177.7277, 51.61097 ], [ -177.69965, 51.60232 ], [ -177.64676, 51.59905 ], [ -177.60241, 51.60701 ], [ -177.56271, 51.62293 ], [ -177.55377, 51.63978 ], [ -177.51284, 51.63192 ], [ -177.48098, 51.63216 ], [ -177.45202, 51.6402 ], [ -177.40296, 51.67038 ], [ -177.37227, 51.64157 ], [ -177.35027, 51.63504 ], [ -177.31761, 51.63605 ], [ -177.28108, 51.62762 ], [ -177.22862, 51.63204 ], [ -177.18364, 51.64859 ], [ -177.12684, 51.65337 ], [ -177.07997, 51.67423 ], [ -177.03407, 51.73274 ], [ -177.02761, 51.76705 ], [ -177.03659, 51.8074 ], [ -176.98303, 51.82576 ], [ -177.00146, 51.80271 ], [ -177.00414, 51.78778 ], [ -176.99428, 51.76224 ], [ -176.96836, 51.74811 ], [ -177.01265, 51.71454 ], [ -177.03392, 51.70398 ], [ -177.06373, 51.66466 ], [ -177.07432, 51.62091 ], [ -177.06864, 51.5928 ], [ -177.04254, 51.56609 ], [ -176.99801, 51.54547 ], [ -176.9696, 51.53899 ], [ -176.91787, 51.53847 ], [ -176.89397, 51.54683 ], [ -176.86213, 51.5704 ], [ -176.8297, 51.55879 ], [ -176.80138, 51.55941 ], [ -176.75676, 51.57265 ], [ -176.69871, 51.57843 ], [ -176.65123, 51.60392 ], [ -176.62474, 51.6049 ], [ -176.57826, 51.62235 ], [ -176.53975, 51.64844 ], [ -176.51524, 51.6478 ], [ -176.45653, 51.67643 ], [ -176.40312, 51.68391 ], [ -176.36873, 51.67886 ], [ -176.31779, 51.68139 ], [ -176.25517, 51.69538 ], [ -176.21815, 51.72234 ], [ -176.21132, 51.73314 ], [ -176.163, 51.71998 ], [ -176.11555, 51.72673 ], [ -176.09059, 51.74091 ], [ -176.05833, 51.74471 ], [ -176.04182, 51.75585 ], [ -176.00262, 51.74845 ], [ -175.9647, 51.75543 ], [ -175.92658, 51.77604 ], [ -175.91302, 51.80036 ], [ -175.88196, 51.79392 ], [ -175.84974, 51.7955 ], [ -175.81461, 51.81527 ], [ -175.79862, 51.83909 ], [ -175.80592, 51.86646 ], [ -175.75254, 51.86383 ], [ -175.71192, 51.87321 ], [ -175.69214, 51.88585 ], [ -175.65558, 51.89769 ], [ -175.63591, 51.91117 ], [ -175.61524, 51.9043 ], [ -175.58536, 51.9049 ], [ -175.52566, 51.91535 ], [ -175.51306, 51.9268 ], [ -175.46993, 51.9218 ], [ -175.44622, 51.93059 ], [ -175.40997, 51.93019 ], [ -175.37282, 51.94651 ], [ -175.3487, 51.96259 ], [ -175.30684, 51.95234 ], [ -175.25624, 51.96142 ], [ -175.20387, 51.9552 ], [ -175.1464, 51.95696 ], [ -175.10014, 51.94904 ], [ -175.05634, 51.94816 ], [ -175.00031, 51.9545 ], [ -174.93329, 51.9753 ], [ -174.86929, 51.98911 ], [ -174.86124, 51.98005 ], [ -174.83246, 51.97271 ], [ -174.80579, 51.97299 ], [ -174.74505, 51.95565 ], [ -174.68792, 51.95753 ], [ -174.64604, 51.96921 ], [ -174.59427, 51.97842 ], [ -174.57555, 51.96879 ], [ -174.53364, 51.95802 ], [ -174.48087, 51.9525 ], [ -174.44248, 51.96388 ], [ -174.42304, 51.96184 ], [ -174.37855, 51.96853 ], [ -174.35038, 51.98034 ], [ -174.32331, 52.01016 ], [ -174.31396, 52.03623 ], [ -174.27714, 52.0454 ], [ -174.25031, 52.03932 ], [ -174.18112, 52.04738 ], [ -174.15097, 52.04322 ], [ -174.05649, 52.05164 ], [ -174.02636, 52.04721 ], [ -174.00215, 52.02874 ], [ -173.97067, 52.01423 ], [ -173.93514, 52.00445 ], [ -173.85394, 51.99127 ], [ -173.81521, 51.98981 ], [ -173.77365, 52.00288 ], [ -173.73486, 51.99889 ], [ -173.71002, 52.00684 ], [ -173.68017, 52.00088 ], [ -173.6174, 52.00095 ], [ -173.5849, 51.98247 ], [ -173.51858, 51.97165 ], [ -173.4873, 51.97119 ], [ -173.42785, 51.98487 ], [ -173.39313, 51.9797 ], [ -173.34421, 51.98339 ], [ -173.30451, 52.00543 ], [ -173.23885, 52.00868 ], [ -173.23715, 51.98834 ], [ -173.20355, 51.96033 ], [ -173.16669, 51.94671 ], [ -173.12924, 51.95051 ], [ -173.10321, 51.95948 ], [ -173.08515, 51.97493 ], [ -173.0781, 51.99346 ], [ -173.07966, 52.01792 ], [ -173.06998, 52.02599 ], [ -173.04874, 52.02242 ], [ -173.00326, 52.02799 ], [ -172.97602, 52.02028 ], [ -172.92304, 52.02416 ], [ -172.88468, 52.04335 ], [ -172.83921, 52.07157 ], [ -172.82023, 52.10028 ], [ -172.82878, 52.12344 ], [ -172.86662, 52.14894 ], [ -172.89485, 52.15551 ], [ -172.92516, 52.15521 ], [ -172.94366, 52.14659 ], [ -173.07304, 52.15495 ], [ -173.1237, 52.16046 ], [ -173.1778, 52.16181 ], [ -173.22559, 52.15568 ], [ -173.28314, 52.16127 ], [ -173.30975, 52.155 ], [ -173.34296, 52.16653 ], [ -173.44075, 52.16877 ], [ -173.45569, 52.19168 ], [ -173.47897, 52.20711 ], [ -173.50629, 52.21314 ], [ -173.56512, 52.20366 ], [ -173.58731, 52.21222 ], [ -173.63855, 52.20607 ], [ -173.73209, 52.18326 ], [ -173.78505, 52.18555 ], [ -173.84058, 52.20133 ], [ -173.89857, 52.19901 ], [ -173.93638, 52.18456 ], [ -173.99046, 52.18315 ], [ -173.98048, 52.21162 ], [ -173.95558, 52.23997 ], [ -173.92176, 52.26784 ], [ -173.90462, 52.29366 ], [ -173.90282, 52.31923 ], [ -173.92177, 52.34745 ], [ -173.9229, 52.37807 ], [ -173.94021, 52.39626 ], [ -173.98593, 52.41212 ], [ -173.99539, 52.42432 ], [ -174.03085, 52.43939 ], [ -174.06573, 52.44566 ], [ -174.11057, 52.46832 ], [ -174.13275, 52.47228 ], [ -174.1864, 52.47166 ], [ -174.24498, 52.45485 ], [ -174.31272, 52.45672 ], [ -174.32883, 52.4507 ], [ -174.35572, 52.42647 ], [ -174.3758, 52.42178 ], [ -174.40637, 52.39079 ], [ -174.41068, 52.37644 ], [ -174.46882, 52.37295 ], [ -174.4947, 52.36695 ], [ -174.52485, 52.34817 ], [ -174.53763, 52.31704 ], [ -174.51779, 52.2845 ], [ -174.49438, 52.26533 ], [ -174.52457, 52.26763 ], [ -174.55347, 52.2595 ], [ -174.58898, 52.22873 ], [ -174.61774, 52.23338 ], [ -174.66849, 52.2252 ], [ -174.69611, 52.20936 ], [ -174.73154, 52.17145 ], [ -174.7598, 52.16715 ], [ -174.79469, 52.15022 ], [ -174.8271, 52.15982 ], [ -174.84983, 52.15543 ], [ -174.86607, 52.16564 ], [ -174.92522, 52.16391 ], [ -174.96453, 52.15433 ], [ -174.9932, 52.13641 ], [ -175.05941, 52.13662 ], [ -175.08391, 52.12568 ], [ -175.10235, 52.10862 ], [ -175.15511, 52.10946 ], [ -175.19308, 52.10436 ], [ -175.23161, 52.0902 ], [ -175.2966, 52.08882 ], [ -175.32666, 52.07584 ], [ -175.34101, 52.07751 ], [ -175.38431, 52.0633 ], [ -175.41241, 52.03599 ], [ -175.4412, 52.04313 ], [ -175.47034, 52.04284 ], [ -175.51768, 52.02839 ], [ -175.54912, 52.00988 ], [ -175.59886, 52.01254 ], [ -175.64766, 52.02215 ], [ -175.67757, 52.01931 ], [ -175.71319, 52.0263 ], [ -175.73931, 52.0213 ], [ -175.77823, 52.04012 ], [ -175.81198, 52.04795 ], [ -175.83027, 52.0854 ], [ -175.85365, 52.09653 ], [ -175.89518, 52.09693 ], [ -175.92775, 52.09107 ], [ -175.93532, 52.10492 ], [ -175.96684, 52.12142 ], [ -175.97707, 52.14129 ], [ -176.02773, 52.16018 ], [ -176.08058, 52.15905 ], [ -176.14836, 52.17147 ], [ -176.16911, 52.16958 ], [ -176.22442, 52.15313 ], [ -176.27822, 52.10355 ], [ -176.29311, 52.06543 ], [ -176.28106, 52.04337 ], [ -176.2799, 52.02341 ], [ -176.26552, 51.98732 ], [ -176.24711, 51.96534 ], [ -176.25294, 51.95799 ], [ -176.24285, 51.92675 ], [ -176.26929, 51.91897 ], [ -176.32597, 51.92238 ], [ -176.42912, 51.91535 ], [ -176.45275, 51.90793 ], [ -176.45281, 51.94402 ], [ -176.47289, 51.96357 ], [ -176.46954, 51.98122 ], [ -176.48147, 52.0182 ], [ -176.51004, 52.03937 ], [ -176.54117, 52.05088 ], [ -176.60126, 52.05656 ], [ -176.6619, 52.0401 ], [ -176.69147, 52.01772 ], [ -176.73861, 52.02081 ], [ -176.80245, 52.01667 ], [ -176.8478, 51.99552 ], [ -176.87551, 51.95968 ], [ -176.89739, 51.90702 ], [ -176.91885, 51.88214 ], [ -176.93869, 51.88275 ], [ -176.97097, 51.86111 ], [ -176.96722, 51.88947 ], [ -176.97003, 51.92451 ], [ -177.01688, 51.96504 ], [ -177.03986, 51.97488 ], [ -177.09645, 51.99015 ], [ -177.16804, 51.99952 ], [ -177.20619, 51.99311 ], [ -177.24892, 51.97347 ], [ -177.26744, 51.95963 ], [ -177.28435, 51.91315 ], [ -177.28288, 51.86308 ], [ -177.29829, 51.85621 ], [ -177.30888, 51.8368 ], [ -177.34162, 51.83225 ], [ -177.36372, 51.83804 ], [ -177.4062, 51.83624 ], [ -177.44568, 51.80949 ], [ -177.48869, 51.80488 ], [ -177.5153, 51.79197 ], [ -177.54204, 51.78827 ], [ -177.56429, 51.79598 ], [ -177.53826, 51.82094 ], [ -177.53307, 51.84235 ], [ -177.53835, 51.87313 ], [ -177.57705, 51.90119 ], [ -177.6149, 51.905 ], [ -177.70392, 51.89717 ], [ -177.73541, 51.88841 ], [ -177.75934, 51.89479 ], [ -177.82679, 51.89642 ], [ -177.83448, 51.91407 ], [ -177.86552, 51.92578 ], [ -177.88991, 51.95258 ], [ -177.91323, 51.96437 ], [ -177.94699, 51.97132 ], [ -178.00223, 51.96568 ], [ -178.03242, 51.97266 ], [ -178.06494, 51.96478 ], [ -178.10722, 51.97651 ], [ -178.22842, 51.95688 ], [ -178.24736, 51.95017 ], [ -178.29883, 51.90371 ], [ -178.30777, 51.88161 ] ] ], [ [ [ -175.604, 52.19869 ], [ -175.6091, 52.1674 ], [ -175.59864, 52.14669 ], [ -175.56124, 52.12257 ], [ -175.51234, 52.10738 ], [ -175.48573, 52.10939 ], [ -175.43699, 52.13281 ], [ -175.40425, 52.17164 ], [ -175.41905, 52.20548 ], [ -175.45644, 52.22748 ], [ -175.49203, 52.23758 ], [ -175.53277, 52.23661 ], [ -175.57928, 52.22024 ], [ -175.604, 52.19869 ] ] ], [ [ [ -171.38705, 52.51482 ], [ -171.3937, 52.46813 ], [ -171.37725, 52.43138 ], [ -171.35834, 52.41255 ], [ -171.29429, 52.39314 ], [ -171.26429, 52.39123 ], [ -171.20624, 52.39889 ], [ -171.17313, 52.41516 ], [ -171.13648, 52.44567 ], [ -171.11484, 52.48278 ], [ -171.11183, 52.50756 ], [ -171.06458, 52.52125 ], [ -171.03355, 52.54853 ], [ -171.01881, 52.5858 ], [ -171.02241, 52.60372 ], [ -171.06972, 52.62707 ], [ -171.14022, 52.63964 ], [ -171.17914, 52.63866 ], [ -171.20592, 52.62493 ], [ -171.24854, 52.58086 ], [ -171.28045, 52.57981 ], [ -171.3124, 52.57075 ], [ -171.37442, 52.53712 ], [ -171.38705, 52.51482 ] ] ], [ [ [ -172.72067, 52.26437 ], [ -172.70749, 52.23423 ], [ -172.67599, 52.21058 ], [ -172.61615, 52.19909 ], [ -172.57598, 52.2022 ], [ -172.54437, 52.19805 ], [ -172.51059, 52.19995 ], [ -172.47491, 52.21509 ], [ -172.42718, 52.22543 ], [ -172.3779, 52.22837 ], [ -172.33498, 52.25231 ], [ -172.28769, 52.26565 ], [ -172.26602, 52.28183 ], [ -172.22842, 52.2962 ], [ -172.21069, 52.31627 ], [ -172.22629, 52.35491 ], [ -172.22431, 52.36943 ], [ -172.24964, 52.39346 ], [ -172.29652, 52.41387 ], [ -172.33235, 52.41993 ], [ -172.37947, 52.44128 ], [ -172.44829, 52.4431 ], [ -172.48396, 52.43665 ], [ -172.5477, 52.413 ], [ -172.60606, 52.3994 ], [ -172.63322, 52.38787 ], [ -172.71433, 52.29475 ], [ -172.72067, 52.26437 ] ] ], [ [ [ -175.2248, 52.23297 ], [ -175.2053, 52.19123 ], [ -175.17651, 52.17066 ], [ -175.15252, 52.16298 ], [ -175.10231, 52.16801 ], [ -175.06417, 52.1861 ], [ -175.03631, 52.21763 ], [ -175.05356, 52.25131 ], [ -175.09589, 52.27429 ], [ -175.11979, 52.28054 ], [ -175.17509, 52.27157 ], [ -175.20463, 52.25912 ], [ -175.2248, 52.23297 ] ] ], [ [ [ -163.00843, 54.40017 ], [ -163.01395, 54.36709 ], [ -163.00473, 54.35158 ], [ -162.95261, 54.32573 ], [ -162.89005, 54.33077 ], [ -162.87515, 54.33902 ], [ -162.85071, 54.32251 ], [ -162.8179, 54.31482 ], [ -162.80765, 54.30371 ], [ -162.77995, 54.29322 ], [ -162.76818, 54.27044 ], [ -162.72646, 54.24207 ], [ -162.70006, 54.23797 ], [ -162.65987, 54.24228 ], [ -162.62334, 54.25252 ], [ -162.59182, 54.244 ], [ -162.56313, 54.24358 ], [ -162.52657, 54.25799 ], [ -162.49495, 54.29173 ], [ -162.47704, 54.29892 ], [ -162.42934, 54.29852 ], [ -162.40428, 54.30579 ], [ -162.35894, 54.32853 ], [ -162.33739, 54.32573 ], [ -162.28218, 54.33097 ], [ -162.25014, 54.34675 ], [ -162.23836, 54.36992 ], [ -162.24819, 54.39927 ], [ -162.27773, 54.41937 ], [ -162.35433, 54.45669 ], [ -162.39559, 54.46427 ], [ -162.41165, 54.45913 ], [ -162.44192, 54.47534 ], [ -162.5057, 54.47802 ], [ -162.54516, 54.49703 ], [ -162.58267, 54.50577 ], [ -162.61055, 54.50042 ], [ -162.63593, 54.51183 ], [ -162.66373, 54.5128 ], [ -162.69156, 54.52639 ], [ -162.73307, 54.52659 ], [ -162.77, 54.53785 ], [ -162.79956, 54.53952 ], [ -162.82447, 54.54926 ], [ -162.88069, 54.55322 ], [ -162.90681, 54.54401 ], [ -162.93882, 54.52115 ], [ -162.9448, 54.50538 ], [ -162.94096, 54.47536 ], [ -162.95844, 54.45641 ], [ -162.95986, 54.42802 ], [ -162.99503, 54.41479 ], [ -163.00843, 54.40017 ] ] ], [ [ [ -159.88581, 54.84719 ], [ -159.91165, 54.80929 ], [ -159.8996, 54.79431 ], [ -159.8552, 54.75771 ], [ -159.81348, 54.74042 ], [ -159.74677, 54.74267 ], [ -159.68856, 54.7656 ], [ -159.66917, 54.73352 ], [ -159.65241, 54.71778 ], [ -159.62474, 54.70792 ], [ -159.54785, 54.6993 ], [ -159.50288, 54.70901 ], [ -159.46927, 54.72097 ], [ -159.44285, 54.7384 ], [ -159.42521, 54.76 ], [ -159.41675, 54.7922 ], [ -159.44063, 54.81754 ], [ -159.49758, 54.85546 ], [ -159.5561, 54.88026 ], [ -159.60188, 54.88189 ], [ -159.63628, 54.8718 ], [ -159.68131, 54.88744 ], [ -159.72927, 54.89416 ], [ -159.76103, 54.89133 ], [ -159.83701, 54.87029 ], [ -159.88581, 54.84719 ] ] ], [ [ [ -161.17499, 55.18438 ], [ -161.19438, 55.15496 ], [ -161.17699, 55.13065 ], [ -161.15154, 55.11513 ], [ -161.11267, 55.10501 ], [ -161.08438, 55.10477 ], [ -161.01995, 55.12924 ], [ -161.00854, 55.15091 ], [ -161.00747, 55.1706 ], [ -161.03386, 55.19495 ], [ -161.06273, 55.2068 ], [ -161.12893, 55.20655 ], [ -161.17499, 55.18438 ] ] ], [ [ [ -162.81899, 54.81116 ], [ -162.80739, 54.77987 ], [ -162.78343, 54.76529 ], [ -162.74016, 54.7531 ], [ -162.70674, 54.75499 ], [ -162.67778, 54.76272 ], [ -162.64403, 54.7891 ], [ -162.63716, 54.8048 ], [ -162.67293, 54.84344 ], [ -162.7022, 54.85515 ], [ -162.74318, 54.85785 ], [ -162.78072, 54.84774 ], [ -162.80694, 54.82952 ], [ -162.81899, 54.81116 ] ] ], [ [ [ -163.27087, 55.43172 ], [ -163.26235, 55.3942 ], [ -163.23534, 55.36611 ], [ -163.19625, 55.35079 ], [ -163.15392, 55.34313 ], [ -163.10686, 55.34883 ], [ -163.07094, 55.36133 ], [ -163.04919, 55.38195 ], [ -163.02792, 55.42083 ], [ -163.03314, 55.44277 ], [ -163.07599, 55.48869 ], [ -163.13651, 55.52503 ], [ -163.15659, 55.53106 ], [ -163.1904, 55.53056 ], [ -163.24249, 55.51772 ], [ -163.26571, 55.49918 ], [ -163.27148, 55.47702 ], [ -163.25211, 55.45383 ], [ -163.27087, 55.43172 ] ] ], [ [ [ -165.96107, 53.91625 ], [ -165.88686, 53.97026 ], [ -165.82805, 53.97823 ], [ -165.78895, 54.01624 ], [ -165.75009, 54.01661 ], [ -165.70265, 54.03414 ], [ -165.65715, 54.03634 ], [ -165.63227, 53.99756 ], [ -165.60669, 53.97685 ], [ -165.56322, 53.96728 ], [ -165.51975, 53.97206 ], [ -165.4686, 53.9864 ], [ -165.40557, 54.01231 ], [ -165.38095, 54.01644 ], [ -165.30286, 53.98074 ], [ -165.26961, 53.98073 ], [ -165.18444, 54.01701 ], [ -165.13713, 54.01855 ], [ -165.08211, 54.01183 ], [ -165.02724, 54.01295 ], [ -164.95064, 54.02703 ], [ -164.92278, 54.02848 ], [ -164.88103, 54.04343 ], [ -164.86554, 54.07529 ], [ -164.84603, 54.08326 ], [ -164.82192, 54.13081 ], [ -164.77617, 54.13586 ], [ -164.75394, 54.15489 ], [ -164.71447, 54.16612 ], [ -164.69204, 54.18219 ], [ -164.68236, 54.20186 ], [ -164.68062, 54.23218 ], [ -164.68774, 54.25012 ], [ -164.70889, 54.26402 ], [ -164.75851, 54.27818 ], [ -164.80535, 54.28239 ], [ -164.91122, 54.25469 ], [ -164.96618, 54.22643 ], [ -164.97495, 54.21489 ], [ -165.03149, 54.20888 ], [ -165.06685, 54.18009 ], [ -165.15024, 54.18053 ], [ -165.20392, 54.16596 ], [ -165.2438, 54.15929 ], [ -165.27115, 54.14413 ], [ -165.32095, 54.14454 ], [ -165.27911, 54.15841 ], [ -165.2428, 54.17788 ], [ -165.23203, 54.1957 ], [ -165.23205, 54.21652 ], [ -165.263, 54.23655 ], [ -165.34516, 54.25104 ], [ -165.38846, 54.28814 ], [ -165.40675, 54.32668 ], [ -165.43131, 54.34069 ], [ -165.46247, 54.34682 ], [ -165.542, 54.34872 ], [ -165.57867, 54.34144 ], [ -165.62401, 54.34936 ], [ -165.65553, 54.34705 ], [ -165.69615, 54.33224 ], [ -165.74333, 54.28889 ], [ -165.76729, 54.25523 ], [ -165.76898, 54.23918 ], [ -165.78913, 54.23914 ], [ -165.83662, 54.25822 ], [ -165.9372, 54.27699 ], [ -165.98764, 54.27081 ], [ -166.03392, 54.26096 ], [ -166.06844, 54.23992 ], [ -166.12064, 54.22314 ], [ -166.1651, 54.19509 ], [ -166.18411, 54.15093 ], [ -166.19906, 54.13554 ], [ -166.19899, 54.10352 ], [ -166.17223, 54.07519 ], [ -166.14051, 54.05713 ], [ -166.14081, 54.04694 ], [ -166.18077, 54.05088 ], [ -166.20805, 54.04798 ], [ -166.2432, 54.03023 ], [ -166.28726, 54.03822 ], [ -166.30505, 54.05106 ], [ -166.37556, 54.0618 ], [ -166.46251, 54.06072 ], [ -166.51113, 54.05779 ], [ -166.6924, 54.06729 ], [ -166.75579, 54.06883 ], [ -166.78518, 54.06598 ], [ -166.82018, 54.04804 ], [ -166.88002, 54.04499 ], [ -166.91039, 54.04002 ], [ -166.93651, 54.02716 ], [ -166.98867, 54.02395 ], [ -167.00908, 54.01505 ], [ -167.05397, 54.00862 ], [ -167.07662, 53.99832 ], [ -167.09568, 53.97586 ], [ -167.14461, 53.96322 ], [ -167.16072, 53.9539 ], [ -167.17415, 53.93212 ], [ -167.17628, 53.91186 ], [ -167.21205, 53.90058 ], [ -167.23006, 53.88825 ], [ -167.24287, 53.85468 ], [ -167.23405, 53.81425 ], [ -167.21806, 53.80178 ], [ -167.16486, 53.77384 ], [ -167.13819, 53.70943 ], [ -167.15018, 53.69958 ], [ -167.15566, 53.67834 ], [ -167.21521, 53.65821 ], [ -167.23383, 53.64411 ], [ -167.24701, 53.61469 ], [ -167.23036, 53.56674 ], [ -167.29626, 53.53973 ], [ -167.34113, 53.5436 ], [ -167.39265, 53.52826 ], [ -167.42237, 53.49813 ], [ -167.44413, 53.49333 ], [ -167.50264, 53.49532 ], [ -167.54208, 53.47853 ], [ -167.55518, 53.46542 ], [ -167.608, 53.45806 ], [ -167.64811, 53.4421 ], [ -167.72771, 53.43403 ], [ -167.75241, 53.42151 ], [ -167.76121, 53.43161 ], [ -167.73061, 53.45087 ], [ -167.70112, 53.48763 ], [ -167.69819, 53.52423 ], [ -167.71821, 53.54863 ], [ -167.76229, 53.56803 ], [ -167.80422, 53.57181 ], [ -167.87503, 53.56905 ], [ -167.92562, 53.60195 ], [ -167.95986, 53.61281 ], [ -167.99233, 53.61496 ], [ -168.04031, 53.61028 ], [ -168.06274, 53.61862 ], [ -168.09033, 53.61967 ], [ -168.1515, 53.60394 ], [ -168.18538, 53.59866 ], [ -168.25027, 53.5777 ], [ -168.28399, 53.57114 ], [ -168.30911, 53.55561 ], [ -168.31816, 53.53951 ], [ -168.33442, 53.53867 ], [ -168.39635, 53.51941 ], [ -168.41524, 53.50945 ], [ -168.42522, 53.48632 ], [ -168.47665, 53.4506 ], [ -168.49634, 53.42108 ], [ -168.47758, 53.37869 ], [ -168.50428, 53.36289 ], [ -168.61942, 53.32716 ], [ -168.6558, 53.31975 ], [ -168.68932, 53.30328 ], [ -168.69904, 53.28037 ], [ -168.71759, 53.27986 ], [ -168.7494, 53.2665 ], [ -168.78135, 53.24065 ], [ -168.80644, 53.23061 ], [ -168.85943, 53.18816 ], [ -168.88305, 53.15018 ], [ -168.89068, 53.10855 ], [ -168.87276, 53.08173 ], [ -168.90557, 53.06554 ], [ -168.92816, 53.06601 ], [ -168.96533, 53.05075 ], [ -168.99213, 53.02409 ], [ -169.00333, 52.99656 ], [ -169.00007, 52.9828 ], [ -169.02332, 52.98705 ], [ -169.06571, 52.98129 ], [ -169.10939, 52.95839 ], [ -169.164, 52.96538 ], [ -169.19711, 52.96489 ], [ -169.23386, 52.9459 ], [ -169.25407, 52.9243 ], [ -169.25541, 52.8845 ], [ -169.22674, 52.86119 ], [ -169.19466, 52.84933 ], [ -169.26349, 52.82601 ], [ -169.29425, 52.81163 ], [ -169.32053, 52.78372 ], [ -169.32657, 52.75355 ], [ -169.31964, 52.73954 ], [ -169.29144, 52.72265 ], [ -169.2676, 52.71628 ], [ -169.22804, 52.71461 ], [ -169.16199, 52.73269 ], [ -169.09447, 52.764 ], [ -169.07937, 52.77797 ], [ -169.03004, 52.77941 ], [ -169.0062, 52.78556 ], [ -168.97764, 52.80563 ], [ -168.95136, 52.8075 ], [ -168.90356, 52.82721 ], [ -168.87515, 52.83062 ], [ -168.84945, 52.84092 ], [ -168.82703, 52.85839 ], [ -168.7692, 52.85268 ], [ -168.74298, 52.85473 ], [ -168.68997, 52.87574 ], [ -168.67581, 52.89477 ], [ -168.62923, 52.90515 ], [ -168.60246, 52.92342 ], [ -168.60286, 52.93485 ], [ -168.5571, 52.95822 ], [ -168.52201, 52.93374 ], [ -168.47625, 52.91949 ], [ -168.4309, 52.92184 ], [ -168.40267, 52.92926 ], [ -168.33714, 52.95693 ], [ -168.31257, 52.98895 ], [ -168.31925, 53.00924 ], [ -168.34086, 53.03005 ], [ -168.32048, 53.05007 ], [ -168.33397, 53.08319 ], [ -168.31083, 53.09 ], [ -168.25769, 53.1419 ], [ -168.23261, 53.13878 ], [ -168.19613, 53.14686 ], [ -168.16988, 53.1586 ], [ -168.15105, 53.19052 ], [ -168.15694, 53.20431 ], [ -168.13214, 53.21928 ], [ -168.08201, 53.22637 ], [ -168.04403, 53.24419 ], [ -168.02625, 53.22614 ], [ -167.94754, 53.21191 ], [ -167.87078, 53.20594 ], [ -167.82919, 53.19198 ], [ -167.76842, 53.18202 ], [ -167.66926, 53.17205 ], [ -167.59249, 53.17405 ], [ -167.52212, 53.18601 ], [ -167.44856, 53.21392 ], [ -167.39679, 53.25676 ], [ -167.36436, 53.27651 ], [ -167.32816, 53.27159 ], [ -167.28735, 53.27596 ], [ -167.25513, 53.28733 ], [ -167.22571, 53.31084 ], [ -167.21986, 53.32551 ], [ -167.10674, 53.36699 ], [ -167.05501, 53.37242 ], [ -167.03624, 53.38176 ], [ -166.98955, 53.37325 ], [ -166.95592, 53.37526 ], [ -166.92735, 53.38514 ], [ -166.88289, 53.37757 ], [ -166.82008, 53.38481 ], [ -166.78865, 53.38389 ], [ -166.76025, 53.39474 ], [ -166.7412, 53.39172 ], [ -166.70177, 53.40204 ], [ -166.60491, 53.44877 ], [ -166.58116, 53.47255 ], [ -166.54211, 53.48239 ], [ -166.49847, 53.51286 ], [ -166.37864, 53.60214 ], [ -166.34443, 53.61463 ], [ -166.22109, 53.64533 ], [ -166.2101, 53.65464 ], [ -166.17492, 53.65978 ], [ -166.14843, 53.6719 ], [ -166.12472, 53.69101 ], [ -166.10736, 53.6947 ], [ -166.0815, 53.72546 ], [ -166.02794, 53.75259 ], [ -166.00211, 53.75706 ], [ -165.97634, 53.77106 ], [ -165.93032, 53.81887 ], [ -165.92265, 53.84596 ], [ -165.93799, 53.88421 ], [ -165.96107, 53.91625 ] ] ], [ [ [ -170.9235, 52.57499 ], [ -170.92737, 52.54989 ], [ -170.9129, 52.5303 ], [ -170.88757, 52.51383 ], [ -170.84841, 52.50517 ], [ -170.8283, 52.49193 ], [ -170.79375, 52.4871 ], [ -170.76381, 52.48981 ], [ -170.73821, 52.50011 ], [ -170.67441, 52.53988 ], [ -170.652, 52.54063 ], [ -170.57567, 52.55487 ], [ -170.53612, 52.57385 ], [ -170.50917, 52.59774 ], [ -170.474, 52.63839 ], [ -170.47469, 52.6738 ], [ -170.48098, 52.69041 ], [ -170.5083, 52.72117 ], [ -170.56409, 52.74221 ], [ -170.63038, 52.7516 ], [ -170.68043, 52.74959 ], [ -170.73203, 52.72978 ], [ -170.77037, 52.7211 ], [ -170.81873, 52.68848 ], [ -170.86543, 52.66906 ], [ -170.8889, 52.64927 ], [ -170.9235, 52.57499 ] ] ], [ [ [ -170.26727, 52.76425 ], [ -170.2749, 52.73764 ], [ -170.26357, 52.69733 ], [ -170.25005, 52.68109 ], [ -170.21339, 52.66903 ], [ -170.17374, 52.66289 ], [ -170.08656, 52.66262 ], [ -170.03257, 52.67575 ], [ -169.98178, 52.71202 ], [ -169.97553, 52.73812 ], [ -169.90383, 52.74058 ], [ -169.8763, 52.74673 ], [ -169.84874, 52.76311 ], [ -169.8173, 52.75799 ], [ -169.78497, 52.73674 ], [ -169.73802, 52.72099 ], [ -169.70304, 52.7161 ], [ -169.6597, 52.72623 ], [ -169.63907, 52.73676 ], [ -169.61704, 52.77595 ], [ -169.5886, 52.80057 ], [ -169.59288, 52.83155 ], [ -169.58784, 52.87289 ], [ -169.59337, 52.88952 ], [ -169.62781, 52.92674 ], [ -169.60708, 52.95957 ], [ -169.58746, 52.96996 ], [ -169.57522, 52.99371 ], [ -169.58063, 53.03217 ], [ -169.60444, 53.06203 ], [ -169.63102, 53.0775 ], [ -169.66421, 53.08569 ], [ -169.68984, 53.11207 ], [ -169.75913, 53.13406 ], [ -169.81407, 53.12664 ], [ -169.86074, 53.10502 ], [ -169.87294, 53.08919 ], [ -169.8832, 53.04519 ], [ -169.86507, 53.02438 ], [ -169.83294, 53.00997 ], [ -169.84287, 52.96952 ], [ -169.81773, 52.93736 ], [ -169.88548, 52.93259 ], [ -169.90814, 52.92255 ], [ -169.91048, 52.93522 ], [ -169.94173, 52.95879 ], [ -170.00226, 52.96475 ], [ -170.04609, 52.97312 ], [ -170.08656, 52.97121 ], [ -170.1165, 52.96313 ], [ -170.17687, 52.93514 ], [ -170.19857, 52.91644 ], [ -170.20336, 52.89765 ], [ -170.19012, 52.86284 ], [ -170.15532, 52.83712 ], [ -170.20675, 52.82277 ], [ -170.23318, 52.80013 ], [ -170.247, 52.77888 ], [ -170.26727, 52.76425 ] ] ], [ [ [ -168.11095, 53.98157 ], [ -168.13583, 53.94674 ], [ -168.12307, 53.91197 ], [ -168.08302, 53.88296 ], [ -168.02293, 53.87492 ], [ -167.98404, 53.8865 ], [ -167.96317, 53.90134 ], [ -167.95343, 53.92116 ], [ -167.95902, 53.9637 ], [ -167.98954, 53.98931 ], [ -168.02257, 53.99412 ], [ -168.08294, 53.99244 ], [ -168.11095, 53.98157 ] ] ], [ [ [ -170.52269, 57.19338 ], [ -170.51078, 57.17427 ], [ -170.51945, 57.16219 ], [ -170.49524, 57.12831 ], [ -170.47064, 57.11366 ], [ -170.41478, 57.10474 ], [ -170.44265, 57.10227 ], [ -170.49203, 57.08018 ], [ -170.50835, 57.06238 ], [ -170.50847, 57.04641 ], [ -170.48726, 57.01252 ], [ -170.44412, 56.99614 ], [ -170.39944, 56.99578 ], [ -170.35411, 57.00233 ], [ -170.30608, 57.02952 ], [ -170.30535, 57.05674 ], [ -170.2589, 57.06213 ], [ -170.22323, 57.0766 ], [ -170.18051, 57.10478 ], [ -170.11176, 57.13671 ], [ -170.07829, 57.16946 ], [ -170.08078, 57.19228 ], [ -170.06384, 57.19762 ], [ -170.02976, 57.22086 ], [ -170.01234, 57.2541 ], [ -170.01649, 57.26658 ], [ -170.06536, 57.29793 ], [ -170.10946, 57.30527 ], [ -170.15887, 57.30438 ], [ -170.191, 57.29735 ], [ -170.22182, 57.27866 ], [ -170.26168, 57.26414 ], [ -170.2908, 57.2706 ], [ -170.33444, 57.27237 ], [ -170.36404, 57.26874 ], [ -170.39531, 57.25795 ], [ -170.42303, 57.25751 ], [ -170.44958, 57.24934 ], [ -170.49007, 57.22554 ], [ -170.52269, 57.19338 ] ] ], [ [ [ -169.87757, 56.63054 ], [ -169.88022, 56.60203 ], [ -169.86822, 56.58703 ], [ -169.80476, 56.54737 ], [ -169.76372, 56.54073 ], [ -169.7275, 56.51464 ], [ -169.67607, 56.49623 ], [ -169.58124, 56.48323 ], [ -169.52662, 56.49298 ], [ -169.47939, 56.52685 ], [ -169.42045, 56.54926 ], [ -169.37753, 56.58773 ], [ -169.38223, 56.61475 ], [ -169.40162, 56.63656 ], [ -169.43865, 56.6537 ], [ -169.47414, 56.6561 ], [ -169.50925, 56.66747 ], [ -169.53867, 56.66844 ], [ -169.62189, 56.66134 ], [ -169.74733, 56.67505 ], [ -169.80251, 56.67397 ], [ -169.85286, 56.65888 ], [ -169.87757, 56.63054 ] ] ], [ [ [ -167.55078, 60.24056 ], [ -167.56027, 60.20596 ], [ -167.53633, 60.17825 ], [ -167.49241, 60.15203 ], [ -167.47322, 60.14891 ], [ -167.46456, 60.12466 ], [ -167.43643, 60.10876 ], [ -167.44295, 60.09546 ], [ -167.44075, 60.05647 ], [ -167.41797, 60.03417 ], [ -167.38556, 60.02121 ], [ -167.32413, 60.01846 ], [ -167.29338, 59.99919 ], [ -167.22271, 59.99386 ], [ -167.13782, 59.94404 ], [ -167.10289, 59.93695 ], [ -167.04202, 59.93576 ], [ -166.9406, 59.91191 ], [ -166.90459, 59.89805 ], [ -166.85083, 59.87106 ], [ -166.82888, 59.85233 ], [ -166.78649, 59.84266 ], [ -166.73676, 59.8383 ], [ -166.65432, 59.8024 ], [ -166.6261, 59.79706 ], [ -166.5642, 59.79611 ], [ -166.50794, 59.79875 ], [ -166.46169, 59.79594 ], [ -166.42965, 59.80164 ], [ -166.36637, 59.77966 ], [ -166.32183, 59.77314 ], [ -166.30056, 59.76008 ], [ -166.27385, 59.73385 ], [ -166.24209, 59.7171 ], [ -166.19659, 59.70339 ], [ -166.0997, 59.69405 ], [ -166.05787, 59.69554 ], [ -166.01243, 59.70539 ], [ -165.9648, 59.72297 ], [ -165.82484, 59.80675 ], [ -165.77325, 59.82047 ], [ -165.739, 59.84135 ], [ -165.69901, 59.83508 ], [ -165.6578, 59.83627 ], [ -165.62524, 59.84641 ], [ -165.56036, 59.85287 ], [ -165.49545, 59.87019 ], [ -165.46088, 59.89501 ], [ -165.43911, 59.93604 ], [ -165.41198, 59.95415 ], [ -165.40244, 59.97045 ], [ -165.45186, 59.99042 ], [ -165.46234, 60.00959 ], [ -165.49747, 60.02789 ], [ -165.53934, 60.03498 ], [ -165.57315, 60.07507 ], [ -165.55744, 60.0992 ], [ -165.55965, 60.13334 ], [ -165.57713, 60.15079 ], [ -165.58848, 60.17888 ], [ -165.57035, 60.19786 ], [ -165.56658, 60.21565 ], [ -165.58828, 60.24142 ], [ -165.57069, 60.25896 ], [ -165.57435, 60.2733 ], [ -165.5615, 60.30173 ], [ -165.57449, 60.3212 ], [ -165.60017, 60.33893 ], [ -165.64946, 60.34883 ], [ -165.65391, 60.37176 ], [ -165.69305, 60.39315 ], [ -165.73844, 60.40561 ], [ -165.78244, 60.40488 ], [ -165.82842, 60.39005 ], [ -165.84771, 60.39858 ], [ -165.89936, 60.40321 ], [ -165.94947, 60.39378 ], [ -165.98134, 60.37409 ], [ -166.00951, 60.38771 ], [ -165.99829, 60.4004 ], [ -166.00578, 60.41958 ], [ -166.03067, 60.43894 ], [ -166.05417, 60.46949 ], [ -166.08486, 60.48594 ], [ -166.15241, 60.51075 ], [ -166.20857, 60.50519 ], [ -166.2493, 60.49113 ], [ -166.27091, 60.47862 ], [ -166.27631, 60.45162 ], [ -166.29761, 60.44743 ], [ -166.3498, 60.41775 ], [ -166.40285, 60.4262 ], [ -166.4436, 60.44449 ], [ -166.47798, 60.44876 ], [ -166.52882, 60.44427 ], [ -166.57017, 60.42292 ], [ -166.6201, 60.41295 ], [ -166.66629, 60.38579 ], [ -166.73931, 60.38786 ], [ -166.80049, 60.36277 ], [ -166.81258, 60.35059 ], [ -166.84466, 60.34503 ], [ -166.87339, 60.33121 ], [ -166.88593, 60.31756 ], [ -166.92973, 60.2955 ], [ -166.94376, 60.27811 ], [ -166.96795, 60.27751 ], [ -167.01804, 60.26624 ], [ -167.06992, 60.28475 ], [ -167.12052, 60.29123 ], [ -167.15344, 60.28243 ], [ -167.22593, 60.28798 ], [ -167.25508, 60.28382 ], [ -167.30981, 60.29072 ], [ -167.3367, 60.28743 ], [ -167.37109, 60.27569 ], [ -167.41176, 60.2716 ], [ -167.43768, 60.26285 ], [ -167.50805, 60.26311 ], [ -167.55078, 60.24056 ] ] ], [ [ [ -170.05048, 57.18688 ], [ -170.04399, 57.16506 ], [ -170.02244, 57.14433 ], [ -169.98905, 57.13042 ], [ -169.95557, 57.12823 ], [ -169.88685, 57.14544 ], [ -169.84901, 57.17617 ], [ -169.84929, 57.19002 ], [ -169.87121, 57.22154 ], [ -169.90973, 57.2363 ], [ -169.96039, 57.23742 ], [ -170.00797, 57.2253 ], [ -170.0422, 57.20505 ], [ -170.05048, 57.18688 ] ] ], [ [ [ -172.88567, 60.20881 ], [ -172.89034, 60.18213 ], [ -172.881, 60.16879 ], [ -172.8483, 60.14878 ], [ -172.79952, 60.13881 ], [ -172.76177, 60.14068 ], [ -172.69417, 60.15461 ], [ -172.65568, 60.17849 ], [ -172.6343, 60.20075 ], [ -172.6492, 60.2369 ], [ -172.69855, 60.25838 ], [ -172.73152, 60.26217 ], [ -172.77357, 60.25549 ], [ -172.86699, 60.22215 ], [ -172.88567, 60.20881 ] ] ], [ [ [ -173.21841, 60.67624 ], [ -173.23681, 60.64559 ], [ -173.23221, 60.63683 ], [ -173.18161, 60.60618 ], [ -173.1402, 60.57554 ], [ -173.154, 60.56459 ], [ -173.1632, 60.53832 ], [ -173.15644, 60.52214 ], [ -173.1705, 60.49649 ], [ -173.1678, 60.48108 ], [ -173.14485, 60.45711 ], [ -173.09527, 60.4418 ], [ -173.06737, 60.43991 ], [ -172.98588, 60.41185 ], [ -172.93143, 60.38969 ], [ -172.92534, 60.35259 ], [ -172.91021, 60.33963 ], [ -172.84792, 60.31839 ], [ -172.80236, 60.31865 ], [ -172.7444, 60.30104 ], [ -172.71535, 60.29622 ], [ -172.67934, 60.27803 ], [ -172.5961, 60.25863 ], [ -172.56499, 60.25809 ], [ -172.52294, 60.2711 ], [ -172.49602, 60.27423 ], [ -172.45382, 60.27062 ], [ -172.40751, 60.27877 ], [ -172.38838, 60.2755 ], [ -172.37917, 60.26072 ], [ -172.33309, 60.24453 ], [ -172.29549, 60.23883 ], [ -172.26751, 60.2445 ], [ -172.24669, 60.24123 ], [ -172.18947, 60.25082 ], [ -172.1435, 60.27146 ], [ -172.12036, 60.28734 ], [ -172.10907, 60.31402 ], [ -172.122, 60.32702 ], [ -172.16803, 60.34892 ], [ -172.22326, 60.36424 ], [ -172.27849, 60.38833 ], [ -172.31991, 60.4168 ], [ -172.34752, 60.42775 ], [ -172.39355, 60.43651 ], [ -172.46258, 60.4387 ], [ -172.49946, 60.43211 ], [ -172.53, 60.43575 ], [ -172.68782, 60.48012 ], [ -172.76023, 60.51419 ], [ -172.79573, 60.53865 ], [ -172.81531, 60.55786 ], [ -172.81962, 60.61349 ], [ -172.83802, 60.62882 ], [ -172.88863, 60.64414 ], [ -172.94383, 60.6507 ], [ -172.95303, 60.69449 ], [ -172.96223, 60.70981 ], [ -172.98974, 60.73182 ], [ -173.01245, 60.74038 ], [ -173.05905, 60.74775 ], [ -173.10039, 60.74517 ], [ -173.15861, 60.72877 ], [ -173.19081, 60.70688 ], [ -173.19081, 60.68937 ], [ -173.21841, 60.67624 ] ] ], [ [ [ -171.9447, 63.57062 ], [ -171.9653, 63.47288 ], [ -171.94421, 63.45472 ], [ -171.93109, 63.42563 ], [ -171.88486, 63.37759 ], [ -171.85569, 63.36119 ], [ -171.83922, 63.34269 ], [ -171.77226, 63.31533 ], [ -171.74424, 63.31318 ], [ -171.6911, 63.29801 ], [ -171.65152, 63.29104 ], [ -171.62199, 63.27716 ], [ -171.56017, 63.26512 ], [ -171.53354, 63.26665 ], [ -171.48191, 63.25454 ], [ -171.43558, 63.25267 ], [ -171.39886, 63.25765 ], [ -171.32621, 63.2827 ], [ -171.28052, 63.28565 ], [ -171.25137, 63.29257 ], [ -171.17357, 63.33643 ], [ -171.16602, 63.34816 ], [ -171.1005, 63.35652 ], [ -171.06681, 63.37111 ], [ -170.99356, 63.37484 ], [ -170.90823, 63.36995 ], [ -170.81658, 63.35498 ], [ -170.59687, 63.31162 ], [ -170.51525, 63.28791 ], [ -170.43905, 63.2516 ], [ -170.38342, 63.21076 ], [ -170.40086, 63.19368 ], [ -170.39433, 63.17106 ], [ -170.3594, 63.14774 ], [ -170.328, 63.13873 ], [ -170.24854, 63.13203 ], [ -170.20182, 63.1312 ], [ -170.14011, 63.12426 ], [ -170.11539, 63.12725 ], [ -170.08113, 63.11131 ], [ -170.03177, 63.09552 ], [ -169.95274, 63.06408 ], [ -169.90138, 63.03737 ], [ -169.88376, 63.02008 ], [ -169.8777, 62.99714 ], [ -169.86324, 62.98015 ], [ -169.86457, 62.9447 ], [ -169.83893, 62.92589 ], [ -169.81479, 62.9174 ], [ -169.72787, 62.89634 ], [ -169.63877, 62.88491 ], [ -169.59101, 62.88787 ], [ -169.55207, 62.90292 ], [ -169.52532, 62.92466 ], [ -169.46153, 62.93284 ], [ -169.4363, 62.94744 ], [ -169.41984, 62.97386 ], [ -169.42724, 63.00026 ], [ -169.45106, 63.03856 ], [ -169.4065, 63.04751 ], [ -169.36794, 63.06108 ], [ -169.32434, 63.08574 ], [ -169.2823, 63.11441 ], [ -169.23062, 63.12351 ], [ -169.14253, 63.1278 ], [ -169.06669, 63.12822 ], [ -169.02776, 63.12453 ], [ -168.92276, 63.09957 ], [ -168.94658, 63.07446 ], [ -168.94033, 63.04633 ], [ -168.91746, 63.03112 ], [ -168.86852, 63.0198 ], [ -168.80321, 63.01766 ], [ -168.76406, 63.02762 ], [ -168.7007, 63.05693 ], [ -168.68277, 63.08467 ], [ -168.69663, 63.10922 ], [ -168.73344, 63.13156 ], [ -168.69275, 63.15895 ], [ -168.66657, 63.18598 ], [ -168.63594, 63.20464 ], [ -168.60924, 63.22937 ], [ -168.60425, 63.2516 ], [ -168.58667, 63.27247 ], [ -168.57859, 63.30868 ], [ -168.58769, 63.32523 ], [ -168.64274, 63.34488 ], [ -168.70468, 63.35471 ], [ -168.88359, 63.37436 ], [ -169.03498, 63.38746 ], [ -169.23453, 63.39073 ], [ -169.37215, 63.40711 ], [ -169.45552, 63.41502 ], [ -169.48378, 63.43564 ], [ -169.5694, 63.47286 ], [ -169.60226, 63.48064 ], [ -169.7369, 63.48624 ], [ -169.79297, 63.49074 ], [ -169.84858, 63.50753 ], [ -169.92658, 63.52674 ], [ -169.96412, 63.58212 ], [ -169.9856, 63.62296 ], [ -170.02853, 63.64847 ], [ -170.10366, 63.68418 ], [ -170.16805, 63.7199 ], [ -170.24317, 63.74539 ], [ -170.29682, 63.75558 ], [ -170.46846, 63.75557 ], [ -170.50401, 63.7534 ], [ -170.61991, 63.72346 ], [ -170.65667, 63.72355 ], [ -170.70513, 63.71309 ], [ -170.84714, 63.66613 ], [ -170.91092, 63.63788 ], [ -170.95913, 63.62589 ], [ -171.16501, 63.65899 ], [ -171.2513, 63.66745 ], [ -171.53558, 63.72188 ], [ -171.52066, 63.75024 ], [ -171.527, 63.77652 ], [ -171.54881, 63.80047 ], [ -171.61748, 63.83365 ], [ -171.67471, 63.84368 ], [ -171.71465, 63.83606 ], [ -171.77635, 63.83773 ], [ -171.81613, 63.82117 ], [ -171.84596, 63.79987 ], [ -171.8559, 63.78567 ], [ -171.84028, 63.76939 ], [ -171.83531, 63.74337 ], [ -171.86514, 63.7055 ], [ -171.86017, 63.67474 ], [ -171.89001, 63.65581 ], [ -171.90493, 63.63925 ], [ -171.9099, 63.61795 ], [ -171.92481, 63.61085 ], [ -171.9447, 63.57062 ] ] ], [ [ [ -168.971, 65.81463 ], [ -168.97188, 65.68877 ], [ -168.91803, 65.68434 ], [ -168.85607, 65.69124 ], [ -168.78547, 65.71632 ], [ -168.76733, 65.73075 ], [ -168.76244, 65.75117 ], [ -168.78086, 65.76447 ], [ -168.78703, 65.78463 ], [ -168.80095, 65.79518 ], [ -168.86098, 65.81781 ], [ -168.92693, 65.82226 ], [ -168.971, 65.81463 ] ] ], [ [ [ -168.8692, 65.62086 ], [ -168.8659, 65.60692 ], [ -168.84603, 65.59252 ], [ -168.80832, 65.57853 ], [ -168.76607, 65.57149 ], [ -168.73314, 65.57225 ], [ -168.67344, 65.58417 ], [ -168.63366, 65.60136 ], [ -168.62679, 65.61238 ], [ -168.63788, 65.63987 ], [ -168.6776, 65.66415 ], [ -168.71056, 65.67314 ], [ -168.79459, 65.67122 ], [ -168.82004, 65.66519 ], [ -168.85671, 65.6406 ], [ -168.8692, 65.62086 ] ] ], [ [ [ -168.21394, 64.98432 ], [ -168.21009, 64.95138 ], [ -168.18701, 64.93491 ], [ -168.13701, 64.91844 ], [ -168.09085, 64.91112 ], [ -168.03701, 64.90929 ], [ -167.97612, 64.92288 ], [ -167.95307, 64.933 ], [ -167.9138, 64.96995 ], [ -167.92427, 65.00273 ], [ -167.95305, 65.02348 ], [ -168.00485, 65.0389 ], [ -168.07608, 65.04329 ], [ -168.15614, 65.02918 ], [ -168.20788, 65.0033 ], [ -168.21394, 64.98432 ] ] ], [ [ [ -132.65243, 57.60735 ], [ -132.6581, 57.61948 ], [ -132.75679, 57.70509 ], [ -132.86929, 57.84294 ], [ -133.0764, 57.99976 ], [ -133.17642, 58.15015 ], [ -133.17229, 58.15367 ], [ -133.26996, 58.2271 ], [ -133.34541, 58.27633 ], [ -133.46148, 58.38772 ], [ -133.37728, 58.43055 ], [ -133.55778, 58.52313 ], [ -133.70709, 58.61227 ], [ -133.84048, 58.72944 ], [ -133.97219, 58.76727 ], [ -134.25805, 58.86103 ], [ -134.33644, 58.92341 ], [ -134.31371, 58.96222 ], [ -134.40712, 58.97921 ], [ -134.38185, 59.03876 ], [ -134.4471, 59.08922 ], [ -134.48337, 59.1316 ], [ -134.56554, 59.13112 ], [ -134.67909, 59.19227 ], [ -134.70069, 59.24901 ], [ -134.95988, 59.28092 ], [ -135.0305, 59.34635 ], [ -134.98972, 59.38713 ], [ -135.101, 59.42753 ], [ -135.07726, 59.45177 ], [ -135.02754, 59.47474 ], [ -135.02888, 59.56366 ], [ -135.11781, 59.62307 ], [ -135.15757, 59.62572 ], [ -135.21982, 59.66277 ], [ -135.23364, 59.69614 ], [ -135.25274, 59.69828 ], [ -135.36008, 59.73761 ], [ -135.47914, 59.79804 ], [ -135.95262, 59.66216 ], [ -136.19288, 59.64003 ], [ -136.35391, 59.59983 ], [ -136.23981, 59.55941 ], [ -136.23848, 59.52432 ], [ -136.305, 59.46452 ], [ -136.37242, 59.44961 ], [ -136.47713, 59.46582 ], [ -136.47735, 59.37623 ], [ -136.46922, 59.28408 ], [ -136.49573, 59.27513 ], [ -136.48838, 59.25929 ], [ -136.5815, 59.16491 ], [ -136.82661, 59.15839 ], [ -136.86387, 59.13847 ], [ -137.26473, 59.00235 ], [ -137.44736, 58.90951 ], [ -137.5264, 58.90683 ], [ -137.49998, 58.98539 ], [ -137.54211, 59.10643 ], [ -137.60733, 59.2438 ], [ -138.03069, 59.46484 ], [ -138.62618, 59.76858 ], [ -138.66862, 59.80966 ], [ -138.67943, 59.84537 ], [ -138.70735, 59.90632 ], [ -138.79849, 59.92465 ], [ -139.05365, 59.99484 ], [ -139.19882, 60.08829 ], [ -139.0721, 60.31943 ], [ -139.07479, 60.3525 ], [ -139.69296, 60.33522 ], [ -139.98107, 60.18196 ], [ -140.45818, 60.30808 ], [ -140.5204, 60.21982 ], [ -140.76938, 60.2603 ], [ -140.93071, 60.29345 ], [ -141.00195, 60.30637 ], [ -141.00183, 60.39169 ], [ -141.00208, 61.87468 ], [ -141.00158, 61.90405 ], [ -141.00145, 62.47442 ], [ -141.00128, 65.00007 ], [ -141.00244, 65.83942 ], [ -141.00259, 66.64289 ], [ -141.00266, 68.49836 ], [ -141.00087, 68.49836 ], [ -141.00058, 69.6472 ], [ -141.00275, 69.70365 ], [ -141.13355, 69.72535 ], [ -141.37786, 69.74415 ], [ -141.38381, 69.74997 ], [ -141.45283, 69.77278 ], [ -141.59142, 69.81458 ], [ -141.67684, 69.83524 ], [ -141.74607, 69.84824 ], [ -141.80283, 69.85492 ], [ -141.91398, 69.87204 ], [ -141.99331, 69.89126 ], [ -142.07905, 69.9085 ], [ -142.23976, 69.95474 ], [ -142.2581, 69.96431 ], [ -142.30755, 69.97572 ], [ -142.34947, 69.99446 ], [ -142.42512, 70.01146 ], [ -142.48024, 70.0339 ], [ -142.70626, 70.0882 ], [ -142.76035, 70.09543 ], [ -142.80287, 70.10705 ], [ -142.8582, 70.11427 ], [ -142.89006, 70.12363 ], [ -143.0279, 70.15119 ], [ -143.05024, 70.15983 ], [ -143.10435, 70.16918 ], [ -143.12292, 70.18058 ], [ -143.16785, 70.19349 ], [ -143.2264, 70.202 ], [ -143.29617, 70.2017 ], [ -143.36075, 70.19632 ], [ -143.41141, 70.18357 ], [ -143.44468, 70.18556 ], [ -143.49138, 70.19593 ], [ -143.57562, 70.19943 ], [ -143.83058, 70.17035 ], [ -143.94055, 70.16969 ], [ -144.01155, 70.15671 ], [ -144.05682, 70.13866 ], [ -144.14305, 70.13187 ], [ -144.36692, 70.09228 ], [ -144.43393, 70.09273 ], [ -144.52907, 70.07906 ], [ -144.68143, 70.01577 ], [ -144.8433, 70.03958 ], [ -144.92652, 70.04002 ], [ -144.98606, 70.07031 ], [ -145.06495, 70.08761 ], [ -145.27932, 70.08896 ], [ -145.33547, 70.09871 ], [ -145.36655, 70.11273 ], [ -145.45008, 70.13316 ], [ -145.56452, 70.14455 ], [ -145.74182, 70.19924 ], [ -145.98174, 70.24231 ], [ -146.10397, 70.25329 ], [ -146.20602, 70.25469 ], [ -146.24914, 70.26734 ], [ -146.37788, 70.28375 ], [ -146.45691, 70.28039 ], [ -146.60893, 70.28727 ], [ -146.70893, 70.28243 ], [ -146.74643, 70.29187 ], [ -146.77785, 70.31574 ], [ -146.84145, 70.33496 ], [ -146.92648, 70.35078 ], [ -146.99996, 70.35551 ], [ -147.09638, 70.35861 ], [ -147.17187, 70.35016 ], [ -147.18258, 70.36975 ], [ -147.2259, 70.38899 ], [ -147.27729, 70.40252 ], [ -147.32831, 70.40743 ], [ -147.37248, 70.43054 ], [ -147.45512, 70.44571 ], [ -147.56239, 70.44659 ], [ -147.61123, 70.43648 ], [ -147.65244, 70.4597 ], [ -147.70744, 70.46964 ], [ -147.7794, 70.47187 ], [ -147.77844, 70.49166 ], [ -147.81849, 70.52002 ], [ -147.89959, 70.5421 ], [ -148.00346, 70.54558 ], [ -148.05193, 70.53883 ], [ -148.09958, 70.524 ], [ -148.12689, 70.50135 ], [ -148.16903, 70.51775 ], [ -148.21038, 70.51825 ], [ -148.23385, 70.52891 ], [ -148.29247, 70.53746 ], [ -148.42127, 70.53287 ], [ -148.50271, 70.50433 ], [ -148.51544, 70.47748 ], [ -148.48697, 70.45332 ], [ -148.54883, 70.47297 ], [ -148.65173, 70.47817 ], [ -148.71177, 70.50767 ], [ -148.78722, 70.52538 ], [ -148.97491, 70.53371 ], [ -149.09044, 70.56542 ], [ -149.18243, 70.57454 ], [ -149.21731, 70.58293 ], [ -149.29587, 70.58765 ], [ -149.40731, 70.60383 ], [ -149.67984, 70.6215 ], [ -149.71909, 70.62194 ], [ -149.79592, 70.61187 ], [ -149.92947, 70.61476 ], [ -149.99336, 70.6042 ], [ -150.0335, 70.5877 ], [ -150.11783, 70.60618 ], [ -150.24267, 70.60434 ], [ -150.32318, 70.57856 ], [ -150.3452, 70.55323 ], [ -150.4353, 70.55785 ], [ -150.50077, 70.54885 ], [ -150.60148, 70.55129 ], [ -150.65229, 70.54485 ], [ -150.79512, 70.54836 ], [ -150.87111, 70.53554 ], [ -150.92968, 70.51429 ], [ -151.04461, 70.49762 ], [ -151.1898, 70.49293 ], [ -151.31494, 70.46343 ], [ -151.36922, 70.47339 ], [ -151.54885, 70.49109 ], [ -151.54768, 70.50412 ], [ -151.50329, 70.53602 ], [ -151.51674, 70.57136 ], [ -151.54617, 70.58305 ], [ -151.6127, 70.59361 ], [ -152.04632, 70.81316 ], [ -152.05812, 70.84117 ], [ -152.08069, 70.84407 ], [ -152.15181, 70.87513 ], [ -152.34239, 70.90706 ], [ -152.39636, 70.91095 ], [ -152.50972, 70.93473 ], [ -152.67988, 70.93458 ], [ -152.81681, 70.96053 ], [ -152.86246, 70.96418 ], [ -152.93895, 70.96113 ], [ -153.00008, 70.96988 ], [ -153.05271, 70.96772 ], [ -153.137, 70.97406 ], [ -153.27427, 70.97096 ], [ -153.44504, 70.94086 ], [ -153.51237, 70.93595 ], [ -153.74234, 70.94506 ], [ -153.89914, 70.93622 ], [ -154.43764, 71.02355 ], [ -154.49875, 71.05537 ], [ -154.62624, 71.10073 ], [ -154.82128, 71.15896 ], [ -155.00328, 71.20008 ], [ -155.14643, 71.22348 ], [ -155.30014, 71.23526 ], [ -155.45883, 71.26859 ], [ -155.6579, 71.28705 ], [ -155.75618, 71.28338 ], [ -155.82732, 71.32869 ], [ -155.92639, 71.35769 ], [ -156.24801, 71.40625 ], [ -156.29465, 71.40851 ], [ -156.40059, 71.43541 ], [ -156.48768, 71.43979 ], [ -156.58221, 71.42767 ], [ -156.64222, 71.39614 ], [ -156.76083, 71.37288 ], [ -156.94079, 71.31121 ], [ -157.23955, 71.1571 ], [ -157.34825, 71.08798 ], [ -157.53239, 71.00756 ], [ -157.8152, 70.92728 ], [ -157.93143, 70.90216 ], [ -158.17143, 70.87105 ], [ -158.3335, 70.87204 ], [ -158.45221, 70.88494 ], [ -158.55269, 70.90283 ], [ -158.62073, 70.94557 ], [ -158.67777, 70.95925 ], [ -158.73396, 70.96312 ], [ -158.90498, 70.95538 ], [ -159.0794, 70.93276 ], [ -159.2384, 70.92028 ], [ -159.59751, 70.86472 ], [ -159.75543, 70.83053 ], [ -159.87938, 70.77718 ], [ -160.04234, 70.71986 ], [ -160.24452, 70.63598 ], [ -160.30392, 70.60337 ], [ -160.41418, 70.5613 ], [ -160.66511, 70.47644 ], [ -160.90783, 70.41575 ], [ -161.03806, 70.3899 ], [ -161.3151, 70.34726 ], [ -161.50491, 70.35074 ], [ -161.87018, 70.38279 ], [ -161.94862, 70.37475 ], [ -162.00007, 70.35799 ], [ -162.46519, 70.21725 ], [ -162.60587, 70.14685 ], [ -162.81878, 69.99903 ], [ -163.13353, 69.83871 ], [ -163.20624, 69.75704 ], [ -163.28774, 69.63239 ], [ -163.28956, 69.43036 ], [ -163.33316, 69.35932 ], [ -163.38056, 69.32022 ], [ -163.57186, 69.22315 ], [ -163.65077, 69.1687 ], [ -163.79231, 69.10803 ], [ -163.93304, 69.06982 ], [ -164.02033, 69.03315 ], [ -164.27935, 68.97962 ], [ -164.48088, 68.96853 ], [ -164.63864, 68.96644 ], [ -164.79556, 68.94909 ], [ -165.35702, 68.90894 ], [ -165.62083, 68.90371 ], [ -166.20012, 68.93383 ], [ -166.2783, 68.92707 ], [ -166.3474, 68.90039 ], [ -166.36609, 68.86888 ], [ -166.32728, 68.78176 ], [ -166.34125, 68.71306 ], [ -166.33327, 68.69614 ], [ -166.37121, 68.65131 ], [ -166.36144, 68.63459 ], [ -166.36763, 68.575 ], [ -166.43489, 68.53065 ], [ -166.4439, 68.47849 ], [ -166.45781, 68.46614 ], [ -166.50284, 68.45611 ], [ -166.84995, 68.40165 ], [ -166.91288, 68.38533 ], [ -166.97154, 68.35606 ], [ -166.97208, 68.32245 ], [ -166.94201, 68.3026 ], [ -166.86056, 68.28748 ], [ -166.7596, 68.29457 ], [ -166.65195, 68.28832 ], [ -166.47138, 68.26473 ], [ -166.36475, 68.24427 ], [ -166.28527, 68.22437 ], [ -166.17751, 68.18503 ], [ -166.12922, 68.15463 ], [ -166.09589, 68.11827 ], [ -166.03388, 68.09182 ], [ -165.96601, 68.0725 ], [ -165.86942, 68.05509 ], [ -165.68435, 68.03473 ], [ -165.59602, 68.03473 ], [ -165.54532, 68.02894 ], [ -165.49942, 68.01879 ], [ -164.66489, 67.69822 ], [ -164.65519, 67.69245 ], [ -164.54898, 67.662 ], [ -164.39531, 67.62061 ], [ -164.28124, 67.59167 ], [ -164.23028, 67.57506 ], [ -164.1754, 67.5476 ], [ -164.11663, 67.49997 ], [ -164.00448, 67.39781 ], [ -163.90562, 67.25344 ], [ -163.8825, 67.21498 ], [ -163.96243, 67.1967 ], [ -164.00269, 67.17256 ], [ -163.9912, 67.14789 ], [ -163.91136, 67.1047 ], [ -163.7815, 67.06976 ], [ -163.61765, 67.04874 ], [ -163.48768, 67.03867 ], [ -163.40433, 67.02976 ], [ -163.3405, 67.02592 ], [ -163.14987, 67.0 ], [ -163.12987, 66.99484 ], [ -163.04944, 66.98661 ], [ -162.87682, 66.94783 ], [ -162.832, 66.92682 ], [ -162.89306, 66.89975 ], [ -162.97839, 66.87096 ], [ -163.20322, 66.7822 ], [ -163.40351, 66.71033 ], [ -163.62619, 66.62418 ], [ -163.71206, 66.63575 ], [ -163.80506, 66.64129 ], [ -163.90076, 66.64267 ], [ -164.06177, 66.64188 ], [ -164.27428, 66.63687 ], [ -164.42427, 66.63022 ], [ -164.61455, 66.60948 ], [ -164.75187, 66.59255 ], [ -164.88042, 66.57263 ], [ -165.29231, 66.50164 ], [ -165.43441, 66.47523 ], [ -165.60064, 66.43851 ], [ -165.77771, 66.39737 ], [ -166.09394, 66.316 ], [ -166.21274, 66.28093 ], [ -166.31706, 66.25194 ], [ -166.48022, 66.21194 ], [ -166.71945, 66.14805 ], [ -166.83228, 66.11109 ], [ -167.00783, 66.05141 ], [ -167.17838, 65.99957 ], [ -167.23857, 65.97086 ], [ -167.30832, 65.94433 ], [ -167.5208, 65.87816 ], [ -167.71883, 65.83493 ], [ -167.88337, 65.80328 ], [ -167.96797, 65.78067 ], [ -168.00422, 65.77455 ], [ -168.0771, 65.75609 ], [ -168.1551, 65.72836 ], [ -168.20011, 65.69938 ], [ -168.22128, 65.67545 ], [ -168.23186, 65.62257 ], [ -168.21863, 65.59613 ], [ -168.17618, 65.56275 ], [ -168.16756, 65.54691 ], [ -168.12661, 65.53053 ], [ -168.06534, 65.52252 ], [ -168.03102, 65.50943 ], [ -167.97104, 65.50014 ], [ -167.938, 65.4999 ], [ -167.89684, 65.47669 ], [ -167.83085, 65.46584 ], [ -167.75668, 65.44723 ], [ -167.66466, 65.40538 ], [ -167.60636, 65.38563 ], [ -167.48856, 65.36042 ], [ -167.40086, 65.34727 ], [ -167.27215, 65.33816 ], [ -167.19127, 65.33763 ], [ -167.0703, 65.3275 ], [ -166.9489, 65.30791 ], [ -166.97751, 65.29764 ], [ -167.0085, 65.27666 ], [ -167.03922, 65.2434 ], [ -167.07241, 65.19979 ], [ -167.08431, 65.1557 ], [ -167.07296, 65.13839 ], [ -167.0409, 65.10925 ], [ -166.97894, 65.06941 ], [ -166.87813, 65.02995 ], [ -166.82444, 65.01746 ], [ -166.82897, 64.99932 ], [ -166.78325, 64.97972 ], [ -166.76188, 64.9635 ], [ -166.58916, 64.9083 ], [ -166.52266, 64.87111 ], [ -166.51718, 64.85739 ], [ -166.57018, 64.83342 ], [ -166.58672, 64.80147 ], [ -166.57754, 64.778 ], [ -166.59014, 64.73895 ], [ -166.50782, 64.63138 ], [ -166.49123, 64.61896 ], [ -166.44009, 64.60326 ], [ -166.352, 64.56814 ], [ -166.28136, 64.54496 ], [ -166.33088, 64.52586 ], [ -166.35385, 64.50645 ], [ -166.35111, 64.47789 ], [ -166.3145, 64.45436 ], [ -166.27193, 64.43778 ], [ -166.21231, 64.42986 ], [ -166.15384, 64.43298 ], [ -166.13351, 64.43822 ], [ -166.09567, 64.45981 ], [ -166.07085, 64.49016 ], [ -166.07776, 64.52046 ], [ -165.94685, 64.50426 ], [ -165.85019, 64.49388 ], [ -165.68065, 64.48364 ], [ -165.47684, 64.45769 ], [ -165.46074, 64.45774 ], [ -165.33589, 64.44442 ], [ -165.17659, 64.41311 ], [ -165.03218, 64.38799 ], [ -164.90889, 64.39361 ], [ -164.8042, 64.40106 ], [ -164.75478, 64.40783 ], [ -164.61976, 64.44441 ], [ -164.46511, 64.48387 ], [ -164.35533, 64.50845 ], [ -164.26629, 64.51834 ], [ -164.18088, 64.51957 ], [ -163.97619, 64.50832 ], [ -163.85074, 64.5194 ], [ -163.81404, 64.53119 ], [ -163.75036, 64.51964 ], [ -163.65692, 64.52194 ], [ -163.6123, 64.51792 ], [ -163.53615, 64.50358 ], [ -163.4577, 64.48211 ], [ -163.43183, 64.46665 ], [ -163.36373, 64.44565 ], [ -163.34966, 64.43767 ], [ -163.32331, 64.40787 ], [ -163.24191, 64.36075 ], [ -163.21535, 64.35328 ], [ -163.16577, 64.34987 ], [ -162.84213, 64.28317 ], [ -162.79578, 64.27568 ], [ -162.72804, 64.28747 ], [ -162.68495, 64.30436 ], [ -162.63272, 64.33193 ], [ -162.59474, 64.33844 ], [ -162.55789, 64.3558 ], [ -162.51785, 64.38491 ], [ -162.49196, 64.44039 ], [ -162.48666, 64.4709 ], [ -162.47196, 64.48685 ], [ -162.44186, 64.50412 ], [ -162.31346, 64.54279 ], [ -162.23738, 64.52436 ], [ -162.02791, 64.46132 ], [ -162.0021, 64.45879 ], [ -161.76744, 64.38888 ], [ -161.66634, 64.36047 ], [ -161.59081, 64.33554 ], [ -161.55463, 64.32874 ], [ -161.49341, 64.32838 ], [ -161.44315, 64.34009 ], [ -161.41387, 64.35859 ], [ -161.32677, 64.33402 ], [ -161.2534, 64.29887 ], [ -161.17909, 64.258 ], [ -161.07538, 64.20666 ], [ -161.07645, 64.12747 ], [ -161.06232, 64.11339 ], [ -161.07057, 64.08498 ], [ -161.04563, 64.02247 ], [ -161.01846, 63.99856 ], [ -161.00925, 63.97928 ], [ -160.94462, 63.92154 ], [ -160.9201, 63.85975 ], [ -160.88002, 63.81218 ], [ -160.87695, 63.79688 ], [ -160.88617, 63.7714 ], [ -160.99678, 63.68959 ], [ -161.02418, 63.6718 ], [ -161.09804, 63.65614 ], [ -161.13995, 63.62523 ], [ -161.14252, 63.60418 ], [ -161.20205, 63.58737 ], [ -161.22497, 63.56446 ], [ -161.24867, 63.55212 ], [ -161.27006, 63.53019 ], [ -161.31433, 63.51923 ], [ -161.42431, 63.5161 ], [ -161.51193, 63.51975 ], [ -161.60309, 63.50416 ], [ -161.66015, 63.51439 ], [ -161.71887, 63.51157 ], [ -161.74592, 63.50333 ], [ -161.84038, 63.49329 ], [ -161.89619, 63.50822 ], [ -161.92491, 63.53639 ], [ -161.95693, 63.55721 ], [ -162.08857, 63.57647 ], [ -162.17229, 63.58704 ], [ -162.22272, 63.59692 ], [ -162.22536, 63.60956 ], [ -162.24991, 63.62836 ], [ -162.25459, 63.64647 ], [ -162.30433, 63.67203 ], [ -162.3388, 63.67526 ], [ -162.39433, 63.68831 ], [ -162.45293, 63.68909 ], [ -162.48102, 63.68501 ], [ -162.51449, 63.69304 ], [ -162.58429, 63.6914 ], [ -162.6913, 63.66773 ], [ -162.78614, 63.62407 ], [ -162.81601, 63.60337 ], [ -162.82642, 63.57636 ], [ -162.77287, 63.52975 ], [ -162.71109, 63.50873 ], [ -162.67981, 63.49163 ], [ -162.61072, 63.48303 ], [ -162.57969, 63.48679 ], [ -162.55253, 63.4826 ], [ -162.46829, 63.49426 ], [ -162.43775, 63.492 ], [ -162.70026, 63.29118 ], [ -162.73949, 63.26893 ], [ -162.80642, 63.266 ], [ -162.87084, 63.25356 ], [ -162.91688, 63.2308 ], [ -162.93767, 63.21511 ], [ -162.9581, 63.17679 ], [ -162.97783, 63.16593 ], [ -163.02615, 63.15347 ], [ -163.11868, 63.10156 ], [ -163.25245, 63.09246 ], [ -163.34979, 63.12369 ], [ -163.45514, 63.17496 ], [ -163.47756, 63.18235 ], [ -163.58468, 63.20581 ], [ -163.61338, 63.22868 ], [ -163.65808, 63.24972 ], [ -163.73732, 63.2662 ], [ -163.77182, 63.27623 ], [ -163.8236, 63.28384 ], [ -163.8706, 63.28423 ], [ -163.93292, 63.30018 ], [ -164.01574, 63.31396 ], [ -164.05123, 63.31736 ], [ -164.12888, 63.31531 ], [ -164.25002, 63.30346 ], [ -164.39544, 63.2799 ], [ -164.49565, 63.25116 ], [ -164.60926, 63.19953 ], [ -164.7468, 63.1104 ], [ -164.74378, 63.09323 ], [ -164.83029, 63.08225 ], [ -164.88019, 63.06545 ], [ -164.90671, 63.0449 ], [ -164.89294, 63.01915 ], [ -164.91059, 63.00516 ], [ -164.90702, 62.9842 ], [ -164.8966, 62.97951 ], [ -164.90291, 62.957 ], [ -164.89551, 62.94864 ], [ -164.91797, 62.92825 ], [ -164.91586, 62.90261 ], [ -164.93925, 62.87752 ], [ -164.99651, 62.86659 ], [ -165.03374, 62.83661 ], [ -165.03812, 62.82065 ], [ -165.01499, 62.80041 ], [ -165.01687, 62.78444 ], [ -164.98668, 62.76074 ], [ -165.02186, 62.75622 ], [ -165.06299, 62.73398 ], [ -165.12598, 62.74052 ], [ -165.16522, 62.73594 ], [ -165.22186, 62.72247 ], [ -165.2473, 62.7099 ], [ -165.25899, 62.6922 ], [ -165.23928, 62.63409 ], [ -165.21307, 62.61443 ], [ -165.27695, 62.60922 ], [ -165.31158, 62.59547 ], [ -165.33866, 62.57604 ], [ -165.35075, 62.54779 ], [ -165.34618, 62.5267 ], [ -165.38359, 62.49697 ], [ -165.37956, 62.46961 ], [ -165.41871, 62.44043 ], [ -165.44885, 62.39103 ], [ -165.52586, 62.35344 ], [ -165.62125, 62.29179 ], [ -165.65936, 62.26425 ], [ -165.66888, 62.25081 ], [ -165.72159, 62.22262 ], [ -165.73954, 62.20486 ], [ -165.79245, 62.19033 ], [ -165.82057, 62.16623 ], [ -165.84857, 62.16094 ], [ -165.89257, 62.13816 ], [ -165.90179, 62.11928 ], [ -165.94836, 62.12468 ], [ -166.00574, 62.12345 ], [ -166.04919, 62.10803 ], [ -166.09619, 62.07346 ], [ -166.12603, 62.03873 ], [ -166.12979, 62.0253 ], [ -166.11829, 62.0097 ], [ -166.07592, 61.98305 ], [ -166.09483, 61.94666 ], [ -166.11249, 61.87315 ], [ -166.17174, 61.85217 ], [ -166.19774, 61.83428 ], [ -166.22971, 61.79833 ], [ -166.23753, 61.78057 ], [ -166.23792, 61.74087 ], [ -166.2621, 61.69327 ], [ -166.26022, 61.65873 ], [ -166.27991, 61.62201 ], [ -166.28859, 61.58081 ], [ -166.25407, 61.52226 ], [ -166.19447, 61.45987 ], [ -166.03128, 61.3953 ], [ -166.03257, 61.37844 ], [ -166.01753, 61.35197 ], [ -165.99861, 61.33552 ], [ -165.99036, 61.31644 ], [ -165.95349, 61.2941 ], [ -165.93994, 61.27588 ], [ -165.90325, 61.25695 ], [ -165.83754, 61.23872 ], [ -165.83373, 61.22703 ], [ -165.78686, 61.19812 ], [ -165.74337, 61.1252 ], [ -165.71683, 61.09646 ], [ -165.66363, 61.05781 ], [ -165.60674, 61.04002 ], [ -165.53876, 61.02678 ], [ -165.41665, 61.01248 ], [ -165.34658, 61.01545 ], [ -165.29013, 61.03406 ], [ -165.25835, 61.05065 ], [ -165.23653, 61.05009 ], [ -165.26178, 61.02152 ], [ -165.30111, 60.99025 ], [ -165.30213, 60.96644 ], [ -165.27432, 60.94637 ], [ -165.263, 60.92314 ], [ -165.22346, 60.89645 ], [ -165.1705, 60.87693 ], [ -165.17747, 60.84797 ], [ -165.15748, 60.8293 ], [ -165.17615, 60.79633 ], [ -165.14095, 60.76619 ], [ -165.13916, 60.75012 ], [ -165.12335, 60.73663 ], [ -165.14673, 60.72546 ], [ -165.16422, 60.70768 ], [ -165.22203, 60.69538 ], [ -165.24588, 60.67501 ], [ -165.29135, 60.66555 ], [ -165.34017, 60.63827 ], [ -165.41067, 60.63218 ], [ -165.44556, 60.62353 ], [ -165.51824, 60.56602 ], [ -165.52037, 60.55197 ], [ -165.50143, 60.52618 ], [ -165.4482, 60.495 ], [ -165.42651, 60.47439 ], [ -165.3875, 60.45951 ], [ -165.33355, 60.45927 ], [ -165.28821, 60.44265 ], [ -165.23953, 60.44323 ], [ -165.23539, 60.42515 ], [ -165.17676, 60.38125 ], [ -165.09864, 60.33471 ], [ -165.00169, 60.29382 ], [ -164.97189, 60.27702 ], [ -164.85111, 60.24899 ], [ -164.74879, 60.24032 ], [ -164.7111, 60.20794 ], [ -164.65857, 60.17554 ], [ -164.59736, 60.15824 ], [ -164.57472, 60.13301 ], [ -164.52143, 60.09197 ], [ -164.4882, 60.05497 ], [ -164.44571, 60.03051 ], [ -164.39005, 60.01086 ], [ -164.34281, 60.00293 ], [ -164.36431, 59.99923 ], [ -164.42025, 59.9781 ], [ -164.44964, 59.95334 ], [ -164.42078, 59.90698 ], [ -164.41567, 59.88487 ], [ -164.34652, 59.84836 ], [ -164.33665, 59.82961 ], [ -164.31313, 59.80629 ], [ -164.2746, 59.77831 ], [ -164.23094, 59.75307 ], [ -164.15082, 59.72238 ], [ -164.12477, 59.71628 ], [ -164.11105, 59.69408 ], [ -164.08075, 59.67052 ], [ -164.01328, 59.63776 ], [ -163.97622, 59.63433 ], [ -163.91969, 59.64047 ], [ -163.84705, 59.61793 ], [ -163.81193, 59.62084 ], [ -163.76094, 59.63972 ], [ -163.73993, 59.66865 ], [ -163.74888, 59.68643 ], [ -163.78777, 59.7092 ], [ -163.81365, 59.71695 ], [ -163.8473, 59.71845 ], [ -163.89687, 59.71465 ], [ -163.95284, 59.73592 ], [ -163.96598, 59.74712 ], [ -163.99972, 59.75497 ], [ -163.98237, 59.76147 ], [ -163.78435, 59.74057 ], [ -163.6474, 59.74361 ], [ -163.58199, 59.75164 ], [ -163.4285, 59.76087 ], [ -163.33001, 59.76967 ], [ -163.22778, 59.78585 ], [ -163.14584, 59.79564 ], [ -163.10564, 59.77824 ], [ -163.02556, 59.76754 ], [ -162.97476, 59.77283 ], [ -162.9472, 59.76829 ], [ -162.86864, 59.78038 ], [ -162.82607, 59.80066 ], [ -162.81586, 59.81283 ], [ -162.81803, 59.84028 ], [ -162.76252, 59.85746 ], [ -162.70754, 59.88018 ], [ -162.69835, 59.89182 ], [ -162.60639, 59.8883 ], [ -162.56262, 59.89683 ], [ -162.44983, 59.88462 ], [ -162.44164, 59.84408 ], [ -162.41136, 59.82326 ], [ -162.36432, 59.81087 ], [ -162.29764, 59.81174 ], [ -162.2573, 59.80619 ], [ -162.19441, 59.81219 ], [ -162.18663, 59.81891 ], [ -162.16063, 59.7998 ], [ -162.13848, 59.77239 ], [ -162.10683, 59.75421 ], [ -162.09822, 59.73371 ], [ -162.0683, 59.71643 ], [ -162.06485, 59.70003 ], [ -162.04258, 59.67073 ], [ -162.01268, 59.64565 ], [ -162.00303, 59.64466 ], [ -161.87124, 59.52479 ], [ -161.89476, 59.50757 ], [ -161.91443, 59.46929 ], [ -161.95851, 59.44781 ], [ -162.014, 59.43214 ], [ -162.05359, 59.40899 ], [ -162.0613, 59.39796 ], [ -162.06473, 59.36003 ], [ -162.11154, 59.33293 ], [ -162.13209, 59.3062 ], [ -162.16658, 59.27508 ], [ -162.17098, 59.24757 ], [ -162.16379, 59.22446 ], [ -162.10218, 59.12875 ], [ -162.0468, 59.07909 ], [ -162.00765, 59.05529 ], [ -162.00111, 59.07023 ], [ -161.95332, 59.03271 ], [ -161.90245, 58.9776 ], [ -161.88174, 58.94415 ], [ -161.88808, 58.89773 ], [ -161.88177, 58.85751 ], [ -161.8575, 58.83044 ], [ -161.85118, 58.80799 ], [ -161.88914, 58.7843 ], [ -161.89782, 58.76205 ], [ -161.92296, 58.75456 ], [ -161.94914, 58.72433 ], [ -162.02079, 58.72633 ], [ -162.03798, 58.7221 ], [ -162.09102, 58.72274 ], [ -162.12846, 58.71307 ], [ -162.1685, 58.71028 ], [ -162.2154, 58.69503 ], [ -162.22625, 58.68555 ], [ -162.26896, 58.66756 ], [ -162.28071, 58.6463 ], [ -162.27039, 58.62213 ], [ -162.23026, 58.59855 ], [ -162.19896, 58.58998 ], [ -162.17172, 58.58995 ], [ -162.13219, 58.57138 ], [ -162.08174, 58.5649 ], [ -162.04305, 58.56833 ], [ -161.99859, 58.56108 ], [ -161.97152, 58.56774 ], [ -161.93015, 58.56627 ], [ -161.90902, 58.57274 ], [ -161.86362, 58.56873 ], [ -161.86427, 58.54585 ], [ -161.85502, 58.53217 ], [ -161.81755, 58.50573 ], [ -161.74922, 58.49602 ], [ -161.64023, 58.50233 ], [ -161.58696, 58.51842 ], [ -161.57148, 58.54376 ], [ -161.52133, 58.55165 ], [ -161.48984, 58.5619 ], [ -161.45781, 58.58597 ], [ -161.41834, 58.59599 ], [ -161.35343, 58.60359 ], [ -161.29979, 58.61808 ], [ -161.23396, 58.64346 ], [ -161.17701, 58.60707 ], [ -161.18675, 58.5733 ], [ -161.17732, 58.54257 ], [ -161.1589, 58.51239 ], [ -161.09577, 58.49003 ], [ -161.06751, 58.48981 ], [ -161.01557, 58.50306 ], [ -160.9648, 58.49569 ], [ -160.93341, 58.49611 ], [ -160.87413, 58.51007 ], [ -160.84307, 58.52435 ], [ -160.80175, 58.55143 ], [ -160.78725, 58.58157 ], [ -160.70001, 58.67208 ], [ -160.68912, 58.69027 ], [ -160.62656, 58.76081 ], [ -160.60161, 58.79333 ], [ -160.59348, 58.82173 ], [ -160.60869, 58.84362 ], [ -160.34306, 58.88054 ], [ -160.32691, 58.85842 ], [ -160.33366, 58.84832 ], [ -160.29758, 58.79915 ], [ -160.23398, 58.77396 ], [ -160.20874, 58.77012 ], [ -160.15074, 58.772 ], [ -160.11299, 58.78662 ], [ -160.08913, 58.80631 ], [ -160.03823, 58.77038 ], [ -160.01441, 58.75979 ], [ -160.00434, 58.74461 ], [ -159.93906, 58.71791 ], [ -159.89384, 58.71504 ], [ -159.8117, 58.73545 ], [ -159.74808, 58.76031 ], [ -159.71884, 58.77667 ], [ -159.70167, 58.7964 ], [ -159.67563, 58.78949 ], [ -159.6111, 58.78223 ], [ -159.54466, 58.77842 ], [ -159.40471, 58.66596 ], [ -159.15137, 58.41578 ], [ -159.16216, 58.40356 ], [ -159.14837, 58.3703 ], [ -159.10785, 58.34754 ], [ -159.04765, 58.33434 ], [ -159.0187, 58.33414 ], [ -158.96549, 58.35281 ], [ -158.91166, 58.34291 ], [ -158.87665, 58.34193 ], [ -158.81031, 58.34715 ], [ -158.7447, 58.36373 ], [ -158.72009, 58.37606 ], [ -158.68952, 58.40168 ], [ -158.65447, 58.40729 ], [ -158.62471, 58.42204 ], [ -158.60521, 58.45559 ], [ -158.21301, 58.54261 ], [ -158.14785, 58.54378 ], [ -158.0698, 58.49032 ], [ -158.89346, 56.99984 ], [ -158.89356, 56.94506 ], [ -158.91938, 56.93822 ], [ -158.98155, 56.91113 ], [ -159.08155, 56.85289 ], [ -159.17389, 56.81445 ], [ -159.3512, 56.75772 ], [ -159.42572, 56.74019 ], [ -159.50226, 56.7028 ], [ -159.58096, 56.67293 ], [ -159.63711, 56.65851 ], [ -159.67581, 56.64499 ], [ -159.80789, 56.61033 ], [ -159.90512, 56.57818 ], [ -159.96063, 56.54345 ], [ -159.99404, 56.51641 ], [ -160.06912, 56.48028 ], [ -160.1115, 56.4656 ], [ -160.16418, 56.45496 ], [ -160.22539, 56.4336 ], [ -160.26134, 56.40807 ], [ -160.30556, 56.36922 ], [ -160.33013, 56.35574 ], [ -160.41314, 56.32174 ], [ -160.43941, 56.29882 ], [ -160.48381, 56.22954 ], [ -160.51365, 56.20302 ], [ -160.54563, 56.11528 ], [ -160.58402, 56.07939 ], [ -160.61601, 56.06742 ], [ -160.65441, 56.07141 ], [ -160.75039, 56.07141 ], [ -160.86556, 56.07938 ], [ -160.92955, 56.07938 ], [ -161.04472, 56.0714 ], [ -161.15989, 56.0714 ], [ -161.21109, 56.06741 ], [ -161.26228, 56.05545 ], [ -161.37745, 56.02354 ], [ -161.42864, 56.01158 ], [ -161.51221, 56.00111 ], [ -161.52724, 55.9955 ], [ -161.60039, 55.98672 ], [ -161.72948, 55.95487 ], [ -161.82573, 55.94266 ], [ -161.90617, 55.9122 ], [ -161.981, 55.85942 ], [ -162.00223, 55.84875 ], [ -162.03285, 55.84426 ], [ -162.04356, 55.83204 ], [ -162.12022, 55.81504 ], [ -162.13416, 55.80906 ], [ -162.17225, 55.77353 ], [ -162.28977, 55.72487 ], [ -162.32047, 55.70472 ], [ -162.41507, 55.62661 ], [ -162.50021, 55.57285 ], [ -162.54721, 55.52875 ], [ -162.60833, 55.49778 ], [ -162.64501, 55.4885 ], [ -162.68154, 55.46318 ], [ -162.72695, 55.45887 ], [ -162.7828, 55.44442 ], [ -162.84707, 55.42392 ], [ -162.93514, 55.38205 ], [ -162.94597, 55.36451 ], [ -162.98278, 55.33562 ], [ -163.15043, 55.22951 ], [ -163.2075, 55.21967 ], [ -163.29066, 55.1934 ], [ -163.35636, 55.16569 ], [ -163.45892, 55.12814 ], [ -163.53219, 55.11131 ], [ -163.56793, 55.10016 ], [ -163.63067, 55.09323 ], [ -163.69851, 55.09729 ], [ -163.77028, 55.10883 ], [ -163.80389, 55.10579 ], [ -163.85864, 55.08899 ], [ -163.91268, 55.09059 ], [ -163.95016, 55.07881 ], [ -164.04743, 55.02066 ], [ -164.08557, 55.01566 ], [ -164.15785, 55.01566 ], [ -164.22655, 54.99033 ], [ -164.25496, 54.97074 ], [ -164.30751, 54.95146 ], [ -164.36094, 54.9691 ], [ -164.41813, 54.97956 ], [ -164.47523, 54.97627 ], [ -164.52116, 54.96913 ], [ -164.58246, 54.93452 ], [ -164.61424, 54.92388 ], [ -164.63752, 54.90076 ], [ -164.65116, 54.8442 ], [ -164.69849, 54.80154 ], [ -164.70606, 54.77349 ], [ -164.78276, 54.6917 ], [ -164.83515, 54.68734 ], [ -164.90303, 54.66647 ], [ -164.99946, 54.62625 ], [ -165.0196, 54.60671 ], [ -165.03614, 54.5766 ], [ -165.02696, 54.52078 ], [ -165.00825, 54.49138 ], [ -164.99561, 54.45731 ], [ -164.92487, 54.39166 ], [ -164.90128, 54.37465 ], [ -164.80536, 54.34554 ], [ -164.7406, 54.33726 ], [ -164.70595, 54.3442 ], [ -164.66332, 54.33754 ], [ -164.61709, 54.33888 ], [ -164.56448, 54.35201 ], [ -164.50219, 54.36322 ], [ -164.48704, 54.3696 ], [ -164.4572, 54.364 ], [ -164.41497, 54.36883 ], [ -164.38607, 54.38473 ], [ -164.34685, 54.39657 ], [ -164.27666, 54.43721 ], [ -164.24999, 54.46793 ], [ -164.22784, 54.52367 ], [ -164.15173, 54.5491 ], [ -164.12265, 54.55612 ], [ -164.05616, 54.56365 ], [ -163.8762, 54.57047 ], [ -163.75785, 54.57203 ], [ -163.71278, 54.57019 ], [ -163.67332, 54.56226 ], [ -163.59354, 54.54114 ], [ -163.55204, 54.54135 ], [ -163.52616, 54.55166 ], [ -163.50106, 54.58201 ], [ -163.46619, 54.58688 ], [ -163.43586, 54.60282 ], [ -163.41392, 54.60038 ], [ -163.3061, 54.60794 ], [ -163.22508, 54.61729 ], [ -163.14076, 54.61332 ], [ -163.05912, 54.60621 ], [ -163.02561, 54.61116 ], [ -162.99977, 54.62353 ], [ -162.95476, 54.65982 ], [ -162.96859, 54.7087 ], [ -163.0122, 54.7391 ], [ -163.02822, 54.75722 ], [ -163.05778, 54.77341 ], [ -163.07083, 54.78874 ], [ -163.10492, 54.80939 ], [ -163.14172, 54.82025 ], [ -163.11007, 54.84619 ], [ -163.07937, 54.85384 ], [ -163.06318, 54.87952 ], [ -162.96778, 54.88252 ], [ -162.93072, 54.85911 ], [ -162.89388, 54.84424 ], [ -162.84679, 54.84843 ], [ -162.82204, 54.85659 ], [ -162.79143, 54.87835 ], [ -162.79078, 54.88882 ], [ -162.73257, 54.89577 ], [ -162.65108, 54.92216 ], [ -162.64298, 54.93332 ], [ -162.6133, 54.91344 ], [ -162.57887, 54.90853 ], [ -162.61458, 54.8779 ], [ -162.61891, 54.84523 ], [ -162.59996, 54.82681 ], [ -162.56935, 54.81513 ], [ -162.51259, 54.81149 ], [ -162.48306, 54.79273 ], [ -162.53312, 54.77661 ], [ -162.55491, 54.74935 ], [ -162.53934, 54.70721 ], [ -162.50699, 54.6827 ], [ -162.45986, 54.66653 ], [ -162.48362, 54.64006 ], [ -162.49033, 54.62238 ], [ -162.47751, 54.59522 ], [ -162.46415, 54.58753 ], [ -162.47833, 54.57562 ], [ -162.4798, 54.54093 ], [ -162.46512, 54.52485 ], [ -162.42849, 54.50767 ], [ -162.36502, 54.5077 ], [ -162.33779, 54.51781 ], [ -162.31509, 54.54572 ], [ -162.31729, 54.57243 ], [ -162.27939, 54.58235 ], [ -162.24228, 54.61667 ], [ -162.23941, 54.63871 ], [ -162.2059, 54.63497 ], [ -162.18726, 54.63958 ], [ -162.16107, 54.62651 ], [ -162.10483, 54.61829 ], [ -162.06286, 54.62519 ], [ -162.03463, 54.64478 ], [ -162.0285, 54.65912 ], [ -162.03323, 54.68106 ], [ -162.05112, 54.70168 ], [ -162.01184, 54.71842 ], [ -161.98327, 54.7121 ], [ -161.96465, 54.71694 ], [ -161.93582, 54.69524 ], [ -161.88909, 54.68695 ], [ -161.86193, 54.68982 ], [ -161.841, 54.68452 ], [ -161.80935, 54.69293 ], [ -161.78271, 54.70676 ], [ -161.76504, 54.72446 ], [ -161.71017, 54.73916 ], [ -161.69835, 54.74744 ], [ -161.67278, 54.73782 ], [ -161.63982, 54.73616 ], [ -161.60491, 54.74243 ], [ -161.57653, 54.76071 ], [ -161.56472, 54.7972 ], [ -161.57672, 54.81421 ], [ -161.61569, 54.83892 ], [ -161.63005, 54.84035 ], [ -161.64102, 54.8637 ], [ -161.66757, 54.88287 ], [ -161.71726, 54.89575 ], [ -161.68805, 54.90757 ], [ -161.66666, 54.92812 ], [ -161.67226, 54.95925 ], [ -161.62775, 54.95749 ], [ -161.58456, 54.96795 ], [ -161.56754, 54.9575 ], [ -161.52585, 54.95159 ], [ -161.49298, 54.95455 ], [ -161.47007, 54.94973 ], [ -161.44076, 54.96376 ], [ -161.39408, 54.96849 ], [ -161.3595, 54.99145 ], [ -161.35258, 55.00999 ], [ -161.36121, 55.03383 ], [ -161.3899, 55.05456 ], [ -161.41756, 55.06206 ], [ -161.37537, 55.08916 ], [ -161.31355, 55.08662 ], [ -161.27223, 55.10009 ], [ -161.24648, 55.12698 ], [ -161.25118, 55.14646 ], [ -161.24319, 55.16351 ], [ -161.24849, 55.19326 ], [ -161.18134, 55.20423 ], [ -161.15548, 55.22246 ], [ -161.13165, 55.21394 ], [ -161.08036, 55.21437 ], [ -161.0396, 55.22946 ], [ -161.01602, 55.25142 ], [ -161.0197, 55.28467 ], [ -161.06898, 55.31239 ], [ -161.08997, 55.31665 ], [ -161.12857, 55.31339 ], [ -161.18559, 55.28576 ], [ -161.23869, 55.29605 ], [ -161.19297, 55.30815 ], [ -161.14826, 55.32692 ], [ -161.13878, 55.33747 ], [ -161.11252, 55.34344 ], [ -160.99588, 55.38125 ], [ -160.9328, 55.40565 ], [ -160.90788, 55.42038 ], [ -160.85899, 55.41988 ], [ -160.88764, 55.39665 ], [ -160.89238, 55.38068 ], [ -160.93107, 55.35653 ], [ -160.9534, 55.32537 ], [ -160.93862, 55.29177 ], [ -160.94392, 55.26383 ], [ -160.92234, 55.23806 ], [ -160.94268, 55.20233 ], [ -160.93557, 55.17823 ], [ -160.90504, 55.15946 ], [ -160.90144, 55.13555 ], [ -160.90771, 55.11305 ], [ -160.89966, 55.09535 ], [ -160.86768, 55.07556 ], [ -160.83675, 55.06815 ], [ -160.78634, 55.07082 ], [ -160.72335, 55.09983 ], [ -160.70967, 55.11206 ], [ -160.67825, 55.10739 ], [ -160.64895, 55.09629 ], [ -160.59867, 55.09406 ], [ -160.60246, 55.08318 ], [ -160.59171, 55.05278 ], [ -160.57324, 55.03698 ], [ -160.51945, 55.02513 ], [ -160.46082, 55.03585 ], [ -160.43091, 55.06486 ], [ -160.43175, 55.09467 ], [ -160.4469, 55.10818 ], [ -160.4179, 55.13229 ], [ -160.4115, 55.14628 ], [ -160.37689, 55.16542 ], [ -160.36681, 55.19648 ], [ -160.32115, 55.19346 ], [ -160.27835, 55.20508 ], [ -160.24252, 55.24106 ], [ -160.23821, 55.27252 ], [ -160.22133, 55.28923 ], [ -160.21928, 55.32247 ], [ -160.23895, 55.34028 ], [ -160.22568, 55.34672 ], [ -160.20356, 55.33578 ], [ -160.18197, 55.28861 ], [ -160.16763, 55.27985 ], [ -160.15597, 55.25382 ], [ -160.13007, 55.23868 ], [ -160.14955, 55.21017 ], [ -160.14966, 55.19638 ], [ -160.19023, 55.18535 ], [ -160.21457, 55.16012 ], [ -160.24561, 55.15238 ], [ -160.27093, 55.13887 ], [ -160.2885, 55.11163 ], [ -160.26269, 55.07285 ], [ -160.2619, 55.0352 ], [ -160.24434, 55.02258 ], [ -160.29284, 55.00068 ], [ -160.29764, 54.97648 ], [ -160.32683, 54.95969 ], [ -160.34337, 54.93088 ], [ -160.34316, 54.89436 ], [ -160.33718, 54.87728 ], [ -160.30279, 54.82975 ], [ -160.25809, 54.80689 ], [ -160.2077, 54.80734 ], [ -160.1554, 54.82902 ], [ -160.11302, 54.85492 ], [ -160.09396, 54.89038 ], [ -160.0659, 54.88109 ], [ -160.03447, 54.87961 ], [ -159.9868, 54.89122 ], [ -159.95384, 54.92001 ], [ -159.95296, 54.92939 ], [ -159.9069, 54.90948 ], [ -159.84608, 54.90244 ], [ -159.81602, 54.90953 ], [ -159.77571, 54.93784 ], [ -159.76754, 54.95661 ], [ -159.77397, 54.96849 ], [ -159.73471, 54.99025 ], [ -159.72448, 55.01779 ], [ -159.69811, 54.99317 ], [ -159.67654, 54.98724 ], [ -159.58032, 54.9876 ], [ -159.5648, 54.9914 ], [ -159.54323, 54.97637 ], [ -159.54658, 54.93358 ], [ -159.52949, 54.91446 ], [ -159.50324, 54.90076 ], [ -159.45739, 54.89252 ], [ -159.43926, 54.896 ], [ -159.41688, 54.87225 ], [ -159.36228, 54.82832 ], [ -159.30075, 54.81288 ], [ -159.26055, 54.81274 ], [ -159.22658, 54.82068 ], [ -159.20149, 54.83367 ], [ -159.13267, 54.88553 ], [ -159.11177, 54.91569 ], [ -159.118, 54.94084 ], [ -159.13356, 54.95601 ], [ -159.1794, 54.97676 ], [ -159.21359, 54.98426 ], [ -159.24944, 54.9999 ], [ -159.25149, 55.0067 ], [ -159.21228, 55.02584 ], [ -159.20318, 55.04335 ], [ -159.20428, 55.06601 ], [ -159.21655, 55.08744 ], [ -159.25281, 55.10617 ], [ -159.32197, 55.11825 ], [ -159.34846, 55.1129 ], [ -159.38631, 55.12471 ], [ -159.41087, 55.1235 ], [ -159.40383, 55.14947 ], [ -159.40807, 55.1744 ], [ -159.42706, 55.20115 ], [ -159.41977, 55.2499 ], [ -159.39947, 55.25979 ], [ -159.39804, 55.29337 ], [ -159.41529, 55.31538 ], [ -159.44779, 55.3291 ], [ -159.48258, 55.3363 ], [ -159.54431, 55.32841 ], [ -159.573, 55.31214 ], [ -159.60904, 55.26779 ], [ -159.66019, 55.24291 ], [ -159.70425, 55.23987 ], [ -159.73596, 55.22611 ], [ -159.74432, 55.23337 ], [ -159.76678, 55.29309 ], [ -159.79248, 55.31716 ], [ -159.84328, 55.34005 ], [ -159.88353, 55.3452 ], [ -159.93256, 55.33698 ], [ -159.9619, 55.36867 ], [ -159.99635, 55.3902 ], [ -160.05052, 55.39578 ], [ -160.05928, 55.41621 ], [ -160.04114, 55.44888 ], [ -160.00202, 55.45908 ], [ -159.96323, 55.48969 ], [ -159.95112, 55.50759 ], [ -159.65528, 55.52889 ], [ -159.63337, 55.52361 ], [ -159.58464, 55.52426 ], [ -159.53813, 55.53201 ], [ -159.51143, 55.54962 ], [ -159.50396, 55.56736 ], [ -159.5215, 55.6009 ], [ -159.48879, 55.60894 ], [ -159.44685, 55.63853 ], [ -158.23386, 55.63946 ], [ -157.99998, 55.63945 ], [ -156.32859, 56.75 ], [ -156.328, 57.05329 ], [ -156.31165, 57.06792 ], [ -156.31646, 57.1055 ], [ -156.26273, 57.1336 ], [ -156.22779, 57.16246 ], [ -156.21448, 57.19518 ], [ -156.24702, 57.24378 ], [ -156.19668, 57.3102 ], [ -156.18414, 57.31723 ], [ -156.16717, 57.34585 ], [ -156.1418, 57.35364 ], [ -156.09833, 57.37985 ], [ -155.9789, 57.3959 ], [ -155.93974, 57.41287 ], [ -155.91979, 57.43303 ], [ -155.85077, 57.48838 ], [ -155.84446, 57.49751 ], [ -155.79611, 57.49553 ], [ -155.76439, 57.4991 ], [ -155.71924, 57.49742 ], [ -155.66794, 57.50835 ], [ -155.64548, 57.52236 ], [ -155.63254, 57.58681 ], [ -155.63946, 57.60227 ], [ -155.60101, 57.61084 ], [ -155.58909, 57.60828 ], [ -155.45984, 57.63765 ], [ -155.36089, 57.62503 ], [ -155.30037, 57.6429 ], [ -155.28093, 57.65683 ], [ -155.27698, 57.67611 ], [ -155.24577, 57.6816 ], [ -155.20993, 57.71626 ], [ -155.15004, 57.75002 ], [ -155.15069, 57.77196 ], [ -155.16084, 57.79059 ], [ -155.129, 57.78795 ], [ -155.07885, 57.79534 ], [ -155.0435, 57.81239 ], [ -154.99399, 57.86319 ], [ -154.96966, 57.92786 ], [ -154.94072, 57.97507 ], [ -154.89378, 57.98354 ], [ -154.86528, 57.96764 ], [ -154.80091, 57.95915 ], [ -154.74772, 57.96919 ], [ -154.70897, 57.9823 ], [ -154.58911, 57.98978 ], [ -154.53957, 57.9882 ], [ -154.39072, 57.9993 ], [ -154.3351, 58.02671 ], [ -154.28816, 58.03082 ], [ -154.2655, 58.03823 ], [ -154.22045, 58.06617 ], [ -154.21178, 58.08029 ], [ -154.15516, 58.09098 ], [ -154.11954, 58.11323 ], [ -154.1089, 58.14601 ], [ -154.0828, 58.15401 ], [ -154.05895, 58.17521 ], [ -154.03902, 58.23036 ], [ -153.97001, 58.31273 ], [ -153.92596, 58.3198 ], [ -153.9093, 58.32911 ], [ -153.85853, 58.37428 ], [ -153.8585, 58.3976 ], [ -153.88388, 58.43855 ], [ -153.88177, 58.4565 ], [ -153.8444, 58.47226 ], [ -153.82105, 58.4878 ], [ -153.81063, 58.51539 ], [ -153.77839, 58.50405 ], [ -153.69234, 58.49351 ], [ -153.65408, 58.4996 ], [ -153.60978, 58.51975 ], [ -153.59264, 58.54225 ], [ -153.51513, 58.5484 ], [ -153.46869, 58.5665 ], [ -153.447, 58.59841 ], [ -153.45788, 58.62346 ], [ -153.47875, 58.6417 ], [ -153.37156, 58.67328 ], [ -153.318, 58.71296 ], [ -153.27801, 58.7069 ], [ -153.24477, 58.70747 ], [ -153.18694, 58.72935 ], [ -153.16682, 58.75518 ], [ -153.17661, 58.78467 ], [ -153.20248, 58.80133 ], [ -153.16701, 58.82302 ], [ -153.15233, 58.84758 ], [ -153.15282, 58.86902 ], [ -153.16512, 58.89272 ], [ -153.18406, 58.90573 ], [ -153.02116, 59.00245 ], [ -151.85536, 59.07762 ], [ -151.44415, 59.09969 ], [ -151.3747, 59.11067 ], [ -151.25526, 59.13776 ], [ -150.99217, 59.18084 ], [ -150.80104, 59.23183 ], [ -150.71094, 59.25022 ], [ -150.53194, 59.29285 ], [ -150.45643, 59.30869 ], [ -150.27142, 59.35769 ], [ -150.0021, 59.42748 ], [ -149.62128, 59.52752 ], [ -149.46748, 59.73377 ], [ -149.2696, 59.84542 ], [ -148.98018, 59.89372 ], [ -148.60545, 59.8843 ], [ -148.4372, 59.89281 ], [ -148.21848, 59.87564 ], [ -148.10072, 59.8157 ], [ -148.03963, 59.76905 ], [ -147.95641, 59.74413 ], [ -147.81936, 59.73667 ], [ -147.68722, 59.74168 ], [ -147.52082, 59.77408 ], [ -147.3348, 59.83387 ], [ -147.28094, 59.87873 ], [ -147.28092, 59.92357 ], [ -147.2711, 59.96344 ], [ -147.24172, 59.99832 ], [ -147.16154, 60.05299 ], [ -147.10192, 60.08134 ], [ -147.00254, 60.09755 ], [ -146.93925, 60.10385 ], [ -146.73428, 60.15414 ], [ -146.46568, 60.2125 ], [ -146.17928, 60.28006 ], [ -145.97654, 60.31465 ], [ -145.8243, 60.31512 ], [ -145.62167, 60.2558 ], [ -145.31766, 60.17969 ], [ -145.09795, 60.14611 ], [ -144.77599, 60.12959 ], [ -144.60725, 60.07835 ], [ -144.53966, 60.01015 ], [ -144.6417, 59.92439 ], [ -144.77777, 59.82993 ], [ -144.77808, 59.77856 ], [ -144.67675, 59.72739 ], [ -144.54216, 59.71932 ], [ -144.41048, 59.74627 ], [ -144.14405, 59.91945 ], [ -144.03356, 59.91967 ], [ -143.94665, 59.93083 ], [ -143.89519, 59.94265 ], [ -143.83614, 59.94648 ], [ -143.75892, 59.96606 ], [ -143.64268, 59.98882 ], [ -143.49088, 60.00349 ], [ -143.30059, 60.01136 ], [ -143.15449, 60.01913 ], [ -143.11702, 60.0195 ], [ -143.05246, 60.02823 ], [ -142.82602, 60.0511 ], [ -142.75735, 60.05223 ], [ -142.57796, 60.04352 ], [ -142.49547, 60.03306 ], [ -142.45725, 60.0208 ], [ -142.40844, 60.02032 ], [ -142.29725, 60.01183 ], [ -142.19401, 59.99761 ], [ -142.13807, 59.98748 ], [ -142.00181, 59.9746 ], [ -141.88929, 59.95269 ], [ -141.8212, 59.93343 ], [ -141.755, 59.91874 ], [ -141.40607, 59.82381 ], [ -141.34274, 59.80988 ], [ -141.0522, 59.73785 ], [ -140.92717, 59.70207 ], [ -140.84591, 59.68896 ], [ -140.74963, 59.67699 ], [ -140.64709, 59.66657 ], [ -140.58418, 59.66658 ], [ -140.42507, 59.65703 ], [ -139.90281, 59.49798 ], [ -139.71635, 59.43431 ], [ -139.57951, 59.3776 ], [ -139.39285, 59.31818 ], [ -139.26477, 59.28239 ], [ -139.05102, 59.23365 ], [ -138.96698, 59.21155 ], [ -138.87388, 59.18016 ], [ -138.75852, 59.12652 ], [ -138.6419, 59.08118 ], [ -138.61815, 59.07473 ], [ -138.47138, 59.0491 ], [ -138.34991, 59.02236 ], [ -138.27892, 59.00045 ], [ -138.25248, 58.98944 ], [ -138.22406, 58.96885 ], [ -138.11536, 58.91976 ], [ -138.02144, 58.86145 ], [ -138.0115, 58.83868 ], [ -138.02927, 58.8055 ], [ -138.01711, 58.77127 ], [ -137.99602, 58.7495 ], [ -137.86953, 58.69156 ], [ -137.77591, 58.64075 ], [ -137.76219, 58.5965 ], [ -137.72059, 58.57086 ], [ -137.67503, 58.55484 ], [ -137.60254, 58.54175 ], [ -137.57971, 58.52801 ], [ -137.53349, 58.50939 ], [ -137.45044, 58.46432 ], [ -137.37415, 58.44091 ], [ -137.31581, 58.41011 ], [ -137.24751, 58.39285 ], [ -137.14956, 58.34131 ], [ -137.12027, 58.32966 ], [ -137.07233, 58.32362 ], [ -137.01448, 58.34431 ], [ -136.97481, 58.29604 ], [ -136.93781, 58.2686 ], [ -136.89775, 58.25952 ], [ -136.85518, 58.23085 ], [ -136.84395, 58.20676 ], [ -136.81439, 58.18879 ], [ -136.76197, 58.1794 ], [ -136.71153, 58.15567 ], [ -136.65837, 58.14564 ], [ -136.61632, 58.14723 ], [ -136.54473, 58.16445 ], [ -136.5154, 58.18058 ], [ -136.51024, 58.15346 ], [ -136.61514, 58.12071 ], [ -136.65022, 58.10263 ], [ -136.66147, 58.06382 ], [ -136.67887, 58.03629 ], [ -136.67912, 58.01426 ], [ -136.66936, 57.99855 ], [ -136.65111, 57.99378 ], [ -136.65619, 57.97847 ], [ -136.64843, 57.95832 ], [ -136.66048, 57.93887 ], [ -136.65854, 57.90145 ], [ -136.6446, 57.88377 ], [ -136.61664, 57.86922 ], [ -136.5378, 57.84771 ], [ -136.46464, 57.83729 ], [ -136.4544, 57.83067 ], [ -136.40748, 57.7499 ], [ -136.34861, 57.67807 ], [ -136.23788, 57.5345 ], [ -136.04678, 57.2718 ], [ -135.86625, 57.0 ], [ -135.85988, 56.9924 ], [ -135.78678, 56.9413 ], [ -135.19978, 56.5064 ], [ -134.8592, 56.24494 ], [ -134.81504, 56.21586 ], [ -134.72077, 56.17434 ], [ -134.66637, 56.14758 ], [ -134.53276, 56.02826 ], [ -134.49415, 55.99964 ], [ -134.49652, 55.96989 ], [ -134.52495, 55.94856 ], [ -134.60153, 55.92292 ], [ -134.6221, 55.9087 ], [ -134.64566, 55.87147 ], [ -134.62903, 55.84359 ], [ -134.56935, 55.80401 ], [ -134.50303, 55.77727 ], [ -134.42101, 55.74863 ], [ -134.29756, 55.72064 ], [ -134.192, 55.69305 ], [ -134.1636, 55.72187 ], [ -134.04659, 55.85047 ], [ -134.02696, 55.892 ], [ -134.0192, 55.86493 ], [ -134.00216, 55.84726 ], [ -134.01161, 55.83019 ], [ -134.00736, 55.80594 ], [ -133.96523, 55.7807 ], [ -133.93654, 55.77599 ], [ -133.88588, 55.78023 ], [ -133.85669, 55.79287 ], [ -133.83796, 55.79329 ], [ -133.8485, 55.76339 ], [ -133.83176, 55.74151 ], [ -133.87954, 55.71545 ], [ -133.88766, 55.68364 ], [ -133.86748, 55.65732 ], [ -133.84221, 55.64723 ], [ -133.81265, 55.64513 ], [ -133.79822, 55.63323 ], [ -133.81391, 55.60305 ], [ -133.81033, 55.5864 ], [ -133.82932, 55.57091 ], [ -133.83482, 55.53326 ], [ -133.86118, 55.50162 ], [ -133.86136, 55.48064 ], [ -133.89783, 55.45907 ], [ -133.90713, 55.434 ], [ -133.89713, 55.41494 ], [ -133.8739, 55.39884 ], [ -133.83302, 55.38857 ], [ -133.77158, 55.39432 ], [ -133.76135, 55.34626 ], [ -133.77843, 55.31961 ], [ -133.7756, 55.28224 ], [ -133.76168, 55.2658 ], [ -133.70759, 55.22937 ], [ -133.6912, 55.19847 ], [ -133.61364, 55.17026 ], [ -133.66019, 55.11719 ], [ -133.70092, 55.07861 ], [ -133.76697, 55.02585 ], [ -133.79051, 55.00058 ], [ -133.7845, 54.95349 ], [ -133.75604, 54.87728 ], [ -133.74154, 54.82292 ], [ -133.72448, 54.79497 ], [ -133.69663, 54.73604 ], [ -133.65695, 54.64367 ], [ -133.64888, 54.63204 ], [ -132.92568, 54.65897 ], [ -132.00479, 54.68245 ], [ -131.76232, 54.68684 ], [ -131.20305, 54.69131 ], [ -131.0537, 54.68722 ], [ -130.72657, 54.66992 ], [ -130.64789, 54.6489 ], [ -130.64309, 54.69468 ], [ -130.6257, 54.73807 ], [ -130.65902, 54.76306 ], [ -130.62885, 54.78272 ], [ -130.56818, 54.79215 ], [ -130.45937, 54.84846 ], [ -130.42269, 54.87337 ], [ -130.34452, 54.91881 ], [ -130.27331, 54.97396 ], [ -130.18754, 55.06284 ], [ -130.18086, 55.09125 ], [ -130.15241, 55.12461 ], [ -130.1461, 55.14284 ], [ -130.10282, 55.1926 ], [ -129.97415, 55.28192 ], [ -129.97663, 55.30037 ], [ -130.02109, 55.33791 ], [ -130.04119, 55.45172 ], [ -130.08983, 55.49797 ], [ -130.12788, 55.58103 ], [ -130.11164, 55.6829 ], [ -130.14774, 55.7149 ], [ -130.15238, 55.76628 ], [ -130.12474, 55.80564 ], [ -130.08347, 55.8217 ], [ -130.00376, 55.90744 ], [ -130.01766, 55.91194 ], [ -130.00346, 56.00807 ], [ -130.10378, 56.12279 ], [ -130.24621, 56.09641 ], [ -130.35007, 56.12854 ], [ -130.42598, 56.14156 ], [ -130.46785, 56.24305 ], [ -130.54051, 56.24745 ], [ -130.62329, 56.26688 ], [ -130.78196, 56.36684 ], [ -131.08733, 56.406 ], [ -131.17344, 56.44952 ], [ -131.47201, 56.55266 ], [ -131.58104, 56.61223 ], [ -131.8353, 56.5992 ], [ -131.86065, 56.70298 ], [ -131.90105, 56.75367 ], [ -131.87285, 56.80599 ], [ -132.12355, 56.87365 ], [ -132.04517, 57.04506 ], [ -132.36896, 57.09151 ], [ -132.2479, 57.21125 ], [ -132.36296, 57.34201 ], [ -132.38958, 57.36555 ], [ -132.55366, 57.49651 ], [ -132.65243, 57.60735 ] ] ], [ [ [ -161.43689, 64.13356 ], [ -161.43239, 64.10534 ], [ -161.41441, 64.08677 ], [ -161.37315, 64.06975 ], [ -161.30601, 64.06197 ], [ -161.25225, 64.06597 ], [ -161.22172, 64.0753 ], [ -161.18446, 64.10616 ], [ -161.17664, 64.14686 ], [ -161.19699, 64.16398 ], [ -161.22352, 64.17644 ], [ -161.31034, 64.18937 ], [ -161.35569, 64.18378 ], [ -161.42017, 64.15842 ], [ -161.43689, 64.13356 ] ] ], [ [ [ -161.85582, 63.62164 ], [ -161.857, 63.58799 ], [ -161.83919, 63.57036 ], [ -161.78444, 63.55379 ], [ -161.72102, 63.55374 ], [ -161.6752, 63.56634 ], [ -161.64151, 63.5885 ], [ -161.63955, 63.61775 ], [ -161.66112, 63.63539 ], [ -161.69636, 63.64899 ], [ -161.75847, 63.65452 ], [ -161.8145, 63.64667 ], [ -161.85582, 63.62164 ] ] ], [ [ [ -160.53747, 58.70027 ], [ -160.5443, 58.67433 ], [ -160.52872, 58.65417 ], [ -160.47532, 58.62719 ], [ -160.43308, 58.62225 ], [ -160.3876, 58.62765 ], [ -160.41427, 58.58694 ], [ -160.39684, 58.55392 ], [ -160.3676, 58.54199 ], [ -160.33358, 58.53568 ], [ -160.30101, 58.53576 ], [ -160.25874, 58.54457 ], [ -160.22557, 58.56554 ], [ -160.21214, 58.59505 ], [ -160.1798, 58.61002 ], [ -160.15406, 58.63711 ], [ -160.15271, 58.6582 ], [ -160.12252, 58.67283 ], [ -160.09695, 58.69729 ], [ -160.10189, 58.72481 ], [ -160.1376, 58.7489 ], [ -160.18765, 58.75629 ], [ -160.21406, 58.75548 ], [ -160.23768, 58.76605 ], [ -160.28237, 58.77497 ], [ -160.32322, 58.77506 ], [ -160.36762, 58.7941 ], [ -160.41602, 58.79845 ], [ -160.4522, 58.79186 ], [ -160.49035, 58.77363 ], [ -160.52576, 58.73024 ], [ -160.5254, 58.70857 ], [ -160.53747, 58.70027 ] ] ], [ [ [ -160.09757, 58.59992 ], [ -160.08935, 58.57897 ], [ -160.05903, 58.54783 ], [ -160.00851, 58.53469 ], [ -159.9213, 58.54397 ], [ -159.88044, 58.56297 ], [ -159.86342, 58.57869 ], [ -159.86766, 58.61052 ], [ -159.89459, 58.63993 ], [ -159.91418, 58.65023 ], [ -160.00462, 58.6656 ], [ -160.07485, 58.63989 ], [ -160.09757, 58.59992 ] ] ], [ [ [ -146.50814, 59.39247 ], [ -146.48953, 59.36055 ], [ -146.46079, 59.34713 ], [ -146.40245, 59.33476 ], [ -146.36855, 59.33476 ], [ -146.3223, 59.34491 ], [ -146.27454, 59.35031 ], [ -146.24403, 59.36267 ], [ -146.21851, 59.38352 ], [ -146.18701, 59.39092 ], [ -146.16296, 59.40316 ], [ -146.14702, 59.42224 ], [ -146.14994, 59.44717 ], [ -146.16664, 59.46297 ], [ -146.1711, 59.48217 ], [ -146.21134, 59.5119 ], [ -146.2429, 59.51995 ], [ -146.23719, 59.54371 ], [ -146.26163, 59.57102 ], [ -146.31591, 59.58662 ], [ -146.37151, 59.5839 ], [ -146.40046, 59.57471 ], [ -146.42373, 59.55871 ], [ -146.43265, 59.54111 ], [ -146.42062, 59.51357 ], [ -146.43571, 59.48548 ], [ -146.42781, 59.46667 ], [ -146.45559, 59.45392 ], [ -146.49365, 59.42072 ], [ -146.50814, 59.39247 ] ] ], [ [ [ -152.46483, 58.92422 ], [ -152.46541, 58.90634 ], [ -152.45256, 58.88487 ], [ -152.42592, 58.87338 ], [ -152.41373, 58.84761 ], [ -152.38327, 58.82829 ], [ -152.3146, 58.82 ], [ -152.27551, 58.82727 ], [ -152.24962, 58.84068 ], [ -152.19533, 58.84063 ], [ -152.13405, 58.85812 ], [ -152.10856, 58.84462 ], [ -152.06676, 58.83301 ], [ -152.01714, 58.82852 ], [ -151.98156, 58.83728 ], [ -151.95155, 58.85219 ], [ -151.93636, 58.86738 ], [ -151.89178, 58.87639 ], [ -151.85387, 58.90876 ], [ -151.85757, 58.93596 ], [ -151.86775, 58.94641 ], [ -151.93716, 58.9883 ], [ -151.96489, 58.99234 ], [ -152.01953, 59.01092 ], [ -152.05891, 59.012 ], [ -152.08334, 59.00502 ], [ -152.12903, 59.01675 ], [ -152.1882, 59.01615 ], [ -152.24563, 58.99346 ], [ -152.2727, 59.0032 ], [ -152.32343, 59.00746 ], [ -152.35273, 59.00487 ], [ -152.41398, 58.99223 ], [ -152.44088, 58.96609 ], [ -152.43746, 58.94843 ], [ -152.46483, 58.92422 ] ] ], [ [ [ -154.92644, 57.31642 ], [ -154.9312, 57.28237 ], [ -154.914, 57.26674 ], [ -154.83108, 57.23065 ], [ -154.79859, 57.22753 ], [ -154.76706, 57.21451 ], [ -154.68574, 57.21422 ], [ -154.67974, 57.19809 ], [ -154.61976, 57.16236 ], [ -154.60111, 57.03638 ], [ -154.62851, 57.00201 ], [ -154.60858, 56.97028 ], [ -154.57746, 56.95277 ], [ -154.50242, 56.94079 ], [ -154.44004, 56.9236 ], [ -154.3877, 56.89562 ], [ -154.39318, 56.84903 ], [ -154.3855, 56.83027 ], [ -154.31604, 56.78613 ], [ -154.2178, 56.72047 ], [ -154.23927, 56.69286 ], [ -154.23665, 56.66757 ], [ -154.27683, 56.66002 ], [ -154.36009, 56.63353 ], [ -154.42996, 56.65463 ], [ -154.45892, 56.65308 ], [ -154.5075, 56.65885 ], [ -154.54048, 56.65585 ], [ -154.59746, 56.63603 ], [ -154.66867, 56.59783 ], [ -154.75808, 56.55982 ], [ -154.81235, 56.52383 ], [ -154.82088, 56.51155 ], [ -154.85455, 56.48699 ], [ -154.89383, 56.44473 ], [ -154.89307, 56.42286 ], [ -154.88168, 56.4014 ], [ -154.86292, 56.38385 ], [ -154.79491, 56.35929 ], [ -154.72571, 56.35522 ], [ -154.68901, 56.3627 ], [ -154.62886, 56.38609 ], [ -154.58197, 56.42681 ], [ -154.49819, 56.45579 ], [ -154.45258, 56.44324 ], [ -154.40315, 56.44167 ], [ -154.35599, 56.45395 ], [ -154.34054, 56.4644 ], [ -154.27502, 56.44663 ], [ -154.23359, 56.44348 ], [ -154.18817, 56.44896 ], [ -154.15332, 56.46005 ], [ -154.10538, 56.45008 ], [ -153.99714, 56.45009 ], [ -153.93625, 56.45346 ], [ -153.90465, 56.46198 ], [ -153.88119, 56.47748 ], [ -153.84883, 56.48605 ], [ -153.80658, 56.50936 ], [ -153.76241, 56.55675 ], [ -153.76492, 56.58808 ], [ -153.79087, 56.61011 ], [ -153.84208, 56.62057 ], [ -153.91505, 56.61284 ], [ -153.9821, 56.60901 ], [ -153.99974, 56.63495 ], [ -153.95702, 56.63332 ], [ -153.9199, 56.64254 ], [ -153.89005, 56.67171 ], [ -153.87186, 56.67271 ], [ -153.83492, 56.68805 ], [ -153.80041, 56.68993 ], [ -153.76977, 56.71181 ], [ -153.74753, 56.74505 ], [ -153.7604, 56.77648 ], [ -153.71907, 56.77871 ], [ -153.66602, 56.79485 ], [ -153.62772, 56.82039 ], [ -153.61516, 56.83439 ], [ -153.54452, 56.84237 ], [ -153.5013, 56.85667 ], [ -153.47631, 56.87255 ], [ -153.45092, 56.90034 ], [ -153.45459, 56.92643 ], [ -153.47683, 56.94132 ], [ -153.46282, 56.94774 ], [ -153.44907, 56.97081 ], [ -153.40451, 56.95077 ], [ -153.35769, 56.94996 ], [ -153.31998, 56.94094 ], [ -153.27429, 56.94273 ], [ -153.20553, 56.95322 ], [ -153.18094, 56.96068 ], [ -153.11043, 57.01158 ], [ -153.09827, 57.04031 ], [ -153.02461, 57.05955 ], [ -152.98397, 57.06646 ], [ -152.93798, 57.06617 ], [ -152.87684, 57.07884 ], [ -152.83414, 57.09443 ], [ -152.79292, 57.12288 ], [ -152.77736, 57.14145 ], [ -152.77544, 57.17093 ], [ -152.78518, 57.19246 ], [ -152.83561, 57.21737 ], [ -152.77289, 57.2198 ], [ -152.67653, 57.22727 ], [ -152.6427, 57.23537 ], [ -152.53764, 57.30075 ], [ -152.52874, 57.32733 ], [ -152.41556, 57.38447 ], [ -152.40074, 57.37828 ], [ -152.40207, 57.3563 ], [ -152.38312, 57.33541 ], [ -152.36117, 57.32676 ], [ -152.31489, 57.31859 ], [ -152.25846, 57.32343 ], [ -152.22737, 57.33204 ], [ -152.18632, 57.35318 ], [ -152.15968, 57.38041 ], [ -152.15649, 57.40586 ], [ -152.19649, 57.43213 ], [ -152.21646, 57.43823 ], [ -152.22241, 57.4753 ], [ -152.15262, 57.51861 ], [ -152.12509, 57.53136 ], [ -152.06348, 57.57121 ], [ -152.05346, 57.60365 ], [ -152.03098, 57.62863 ], [ -152.03483, 57.65332 ], [ -152.07977, 57.6863 ], [ -152.12407, 57.81173 ], [ -152.13352, 57.82517 ], [ -152.1611, 57.84296 ], [ -152.22653, 57.85732 ], [ -152.25636, 57.86861 ], [ -152.22884, 57.90448 ], [ -152.22019, 57.93022 ], [ -152.23556, 57.94994 ], [ -152.26561, 57.97114 ], [ -152.29706, 57.97238 ], [ -152.3166, 57.9796 ], [ -152.32962, 57.99927 ], [ -152.38014, 58.01845 ], [ -152.41443, 58.03658 ], [ -152.47449, 58.04543 ], [ -152.45332, 58.05929 ], [ -152.40421, 58.05924 ], [ -152.36063, 58.04921 ], [ -152.32523, 58.04792 ], [ -152.29258, 58.05585 ], [ -152.26071, 58.07336 ], [ -152.12745, 58.09202 ], [ -152.05524, 58.10453 ], [ -152.0335, 58.11178 ], [ -151.96637, 58.15374 ], [ -151.94535, 58.13244 ], [ -151.9082, 58.11721 ], [ -151.86103, 58.1106 ], [ -151.80254, 58.12216 ], [ -151.764, 58.13663 ], [ -151.72572, 58.16443 ], [ -151.70658, 58.18782 ], [ -151.69048, 58.23513 ], [ -151.70498, 58.27052 ], [ -151.75516, 58.3034 ], [ -151.70726, 58.33135 ], [ -151.704, 58.35734 ], [ -151.71278, 58.37398 ], [ -151.75047, 58.39466 ], [ -151.79497, 58.4006 ], [ -151.85451, 58.39145 ], [ -151.89519, 58.37171 ], [ -151.93227, 58.39067 ], [ -152.02424, 58.41262 ], [ -152.07189, 58.44003 ], [ -152.12632, 58.44959 ], [ -152.17325, 58.44973 ], [ -152.17877, 58.4571 ], [ -152.14434, 58.45771 ], [ -152.09107, 58.47173 ], [ -152.06086, 58.50083 ], [ -152.06547, 58.52676 ], [ -152.11346, 58.56166 ], [ -152.15364, 58.57335 ], [ -152.1828, 58.57397 ], [ -152.17901, 58.59344 ], [ -152.1893, 58.62026 ], [ -152.21161, 58.63723 ], [ -152.21292, 58.64863 ], [ -152.24769, 58.68073 ], [ -152.31256, 58.70045 ], [ -152.34261, 58.70138 ], [ -152.38478, 58.69043 ], [ -152.38075, 58.71127 ], [ -152.39296, 58.73046 ], [ -152.43452, 58.75078 ], [ -152.47355, 58.75726 ], [ -152.49729, 58.75533 ], [ -152.54554, 58.74245 ], [ -152.57457, 58.72533 ], [ -152.60999, 58.69228 ], [ -152.69839, 58.64865 ], [ -152.73292, 58.62244 ], [ -152.73461, 58.61109 ], [ -152.76753, 58.5866 ], [ -152.7751, 58.54941 ], [ -152.81967, 58.54268 ], [ -152.86172, 58.52005 ], [ -152.88084, 58.48979 ], [ -152.92226, 58.47219 ], [ -152.97067, 58.43559 ], [ -153.12305, 58.33022 ], [ -153.1853, 58.28297 ], [ -153.20001, 58.26625 ], [ -153.24881, 58.2491 ], [ -153.28818, 58.22554 ], [ -153.31465, 58.19301 ], [ -153.36745, 58.17929 ], [ -153.40639, 58.15146 ], [ -153.43099, 58.1282 ], [ -153.47017, 58.1087 ], [ -153.50011, 58.07956 ], [ -153.50474, 58.04033 ], [ -153.48017, 58.01885 ], [ -153.53892, 58.00737 ], [ -153.63433, 57.97137 ], [ -153.74485, 57.94001 ], [ -153.7866, 57.91771 ], [ -153.82457, 57.92701 ], [ -153.87054, 57.92878 ], [ -153.91711, 57.91656 ], [ -153.94147, 57.90043 ], [ -153.94343, 57.88567 ], [ -153.96857, 57.8749 ], [ -153.97823, 57.86147 ], [ -154.00377, 57.85025 ], [ -154.10587, 57.78858 ], [ -154.1284, 57.77067 ], [ -154.24004, 57.71547 ], [ -154.26622, 57.71595 ], [ -154.32972, 57.69318 ], [ -154.40699, 57.69053 ], [ -154.43907, 57.66849 ], [ -154.48091, 57.63186 ], [ -154.51048, 57.63203 ], [ -154.57271, 57.62059 ], [ -154.60686, 57.60325 ], [ -154.62516, 57.57291 ], [ -154.67155, 57.55715 ], [ -154.70312, 57.54202 ], [ -154.74565, 57.50711 ], [ -154.75275, 57.48718 ], [ -154.79014, 57.46142 ], [ -154.81691, 57.42425 ], [ -154.81537, 57.41279 ], [ -154.88861, 57.38192 ], [ -154.91554, 57.34987 ], [ -154.91031, 57.33506 ], [ -154.92644, 57.31642 ] ] ], [ [ [ -156.90014, 56.19161 ], [ -156.90313, 56.15505 ], [ -156.88358, 56.12284 ], [ -156.85284, 56.10938 ], [ -156.81715, 56.1041 ], [ -156.82006, 56.07056 ], [ -156.83533, 56.06024 ], [ -156.84489, 56.02211 ], [ -156.82639, 56.00758 ], [ -156.83337, 55.98422 ], [ -156.82219, 55.96756 ], [ -156.79305, 55.95579 ], [ -156.76398, 55.953 ], [ -156.67541, 55.95677 ], [ -156.64776, 55.9623 ], [ -156.61194, 55.98292 ], [ -156.5533, 56.02708 ], [ -156.5474, 56.04864 ], [ -156.55603, 56.09016 ], [ -156.58931, 56.10928 ], [ -156.60227, 56.12697 ], [ -156.62679, 56.14019 ], [ -156.67194, 56.14835 ], [ -156.65375, 56.1676 ], [ -156.65109, 56.20096 ], [ -156.67323, 56.22408 ], [ -156.6906, 56.25725 ], [ -156.72889, 56.27399 ], [ -156.77021, 56.27979 ], [ -156.81996, 56.27652 ], [ -156.84197, 56.27008 ], [ -156.87221, 56.24702 ], [ -156.87802, 56.22331 ], [ -156.90014, 56.19161 ] ] ], [ [ [ -155.83678, 55.80083 ], [ -155.82622, 55.75928 ], [ -155.79433, 55.7296 ], [ -155.7198, 55.71179 ], [ -155.58134, 55.69991 ], [ -155.52807, 55.70585 ], [ -155.47473, 55.74146 ], [ -155.47465, 55.77708 ], [ -155.4852, 55.81862 ], [ -155.47448, 55.8483 ], [ -155.4531, 55.88392 ], [ -155.47433, 55.9136 ], [ -155.58112, 55.93068 ], [ -155.63408, 55.92547 ], [ -155.67674, 55.90766 ], [ -155.75144, 55.85424 ], [ -155.80474, 55.83644 ], [ -155.83678, 55.80083 ] ] ], [ [ [ 173.77609, 52.79175 ], [ 173.77322, 52.77336 ], [ 173.78872, 52.74972 ], [ 173.83798, 52.71603 ], [ 173.87151, 52.70563 ], [ 173.91616, 52.69968 ], [ 173.95159, 52.68573 ], [ 174.018, 52.67184 ], [ 174.05717, 52.67169 ], [ 174.07934, 52.66332 ], [ 174.11425, 52.66377 ], [ 174.16253, 52.65674 ], [ 174.19726, 52.66787 ], [ 174.22402, 52.68342 ], [ 174.23784, 52.70327 ], [ 174.23836, 52.73882 ], [ 174.23274, 52.7573 ], [ 174.19929, 52.78028 ], [ 174.11445, 52.80335 ], [ 174.05016, 52.78909 ], [ 174.03789, 52.79661 ], [ 173.9806, 52.81398 ], [ 173.9648, 52.81153 ], [ 173.90614, 52.83134 ], [ 173.87065, 52.83479 ], [ 173.80202, 52.81966 ], [ 173.77609, 52.79175 ] ] ], [ [ [ 172.3539, 52.93581 ], [ 172.34786, 52.9067 ], [ 172.3626, 52.88703 ], [ 172.41939, 52.85975 ], [ 172.45046, 52.85245 ], [ 172.47909, 52.85524 ], [ 172.61015, 52.79823 ], [ 172.68016, 52.74863 ], [ 172.73696, 52.72789 ], [ 172.78771, 52.72709 ], [ 172.8144, 52.73085 ], [ 172.83562, 52.70997 ], [ 172.86764, 52.69025 ], [ 172.90148, 52.68161 ], [ 172.9431, 52.68885 ], [ 173.03603, 52.72847 ], [ 173.04625, 52.74755 ], [ 173.10332, 52.7298 ], [ 173.13277, 52.73022 ], [ 173.20964, 52.73966 ], [ 173.26772, 52.71997 ], [ 173.28743, 52.70673 ], [ 173.33025, 52.69284 ], [ 173.36199, 52.69576 ], [ 173.39855, 52.71048 ], [ 173.41435, 52.72816 ], [ 173.4217, 52.75562 ], [ 173.40339, 52.77757 ], [ 173.44828, 52.78124 ], [ 173.46876, 52.775 ], [ 173.52607, 52.77449 ], [ 173.55137, 52.78489 ], [ 173.58066, 52.81549 ], [ 173.56763, 52.84187 ], [ 173.53754, 52.8668 ], [ 173.51618, 52.87398 ], [ 173.50256, 52.89155 ], [ 173.47409, 52.90763 ], [ 173.43167, 52.9175 ], [ 173.39065, 52.90913 ], [ 173.38384, 52.94115 ], [ 173.37142, 52.96035 ], [ 173.32195, 52.99213 ], [ 173.27892, 53.00172 ], [ 173.23837, 52.99977 ], [ 173.2159, 53.02036 ], [ 173.13222, 53.04396 ], [ 173.06185, 53.0418 ], [ 173.01873, 53.04747 ], [ 172.98183, 53.0469 ], [ 172.95417, 53.03896 ], [ 172.88836, 53.05413 ], [ 172.8366, 53.05103 ], [ 172.78796, 53.063 ], [ 172.73443, 53.06365 ], [ 172.6828, 53.05494 ], [ 172.62317, 53.05316 ], [ 172.58618, 53.04387 ], [ 172.56229, 53.03063 ], [ 172.52774, 53.02332 ], [ 172.48383, 52.99892 ], [ 172.44535, 52.98405 ], [ 172.42779, 52.97154 ], [ 172.37642, 52.95962 ], [ 172.3539, 52.93581 ] ] ], [ [ [ 173.27442, 52.41664 ], [ 173.27769, 52.38198 ], [ 173.30406, 52.35646 ], [ 173.34913, 52.34917 ], [ 173.37956, 52.33814 ], [ 173.43577, 52.33465 ], [ 173.4816, 52.32667 ], [ 173.53371, 52.33177 ], [ 173.58109, 52.31915 ], [ 173.59745, 52.30801 ], [ 173.63865, 52.29425 ], [ 173.66614, 52.292 ], [ 173.69241, 52.30188 ], [ 173.73081, 52.29758 ], [ 173.76657, 52.30675 ], [ 173.79428, 52.32501 ], [ 173.81409, 52.35335 ], [ 173.80175, 52.37809 ], [ 173.79461, 52.43328 ], [ 173.78103, 52.45048 ], [ 173.81246, 52.46279 ], [ 173.84462, 52.48888 ], [ 173.85493, 52.51386 ], [ 173.84779, 52.53719 ], [ 173.80418, 52.56098 ], [ 173.77815, 52.56611 ], [ 173.69225, 52.5614 ], [ 173.65673, 52.56411 ], [ 173.6391, 52.55688 ], [ 173.60827, 52.55988 ], [ 173.55904, 52.5471 ], [ 173.53475, 52.52834 ], [ 173.49871, 52.51693 ], [ 173.48051, 52.50257 ], [ 173.4313, 52.50867 ], [ 173.39368, 52.49976 ], [ 173.37003, 52.48296 ], [ 173.3367, 52.47616 ], [ 173.31595, 52.46464 ], [ 173.27442, 52.41664 ] ] ], [ [ [ 175.78254, 52.41725 ], [ 175.7635, 52.38075 ], [ 175.78993, 52.34801 ], [ 175.83141, 52.30558 ], [ 175.85442, 52.29312 ], [ 175.89663, 52.28127 ], [ 175.97091, 52.28869 ], [ 176.00994, 52.29956 ], [ 176.05404, 52.33675 ], [ 176.06453, 52.36338 ], [ 176.0492, 52.38564 ], [ 176.00493, 52.40951 ], [ 175.91791, 52.43434 ], [ 175.89858, 52.43194 ], [ 175.87479, 52.43971 ], [ 175.84192, 52.44029 ], [ 175.81135, 52.43267 ], [ 175.78254, 52.41725 ] ] ], [ [ [ 177.28017, 52.12758 ], [ 177.29061, 52.10215 ], [ 177.33264, 52.07521 ], [ 177.35523, 52.0714 ], [ 177.38682, 52.0752 ], [ 177.42882, 52.09174 ], [ 177.44304, 52.10526 ], [ 177.446, 52.13513 ], [ 177.40885, 52.16764 ], [ 177.36737, 52.1753 ], [ 177.31542, 52.16098 ], [ 177.28884, 52.14419 ], [ 177.28017, 52.12758 ] ] ], [ [ [ 178.1316, 51.85584 ], [ 178.12095, 51.83252 ], [ 178.12507, 51.81402 ], [ 178.14054, 51.79654 ], [ 178.18483, 51.77019 ], [ 178.19731, 51.76734 ], [ 178.20714, 51.74675 ], [ 178.2499, 51.72448 ], [ 178.32839, 51.71924 ], [ 178.37044, 51.70404 ], [ 178.40047, 51.70361 ], [ 178.46923, 51.71871 ], [ 178.49636, 51.74453 ], [ 178.49801, 51.76374 ], [ 178.47905, 51.78998 ], [ 178.44136, 51.80933 ], [ 178.43117, 51.82697 ], [ 178.36845, 51.86054 ], [ 178.29346, 51.87859 ], [ 178.27009, 51.87764 ], [ 178.22009, 51.88873 ], [ 178.17584, 51.8846 ], [ 178.1316, 51.85584 ] ] ], [ [ [ 177.11199, 51.89055 ], [ 177.11962, 51.85874 ], [ 177.15836, 51.83359 ], [ 177.20034, 51.82441 ], [ 177.23081, 51.79839 ], [ 177.30873, 51.75963 ], [ 177.34533, 51.75774 ], [ 177.37164, 51.76186 ], [ 177.41522, 51.79105 ], [ 177.41937, 51.82675 ], [ 177.41006, 51.83372 ], [ 177.41625, 51.87122 ], [ 177.47565, 51.86041 ], [ 177.51927, 51.86692 ], [ 177.54642, 51.86162 ], [ 177.59861, 51.8732 ], [ 177.63548, 51.8707 ], [ 177.65492, 51.87516 ], [ 177.68728, 51.89543 ], [ 177.73598, 51.90213 ], [ 177.79061, 51.8924 ], [ 177.83709, 51.90227 ], [ 177.86083, 51.92229 ], [ 177.87401, 51.9561 ], [ 177.84572, 51.98378 ], [ 177.81157, 51.99531 ], [ 177.77055, 52.00146 ], [ 177.74177, 51.99554 ], [ 177.70317, 52.00704 ], [ 177.72611, 52.03254 ], [ 177.76045, 52.06117 ], [ 177.76963, 52.10638 ], [ 177.74567, 52.14161 ], [ 177.7038, 52.16303 ], [ 177.64401, 52.18443 ], [ 177.60778, 52.18944 ], [ 177.57326, 52.18716 ], [ 177.51079, 52.1611 ], [ 177.46919, 52.12403 ], [ 177.45906, 52.09857 ], [ 177.42601, 52.07779 ], [ 177.41426, 52.05319 ], [ 177.41645, 52.03813 ], [ 177.38209, 52.02925 ], [ 177.3483, 52.02839 ], [ 177.28745, 52.00546 ], [ 177.26003, 51.97872 ], [ 177.22461, 51.96981 ], [ 177.16598, 51.94904 ], [ 177.13964, 51.93559 ], [ 177.12136, 51.91788 ], [ 177.11199, 51.89055 ] ] ], [ [ [ 177.93429, 51.87577 ], [ 177.93906, 51.85492 ], [ 177.96402, 51.83487 ], [ 177.9972, 51.82203 ], [ 178.0449, 51.8215 ], [ 178.08405, 51.83534 ], [ 178.09797, 51.85069 ], [ 178.10047, 51.8755 ], [ 178.09372, 51.8945 ], [ 178.069, 51.91449 ], [ 178.03436, 51.92261 ], [ 177.99699, 51.92204 ], [ 177.97442, 51.91464 ], [ 177.94555, 51.89562 ], [ 177.93429, 51.87577 ] ] ], [ [ [ 178.00347, 52.04959 ], [ 178.00042, 52.03333 ], [ 178.01508, 52.01504 ], [ 178.01632, 51.9787 ], [ 178.05969, 51.94812 ], [ 178.10058, 51.93991 ], [ 178.14282, 51.93933 ], [ 178.19588, 51.94885 ], [ 178.26056, 51.91016 ], [ 178.28928, 51.90086 ], [ 178.33094, 51.89855 ], [ 178.3711, 51.90685 ], [ 178.38383, 51.89102 ], [ 178.41301, 51.87537 ], [ 178.47731, 51.85221 ], [ 178.53161, 51.84672 ], [ 178.58074, 51.85956 ], [ 178.6257, 51.88844 ], [ 178.66692, 51.93026 ], [ 178.67132, 51.95988 ], [ 178.66396, 51.98285 ], [ 178.61659, 52.00938 ], [ 178.51243, 52.04344 ], [ 178.46881, 52.04119 ], [ 178.40268, 52.02171 ], [ 178.37848, 52.02888 ], [ 178.26717, 52.03746 ], [ 178.24738, 52.06753 ], [ 178.18885, 52.09868 ], [ 178.16273, 52.10665 ], [ 178.12199, 52.10742 ], [ 178.07692, 52.10001 ], [ 178.04625, 52.08861 ], [ 178.02058, 52.07187 ], [ 178.00347, 52.04959 ] ] ], [ [ [ 179.38876, 51.94192 ], [ 179.38971, 51.92379 ], [ 179.42355, 51.88581 ], [ 179.45682, 51.85989 ], [ 179.48462, 51.84803 ], [ 179.54838, 51.83607 ], [ 179.57489, 51.82683 ], [ 179.62323, 51.81899 ], [ 179.67169, 51.82567 ], [ 179.71749, 51.84096 ], [ 179.73527, 51.85498 ], [ 179.78509, 51.86264 ], [ 179.82503, 51.89203 ], [ 179.85103, 51.93589 ], [ 179.8597, 51.96037 ], [ 179.84709, 51.99248 ], [ 179.81923, 52.01001 ], [ 179.79029, 52.01837 ], [ 179.78221, 52.03344 ], [ 179.75346, 52.04715 ], [ 179.71846, 52.05337 ], [ 179.67906, 52.07532 ], [ 179.6584, 52.07827 ], [ 179.54088, 52.06417 ], [ 179.50832, 52.03972 ], [ 179.45034, 52.03132 ], [ 179.42962, 52.02359 ], [ 179.40874, 52.00536 ], [ 179.40458, 51.96836 ], [ 179.38876, 51.94192 ] ] ], [ [ [ 178.53183, 51.6497 ], [ 178.53064, 51.62473 ], [ 178.55179, 51.59986 ], [ 178.56322, 51.59983 ], [ 178.59351, 51.57825 ], [ 178.62457, 51.56904 ], [ 178.66724, 51.54275 ], [ 178.70801, 51.5374 ], [ 178.74076, 51.52354 ], [ 178.79026, 51.49246 ], [ 178.82355, 51.4876 ], [ 178.89603, 51.49254 ], [ 178.94543, 51.46064 ], [ 178.95024, 51.44506 ], [ 178.96938, 51.42878 ], [ 178.99572, 51.42205 ], [ 179.03275, 51.39943 ], [ 179.10195, 51.3661 ], [ 179.12204, 51.3532 ], [ 179.13001, 51.33341 ], [ 179.15067, 51.31635 ], [ 179.21821, 51.29499 ], [ 179.25553, 51.29368 ], [ 179.29679, 51.3067 ], [ 179.40309, 51.30685 ], [ 179.4594, 51.31603 ], [ 179.51088, 51.30827 ], [ 179.54369, 51.31915 ], [ 179.57842, 51.35435 ], [ 179.57692, 51.37682 ], [ 179.55321, 51.40001 ], [ 179.52253, 51.41915 ], [ 179.47779, 51.43134 ], [ 179.45216, 51.45068 ], [ 179.42524, 51.46282 ], [ 179.3711, 51.46519 ], [ 179.35558, 51.45813 ], [ 179.33191, 51.46678 ], [ 179.28708, 51.46983 ], [ 179.26458, 51.49231 ], [ 179.22683, 51.51294 ], [ 179.17034, 51.52303 ], [ 179.1165, 51.56917 ], [ 179.08746, 51.58354 ], [ 179.08887, 51.6062 ], [ 179.06063, 51.63251 ], [ 179.01519, 51.64558 ], [ 178.97244, 51.64645 ], [ 178.92208, 51.66863 ], [ 178.86569, 51.67562 ], [ 178.82705, 51.687 ], [ 178.76994, 51.69781 ], [ 178.73703, 51.69494 ], [ 178.6988, 51.70957 ], [ 178.6073, 51.71653 ], [ 178.55951, 51.70166 ], [ 178.54675, 51.68807 ], [ 178.53183, 51.6497 ] ] ] ] } },
{ "type": "Feature", "properties": { "fid": 3, "ZoneCode": "040001", "AbrvFull": "AZ", "NameFull": "Arizona", "ZoneNum": 1, "AbrvPart": null, "NamePart": null, "ZoneType": "Statewide", "StateAbrv": "AZ", "StateName": "Arizona", "ProjAbrv": "TM", "ProjType": "Transverse Mercator", "LatOrigin": "3°00'N", "LonOriginE": "247°57'E", "LonOriginW": "112°03'W", "Lat0_deg": 3.0, "Lon0_E_deg": 247.95, "Lon0_W_deg": -112.05, "ProjScale": 0.9998, "SkewAz_deg": -9999, "FalseN_m": 0.0, "FalseE_m": 6400800.0, "FalseN_ift": 0.0, "FalseE_ift": 21000000.0, "DesignBy": "NGS", "Ref_frame": "NATRF2022" }, "geometry": { "type": "Polygon", "coordinates": [ [ [ -109.04516, 36.99897 ], [ -109.53068, 36.99918 ], [ -109.62431, 36.99824 ], [ -110.18436, 36.99824 ], [ -110.46972, 36.99765 ], [ -110.49029, 37.00362 ], [ -110.848, 37.00245 ], [ -111.06494, 37.00234 ], [ -111.15056, 37.00095 ], [ -111.30859, 37.00147 ], [ -112.49002, 37.00094 ], [ -113.06494, 37.00004 ], [ -114.05004, 37.00019 ], [ -114.04992, 36.70952 ], [ -114.0448, 36.49134 ], [ -114.04312, 36.38047 ], [ -114.04555, 36.28883 ], [ -114.04393, 36.19335 ], [ -114.06678, 36.17908 ], [ -114.09698, 36.12082 ], [ -114.12177, 36.10569 ], [ -114.11228, 36.09405 ], [ -114.13619, 36.05323 ], [ -114.13483, 36.04387 ], [ -114.15339, 36.02317 ], [ -114.17467, 36.02667 ], [ -114.21192, 36.01483 ], [ -114.24385, 36.01526 ], [ -114.26437, 36.02791 ], [ -114.27085, 36.04552 ], [ -114.31441, 36.06052 ], [ -114.30416, 36.07558 ], [ -114.32879, 36.1059 ], [ -114.35895, 36.12779 ], [ -114.37017, 36.14262 ], [ -114.41248, 36.14651 ], [ -114.44372, 36.12559 ], [ -114.45647, 36.13803 ], [ -114.5047, 36.12718 ], [ -114.50809, 36.14971 ], [ -114.57108, 36.15109 ], [ -114.61544, 36.12965 ], [ -114.63046, 36.14221 ], [ -114.66433, 36.1163 ], [ -114.68183, 36.10919 ], [ -114.73407, 36.10467 ], [ -114.75449, 36.08617 ], [ -114.73507, 36.05443 ], [ -114.74125, 36.03804 ], [ -114.72208, 36.02895 ], [ -114.74085, 36.01292 ], [ -114.74052, 35.97554 ], [ -114.70759, 35.92795 ], [ -114.7081, 35.90993 ], [ -114.6632, 35.87369 ], [ -114.70606, 35.84587 ], [ -114.69574, 35.83338 ], [ -114.71201, 35.80552 ], [ -114.6993, 35.79048 ], [ -114.69425, 35.75663 ], [ -114.70543, 35.71175 ], [ -114.68264, 35.68857 ], [ -114.68899, 35.65028 ], [ -114.65391, 35.61173 ], [ -114.65922, 35.58747 ], [ -114.67487, 35.57837 ], [ -114.66279, 35.56426 ], [ -114.65676, 35.53496 ], [ -114.67888, 35.50127 ], [ -114.66353, 35.44779 ], [ -114.65072, 35.42887 ], [ -114.62731, 35.41019 ], [ -114.60616, 35.35965 ], [ -114.59515, 35.32188 ], [ -114.59725, 35.29956 ], [ -114.58575, 35.25774 ], [ -114.57952, 35.20891 ], [ -114.57207, 35.20079 ], [ -114.56952, 35.16231 ], [ -114.57825, 35.12881 ], [ -114.63227, 35.11708 ], [ -114.64282, 35.0965 ], [ -114.60417, 35.07371 ], [ -114.6047, 35.06174 ], [ -114.62711, 35.04472 ], [ -114.63818, 35.02207 ], [ -114.63347, 35.00185 ], [ -114.62938, 34.98317 ], [ -114.63494, 34.95891 ], [ -114.6298, 34.94481 ], [ -114.63675, 34.8857 ], [ -114.62826, 34.86359 ], [ -114.59233, 34.84115 ], [ -114.57183, 34.79634 ], [ -114.55267, 34.76687 ], [ -114.51661, 34.73674 ], [ -114.47161, 34.71296 ], [ -114.4506, 34.66579 ], [ -114.45808, 34.65869 ], [ -114.44235, 34.64415 ], [ -114.43873, 34.62145 ], [ -114.42419, 34.61045 ], [ -114.43635, 34.59679 ], [ -114.40521, 34.56963 ], [ -114.38082, 34.52972 ], [ -114.37811, 34.50728 ], [ -114.38669, 34.45791 ], [ -114.3712, 34.44699 ], [ -114.33961, 34.45143 ], [ -114.32687, 34.43804 ], [ -114.301, 34.4268 ], [ -114.29114, 34.40978 ], [ -114.2629, 34.40037 ], [ -114.22609, 34.36591 ], [ -114.19947, 34.36137 ], [ -114.1769, 34.3493 ], [ -114.15719, 34.31786 ], [ -114.13827, 34.30323 ], [ -114.13544, 34.25788 ], [ -114.16463, 34.2597 ], [ -114.16446, 34.25166 ], [ -114.22585, 34.20177 ], [ -114.2297, 34.18692 ], [ -114.25413, 34.17383 ], [ -114.28671, 34.17071 ], [ -114.32456, 34.13676 ], [ -114.34804, 34.13445 ], [ -114.3665, 34.11857 ], [ -114.41589, 34.10763 ], [ -114.43417, 34.08738 ], [ -114.43933, 34.05789 ], [ -114.43825, 34.02261 ], [ -114.49987, 33.96179 ], [ -114.52199, 33.95562 ], [ -114.53413, 33.92518 ], [ -114.50797, 33.90181 ], [ -114.52568, 33.90142 ], [ -114.50433, 33.87688 ], [ -114.50387, 33.86575 ], [ -114.52987, 33.85756 ], [ -114.51996, 33.82538 ], [ -114.52804, 33.81496 ], [ -114.50708, 33.76793 ], [ -114.51233, 33.73421 ], [ -114.49655, 33.71915 ], [ -114.49648, 33.6969 ], [ -114.52395, 33.68588 ], [ -114.53211, 33.6697 ], [ -114.51404, 33.66018 ], [ -114.5332, 33.64844 ], [ -114.52206, 33.61127 ], [ -114.5406, 33.59141 ], [ -114.5242, 33.55306 ], [ -114.55801, 33.53259 ], [ -114.56095, 33.51674 ], [ -114.58923, 33.50181 ], [ -114.6229, 33.45656 ], [ -114.62963, 33.42813 ], [ -114.65824, 33.41302 ], [ -114.67368, 33.41915 ], [ -114.72005, 33.40789 ], [ -114.72424, 33.40042 ], [ -114.7073, 33.38254 ], [ -114.69904, 33.36114 ], [ -114.70092, 33.33701 ], [ -114.73121, 33.30243 ], [ -114.72325, 33.28808 ], [ -114.67702, 33.27017 ], [ -114.67448, 33.25559 ], [ -114.68941, 33.24525 ], [ -114.67447, 33.2255 ], [ -114.67934, 33.16243 ], [ -114.6969, 33.13112 ], [ -114.70647, 33.08816 ], [ -114.68901, 33.08403 ], [ -114.67079, 33.03798 ], [ -114.65781, 33.03382 ], [ -114.64597, 33.0489 ], [ -114.62972, 33.03254 ], [ -114.59808, 33.02538 ], [ -114.57827, 33.03537 ], [ -114.52012, 33.02998 ], [ -114.50635, 33.0174 ], [ -114.49012, 32.96988 ], [ -114.46993, 32.97347 ], [ -114.46761, 32.95666 ], [ -114.48073, 32.93702 ], [ -114.46292, 32.90794 ], [ -114.46896, 32.84515 ], [ -114.51031, 32.81648 ], [ -114.53166, 32.79118 ], [ -114.52684, 32.75709 ], [ -114.56443, 32.74955 ], [ -114.58177, 32.73494 ], [ -114.6151, 32.73451 ], [ -114.61566, 32.72845 ], [ -114.6896, 32.73817 ], [ -114.70221, 32.74541 ], [ -114.71948, 32.71874 ], [ -114.74448, 32.67846 ], [ -114.74818, 32.66368 ], [ -114.78271, 32.62433 ], [ -114.80942, 32.61598 ], [ -114.79939, 32.59261 ], [ -114.80648, 32.55924 ], [ -114.79182, 32.56878 ], [ -114.79334, 32.55249 ], [ -114.81297, 32.52524 ], [ -114.80332, 32.51086 ], [ -114.81368, 32.49407 ], [ -114.77987, 32.48438 ], [ -114.40971, 32.37237 ], [ -113.85916, 32.20328 ], [ -113.42512, 32.06774 ], [ -113.15531, 31.9825 ], [ -112.7268, 31.85231 ], [ -112.40261, 31.75249 ], [ -112.07592, 31.65079 ], [ -111.50625, 31.47072 ], [ -111.07497, 31.33234 ], [ -110.84774, 31.33373 ], [ -110.4586, 31.33287 ], [ -110.15649, 31.33412 ], [ -109.26568, 31.33392 ], [ -109.05002, 31.33234 ], [ -109.04997, 31.58616 ], [ -109.04798, 32.34144 ], [ -109.0475, 32.82108 ], [ -109.04766, 33.19546 ], [ -109.04691, 33.43083 ], [ -109.04699, 34.00005 ], [ -109.04594, 34.68243 ], [ -109.04613, 35.27741 ], [ -109.04694, 35.39339 ], [ -109.04627, 35.61419 ], [ -109.04618, 36.07334 ], [ -109.04516, 36.99897 ] ] ] } },
{ "type": "Feature", "properties": { "fid": 4, "ZoneCode": "050001", "AbrvFull": "AR", "NameFull": "Arkansas", "ZoneNum": 1, "AbrvPart": null, "NamePart": null, "ZoneType": "Statewide", "StateAbrv": "AR", "StateName": "Arkansas", "ProjAbrv": "LC1", "ProjType": "Lambert Conformal Conic, one parallel", "LatOrigin": "34°45'N", "LonOriginE": "268°00'E", "LonOriginW": "92°00'W", "Lat0_deg": 34.75, "Lon0_E_deg": 268.0, "Lon0_W_deg": -92.0, "ProjScale": 0.99983, "SkewAz_deg": -9999, "FalseN_m": 342900.0, "FalseE_m": 838200.0, "FalseN_ift": 1125000.0, "FalseE_ift": 2750000.0, "DesignBy": "NGS", "Ref_frame": "NATRF2022" }, "geometry": { "type": "Polygon", "coordinates": [ [ [ -91.16609, 33.00429 ], [ -91.16075, 33.0208 ], [ -91.12812, 33.03445 ], [ -91.12028, 33.05492 ], [ -91.15021, 33.08212 ], [ -91.17376, 33.0894 ], [ -91.2008, 33.10776 ], [ -91.20212, 33.12204 ], [ -91.18369, 33.14174 ], [ -91.15995, 33.1409 ], [ -91.14848, 33.13025 ], [ -91.10269, 33.13037 ], [ -91.08601, 33.13628 ], [ -91.08129, 33.18427 ], [ -91.10025, 33.21942 ], [ -91.08258, 33.22182 ], [ -91.05412, 33.24598 ], [ -91.04731, 33.28193 ], [ -91.06647, 33.28722 ], [ -91.08594, 33.2741 ], [ -91.09851, 33.23869 ], [ -91.12796, 33.26847 ], [ -91.12552, 33.2802 ], [ -91.14163, 33.30006 ], [ -91.14045, 33.35135 ], [ -91.12075, 33.36334 ], [ -91.10317, 33.38557 ], [ -91.06379, 33.41927 ], [ -91.0581, 33.4469 ], [ -91.07073, 33.45584 ], [ -91.09625, 33.43849 ], [ -91.09637, 33.41262 ], [ -91.12036, 33.38886 ], [ -91.14789, 33.37879 ], [ -91.16969, 33.38035 ], [ -91.20867, 33.40272 ], [ -91.19909, 33.41827 ], [ -91.17885, 33.41714 ], [ -91.13274, 33.42962 ], [ -91.11877, 33.44648 ], [ -91.13133, 33.48092 ], [ -91.16161, 33.49747 ], [ -91.17752, 33.48298 ], [ -91.16991, 33.45189 ], [ -91.20646, 33.43392 ], [ -91.23521, 33.43902 ], [ -91.23219, 33.45594 ], [ -91.20645, 33.4707 ], [ -91.18341, 33.50506 ], [ -91.21401, 33.52469 ], [ -91.23414, 33.55543 ], [ -91.22843, 33.56693 ], [ -91.17855, 33.5673 ], [ -91.15655, 33.57434 ], [ -91.13209, 33.5959 ], [ -91.12872, 33.6092 ], [ -91.13917, 33.62847 ], [ -91.17766, 33.65204 ], [ -91.21167, 33.65678 ], [ -91.22997, 33.67382 ], [ -91.22391, 33.69373 ], [ -91.20543, 33.70109 ], [ -91.16036, 33.7066 ], [ -91.12895, 33.67362 ], [ -91.09304, 33.65817 ], [ -91.07977, 33.65803 ], [ -91.0337, 33.67384 ], [ -91.03032, 33.68771 ], [ -91.04713, 33.70667 ], [ -91.06804, 33.71619 ], [ -91.10244, 33.70481 ], [ -91.12594, 33.70894 ], [ -91.1488, 33.73135 ], [ -91.13529, 33.78199 ], [ -91.10865, 33.77166 ], [ -91.05338, 33.77828 ], [ -91.02736, 33.76511 ], [ -91.00516, 33.76702 ], [ -90.98861, 33.78418 ], [ -91.00047, 33.79948 ], [ -91.04907, 33.81602 ], [ -91.0703, 33.84566 ], [ -91.07276, 33.86729 ], [ -91.03385, 33.89899 ], [ -91.01419, 33.92175 ], [ -91.0134, 33.93854 ], [ -91.08457, 33.95636 ], [ -91.08897, 34.00005 ], [ -91.07338, 34.00871 ], [ -91.04643, 33.99242 ], [ -91.01894, 34.00322 ], [ -90.99997, 33.96638 ], [ -90.96616, 33.96466 ], [ -90.96248, 33.9813 ], [ -90.98009, 33.99833 ], [ -90.98818, 34.0192 ], [ -90.95819, 34.02673 ], [ -90.91566, 34.0215 ], [ -90.89059, 34.0285 ], [ -90.88869, 34.05175 ], [ -90.87111, 34.08024 ], [ -90.8939, 34.09762 ], [ -90.92129, 34.09351 ], [ -90.95759, 34.12092 ], [ -90.95864, 34.13548 ], [ -90.90995, 34.1655 ], [ -90.86861, 34.14251 ], [ -90.83609, 34.13787 ], [ -90.80756, 34.16181 ], [ -90.81748, 34.18319 ], [ -90.85202, 34.18671 ], [ -90.88674, 34.18249 ], [ -90.91442, 34.19572 ], [ -90.93454, 34.21785 ], [ -90.92867, 34.2447 ], [ -90.90633, 34.24438 ], [ -90.88133, 34.21637 ], [ -90.84714, 34.20612 ], [ -90.83362, 34.27407 ], [ -90.81673, 34.28064 ], [ -90.76041, 34.27073 ], [ -90.73802, 34.28927 ], [ -90.73586, 34.31068 ], [ -90.76512, 34.3425 ], [ -90.76922, 34.35843 ], [ -90.7573, 34.36739 ], [ -90.70724, 34.36117 ], [ -90.67685, 34.37137 ], [ -90.69312, 34.32256 ], [ -90.67807, 34.31308 ], [ -90.65748, 34.32222 ], [ -90.66684, 34.35577 ], [ -90.65853, 34.3757 ], [ -90.64035, 34.38899 ], [ -90.6161, 34.38978 ], [ -90.58622, 34.40917 ], [ -90.57789, 34.43325 ], [ -90.59391, 34.48417 ], [ -90.58129, 34.5156 ], [ -90.54315, 34.53884 ], [ -90.54048, 34.55786 ], [ -90.57375, 34.59213 ], [ -90.59178, 34.62379 ], [ -90.58086, 34.65517 ], [ -90.56971, 34.66634 ], [ -90.57009, 34.69343 ], [ -90.54568, 34.68839 ], [ -90.54008, 34.67643 ], [ -90.55488, 34.64516 ], [ -90.54653, 34.63101 ], [ -90.51754, 34.63075 ], [ -90.46823, 34.6708 ], [ -90.46287, 34.6838 ], [ -90.47416, 34.70527 ], [ -90.53332, 34.69638 ], [ -90.57194, 34.71277 ], [ -90.5636, 34.73777 ], [ -90.54555, 34.73888 ], [ -90.53944, 34.75527 ], [ -90.54777, 34.78333 ], [ -90.54082, 34.79583 ], [ -90.5211, 34.80194 ], [ -90.49277, 34.77249 ], [ -90.49414, 34.75756 ], [ -90.52416, 34.73138 ], [ -90.50832, 34.7236 ], [ -90.47499, 34.72388 ], [ -90.44841, 34.73911 ], [ -90.45266, 34.75567 ], [ -90.47658, 34.794 ], [ -90.47037, 34.81155 ], [ -90.45537, 34.82078 ], [ -90.48371, 34.86101 ], [ -90.48031, 34.88235 ], [ -90.46339, 34.89163 ], [ -90.44421, 34.88762 ], [ -90.4293, 34.86875 ], [ -90.44968, 34.83991 ], [ -90.43872, 34.82524 ], [ -90.38938, 34.83066 ], [ -90.33844, 34.85851 ], [ -90.31939, 34.84501 ], [ -90.30405, 34.86006 ], [ -90.31773, 34.87105 ], [ -90.25785, 34.89338 ], [ -90.2432, 34.90909 ], [ -90.24375, 34.94526 ], [ -90.29515, 34.97563 ], [ -90.30835, 34.99569 ], [ -90.30992, 35.00788 ], [ -90.29696, 35.03817 ], [ -90.26435, 35.04029 ], [ -90.20699, 35.02584 ], [ -90.18115, 35.05394 ], [ -90.17524, 35.07355 ], [ -90.18137, 35.09401 ], [ -90.16735, 35.12358 ], [ -90.14085, 35.1329 ], [ -90.08966, 35.11805 ], [ -90.06654, 35.13684 ], [ -90.06823, 35.15566 ], [ -90.09809, 35.169 ], [ -90.11645, 35.18626 ], [ -90.11615, 35.19846 ], [ -90.09724, 35.19482 ], [ -90.07615, 35.22147 ], [ -90.09433, 35.24878 ], [ -90.11645, 35.25586 ], [ -90.13971, 35.25229 ], [ -90.15526, 35.25897 ], [ -90.16891, 35.2797 ], [ -90.16205, 35.29825 ], [ -90.10996, 35.30498 ], [ -90.09617, 35.34885 ], [ -90.07825, 35.37492 ], [ -90.08086, 35.386 ], [ -90.11456, 35.41125 ], [ -90.14074, 35.40944 ], [ -90.14535, 35.39259 ], [ -90.13567, 35.37669 ], [ -90.16527, 35.37398 ], [ -90.17933, 35.38531 ], [ -90.16887, 35.42187 ], [ -90.12943, 35.44211 ], [ -90.10783, 35.47683 ], [ -90.079, 35.47687 ], [ -90.06723, 35.46094 ], [ -90.07412, 35.43956 ], [ -90.06201, 35.41517 ], [ -90.06952, 35.40813 ], [ -90.05431, 35.38927 ], [ -90.04808, 35.41173 ], [ -90.00266, 35.42998 ], [ -90.0072, 35.45424 ], [ -90.03602, 35.48355 ], [ -90.0502, 35.51638 ], [ -90.03987, 35.54741 ], [ -90.02358, 35.55636 ], [ -89.98966, 35.56021 ], [ -89.95971, 35.54266 ], [ -89.95874, 35.52383 ], [ -89.92653, 35.5116 ], [ -89.90893, 35.51423 ], [ -89.904, 35.53531 ], [ -89.91418, 35.5496 ], [ -89.94224, 35.55714 ], [ -89.95658, 35.59062 ], [ -89.91127, 35.61759 ], [ -89.89025, 35.61641 ], [ -89.8561, 35.63501 ], [ -89.85072, 35.65073 ], [ -89.85831, 35.66872 ], [ -89.90857, 35.65173 ], [ -89.93446, 35.66494 ], [ -89.95583, 35.69039 ], [ -89.95879, 35.72558 ], [ -89.93868, 35.74347 ], [ -89.90745, 35.75928 ], [ -89.89283, 35.75058 ], [ -89.85235, 35.75542 ], [ -89.83871, 35.74212 ], [ -89.79894, 35.75935 ], [ -89.79956, 35.78832 ], [ -89.78165, 35.80522 ], [ -89.75669, 35.81001 ], [ -89.72816, 35.80269 ], [ -89.69649, 35.82058 ], [ -89.6947, 35.83476 ], [ -89.76791, 35.86001 ], [ -89.77426, 35.87081 ], [ -89.76523, 35.8931 ], [ -89.74454, 35.91069 ], [ -89.71634, 35.90705 ], [ -89.67637, 35.87669 ], [ -89.64561, 35.88583 ], [ -89.64099, 35.90355 ], [ -89.65026, 35.92766 ], [ -89.714, 35.95981 ], [ -89.73305, 36.0008 ], [ -90.00381, 35.99901 ], [ -90.37789, 35.99574 ], [ -90.35619, 36.02022 ], [ -90.3482, 36.04157 ], [ -90.31853, 36.07516 ], [ -90.3196, 36.08956 ], [ -90.29999, 36.09791 ], [ -90.29292, 36.11449 ], [ -90.26652, 36.12001 ], [ -90.23544, 36.13939 ], [ -90.23534, 36.15953 ], [ -90.21996, 36.18472 ], [ -90.19509, 36.20043 ], [ -90.1324, 36.22643 ], [ -90.11511, 36.2652 ], [ -90.08379, 36.27193 ], [ -90.07901, 36.28986 ], [ -90.06418, 36.3025 ], [ -90.08237, 36.32197 ], [ -90.07795, 36.34939 ], [ -90.06322, 36.37754 ], [ -90.08204, 36.40123 ], [ -90.13597, 36.41333 ], [ -90.14433, 36.42537 ], [ -90.13416, 36.45415 ], [ -90.1554, 36.46379 ], [ -90.14315, 36.47518 ], [ -90.15924, 36.4797 ], [ -90.1523, 36.49798 ], [ -90.8074, 36.49883 ], [ -91.42206, 36.49713 ], [ -91.5395, 36.49923 ], [ -91.74076, 36.49937 ], [ -91.9999, 36.49841 ], [ -92.11517, 36.49882 ], [ -92.37473, 36.4973 ], [ -92.4741, 36.49875 ], [ -92.72674, 36.49787 ], [ -93.13746, 36.49785 ], [ -93.54488, 36.4993 ], [ -94.08568, 36.49863 ], [ -94.37441, 36.49961 ], [ -94.61785, 36.49942 ], [ -94.58056, 36.2659 ], [ -94.51049, 35.86249 ], [ -94.44953, 35.49803 ], [ -94.431, 35.39316 ], [ -94.43543, 35.28336 ], [ -94.44974, 34.87319 ], [ -94.45746, 34.63477 ], [ -94.46787, 34.28743 ], [ -94.47262, 34.10297 ], [ -94.48589, 33.63785 ], [ -94.44677, 33.64017 ], [ -94.46274, 33.63079 ], [ -94.45397, 33.61576 ], [ -94.46905, 33.60764 ], [ -94.45347, 33.59196 ], [ -94.42802, 33.59003 ], [ -94.41244, 33.56901 ], [ -94.38284, 33.58334 ], [ -94.37891, 33.57016 ], [ -94.40058, 33.55679 ], [ -94.38678, 33.54512 ], [ -94.35651, 33.54298 ], [ -94.35276, 33.56089 ], [ -94.33849, 33.56727 ], [ -94.33226, 33.55373 ], [ -94.30929, 33.55174 ], [ -94.3016, 33.5721 ], [ -94.28273, 33.58128 ], [ -94.29045, 33.55834 ], [ -94.27423, 33.55875 ], [ -94.26344, 33.57662 ], [ -94.24446, 33.58949 ], [ -94.23821, 33.57716 ], [ -94.25129, 33.55771 ], [ -94.22375, 33.55348 ], [ -94.20854, 33.56656 ], [ -94.19544, 33.55516 ], [ -94.1954, 33.58183 ], [ -94.1844, 33.59438 ], [ -94.16247, 33.58893 ], [ -94.13082, 33.55204 ], [ -94.12066, 33.56698 ], [ -94.09624, 33.57398 ], [ -94.07303, 33.57219 ], [ -94.0433, 33.55158 ], [ -94.04301, 33.01926 ], [ -93.63795, 33.01934 ], [ -93.51158, 33.01855 ], [ -93.00001, 33.01761 ], [ -92.80142, 33.01515 ], [ -92.04495, 33.00775 ], [ -91.5121, 33.00679 ], [ -91.16609, 33.00429 ] ] ] } },
{ "type": "Feature", "properties": { "fid": 5, "ZoneCode": "060001", "AbrvFull": "CA", "NameFull": "California", "ZoneNum": 1, "AbrvPart": null, "NamePart": null, "ZoneType": "Statewide", "StateAbrv": "CA", "StateName": "California", "ProjAbrv": "OMC", "ProjType": "Hotine Oblique Mercator, center", "LatOrigin": "37°00'N", "LonOriginE": "240°30'E", "LonOriginW": "119°30'W", "Lat0_deg": 37.0, "Lon0_E_deg": 240.5, "Lon0_W_deg": -119.5, "ProjScale": 0.9998, "SkewAz_deg": -34, "FalseN_m": 647700.0, "FalseE_m": 1714500.0, "FalseN_ift": 2125000.0, "FalseE_ift": 5625000.0, "DesignBy": "NGS", "Ref_frame": "NATRF2022" }, "geometry": { "type": "MultiPolygon", "coordinates": [ [ [ [ -114.63347, 35.00185 ], [ -114.76559, 35.10933 ], [ -114.99465, 35.29251 ], [ -115.10094, 35.37568 ], [ -115.16489, 35.42786 ], [ -115.41807, 35.62839 ], [ -115.69572, 35.84648 ], [ -116.00064, 36.08385 ], [ -116.2508, 36.27694 ], [ -116.38033, 36.37496 ], [ -116.48822, 36.45909 ], [ -116.88066, 36.75692 ], [ -117.2449, 37.03024 ], [ -117.26603, 37.04491 ], [ -117.5001, 37.22038 ], [ -117.5814, 37.27893 ], [ -117.6806, 37.3534 ], [ -117.71234, 37.37493 ], [ -117.87591, 37.49726 ], [ -117.90461, 37.51583 ], [ -117.97953, 37.57214 ], [ -118.25094, 37.76862 ], [ -118.71419, 38.1021 ], [ -118.77185, 38.14187 ], [ -118.9497, 38.26896 ], [ -119.00096, 38.30367 ], [ -119.09714, 38.37285 ], [ -119.46127, 38.62753 ], [ -119.79078, 38.85524 ], [ -120.001, 38.99957 ], [ -120.00646, 39.27287 ], [ -120.00611, 39.3741 ], [ -120.00236, 39.49108 ], [ -120.0008, 39.60682 ], [ -120.00112, 39.75223 ], [ -119.99789, 39.98163 ], [ -119.99569, 40.37583 ], [ -119.99596, 40.57055 ], [ -119.99877, 40.77385 ], [ -119.99986, 40.99989 ], [ -119.99946, 41.49989 ], [ -119.99827, 41.61881 ], [ -119.99922, 41.99494 ], [ -120.17891, 41.99455 ], [ -120.32637, 41.99258 ], [ -120.48792, 41.99361 ], [ -120.58336, 41.99297 ], [ -120.7981, 41.99395 ], [ -121.01908, 41.99338 ], [ -121.18855, 41.99738 ], [ -121.3449, 41.99621 ], [ -121.85792, 42.00291 ], [ -121.99611, 42.00388 ], [ -122.16455, 42.0073 ], [ -122.37803, 42.0095 ], [ -122.51528, 42.00805 ], [ -122.72137, 42.00412 ], [ -123.04398, 42.00308 ], [ -123.14572, 42.00876 ], [ -123.18391, 42.00579 ], [ -123.34743, 41.99927 ], [ -123.44595, 42.00062 ], [ -123.62401, 41.99977 ], [ -123.6572, 41.99509 ], [ -123.72815, 41.99705 ], [ -123.83447, 41.99605 ], [ -124.10036, 41.99671 ], [ -124.21159, 41.99846 ], [ -124.32882, 41.99833 ], [ -124.30698, 41.9929 ], [ -124.28475, 41.95683 ], [ -124.28992, 41.92005 ], [ -124.2761, 41.90305 ], [ -124.28501, 41.85948 ], [ -124.31192, 41.85878 ], [ -124.32996, 41.87475 ], [ -124.36518, 41.88656 ], [ -124.4113, 41.88205 ], [ -124.435, 41.8565 ], [ -124.43889, 41.8245 ], [ -124.4057, 41.78314 ], [ -124.36917, 41.76341 ], [ -124.33059, 41.73379 ], [ -124.30028, 41.72414 ], [ -124.27805, 41.70967 ], [ -124.21169, 41.68119 ], [ -124.2114, 41.64168 ], [ -124.1901, 41.60819 ], [ -124.18832, 41.57399 ], [ -124.16048, 41.54341 ], [ -124.15793, 41.51896 ], [ -124.13648, 41.46426 ], [ -124.13321, 41.43231 ], [ -124.13996, 41.38182 ], [ -124.18859, 41.38926 ], [ -124.212, 41.38239 ], [ -124.23516, 41.36383 ], [ -124.2424, 41.3433 ], [ -124.23616, 41.31797 ], [ -124.20237, 41.29472 ], [ -124.16069, 41.28929 ], [ -124.19552, 41.18458 ], [ -124.2194, 41.17768 ], [ -124.24429, 41.15832 ], [ -124.25246, 41.13407 ], [ -124.24741, 41.09222 ], [ -124.23119, 41.0655 ], [ -124.22401, 41.04129 ], [ -124.20497, 41.01363 ], [ -124.18268, 41.00131 ], [ -124.1976, 40.95053 ], [ -124.23261, 40.86928 ], [ -124.29932, 40.76848 ], [ -124.36886, 40.6697 ], [ -124.41199, 40.59702 ], [ -124.44766, 40.52971 ], [ -124.45594, 40.48404 ], [ -124.47588, 40.45976 ], [ -124.47861, 40.4221 ], [ -124.44469, 40.37641 ], [ -124.42945, 40.3649 ], [ -124.42793, 40.33882 ], [ -124.41853, 40.31875 ], [ -124.42913, 40.26691 ], [ -124.42127, 40.2371 ], [ -124.39276, 40.2098 ], [ -124.33367, 40.16717 ], [ -124.28782, 40.13768 ], [ -124.27208, 40.13365 ], [ -124.23119, 40.09338 ], [ -124.15663, 40.06588 ], [ -124.14408, 40.0524 ], [ -124.14107, 40.01097 ], [ -124.10857, 39.97884 ], [ -124.07858, 39.97226 ], [ -124.03534, 39.93107 ], [ -124.00962, 39.89375 ], [ -123.98293, 39.87677 ], [ -123.97346, 39.85356 ], [ -123.93858, 39.81494 ], [ -123.91051, 39.79957 ], [ -123.90095, 39.78046 ], [ -123.904, 39.75708 ], [ -123.89573, 39.7114 ], [ -123.88029, 39.68908 ], [ -123.85717, 39.67469 ], [ -123.8515, 39.63174 ], [ -123.84937, 39.57829 ], [ -123.83463, 39.54919 ], [ -123.85263, 39.51485 ], [ -123.86781, 39.5083 ], [ -123.88739, 39.45303 ], [ -123.89043, 39.39009 ], [ -123.89679, 39.37489 ], [ -123.89307, 39.33749 ], [ -123.881, 39.31934 ], [ -123.87611, 39.29044 ], [ -123.85008, 39.23139 ], [ -123.83886, 39.18334 ], [ -123.80919, 39.14104 ], [ -123.80744, 39.12723 ], [ -123.78609, 39.09214 ], [ -123.76195, 39.04109 ], [ -123.76313, 39.00869 ], [ -123.7972, 38.98986 ], [ -123.80984, 38.96122 ], [ -123.80649, 38.94045 ], [ -123.78466, 38.89372 ], [ -123.73791, 38.85744 ], [ -123.71779, 38.82792 ], [ -123.68268, 38.79701 ], [ -123.66002, 38.78425 ], [ -123.6326, 38.75817 ], [ -123.59195, 38.74022 ], [ -123.57799, 38.71758 ], [ -123.51056, 38.68089 ], [ -123.48853, 38.65146 ], [ -123.47051, 38.63857 ], [ -123.45614, 38.61478 ], [ -123.39414, 38.55394 ], [ -123.36091, 38.5102 ], [ -123.32379, 38.49861 ], [ -123.30673, 38.47868 ], [ -123.26917, 38.45757 ], [ -123.2202, 38.44195 ], [ -123.18845, 38.40286 ], [ -123.16474, 38.38833 ], [ -123.15048, 38.36169 ], [ -123.1343, 38.34578 ], [ -123.14131, 38.31133 ], [ -123.13451, 38.29626 ], [ -123.05195, 38.21585 ], [ -123.03893, 38.19752 ], [ -123.0272, 38.16417 ], [ -123.0148, 38.14913 ], [ -123.06378, 38.03648 ], [ -123.08118, 38.01897 ], [ -123.08386, 37.98336 ], [ -123.06795, 37.95867 ], [ -123.02249, 37.94206 ], [ -122.95321, 37.94109 ], [ -122.91338, 37.95976 ], [ -122.90227, 37.97738 ], [ -122.88928, 37.97411 ], [ -122.85044, 37.94558 ], [ -122.83888, 37.91891 ], [ -122.81412, 37.90108 ], [ -122.78901, 37.89376 ], [ -122.77913, 37.87613 ], [ -122.75245, 37.8577 ], [ -122.71583, 37.84562 ], [ -122.67564, 37.84851 ], [ -122.61227, 37.81522 ], [ -122.58816, 37.78936 ], [ -122.58127, 37.7602 ], [ -122.56748, 37.63918 ], [ -122.58644, 37.59253 ], [ -122.58644, 37.56191 ], [ -122.57955, 37.54587 ], [ -122.57495, 37.49994 ], [ -122.56808, 37.47921 ], [ -122.54698, 37.45785 ], [ -122.50987, 37.44155 ], [ -122.50353, 37.4119 ], [ -122.48744, 37.38832 ], [ -122.46585, 37.34124 ], [ -122.48403, 37.24994 ], [ -122.4641, 37.17784 ], [ -122.44562, 37.15003 ], [ -122.42133, 37.13507 ], [ -122.3969, 37.10988 ], [ -122.39534, 37.09374 ], [ -122.37607, 37.06564 ], [ -122.3364, 37.05385 ], [ -122.31388, 37.05476 ], [ -122.27636, 37.02483 ], [ -122.26564, 37.00012 ], [ -122.25107, 36.98583 ], [ -122.17201, 36.94268 ], [ -122.13055, 36.92533 ], [ -122.07638, 36.9102 ], [ -122.0683, 36.87495 ], [ -122.00111, 36.6477 ], [ -122.01258, 36.63856 ], [ -122.04273, 36.59662 ], [ -122.03744, 36.56038 ], [ -122.01744, 36.5374 ], [ -122.02198, 36.5089 ], [ -121.99946, 36.46645 ], [ -121.99409, 36.43506 ], [ -121.98103, 36.41963 ], [ -121.97038, 36.38336 ], [ -121.97186, 36.35783 ], [ -121.95904, 36.2871 ], [ -121.94682, 36.27179 ], [ -121.91125, 36.24875 ], [ -121.88018, 36.21031 ], [ -121.85014, 36.19234 ], [ -121.80234, 36.1783 ], [ -121.77068, 36.16201 ], [ -121.7278, 36.12901 ], [ -121.67434, 36.06466 ], [ -121.64817, 35.99861 ], [ -121.62035, 35.96911 ], [ -121.58926, 35.95927 ], [ -121.56145, 35.94381 ], [ -121.54181, 35.90166 ], [ -121.51918, 35.8634 ], [ -121.50103, 35.84274 ], [ -121.45608, 35.81771 ], [ -121.42848, 35.7859 ], [ -121.39345, 35.7634 ], [ -121.37931, 35.72696 ], [ -121.37895, 35.70602 ], [ -121.36635, 35.68042 ], [ -121.34771, 35.66498 ], [ -121.33963, 35.64242 ], [ -121.3235, 35.62497 ], [ -121.28602, 35.60843 ], [ -121.24657, 35.60036 ], [ -121.20154, 35.58369 ], [ -121.17774, 35.56125 ], [ -121.15104, 35.51641 ], [ -121.11816, 35.4906 ], [ -121.04162, 35.41999 ], [ -121.01499, 35.41063 ], [ -120.98962, 35.41114 ], [ -120.95966, 35.39649 ], [ -120.93328, 35.39274 ], [ -120.92342, 35.34841 ], [ -120.95126, 35.29014 ], [ -120.96023, 35.24362 ], [ -120.94384, 35.21378 ], [ -120.91778, 35.18737 ], [ -120.84729, 35.13787 ], [ -120.82198, 35.13144 ], [ -120.8004, 35.11657 ], [ -120.74629, 35.10929 ], [ -120.72549, 35.11357 ], [ -120.68959, 35.09882 ], [ -120.68779, 35.07748 ], [ -120.6947, 35.02884 ], [ -120.71482, 34.96263 ], [ -120.72573, 34.9465 ], [ -120.73381, 34.89604 ], [ -120.71295, 34.8629 ], [ -120.67327, 34.83862 ], [ -120.70208, 34.74833 ], [ -120.69712, 34.73575 ], [ -120.66468, 34.69634 ], [ -120.68647, 34.64502 ], [ -120.70717, 34.61621 ], [ -120.71274, 34.56829 ], [ -120.68451, 34.52713 ], [ -120.64235, 34.50376 ], [ -120.59432, 34.50407 ], [ -120.55942, 34.48846 ], [ -120.53565, 34.45269 ], [ -120.52363, 34.4195 ], [ -120.50098, 34.40313 ], [ -120.45098, 34.39118 ], [ -120.36732, 34.40848 ], [ -120.3245, 34.40974 ], [ -120.28711, 34.41761 ], [ -120.24059, 34.41745 ], [ -120.13511, 34.42206 ], [ -120.09066, 34.40928 ], [ -120.0448, 34.41245 ], [ -119.92788, 34.37499 ], [ -119.89849, 34.36035 ], [ -119.83791, 34.35431 ], [ -119.79705, 34.36533 ], [ -119.73201, 34.33969 ], [ -119.70758, 34.33732 ], [ -119.6661, 34.35446 ], [ -119.65134, 34.3667 ], [ -119.61745, 34.36873 ], [ -119.58478, 34.36166 ], [ -119.55581, 34.34502 ], [ -119.50094, 34.32692 ], [ -119.46698, 34.29366 ], [ -119.42861, 34.27778 ], [ -119.40198, 34.27225 ], [ -119.37592, 34.24988 ], [ -119.33591, 34.23752 ], [ -119.28573, 34.1408 ], [ -119.25093, 34.1062 ], [ -119.21798, 34.06249 ], [ -119.15895, 34.04025 ], [ -119.11678, 34.02982 ], [ -119.02739, 34.01492 ], [ -118.95241, 33.99296 ], [ -118.88729, 33.98722 ], [ -118.82488, 33.94904 ], [ -118.77902, 33.95452 ], [ -118.74638, 33.9755 ], [ -118.65015, 33.98511 ], [ -118.55734, 33.98767 ], [ -118.52343, 33.95305 ], [ -118.5009, 33.91862 ], [ -118.44724, 33.84876 ], [ -118.44395, 33.83905 ], [ -118.48447, 33.80315 ], [ -118.48556, 33.75366 ], [ -118.46695, 33.72552 ], [ -118.42862, 33.70126 ], [ -118.38592, 33.68671 ], [ -118.3454, 33.66342 ], [ -118.31912, 33.65954 ], [ -118.27423, 33.66343 ], [ -118.23699, 33.69059 ], [ -118.16582, 33.69156 ], [ -118.12589, 33.69715 ], [ -118.09646, 33.65365 ], [ -118.0336, 33.60935 ], [ -118.00021, 33.59274 ], [ -117.93403, 33.54925 ], [ -117.81634, 33.49087 ], [ -117.79325, 33.46978 ], [ -117.76513, 33.43154 ], [ -117.73532, 33.40743 ], [ -117.71356, 33.40877 ], [ -117.62587, 33.34211 ], [ -117.57152, 33.3123 ], [ -117.52099, 33.26887 ], [ -117.50086, 33.24215 ], [ -117.43555, 33.17751 ], [ -117.37586, 33.07521 ], [ -117.32327, 32.90306 ], [ -117.33965, 32.85916 ], [ -117.34199, 32.84035 ], [ -117.33029, 32.80481 ], [ -117.32093, 32.68984 ], [ -117.30923, 32.6564 ], [ -117.2769, 32.62347 ], [ -117.25198, 32.61486 ], [ -117.22329, 32.62123 ], [ -117.21001, 32.57288 ], [ -117.2049, 32.52883 ], [ -117.12439, 32.5343 ], [ -116.67336, 32.57253 ], [ -116.33393, 32.60034 ], [ -115.89646, 32.63475 ], [ -115.47623, 32.66637 ], [ -115.20687, 32.68553 ], [ -114.71948, 32.71874 ], [ -114.70221, 32.74541 ], [ -114.6896, 32.73817 ], [ -114.61566, 32.72845 ], [ -114.6151, 32.73451 ], [ -114.58177, 32.73494 ], [ -114.56443, 32.74955 ], [ -114.52684, 32.75709 ], [ -114.53166, 32.79118 ], [ -114.51031, 32.81648 ], [ -114.46896, 32.84515 ], [ -114.46292, 32.90794 ], [ -114.48073, 32.93702 ], [ -114.46761, 32.95666 ], [ -114.46993, 32.97347 ], [ -114.49012, 32.96988 ], [ -114.50635, 33.0174 ], [ -114.52012, 33.02998 ], [ -114.57827, 33.03537 ], [ -114.59808, 33.02538 ], [ -114.62972, 33.03254 ], [ -114.64597, 33.0489 ], [ -114.65781, 33.03382 ], [ -114.67079, 33.03798 ], [ -114.68901, 33.08403 ], [ -114.70647, 33.08816 ], [ -114.6969, 33.13112 ], [ -114.67934, 33.16243 ], [ -114.67447, 33.2255 ], [ -114.68941, 33.24525 ], [ -114.67448, 33.25559 ], [ -114.67702, 33.27017 ], [ -114.72325, 33.28808 ], [ -114.73121, 33.30243 ], [ -114.70092, 33.33701 ], [ -114.69904, 33.36114 ], [ -114.7073, 33.38254 ], [ -114.72424, 33.40042 ], [ -114.72005, 33.40789 ], [ -114.67368, 33.41915 ], [ -114.65824, 33.41302 ], [ -114.62963, 33.42813 ], [ -114.6229, 33.45656 ], [ -114.58923, 33.50181 ], [ -114.56095, 33.51674 ], [ -114.55801, 33.53259 ], [ -114.5242, 33.55306 ], [ -114.5406, 33.59141 ], [ -114.52206, 33.61127 ], [ -114.5332, 33.64844 ], [ -114.51404, 33.66018 ], [ -114.53211, 33.6697 ], [ -114.52395, 33.68588 ], [ -114.49648, 33.6969 ], [ -114.49655, 33.71915 ], [ -114.51233, 33.73421 ], [ -114.50708, 33.76793 ], [ -114.52804, 33.81496 ], [ -114.51996, 33.82538 ], [ -114.52987, 33.85756 ], [ -114.50387, 33.86575 ], [ -114.50433, 33.87688 ], [ -114.52568, 33.90142 ], [ -114.50797, 33.90181 ], [ -114.53413, 33.92518 ], [ -114.52199, 33.95562 ], [ -114.49987, 33.96179 ], [ -114.43825, 34.02261 ], [ -114.43933, 34.05789 ], [ -114.43417, 34.08738 ], [ -114.41589, 34.10763 ], [ -114.3665, 34.11857 ], [ -114.34804, 34.13445 ], [ -114.32456, 34.13676 ], [ -114.28671, 34.17071 ], [ -114.25413, 34.17383 ], [ -114.2297, 34.18692 ], [ -114.22585, 34.20177 ], [ -114.16446, 34.25166 ], [ -114.16463, 34.2597 ], [ -114.13544, 34.25788 ], [ -114.13827, 34.30323 ], [ -114.15719, 34.31786 ], [ -114.1769, 34.3493 ], [ -114.19947, 34.36137 ], [ -114.22609, 34.36591 ], [ -114.2629, 34.40037 ], [ -114.29114, 34.40978 ], [ -114.301, 34.4268 ], [ -114.32687, 34.43804 ], [ -114.33961, 34.45143 ], [ -114.3712, 34.44699 ], [ -114.38669, 34.45791 ], [ -114.37811, 34.50728 ], [ -114.38082, 34.52972 ], [ -114.40521, 34.56963 ], [ -114.43635, 34.59679 ], [ -114.42419, 34.61045 ], [ -114.43873, 34.62145 ], [ -114.44235, 34.64415 ], [ -114.45808, 34.65869 ], [ -114.4506, 34.66579 ], [ -114.47161, 34.71296 ], [ -114.51661, 34.73674 ], [ -114.55267, 34.76687 ], [ -114.57183, 34.79634 ], [ -114.59233, 34.84115 ], [ -114.62826, 34.86359 ], [ -114.63675, 34.8857 ], [ -114.6298, 34.94481 ], [ -114.63494, 34.95891 ], [ -114.62938, 34.98317 ], [ -114.63347, 35.00185 ] ] ], [ [ [ -123.16909, 37.79236 ], [ -123.17291, 37.7636 ], [ -123.16274, 37.74353 ], [ -123.13258, 37.71939 ], [ -123.09283, 37.71368 ], [ -123.06857, 37.67304 ], [ -123.02714, 37.64522 ], [ -123.0009, 37.63993 ], [ -122.96299, 37.65198 ], [ -122.94905, 37.66337 ], [ -122.93569, 37.69761 ], [ -122.94997, 37.73218 ], [ -122.99752, 37.77078 ], [ -123.03383, 37.77837 ], [ -123.0488, 37.79981 ], [ -123.07048, 37.81383 ], [ -123.11827, 37.82305 ], [ -123.13943, 37.81672 ], [ -123.16909, 37.79236 ] ] ], [ [ [ -119.49228, 33.98321 ], [ -119.47263, 33.97064 ], [ -119.43295, 33.9559 ], [ -119.38044, 33.95361 ], [ -119.31843, 33.9749 ], [ -119.29622, 33.99724 ], [ -119.2931, 34.02015 ], [ -119.30514, 34.04745 ], [ -119.34245, 34.06896 ], [ -119.36786, 34.07041 ], [ -119.39699, 34.06379 ], [ -119.4373, 34.06771 ], [ -119.46783, 34.06293 ], [ -119.51209, 34.09346 ], [ -119.5384, 34.10541 ], [ -119.56551, 34.10881 ], [ -119.61425, 34.09943 ], [ -119.65492, 34.07121 ], [ -119.69299, 34.09485 ], [ -119.74521, 34.11091 ], [ -119.79259, 34.10637 ], [ -119.82921, 34.1187 ], [ -119.87597, 34.12623 ], [ -119.92878, 34.1299 ], [ -119.96546, 34.11256 ], [ -119.99163, 34.06486 ], [ -120.01949, 34.08771 ], [ -120.04514, 34.0906 ], [ -120.08027, 34.0864 ], [ -120.1029, 34.07449 ], [ -120.12012, 34.07894 ], [ -120.17111, 34.07331 ], [ -120.1941, 34.05872 ], [ -120.25283, 34.05803 ], [ -120.28464, 34.09475 ], [ -120.33855, 34.12168 ], [ -120.36196, 34.14878 ], [ -120.41877, 34.16057 ], [ -120.44099, 34.15448 ], [ -120.47164, 34.1341 ], [ -120.49736, 34.14989 ], [ -120.5381, 34.15034 ], [ -120.56098, 34.14066 ], [ -120.58225, 34.10751 ], [ -120.57379, 34.07596 ], [ -120.55004, 34.05728 ], [ -120.52337, 34.05113 ], [ -120.51877, 34.01408 ], [ -120.49771, 33.9912 ], [ -120.46676, 33.97611 ], [ -120.41175, 33.97704 ], [ -120.36706, 33.96103 ], [ -120.33224, 33.96842 ], [ -120.29896, 33.96845 ], [ -120.28002, 33.95394 ], [ -120.27308, 33.92957 ], [ -120.23871, 33.9041 ], [ -120.22111, 33.88418 ], [ -120.13991, 33.8448 ], [ -120.10407, 33.84239 ], [ -120.07064, 33.85649 ], [ -120.01932, 33.87055 ], [ -119.98083, 33.89231 ], [ -119.95028, 33.89437 ], [ -119.92878, 33.90547 ], [ -119.90475, 33.93967 ], [ -119.86194, 33.91083 ], [ -119.82319, 33.89939 ], [ -119.78936, 33.91013 ], [ -119.70748, 33.91038 ], [ -119.63672, 33.93827 ], [ -119.60207, 33.93676 ], [ -119.53281, 33.94987 ], [ -119.49228, 33.98321 ] ] ], [ [ [ -119.1087, 33.51926 ], [ -119.11893, 33.50002 ], [ -119.1072, 33.50002 ], [ -119.10886, 33.45115 ], [ -119.09411, 33.42687 ], [ -119.05306, 33.41102 ], [ -119.00092, 33.41849 ], [ -118.9805, 33.42859 ], [ -118.96271, 33.4733 ], [ -118.966, 33.50002 ], [ -118.98213, 33.52426 ], [ -119.02393, 33.54 ], [ -119.07648, 33.53514 ], [ -119.1087, 33.51926 ] ] ], [ [ [ -119.62593, 33.30503 ], [ -119.63629, 33.27304 ], [ -119.63127, 33.24497 ], [ -119.60527, 33.20692 ], [ -119.57418, 33.18648 ], [ -119.51024, 33.16741 ], [ -119.47873, 33.16367 ], [ -119.4337, 33.16698 ], [ -119.37592, 33.19218 ], [ -119.36069, 33.22145 ], [ -119.36091, 33.24206 ], [ -119.37972, 33.26763 ], [ -119.42616, 33.29894 ], [ -119.50093, 33.3291 ], [ -119.5253, 33.33486 ], [ -119.59251, 33.32582 ], [ -119.62593, 33.30503 ] ] ], [ [ [ -118.67559, 33.04935 ], [ -118.67854, 33.02635 ], [ -118.67016, 33.00003 ], [ -118.64472, 33.00003 ], [ -118.63551, 32.9656 ], [ -118.60879, 32.92769 ], [ -118.59692, 32.89046 ], [ -118.56251, 32.84943 ], [ -118.53818, 32.81277 ], [ -118.50764, 32.79687 ], [ -118.47389, 32.76682 ], [ -118.43652, 32.75004 ], [ -118.40831, 32.75191 ], [ -118.37836, 32.77023 ], [ -118.35348, 32.7658 ], [ -118.32381, 32.77351 ], [ -118.30283, 32.78884 ], [ -118.28989, 32.81053 ], [ -118.28988, 32.82938 ], [ -118.31033, 32.8595 ], [ -118.36251, 32.90011 ], [ -118.44885, 32.96175 ], [ -118.48948, 33.01063 ], [ -118.49557, 33.02633 ], [ -118.52371, 33.05997 ], [ -118.54209, 33.07378 ], [ -118.57832, 33.08624 ], [ -118.61961, 33.08672 ], [ -118.64129, 33.08188 ], [ -118.66383, 33.06684 ], [ -118.67559, 33.04935 ] ] ], [ [ [ -118.6637, 33.50002 ], [ -118.6659, 33.46733 ], [ -118.65504, 33.44531 ], [ -118.60721, 33.39829 ], [ -118.54792, 33.3768 ], [ -118.54746, 33.34048 ], [ -118.51802, 33.29665 ], [ -118.48667, 33.2769 ], [ -118.45506, 33.26902 ], [ -118.38558, 33.26535 ], [ -118.3633, 33.25507 ], [ -118.32798, 33.24808 ], [ -118.30282, 33.251 ], [ -118.25916, 33.2725 ], [ -118.24593, 33.29106 ], [ -118.24104, 33.31303 ], [ -118.24509, 33.33834 ], [ -118.26273, 33.37044 ], [ -118.30658, 33.40715 ], [ -118.32464, 33.44198 ], [ -118.35938, 33.46492 ], [ -118.43682, 33.48944 ], [ -118.46895, 33.513 ], [ -118.49332, 33.51572 ], [ -118.52322, 33.53015 ], [ -118.57913, 33.52841 ], [ -118.61214, 33.53185 ], [ -118.64404, 33.52128 ], [ -118.6637, 33.50002 ] ] ] ] } },
{ "type": "Feature", "properties": { "fid": 6, "ZoneCode": "080001", "AbrvFull": "CO", "NameFull": "Colorado", "ZoneNum": 1, "AbrvPart": null, "NamePart": null, "ZoneType": "Statewide", "StateAbrv": "CO", "StateName": "Colorado", "ProjAbrv": "LC1", "ProjType": "Lambert Conformal Conic, one parallel", "LatOrigin": "39°00'N", "LonOriginE": "254°30'E", "LonOriginW": "105°30'W", "Lat0_deg": 39.0, "Lon0_E_deg": 254.5, "Lon0_W_deg": -105.5, "ProjScale": 1.0, "SkewAz_deg": -9999, "FalseN_m": 381000.0, "FalseE_m": 952500.0, "FalseN_ift": 1250000.0, "FalseE_ift": 3125000.0, "DesignBy": "NGS", "Ref_frame": "NATRF2022" }, "geometry": { "type": "Polygon", "coordinates": [ [ [ -109.04516, 36.99897 ], [ -108.73903, 36.99884 ], [ -108.28826, 36.99974 ], [ -107.87813, 36.99971 ], [ -107.39485, 37.00023 ], [ -106.87722, 37.00009 ], [ -106.86981, 36.99249 ], [ -105.70784, 36.99591 ], [ -105.22049, 36.99497 ], [ -105.12079, 36.99542 ], [ -105.00054, 36.99326 ], [ -104.64499, 36.99337 ], [ -104.6148, 36.99412 ], [ -104.33882, 36.99353 ], [ -104.25052, 36.99464 ], [ -103.6255, 36.99862 ], [ -103.00232, 37.00014 ], [ -102.98696, 36.99852 ], [ -102.81506, 36.99977 ], [ -102.69813, 36.99514 ], [ -102.37545, 36.99457 ], [ -102.04208, 36.99301 ], [ -102.04161, 37.69669 ], [ -102.0445, 37.98457 ], [ -102.04534, 38.85689 ], [ -102.04904, 39.37399 ], [ -102.05173, 40.00307 ], [ -102.05192, 40.21742 ], [ -102.0514, 40.74279 ], [ -102.0517, 41.00235 ], [ -102.98147, 41.00211 ], [ -103.00208, 41.00248 ], [ -104.05324, 41.0014 ], [ -104.17342, 41.00176 ], [ -104.62551, 41.00142 ], [ -104.88244, 40.99818 ], [ -105.25052, 40.99825 ], [ -105.75054, 40.99689 ], [ -106.218, 40.99773 ], [ -106.43955, 41.00197 ], [ -106.85776, 41.00266 ], [ -107.00311, 41.00342 ], [ -107.75061, 41.00197 ], [ -108.04653, 41.00206 ], [ -108.25064, 41.00011 ], [ -108.88412, 41.00009 ], [ -109.05001, 41.00069 ], [ -109.04844, 40.82608 ], [ -109.04907, 40.7145 ], [ -109.048, 40.58097 ], [ -109.05008, 40.52919 ], [ -109.05079, 40.37496 ], [ -109.05139, 39.51817 ], [ -109.05115, 39.1426 ], [ -109.05411, 38.87353 ], [ -109.05976, 38.71759 ], [ -109.06017, 38.27552 ], [ -109.04282, 38.16626 ], [ -109.04156, 37.56213 ], [ -109.04517, 37.40623 ], [ -109.04587, 37.1873 ], [ -109.04516, 36.99897 ] ] ] } },
{ "type": "Feature", "properties": { "fid": 7, "ZoneCode": "090001", "AbrvFull": "CT", "NameFull": "Connecticut", "ZoneNum": 1, "AbrvPart": null, "NamePart": null, "ZoneType": "Statewide", "StateAbrv": "CT", "StateName": "Connecticut", "ProjAbrv": "LC1", "ProjType": "Lambert Conformal Conic, one parallel", "LatOrigin": "41°30'N", "LonOriginE": "287°15'E", "LonOriginW": "72°45'W", "Lat0_deg": 41.5, "Lon0_E_deg": 287.25, "Lon0_W_deg": -72.75, "ProjScale": 0.99999, "SkewAz_deg": -9999, "FalseN_m": 457200.0, "FalseE_m": 762000.0, "FalseN_ift": 1500000.0, "FalseE_ift": 2500000.0, "DesignBy": "NGS", "Ref_frame": "NATRF2022" }, "geometry": { "type": "Polygon", "coordinates": [ [ [ -73.48731, 42.04952 ], [ -73.48961, 42.00008 ], [ -73.51096, 41.75874 ], [ -73.52104, 41.61976 ], [ -73.53633, 41.44662 ], [ -73.55096, 41.29541 ], [ -73.48269, 41.21276 ], [ -73.72777, 41.10069 ], [ -73.65524, 41.01184 ], [ -73.65677, 40.9845 ], [ -73.61288, 40.95093 ], [ -73.37456, 41.00105 ], [ -73.24955, 41.02586 ], [ -72.99954, 41.0871 ], [ -72.5279, 41.17776 ], [ -72.08177, 41.26223 ], [ -72.01921, 41.29058 ], [ -71.92945, 41.31038 ], [ -71.90725, 41.30447 ], [ -71.89206, 41.33007 ], [ -71.85745, 41.32078 ], [ -71.82936, 41.34242 ], [ -71.83763, 41.36549 ], [ -71.83259, 41.38638 ], [ -71.84203, 41.4107 ], [ -71.82033, 41.41937 ], [ -71.79774, 41.41682 ], [ -71.78724, 41.65606 ], [ -71.79788, 41.931 ], [ -71.79918, 42.00804 ], [ -71.80067, 42.0235 ], [ -72.07182, 42.02763 ], [ -72.14315, 42.03051 ], [ -72.53155, 42.03457 ], [ -72.60717, 42.02514 ], [ -72.60797, 42.03107 ], [ -72.69933, 42.03695 ], [ -72.75589, 42.03634 ], [ -72.76673, 42.00326 ], [ -72.81705, 41.99768 ], [ -72.81378, 42.03673 ], [ -73.0368, 42.03928 ], [ -73.42851, 42.05047 ], [ -73.48731, 42.04952 ] ] ] } },
{ "type": "Feature", "properties": { "fid": 8, "ZoneCode": "100001", "AbrvFull": "DE", "NameFull": "Delaware", "ZoneNum": 1, "AbrvPart": null, "NamePart": null, "ZoneType": "Statewide", "StateAbrv": "DE", "StateName": "Delaware", "ProjAbrv": "TM", "ProjType": "Transverse Mercator", "LatOrigin": "37°00'N", "LonOriginE": "284°36'E", "LonOriginW": "75°24'W", "Lat0_deg": 37.0, "Lon0_E_deg": 284.6, "Lon0_W_deg": -75.4, "ProjScale": 0.999994, "SkewAz_deg": -9999, "FalseN_m": 0.0, "FalseE_m": 381000.0, "FalseN_ift": 0.0, "FalseE_ift": 1250000.0, "DesignBy": "NGS", "Ref_frame": "NATRF2022" }, "geometry": { "type": "Polygon", "coordinates": [ [ [ -75.01512, 38.78865 ], [ -75.16846, 39.05617 ], [ -75.19167, 39.07899 ], [ -75.24901, 39.15894 ], [ -75.32102, 39.25137 ], [ -75.44475, 39.35508 ], [ -75.56053, 39.45564 ], [ -75.55909, 39.4958 ], [ -75.52786, 39.49813 ], [ -75.52667, 39.53021 ], [ -75.53341, 39.54204 ], [ -75.51196, 39.56728 ], [ -75.51277, 39.57828 ], [ -75.55339, 39.60176 ], [ -75.55877, 39.62998 ], [ -75.53352, 39.64755 ], [ -75.51219, 39.67176 ], [ -75.50987, 39.69391 ], [ -75.48838, 39.7147 ], [ -75.47651, 39.71609 ], [ -75.47569, 39.73365 ], [ -75.45944, 39.7658 ], [ -75.4383, 39.78439 ], [ -75.40541, 39.79639 ], [ -75.41506, 39.80191 ], [ -75.48103, 39.82931 ], [ -75.53497, 39.83852 ], [ -75.58311, 39.83863 ], [ -75.64234, 39.82821 ], [ -75.6666, 39.81995 ], [ -75.7195, 39.79036 ], [ -75.75405, 39.75617 ], [ -75.77378, 39.72219 ], [ -75.78859, 39.72219 ], [ -75.78852, 39.64812 ], [ -75.75379, 39.21875 ], [ -75.69367, 38.46007 ], [ -75.50939, 38.45428 ], [ -75.39371, 38.45212 ], [ -75.23211, 38.45121 ], [ -74.98628, 38.45162 ], [ -74.98517, 38.52816 ], [ -74.99351, 38.61249 ], [ -75.00196, 38.63167 ], [ -75.00302, 38.68596 ], [ -75.01421, 38.74503 ], [ -75.01512, 38.78865 ] ] ] } },
{ "type": "Feature", "properties": { "fid": 9, "ZoneCode": "110001", "AbrvFull": "DC", "NameFull": "District of Columbia", "ZoneNum": 1, "AbrvPart": null, "NamePart": null, "ZoneType": "Statewide", "StateAbrv": "DC", "StateName": "District of Columbia", "ProjAbrv": "OMC", "ProjType": "Hotine Oblique Mercator, center", "LatOrigin": "38°57'N", "LonOriginE": "282°57'E", "LonOriginW": "77°03'W", "Lat0_deg": 38.95, "Lon0_E_deg": 282.95, "Lon0_W_deg": -77.05, "ProjScale": 1.000003, "SkewAz_deg": 50, "FalseN_m": 114300.0, "FalseE_m": 266700.0, "FalseN_ift": 375000.0, "FalseE_ift": 875000.0, "DesignBy": "NGS", "Ref_frame": "NATRF2022" }, "geometry": { "type": "Polygon", "coordinates": [ [ [ -77.039, 38.79164 ], [ -76.90939, 38.89284 ], [ -77.04088, 38.99584 ], [ -77.11975, 38.93433 ], [ -77.10305, 38.91274 ], [ -77.06774, 38.89953 ], [ -77.0592, 38.88098 ], [ -77.04022, 38.8709 ], [ -77.03284, 38.85502 ], [ -77.039, 38.79164 ] ] ] } },
{ "type": "Feature", "properties": { "fid": 10, "ZoneCode": "120001", "AbrvFull": "FL", "NameFull": "Florida", "ZoneNum": 1, "AbrvPart": null, "NamePart": null, "ZoneType": "Statewide", "StateAbrv": "FL", "StateName": "Florida", "ProjAbrv": "OMC", "ProjType": "Hotine Oblique Mercator, center", "LatOrigin": "29°30'N", "LonOriginE": "276°30'E", "LonOriginW": "83°30'W", "Lat0_deg": 29.5, "Lon0_E_deg": 276.5, "Lon0_W_deg": -83.5, "ProjScale": 0.9997, "SkewAz_deg": -40, "FalseN_m": 990600.0, "FalseE_m": 1676400.0, "FalseN_ift": 3250000.0, "FalseE_ift": 5500000.0, "DesignBy": "NGS", "Ref_frame": "NATRF2022" }, "geometry": { "type": "MultiPolygon", "coordinates": [ [ [ [ -83.10352, 24.65798 ], [ -83.10891, 24.61108 ], [ -83.10352, 24.57996 ], [ -83.08256, 24.53687 ], [ -83.05248, 24.50519 ], [ -82.99987, 24.47698 ], [ -82.99974, 24.58391 ], [ -82.982, 24.58376 ], [ -82.96026, 24.57146 ], [ -82.91412, 24.57597 ], [ -82.88505, 24.56337 ], [ -82.84849, 24.5676 ], [ -82.82818, 24.58376 ], [ -82.65668, 24.5837 ], [ -82.64149, 24.62871 ], [ -82.63991, 24.65491 ], [ -82.65508, 24.71331 ], [ -82.67997, 24.74851 ], [ -82.72189, 24.7802 ], [ -82.75609, 24.79384 ], [ -82.78992, 24.7999 ], [ -82.86888, 24.79808 ], [ -82.94545, 24.78496 ], [ -83.00476, 24.7645 ], [ -83.05238, 24.73273 ], [ -83.08845, 24.69205 ], [ -83.10352, 24.65798 ] ] ], [ [ [ -87.51834, 30.2295 ], [ -87.51836, 30.12552 ], [ -87.38011, 30.15097 ], [ -87.3028, 30.16829 ], [ -87.25828, 30.16541 ], [ -87.18001, 30.17243 ], [ -87.12003, 30.18058 ], [ -87.01233, 30.20105 ], [ -86.85559, 30.22791 ], [ -86.71347, 30.24362 ], [ -86.64057, 30.2463 ], [ -86.59129, 30.24281 ], [ -86.5195, 30.23133 ], [ -86.44559, 30.2323 ], [ -86.385, 30.22521 ], [ -86.30637, 30.20939 ], [ -86.14979, 30.1629 ], [ -86.07406, 30.13518 ], [ -86.00549, 30.10605 ], [ -85.93113, 30.06695 ], [ -85.87285, 30.03078 ], [ -85.85019, 30.00919 ], [ -85.80355, 29.97815 ], [ -85.74151, 29.9478 ], [ -85.70978, 29.93583 ], [ -85.63172, 29.86457 ], [ -85.58961, 29.83755 ], [ -85.58647, 29.7909 ], [ -85.57023, 29.72101 ], [ -85.55731, 29.68434 ], [ -85.53198, 29.62822 ], [ -85.50454, 29.5878 ], [ -85.47087, 29.5514 ], [ -85.43133, 29.52506 ], [ -85.37284, 29.507 ], [ -85.33542, 29.50549 ], [ -85.285, 29.51505 ], [ -85.25966, 29.5248 ], [ -85.20405, 29.49392 ], [ -85.17711, 29.48515 ], [ -85.14362, 29.46058 ], [ -85.11266, 29.4464 ], [ -85.07042, 29.43697 ], [ -85.0363, 29.43649 ], [ -84.985, 29.44554 ], [ -84.89635, 29.4712 ], [ -84.86754, 29.48361 ], [ -84.78749, 29.52589 ], [ -84.72688, 29.54492 ], [ -84.68934, 29.56263 ], [ -84.64377, 29.59273 ], [ -84.58867, 29.64073 ], [ -84.54846, 29.65323 ], [ -84.48055, 29.68388 ], [ -84.46015, 29.69843 ], [ -84.41994, 29.74695 ], [ -84.36341, 29.7435 ], [ -84.31487, 29.74945 ], [ -84.25286, 29.77157 ], [ -84.22292, 29.79221 ], [ -84.2023, 29.81314 ], [ -84.18198, 29.84435 ], [ -84.1689, 29.87549 ], [ -84.16079, 29.92126 ], [ -84.1258, 29.92458 ], [ -84.06491, 29.94007 ], [ -84.03828, 29.91817 ], [ -83.97263, 29.88641 ], [ -83.93783, 29.85345 ], [ -83.90865, 29.83689 ], [ -83.87523, 29.82535 ], [ -83.83028, 29.81971 ], [ -83.78089, 29.79003 ], [ -83.75746, 29.7532 ], [ -83.74889, 29.7146 ], [ -83.71006, 29.64918 ], [ -83.68732, 29.62608 ], [ -83.64353, 29.59968 ], [ -83.61439, 29.58841 ], [ -83.58206, 29.56331 ], [ -83.56544, 29.46204 ], [ -83.55089, 29.43114 ], [ -83.53342, 29.40845 ], [ -83.50492, 29.38422 ], [ -83.43565, 29.34969 ], [ -83.4025, 29.31691 ], [ -83.35502, 29.28827 ], [ -83.34678, 29.24348 ], [ -83.3331, 29.21593 ], [ -83.29872, 29.17802 ], [ -83.26207, 29.15571 ], [ -83.26469, 29.12748 ], [ -83.25701, 29.08488 ], [ -83.21862, 29.01691 ], [ -83.19209, 28.98984 ], [ -83.16026, 28.96887 ], [ -83.11743, 28.95194 ], [ -83.08217, 28.94618 ], [ -83.02166, 28.94535 ], [ -82.97844, 28.9518 ], [ -82.94556, 28.96374 ], [ -82.94426, 28.91583 ], [ -82.92886, 28.8762 ], [ -82.91579, 28.85649 ], [ -82.92717, 28.81357 ], [ -82.92049, 28.75714 ], [ -82.89041, 28.69999 ], [ -82.87755, 28.64181 ], [ -82.8679, 28.61502 ], [ -82.83913, 28.57457 ], [ -82.85318, 28.54199 ], [ -82.85822, 28.50755 ], [ -82.85542, 28.4772 ], [ -82.87093, 28.44525 ], [ -82.8776, 28.41267 ], [ -82.89735, 28.357 ], [ -82.95377, 28.33169 ], [ -82.9838, 28.30608 ], [ -83.00915, 28.26806 ], [ -83.01941, 28.23636 ], [ -83.0214, 28.19223 ], [ -83.0125, 28.13373 ], [ -83.00681, 28.05403 ], [ -82.99923, 28.02686 ], [ -82.99844, 27.99025 ], [ -83.01407, 27.93343 ], [ -83.01997, 27.8934 ], [ -83.01794, 27.84835 ], [ -83.01043, 27.81563 ], [ -82.99388, 27.77766 ], [ -82.96549, 27.7339 ], [ -82.91521, 27.68412 ], [ -82.91738, 27.66281 ], [ -82.93283, 27.61652 ], [ -82.93347, 27.56634 ], [ -82.92473, 27.53209 ], [ -82.88981, 27.45701 ], [ -82.86161, 27.42372 ], [ -82.83624, 27.36158 ], [ -82.81015, 27.33071 ], [ -82.78628, 27.31065 ], [ -82.73464, 27.24681 ], [ -82.71089, 27.19484 ], [ -82.67053, 27.15443 ], [ -82.6353, 27.08772 ], [ -82.62842, 27.06374 ], [ -82.60031, 27.00139 ], [ -82.54881, 26.91528 ], [ -82.49877, 26.83572 ], [ -82.44505, 26.76462 ], [ -82.43157, 26.73614 ], [ -82.43317, 26.68682 ], [ -82.42798, 26.64507 ], [ -82.41514, 26.61326 ], [ -82.3903, 26.57524 ], [ -82.37746, 26.53218 ], [ -82.35964, 26.50272 ], [ -82.34706, 26.44946 ], [ -82.33457, 26.41986 ], [ -82.30375, 26.37523 ], [ -82.28055, 26.35412 ], [ -82.2185, 26.31084 ], [ -82.16932, 26.28845 ], [ -82.11233, 26.27387 ], [ -82.07617, 26.27178 ], [ -82.03337, 26.27624 ], [ -82.00546, 26.28442 ], [ -81.98529, 26.21317 ], [ -81.98011, 26.15234 ], [ -81.97343, 26.12674 ], [ -81.96802, 26.06958 ], [ -81.95756, 26.03477 ], [ -81.91843, 25.95272 ], [ -81.90773, 25.90039 ], [ -81.8707, 25.82947 ], [ -81.84202, 25.7945 ], [ -81.81737, 25.74999 ], [ -81.78767, 25.71578 ], [ -81.75138, 25.69161 ], [ -81.72389, 25.6806 ], [ -81.67673, 25.67239 ], [ -81.63007, 25.67268 ], [ -81.57623, 25.68604 ], [ -81.51902, 25.65694 ], [ -81.5066, 25.61939 ], [ -81.46788, 25.57396 ], [ -81.42541, 25.5516 ], [ -81.38477, 25.49701 ], [ -81.36051, 25.43182 ], [ -81.3252, 25.39062 ], [ -81.31491, 25.35155 ], [ -81.34243, 25.24942 ], [ -81.34155, 25.21881 ], [ -81.32854, 25.17641 ], [ -81.3048, 25.13242 ], [ -81.29293, 25.09322 ], [ -81.27806, 25.0687 ], [ -81.24358, 25.0355 ], [ -81.21427, 25.01918 ], [ -81.18858, 24.9948 ], [ -81.17035, 24.96214 ], [ -81.21196, 24.98033 ], [ -81.26575, 24.98642 ], [ -81.35038, 24.97048 ], [ -81.41348, 24.97813 ], [ -81.48849, 24.96635 ], [ -81.50763, 24.95977 ], [ -81.58131, 24.92376 ], [ -81.62159, 24.89722 ], [ -81.64807, 24.88957 ], [ -81.69158, 24.86293 ], [ -81.76188, 24.82875 ], [ -81.77824, 24.81538 ], [ -81.81421, 24.80639 ], [ -81.89429, 24.76365 ], [ -81.9468, 24.75755 ], [ -81.97769, 24.74965 ], [ -82.02695, 24.72572 ], [ -82.07325, 24.74137 ], [ -82.13034, 24.74802 ], [ -82.20073, 24.73817 ], [ -82.23771, 24.72005 ], [ -82.26277, 24.6989 ], [ -82.28734, 24.67006 ], [ -82.30809, 24.63704 ], [ -82.3265, 24.58373 ], [ -82.21545, 24.58376 ], [ -82.21955, 24.54043 ], [ -82.2032, 24.51335 ], [ -82.16605, 24.49699 ], [ -82.10033, 24.49999 ], [ -82.06717, 24.52371 ], [ -82.05107, 24.49684 ], [ -82.02347, 24.47786 ], [ -81.9744, 24.4712 ], [ -81.97976, 24.43165 ], [ -81.96731, 24.41195 ], [ -81.94644, 24.39934 ], [ -81.91112, 24.39778 ], [ -81.89426, 24.40574 ], [ -81.8669, 24.40358 ], [ -81.81352, 24.41763 ], [ -81.78898, 24.43948 ], [ -81.7818, 24.46092 ], [ -81.79236, 24.49561 ], [ -81.7708, 24.49687 ], [ -81.77439, 24.4793 ], [ -81.76287, 24.44964 ], [ -81.74869, 24.43778 ], [ -81.71183, 24.42973 ], [ -81.61025, 24.4543 ], [ -81.58582, 24.47109 ], [ -81.56495, 24.47277 ], [ -81.53992, 24.48603 ], [ -81.51908, 24.51724 ], [ -81.52785, 24.55327 ], [ -81.51461, 24.56475 ], [ -81.47473, 24.55345 ], [ -81.4516, 24.55552 ], [ -81.42063, 24.57057 ], [ -81.38543, 24.56993 ], [ -81.29345, 24.59672 ], [ -81.25447, 24.60363 ], [ -81.23991, 24.61706 ], [ -81.20425, 24.63118 ], [ -81.18404, 24.6312 ], [ -81.14768, 24.64906 ], [ -81.12479, 24.6366 ], [ -81.07652, 24.63337 ], [ -81.04764, 24.64024 ], [ -81.02258, 24.66527 ], [ -80.99979, 24.66891 ], [ -80.91891, 24.71306 ], [ -80.89329, 24.71645 ], [ -80.85222, 24.74893 ], [ -80.81246, 24.76121 ], [ -80.78337, 24.76126 ], [ -80.74511, 24.78887 ], [ -80.70881, 24.80468 ], [ -80.67481, 24.82561 ], [ -80.65234, 24.8314 ], [ -80.61989, 24.85458 ], [ -80.58545, 24.88932 ], [ -80.53816, 24.91273 ], [ -80.51434, 24.94062 ], [ -80.46949, 24.95175 ], [ -80.45336, 24.96369 ], [ -80.4391, 24.99798 ], [ -80.40932, 25.01267 ], [ -80.39282, 25.03543 ], [ -80.39043, 25.05718 ], [ -80.35778, 25.0729 ], [ -80.33332, 25.0992 ], [ -80.30289, 25.14492 ], [ -80.29483, 25.17167 ], [ -80.22495, 25.28432 ], [ -80.18697, 25.33342 ], [ -80.17656, 25.36686 ], [ -80.15164, 25.39745 ], [ -80.1391, 25.4331 ], [ -80.11709, 25.44181 ], [ -80.09838, 25.46308 ], [ -80.09506, 25.49338 ], [ -80.11515, 25.52286 ], [ -80.10354, 25.57073 ], [ -80.10777, 25.60662 ], [ -80.09178, 25.7211 ], [ -80.07315, 25.74298 ], [ -80.06307, 25.85601 ], [ -80.06572, 25.88123 ], [ -80.06335, 25.97439 ], [ -80.05453, 26.07311 ], [ -80.03811, 26.19673 ], [ -80.02463, 26.25123 ], [ -80.01527, 26.32095 ], [ -80.01436, 26.36223 ], [ -80.00614, 26.4328 ], [ -79.98854, 26.52726 ], [ -79.98064, 26.59544 ], [ -79.9813, 26.65027 ], [ -79.97473, 26.70823 ], [ -79.97965, 26.75034 ], [ -79.97542, 26.80024 ], [ -79.99646, 26.8818 ], [ -80.0391, 27.02985 ], [ -80.06338, 27.0916 ], [ -80.08095, 27.12532 ], [ -80.09541, 27.18063 ], [ -80.12709, 27.23937 ], [ -80.189, 27.37531 ], [ -80.21334, 27.42471 ], [ -80.22796, 27.463 ], [ -80.22929, 27.48562 ], [ -80.24579, 27.51017 ], [ -80.26109, 27.54913 ], [ -80.28135, 27.62117 ], [ -80.29645, 27.6534 ], [ -80.32811, 27.7503 ], [ -80.39943, 27.89146 ], [ -80.42901, 27.94148 ], [ -80.49977, 28.07725 ], [ -80.53417, 28.23417 ], [ -80.54399, 28.27109 ], [ -80.53417, 28.3357 ], [ -80.51942, 28.39108 ], [ -80.4812, 28.42551 ], [ -80.46939, 28.45309 ], [ -80.47805, 28.49245 ], [ -80.50358, 28.54036 ], [ -80.52297, 28.60823 ], [ -80.63557, 28.75026 ], [ -80.72183, 28.87499 ], [ -80.87481, 29.10596 ], [ -80.90683, 29.1447 ], [ -80.94017, 29.21172 ], [ -80.95578, 29.25025 ], [ -80.99977, 29.33681 ], [ -81.0457, 29.43246 ], [ -81.04192, 29.43289 ], [ -81.08518, 29.52886 ], [ -81.11981, 29.59672 ], [ -81.14914, 29.66614 ], [ -81.1674, 29.72309 ], [ -81.18639, 29.76007 ], [ -81.20517, 29.82243 ], [ -81.20926, 29.87524 ], [ -81.22385, 29.92155 ], [ -81.23516, 29.94227 ], [ -81.25513, 30.00024 ], [ -81.28531, 30.12524 ], [ -81.31598, 30.23611 ], [ -81.33062, 30.29947 ], [ -81.33538, 30.36129 ], [ -81.32156, 30.37857 ], [ -81.31689, 30.40771 ], [ -81.32487, 30.42473 ], [ -81.35357, 30.44665 ], [ -81.35488, 30.49275 ], [ -81.375, 30.53275 ], [ -81.38027, 30.56322 ], [ -81.38086, 30.62734 ], [ -81.37339, 30.66277 ], [ -81.35816, 30.67597 ], [ -81.34701, 30.71244 ], [ -81.46401, 30.71098 ], [ -81.48482, 30.72511 ], [ -81.53369, 30.72306 ], [ -81.53865, 30.70868 ], [ -81.57239, 30.72189 ], [ -81.60604, 30.71867 ], [ -81.6515, 30.74067 ], [ -81.67352, 30.73878 ], [ -81.69241, 30.74763 ], [ -81.7181, 30.7448 ], [ -81.74027, 30.76424 ], [ -81.77005, 30.77706 ], [ -81.78141, 30.76139 ], [ -81.79261, 30.78677 ], [ -81.83947, 30.78658 ], [ -81.88185, 30.79995 ], [ -81.8929, 30.82551 ], [ -81.90836, 30.81599 ], [ -81.92811, 30.81741 ], [ -81.93883, 30.82984 ], [ -81.96441, 30.81668 ], [ -81.96225, 30.79668 ], [ -81.97738, 30.77684 ], [ -82.00828, 30.79106 ], [ -82.02226, 30.78813 ], [ -82.0116, 30.76187 ], [ -82.03677, 30.75443 ], [ -82.03592, 30.7062 ], [ -82.05021, 30.67453 ], [ -82.03904, 30.64321 ], [ -82.00616, 30.57727 ], [ -82.01863, 30.52383 ], [ -82.0169, 30.4751 ], [ -82.03823, 30.43577 ], [ -82.03406, 30.42003 ], [ -82.04469, 30.40412 ], [ -82.03721, 30.37184 ], [ -82.06658, 30.356 ], [ -82.10501, 30.36881 ], [ -82.17162, 30.35991 ], [ -82.19029, 30.37627 ], [ -82.21073, 30.42563 ], [ -82.20123, 30.48511 ], [ -82.22507, 30.50768 ], [ -82.2404, 30.53776 ], [ -82.23418, 30.55764 ], [ -82.21467, 30.56855 ], [ -82.4958, 30.58648 ], [ -83.49992, 30.64567 ], [ -83.87778, 30.66572 ], [ -84.37489, 30.68979 ], [ -84.4744, 30.69279 ], [ -84.54331, 30.69699 ], [ -84.86469, 30.71154 ], [ -84.89762, 30.75139 ], [ -84.91112, 30.75119 ], [ -84.91802, 30.77808 ], [ -84.93682, 30.81848 ], [ -84.92572, 30.84378 ], [ -84.93372, 30.85208 ], [ -84.94252, 30.88848 ], [ -84.98362, 30.93598 ], [ -84.98042, 30.96208 ], [ -85.00402, 30.97346 ], [ -85.00249, 31.00068 ], [ -85.24363, 31.00088 ], [ -85.49799, 30.99693 ], [ -85.74961, 30.99529 ], [ -85.87492, 30.99361 ], [ -86.12153, 30.99288 ], [ -86.18081, 30.994 ], [ -86.40509, 30.99441 ], [ -86.52019, 30.99325 ], [ -86.56343, 30.99522 ], [ -86.70448, 30.99466 ], [ -86.72358, 30.99656 ], [ -87.14075, 30.99953 ], [ -87.23768, 30.99639 ], [ -87.31194, 30.99843 ], [ -87.59882, 30.99745 ], [ -87.58886, 30.96578 ], [ -87.62026, 30.8874 ], [ -87.63478, 30.8667 ], [ -87.62622, 30.84666 ], [ -87.60079, 30.82128 ], [ -87.57721, 30.80877 ], [ -87.5513, 30.78568 ], [ -87.53255, 30.74319 ], [ -87.5015, 30.72109 ], [ -87.48189, 30.71731 ], [ -87.46808, 30.7002 ], [ -87.4513, 30.69959 ], [ -87.40635, 30.67443 ], [ -87.39329, 30.62721 ], [ -87.41792, 30.5624 ], [ -87.43488, 30.54943 ], [ -87.4477, 30.51045 ], [ -87.42857, 30.48969 ], [ -87.43557, 30.48049 ], [ -87.41467, 30.45729 ], [ -87.37076, 30.44686 ], [ -87.36938, 30.43194 ], [ -87.40777, 30.40889 ], [ -87.42437, 30.40979 ], [ -87.44067, 30.39149 ], [ -87.45077, 30.34699 ], [ -87.46107, 30.33529 ], [ -87.49997, 30.32895 ], [ -87.50557, 30.31109 ], [ -87.48367, 30.3048 ], [ -87.45007, 30.31109 ], [ -87.45237, 30.3002 ], [ -87.51837, 30.2839 ], [ -87.51834, 30.2295 ] ] ] ] } },
{ "type": "Feature", "properties": { "fid": 11, "ZoneCode": "130001", "AbrvFull": "GA", "NameFull": "Georgia", "ZoneNum": 1, "AbrvPart": null, "NamePart": null, "ZoneType": "Statewide", "StateAbrv": "GA", "StateName": "Georgia", "ProjAbrv": "TM", "ProjType": "Transverse Mercator", "LatOrigin": "26°30'N", "LonOriginE": "276°54'E", "LonOriginW": "83°06'W", "Lat0_deg": 26.5, "Lon0_E_deg": 276.9, "Lon0_W_deg": -83.1, "ProjScale": 0.9998, "SkewAz_deg": -9999, "FalseN_m": 0.0, "FalseE_m": 1219200.0, "FalseN_ift": 0.0, "FalseE_ift": 4000000.0, "DesignBy": "NGS", "Ref_frame": "NATRF2022" }, "geometry": { "type": "Polygon", "coordinates": [ [ [ -81.34701, 30.71244 ], [ -81.35476, 30.73847 ], [ -81.36741, 30.75251 ], [ -81.40048, 30.76642 ], [ -81.3748, 30.81737 ], [ -81.3502, 30.8891 ], [ -81.3452, 30.9315 ], [ -81.31753, 30.94849 ], [ -81.3073, 30.96222 ], [ -81.30477, 30.98571 ], [ -81.31302, 31.00023 ], [ -81.34449, 31.0181 ], [ -81.35341, 31.03711 ], [ -81.3453, 31.05936 ], [ -81.3225, 31.06379 ], [ -81.29787, 31.08095 ], [ -81.28588, 31.10944 ], [ -81.29214, 31.15541 ], [ -81.25729, 31.15844 ], [ -81.23433, 31.17025 ], [ -81.21626, 31.20464 ], [ -81.18767, 31.24625 ], [ -81.18276, 31.26584 ], [ -81.18611, 31.32679 ], [ -81.17198, 31.35529 ], [ -81.17254, 31.37682 ], [ -81.19075, 31.39987 ], [ -81.16693, 31.42344 ], [ -81.16355, 31.44203 ], [ -81.14384, 31.47151 ], [ -81.12543, 31.47753 ], [ -81.10713, 31.49663 ], [ -81.08706, 31.52915 ], [ -81.07668, 31.59794 ], [ -81.06582, 31.62522 ], [ -81.06963, 31.6424 ], [ -81.04978, 31.68863 ], [ -81.05662, 31.71487 ], [ -81.02582, 31.72022 ], [ -80.99719, 31.7485 ], [ -80.97072, 31.79835 ], [ -80.93831, 31.809 ], [ -80.91681, 31.83837 ], [ -80.89698, 31.8528 ], [ -80.85533, 31.9108 ], [ -80.81927, 31.93385 ], [ -80.78984, 31.96438 ], [ -80.78295, 31.99595 ], [ -80.81557, 32.02991 ], [ -80.85023, 32.04141 ], [ -80.89027, 32.03555 ], [ -80.92508, 32.04193 ], [ -80.95403, 32.07028 ], [ -80.9835, 32.07954 ], [ -81.0043, 32.10236 ], [ -81.03812, 32.08373 ], [ -81.08826, 32.09992 ], [ -81.09551, 32.11189 ], [ -81.11722, 32.1176 ], [ -81.11733, 32.1462 ], [ -81.12975, 32.16583 ], [ -81.11823, 32.1892 ], [ -81.15576, 32.24579 ], [ -81.14643, 32.26317 ], [ -81.11978, 32.28636 ], [ -81.12263, 32.30698 ], [ -81.133, 32.30851 ], [ -81.13162, 32.33573 ], [ -81.14132, 32.35008 ], [ -81.17379, 32.36268 ], [ -81.17828, 32.39298 ], [ -81.20557, 32.42389 ], [ -81.20847, 32.43618 ], [ -81.1886, 32.4653 ], [ -81.2004, 32.46831 ], [ -81.23311, 32.49806 ], [ -81.23341, 32.51796 ], [ -81.25106, 32.5178 ], [ -81.27951, 32.53622 ], [ -81.2749, 32.54475 ], [ -81.28986, 32.56208 ], [ -81.31912, 32.55959 ], [ -81.35592, 32.5716 ], [ -81.35803, 32.5822 ], [ -81.37888, 32.58891 ], [ -81.41865, 32.62939 ], [ -81.39303, 32.65154 ], [ -81.41054, 32.69251 ], [ -81.42708, 32.70103 ], [ -81.41667, 32.71228 ], [ -81.41854, 32.73258 ], [ -81.40586, 32.74914 ], [ -81.41183, 32.76214 ], [ -81.43193, 32.7689 ], [ -81.42333, 32.77851 ], [ -81.42814, 32.80152 ], [ -81.42061, 32.83122 ], [ -81.42647, 32.84077 ], [ -81.45706, 32.85038 ], [ -81.45135, 32.86858 ], [ -81.47944, 32.88108 ], [ -81.48319, 32.9218 ], [ -81.50271, 32.93868 ], [ -81.51115, 32.96798 ], [ -81.49982, 32.96381 ], [ -81.49876, 33.00015 ], [ -81.49189, 33.00669 ], [ -81.51058, 33.0258 ], [ -81.57833, 33.05893 ], [ -81.60329, 33.07508 ], [ -81.61499, 33.09554 ], [ -81.64543, 33.09404 ], [ -81.67943, 33.11174 ], [ -81.70463, 33.11644 ], [ -81.74383, 33.14144 ], [ -81.76273, 33.15884 ], [ -81.76773, 33.18464 ], [ -81.75693, 33.19784 ], [ -81.76793, 33.21634 ], [ -81.80523, 33.21143 ], [ -81.85282, 33.24854 ], [ -81.83573, 33.26264 ], [ -81.84653, 33.28444 ], [ -81.86333, 33.28984 ], [ -81.84603, 33.30484 ], [ -81.86653, 33.31374 ], [ -81.88143, 33.30284 ], [ -81.90095, 33.33544 ], [ -81.90612, 33.32161 ], [ -81.94613, 33.37093 ], [ -81.92497, 33.37513 ], [ -81.94447, 33.40367 ], [ -81.91022, 33.41456 ], [ -81.93138, 33.42847 ], [ -81.91312, 33.43833 ], [ -81.93413, 33.46833 ], [ -81.98593, 33.48653 ], [ -82.00982, 33.53031 ], [ -82.04633, 33.56382 ], [ -82.09201, 33.58186 ], [ -82.10623, 33.59563 ], [ -82.13352, 33.59053 ], [ -82.15833, 33.6097 ], [ -82.17435, 33.61311 ], [ -82.19658, 33.63058 ], [ -82.20016, 33.66201 ], [ -82.23431, 33.69983 ], [ -82.24747, 33.75258 ], [ -82.29939, 33.78503 ], [ -82.30021, 33.80062 ], [ -82.34693, 33.83429 ], [ -82.3691, 33.84237 ], [ -82.40835, 33.86631 ], [ -82.4228, 33.86375 ], [ -82.4551, 33.88164 ], [ -82.49481, 33.91171 ], [ -82.52451, 33.94335 ], [ -82.55676, 33.94532 ], [ -82.57955, 33.97968 ], [ -82.57533, 33.99055 ], [ -82.59531, 34.01522 ], [ -82.59388, 34.0281 ], [ -82.6279, 34.06418 ], [ -82.64552, 34.07606 ], [ -82.64016, 34.08732 ], [ -82.65872, 34.10377 ], [ -82.67521, 34.12977 ], [ -82.71745, 34.15054 ], [ -82.74058, 34.20726 ], [ -82.74681, 34.26658 ], [ -82.78212, 34.29827 ], [ -82.7943, 34.34012 ], [ -82.83357, 34.36409 ], [ -82.83597, 34.3809 ], [ -82.86439, 34.45978 ], [ -82.90155, 34.48676 ], [ -82.92591, 34.48152 ], [ -82.99068, 34.47996 ], [ -82.99919, 34.47244 ], [ -83.03456, 34.48356 ], [ -83.05869, 34.50358 ], [ -83.08677, 34.51576 ], [ -83.0779, 34.52377 ], [ -83.10304, 34.53296 ], [ -83.12637, 34.56189 ], [ -83.14317, 34.57339 ], [ -83.17257, 34.60779 ], [ -83.19737, 34.60319 ], [ -83.24337, 34.61799 ], [ -83.25527, 34.63769 ], [ -83.29318, 34.65429 ], [ -83.30463, 34.66955 ], [ -83.33889, 34.68003 ], [ -83.35269, 34.7169 ], [ -83.34907, 34.73663 ], [ -83.3263, 34.75083 ], [ -83.31902, 34.77109 ], [ -83.32414, 34.78747 ], [ -83.30297, 34.8023 ], [ -83.28864, 34.82467 ], [ -83.27053, 34.81886 ], [ -83.26719, 34.84846 ], [ -83.25098, 34.84433 ], [ -83.2432, 34.87706 ], [ -83.20625, 34.87967 ], [ -83.15896, 34.92913 ], [ -83.14151, 34.92451 ], [ -83.12691, 34.93856 ], [ -83.11175, 34.93496 ], [ -83.12677, 34.95472 ], [ -83.09882, 34.99195 ], [ -83.10861, 35.00065 ], [ -83.30229, 34.99621 ], [ -83.62004, 34.99203 ], [ -83.61994, 34.98666 ], [ -83.74989, 34.98783 ], [ -84.03232, 34.98702 ], [ -84.32181, 34.9884 ], [ -84.95277, 34.98794 ], [ -85.4665, 34.98296 ], [ -85.60516, 34.98467 ], [ -85.59697, 34.93376 ], [ -85.56141, 34.75007 ], [ -85.52725, 34.58868 ], [ -85.47044, 34.32823 ], [ -85.43638, 34.15807 ], [ -85.40674, 34.00231 ], [ -85.30443, 33.48288 ], [ -85.2331, 33.11171 ], [ -85.18473, 32.87051 ], [ -85.18399, 32.86049 ], [ -85.1623, 32.85647 ], [ -85.15458, 32.8398 ], [ -85.16853, 32.82714 ], [ -85.16793, 32.8116 ], [ -85.12232, 32.77438 ], [ -85.14297, 32.76165 ], [ -85.13313, 32.74462 ], [ -85.11316, 32.73281 ], [ -85.12273, 32.71603 ], [ -85.11233, 32.68323 ], [ -85.08848, 32.65775 ], [ -85.10543, 32.64493 ], [ -85.08273, 32.63403 ], [ -85.08223, 32.61626 ], [ -85.06719, 32.5793 ], [ -85.0213, 32.54308 ], [ -85.00153, 32.51473 ], [ -84.99352, 32.45074 ], [ -84.97182, 32.44284 ], [ -84.96342, 32.42254 ], [ -84.97942, 32.41224 ], [ -84.98386, 32.36238 ], [ -85.00458, 32.34519 ], [ -85.00278, 32.32242 ], [ -84.93379, 32.29825 ], [ -84.88851, 32.26086 ], [ -84.90722, 32.24904 ], [ -84.92952, 32.21924 ], [ -84.97332, 32.21764 ], [ -84.98022, 32.20774 ], [ -84.96172, 32.19854 ], [ -85.00922, 32.18164 ], [ -85.04559, 32.14375 ], [ -85.06205, 32.13248 ], [ -85.04506, 32.08806 ], [ -85.05323, 32.0806 ], [ -85.05803, 32.0336 ], [ -85.04886, 32.023 ], [ -85.07092, 31.98165 ], [ -85.06592, 31.97115 ], [ -85.08682, 31.95775 ], [ -85.07892, 31.94015 ], [ -85.11312, 31.91185 ], [ -85.11702, 31.89285 ], [ -85.13292, 31.89305 ], [ -85.12882, 31.87635 ], [ -85.14072, 31.85745 ], [ -85.13212, 31.82796 ], [ -85.13292, 31.79236 ], [ -85.14182, 31.78236 ], [ -85.12632, 31.76886 ], [ -85.11912, 31.73096 ], [ -85.12592, 31.69626 ], [ -85.09242, 31.65996 ], [ -85.08042, 31.65596 ], [ -85.08702, 31.64096 ], [ -85.05747, 31.61862 ], [ -85.05795, 31.57083 ], [ -85.04142, 31.53929 ], [ -85.04455, 31.5209 ], [ -85.07161, 31.46838 ], [ -85.0664, 31.42949 ], [ -85.07605, 31.42435 ], [ -85.07733, 31.40084 ], [ -85.09216, 31.36457 ], [ -85.08382, 31.32696 ], [ -85.09033, 31.2936 ], [ -85.11035, 31.28174 ], [ -85.1117, 31.25802 ], [ -85.09684, 31.22523 ], [ -85.10696, 31.20269 ], [ -85.10052, 31.16599 ], [ -85.07779, 31.15788 ], [ -85.05286, 31.11948 ], [ -85.03706, 31.10975 ], [ -85.02857, 31.07458 ], [ -85.01138, 31.05354 ], [ -84.99942, 31.01384 ], [ -85.00249, 31.00068 ], [ -85.00402, 30.97346 ], [ -84.98042, 30.96208 ], [ -84.98362, 30.93598 ], [ -84.94252, 30.88848 ], [ -84.93372, 30.85208 ], [ -84.92572, 30.84378 ], [ -84.93682, 30.81848 ], [ -84.91802, 30.77808 ], [ -84.91112, 30.75119 ], [ -84.89762, 30.75139 ], [ -84.86469, 30.71154 ], [ -84.54331, 30.69699 ], [ -84.4744, 30.69279 ], [ -84.37489, 30.68979 ], [ -83.87778, 30.66572 ], [ -83.49992, 30.64567 ], [ -82.4958, 30.58648 ], [ -82.21467, 30.56855 ], [ -82.23418, 30.55764 ], [ -82.2404, 30.53776 ], [ -82.22507, 30.50768 ], [ -82.20123, 30.48511 ], [ -82.21073, 30.42563 ], [ -82.19029, 30.37627 ], [ -82.17162, 30.35991 ], [ -82.10501, 30.36881 ], [ -82.06658, 30.356 ], [ -82.03721, 30.37184 ], [ -82.04469, 30.40412 ], [ -82.03406, 30.42003 ], [ -82.03823, 30.43577 ], [ -82.0169, 30.4751 ], [ -82.01863, 30.52383 ], [ -82.00616, 30.57727 ], [ -82.03904, 30.64321 ], [ -82.05021, 30.67453 ], [ -82.03592, 30.7062 ], [ -82.03677, 30.75443 ], [ -82.0116, 30.76187 ], [ -82.02226, 30.78813 ], [ -82.00828, 30.79106 ], [ -81.97738, 30.77684 ], [ -81.96225, 30.79668 ], [ -81.96441, 30.81668 ], [ -81.93883, 30.82984 ], [ -81.92811, 30.81741 ], [ -81.90836, 30.81599 ], [ -81.8929, 30.82551 ], [ -81.88185, 30.79995 ], [ -81.83947, 30.78658 ], [ -81.79261, 30.78677 ], [ -81.78141, 30.76139 ], [ -81.77005, 30.77706 ], [ -81.74027, 30.76424 ], [ -81.7181, 30.7448 ], [ -81.69241, 30.74763 ], [ -81.67352, 30.73878 ], [ -81.6515, 30.74067 ], [ -81.60604, 30.71867 ], [ -81.57239, 30.72189 ], [ -81.53865, 30.70868 ], [ -81.53369, 30.72306 ], [ -81.48482, 30.72511 ], [ -81.46401, 30.71098 ], [ -81.34701, 30.71244 ] ] ] } },
{ "type": "Feature", "properties": { "fid": 12, "ZoneCode": "150001", "AbrvFull": "HI", "NameFull": "Hawaii", "ZoneNum": 1, "AbrvPart": null, "NamePart": null, "ZoneType": "Statewide", "StateAbrv": "HI", "StateName": "Hawaii", "ProjAbrv": "OMC", "ProjType": "Hotine Oblique Mercator, center", "LatOrigin": "20°54'N", "LonOriginE": "202°30'E", "LonOriginW": "157°30'W", "Lat0_deg": 20.9, "Lon0_E_deg": 202.5, "Lon0_W_deg": -157.5, "ProjScale": 1.00001, "SkewAz_deg": -56, "FalseN_m": 381000.0, "FalseE_m": 838200.0, "FalseN_ift": 1250000.0, "FalseE_ift": 2750000.0, "DesignBy": "NGS", "Ref_frame": "PATRF2022" }, "geometry": { "type": "MultiPolygon", "coordinates": [ [ [ [ -154.9947, 19.78892 ], [ -155.0333, 19.79342 ], [ -155.0316, 19.875 ], [ -155.0468, 19.8977 ], [ -155.07083, 19.91842 ], [ -155.08603, 19.94174 ], [ -155.14031, 19.98948 ], [ -155.21175, 20.03846 ], [ -155.25238, 20.06345 ], [ -155.29829, 20.08151 ], [ -155.36969, 20.11595 ], [ -155.39753, 20.13283 ], [ -155.43816, 20.14881 ], [ -155.54073, 20.18025 ], [ -155.57875, 20.18015 ], [ -155.60638, 20.19395 ], [ -155.63184, 20.21425 ], [ -155.68883, 20.24478 ], [ -155.7022, 20.2616 ], [ -155.75145, 20.29447 ], [ -155.83677, 20.32123 ], [ -155.86094, 20.32028 ], [ -155.90686, 20.30607 ], [ -155.92643, 20.29179 ], [ -155.94795, 20.26165 ], [ -155.95765, 20.23497 ], [ -155.9608, 20.19773 ], [ -155.9577, 20.16761 ], [ -155.94391, 20.11295 ], [ -155.93226, 20.08344 ], [ -155.8843, 20.01833 ], [ -155.93887, 19.96152 ], [ -155.96241, 19.90915 ], [ -156.01238, 19.88975 ], [ -156.05353, 19.84353 ], [ -156.0795, 19.83113 ], [ -156.09566, 19.81501 ], [ -156.10722, 19.7904 ], [ -156.1179, 19.74457 ], [ -156.11906, 19.7193 ], [ -156.0888, 19.66141 ], [ -156.07528, 19.62096 ], [ -156.03588, 19.59796 ], [ -156.02298, 19.56363 ], [ -156.01285, 19.5 ], [ -155.99912, 19.46618 ], [ -155.97809, 19.44581 ], [ -155.9636, 19.38652 ], [ -155.9432, 19.34423 ], [ -155.94645, 19.29044 ], [ -155.95618, 19.25995 ], [ -155.95671, 19.23096 ], [ -155.97387, 19.14257 ], [ -155.97252, 19.10138 ], [ -155.95405, 19.05362 ], [ -155.92592, 19.00815 ], [ -155.87498, 18.97643 ], [ -155.82822, 18.96654 ], [ -155.78171, 18.93342 ], [ -155.73996, 18.91689 ], [ -155.72288, 18.88252 ], [ -155.69424, 18.86678 ], [ -155.66298, 18.86616 ], [ -155.63074, 18.87969 ], [ -155.56558, 18.93452 ], [ -155.54534, 18.96185 ], [ -155.53735, 18.98906 ], [ -155.51877, 19.00807 ], [ -155.49486, 19.07158 ], [ -155.46608, 19.09535 ], [ -155.42892, 19.10721 ], [ -155.39142, 19.14436 ], [ -155.34214, 19.16131 ], [ -155.32025, 19.17478 ], [ -155.29784, 19.19945 ], [ -155.258, 19.22217 ], [ -155.23004, 19.21285 ], [ -155.18208, 19.20995 ], [ -155.10549, 19.23427 ], [ -155.04914, 19.26725 ], [ -154.99743, 19.28455 ], [ -154.93965, 19.31283 ], [ -154.88901, 19.36039 ], [ -154.8479, 19.38515 ], [ -154.8103, 19.41606 ], [ -154.77574, 19.45711 ], [ -154.75989, 19.5 ], [ -154.75932, 19.53646 ], [ -154.77828, 19.55989 ], [ -154.82221, 19.59331 ], [ -154.87498, 19.61617 ], [ -154.91144, 19.66203 ], [ -154.92892, 19.6736 ], [ -154.92809, 19.70453 ], [ -154.95241, 19.75678 ], [ -154.97783, 19.7814 ], [ -154.9947, 19.78892 ] ] ], [ [ [ -157.11121, 20.93123 ], [ -157.11722, 20.89169 ], [ -157.11012, 20.86946 ], [ -157.07519, 20.8273 ], [ -157.04805, 20.82054 ], [ -157.04517, 20.77047 ], [ -157.02726, 20.72873 ], [ -156.99442, 20.69357 ], [ -156.96282, 20.68546 ], [ -156.93588, 20.69222 ], [ -156.87498, 20.69096 ], [ -156.8454, 20.71168 ], [ -156.81698, 20.71979 ], [ -156.79535, 20.73525 ], [ -156.76903, 20.77085 ], [ -156.74998, 20.8076 ], [ -156.75744, 20.85077 ], [ -156.79093, 20.89495 ], [ -156.82331, 20.93081 ], [ -156.86846, 20.96438 ], [ -156.91331, 20.97796 ], [ -156.98981, 20.98506 ], [ -157.03525, 20.9833 ], [ -157.08882, 20.9584 ], [ -157.11121, 20.93123 ] ] ], [ [ [ -156.45107, 20.96876 ], [ -156.46342, 20.97955 ], [ -156.47537, 21.01921 ], [ -156.49071, 21.03543 ], [ -156.5595, 21.08234 ], [ -156.59102, 21.09241 ], [ -156.61812, 21.0905 ], [ -156.67041, 21.07669 ], [ -156.70847, 21.04323 ], [ -156.735, 21.00573 ], [ -156.75178, 20.94855 ], [ -156.75193, 20.91368 ], [ -156.7394, 20.88881 ], [ -156.73752, 20.86792 ], [ -156.72172, 20.84244 ], [ -156.65984, 20.77842 ], [ -156.62498, 20.76308 ], [ -156.62498, 20.75 ], [ -156.58692, 20.75 ], [ -156.5468, 20.73249 ], [ -156.51185, 20.73539 ], [ -156.49571, 20.69158 ], [ -156.53164, 20.67922 ], [ -156.54961, 20.65803 ], [ -156.59772, 20.65788 ], [ -156.65504, 20.625 ], [ -156.70443, 20.60459 ], [ -156.73363, 20.58184 ], [ -156.75413, 20.5443 ], [ -156.74997, 20.50682 ], [ -156.74998, 20.45433 ], [ -156.7051, 20.45414 ], [ -156.60129, 20.46098 ], [ -156.53344, 20.46298 ], [ -156.51218, 20.47478 ], [ -156.48935, 20.5 ], [ -156.47954, 20.52957 ], [ -156.48836, 20.55855 ], [ -156.48449, 20.57908 ], [ -156.45985, 20.55767 ], [ -156.42048, 20.53661 ], [ -156.37498, 20.53143 ], [ -156.29046, 20.53689 ], [ -156.24998, 20.55034 ], [ -156.19559, 20.57715 ], [ -156.13525, 20.56984 ], [ -156.07326, 20.59841 ], [ -156.02993, 20.60407 ], [ -155.96144, 20.66045 ], [ -155.94578, 20.68391 ], [ -155.92809, 20.72479 ], [ -155.92677, 20.78173 ], [ -155.93911, 20.83659 ], [ -155.95898, 20.875 ], [ -155.99998, 20.875 ], [ -155.99998, 20.85212 ], [ -156.03227, 20.85986 ], [ -156.08168, 20.88073 ], [ -156.09591, 20.89848 ], [ -156.13634, 20.91744 ], [ -156.19528, 20.9715 ], [ -156.21433, 20.98309 ], [ -156.27429, 21.00424 ], [ -156.29447, 21.00103 ], [ -156.3392, 21.00419 ], [ -156.37759, 20.98982 ], [ -156.40489, 20.97418 ], [ -156.45107, 20.96876 ] ] ], [ [ [ -156.8535, 21.2227 ], [ -156.87435, 21.23309 ], [ -156.91026, 21.22957 ], [ -156.92738, 21.25658 ], [ -156.95215, 21.26933 ], [ -156.99033, 21.27353 ], [ -157.00907, 21.26595 ], [ -157.03015, 21.24395 ], [ -157.05738, 21.24419 ], [ -157.12498, 21.25714 ], [ -157.15898, 21.2579 ], [ -157.18393, 21.27147 ], [ -157.2202, 21.2785 ], [ -157.27217, 21.27656 ], [ -157.29228, 21.26563 ], [ -157.31051, 21.24452 ], [ -157.31166, 21.20413 ], [ -157.34988, 21.15708 ], [ -157.36565, 21.125 ], [ -157.36653, 21.10096 ], [ -157.34911, 21.07224 ], [ -157.32123, 21.05068 ], [ -157.23142, 21.0431 ], [ -157.12953, 21.04855 ], [ -157.10274, 21.05796 ], [ -157.07213, 21.0576 ], [ -157.05022, 21.0427 ], [ -157.02449, 21.0388 ], [ -156.97388, 21.02182 ], [ -156.96312, 21.01287 ], [ -156.91452, 20.99758 ], [ -156.87498, 20.9937 ], [ -156.87498, 21.0 ], [ -156.83694, 21.0 ], [ -156.8016, 21.02197 ], [ -156.78527, 21.02454 ], [ -156.70804, 21.07221 ], [ -156.69398, 21.08779 ], [ -156.67257, 21.09572 ], [ -156.65051, 21.13428 ], [ -156.65955, 21.18191 ], [ -156.68649, 21.21051 ], [ -156.72206, 21.22606 ], [ -156.79483, 21.23416 ], [ -156.8535, 21.2227 ] ] ], [ [ [ -158.34464, 21.58318 ], [ -158.34214, 21.56429 ], [ -158.32864, 21.546 ], [ -158.29864, 21.52472 ], [ -158.30134, 21.49682 ], [ -158.29015, 21.49682 ], [ -158.29025, 21.47596 ], [ -158.27623, 21.44932 ], [ -158.24004, 21.41153 ], [ -158.23554, 21.38943 ], [ -158.21774, 21.36453 ], [ -158.18324, 21.34593 ], [ -158.16434, 21.27233 ], [ -158.14924, 21.25174 ], [ -158.11006, 21.23707 ], [ -157.97434, 21.25204 ], [ -157.96354, 21.25774 ], [ -157.93144, 21.24834 ], [ -157.89864, 21.24994 ], [ -157.88131, 21.23935 ], [ -157.85905, 21.21313 ], [ -157.81021, 21.19924 ], [ -157.77139, 21.20783 ], [ -157.7453, 21.22167 ], [ -157.70831, 21.2082 ], [ -157.67576, 21.2138 ], [ -157.60768, 21.26913 ], [ -157.59789, 21.29513 ], [ -157.59871, 21.32612 ], [ -157.6082, 21.35305 ], [ -157.62844, 21.37662 ], [ -157.64244, 21.42641 ], [ -157.65214, 21.43911 ], [ -157.64073, 21.46269 ], [ -157.66093, 21.49679 ], [ -157.71216, 21.52081 ], [ -157.75091, 21.51646 ], [ -157.78094, 21.54461 ], [ -157.79863, 21.5852 ], [ -157.84413, 21.6218 ], [ -157.8602, 21.66554 ], [ -157.88143, 21.70518 ], [ -157.94177, 21.75458 ], [ -157.9783, 21.763 ], [ -157.99723, 21.76159 ], [ -158.03093, 21.74308 ], [ -158.05013, 21.73988 ], [ -158.08853, 21.70949 ], [ -158.10333, 21.6921 ], [ -158.12021, 21.6573 ], [ -158.12223, 21.6657 ], [ -158.14883, 21.642 ], [ -158.17499, 21.63201 ], [ -158.19959, 21.63447 ], [ -158.27814, 21.62784 ], [ -158.31193, 21.62178 ], [ -158.33503, 21.60457 ], [ -158.34464, 21.58318 ] ] ], [ [ [ -160.30236, 21.86149 ], [ -160.30381, 21.81958 ], [ -160.29851, 21.7905 ], [ -160.26576, 21.74618 ], [ -160.21829, 21.7288 ], [ -160.1703, 21.73955 ], [ -160.15204, 21.76295 ], [ -160.14192, 21.79903 ], [ -160.122, 21.82496 ], [ -160.09297, 21.82989 ], [ -160.05939, 21.84559 ], [ -160.03102, 21.86936 ], [ -160.02241, 21.91157 ], [ -160.02749, 21.93121 ], [ -160.00618, 21.95657 ], [ -159.99719, 21.99251 ], [ -160.01827, 22.03001 ], [ -160.05671, 22.06834 ], [ -160.10029, 22.0825 ], [ -160.1404, 22.07332 ], [ -160.15953, 22.04132 ], [ -160.174, 21.99148 ], [ -160.19949, 21.98128 ], [ -160.24265, 21.94387 ], [ -160.26471, 21.93589 ], [ -160.27993, 21.92064 ], [ -160.30236, 21.86149 ] ] ], [ [ [ -159.2837, 22.0185 ], [ -159.24999, 22.08415 ], [ -159.24181, 22.125 ], [ -159.24576, 22.16681 ], [ -159.2655, 22.20391 ], [ -159.30878, 22.25 ], [ -159.33424, 22.26647 ], [ -159.35567, 22.26965 ], [ -159.40291, 22.29047 ], [ -159.43274, 22.27803 ], [ -159.48403, 22.28592 ], [ -159.52464, 22.27549 ], [ -159.54743, 22.28308 ], [ -159.57487, 22.28295 ], [ -159.61294, 22.27223 ], [ -159.63999, 22.25 ], [ -159.67724, 22.22711 ], [ -159.74999, 22.19945 ], [ -159.78881, 22.1601 ], [ -159.79399, 22.13462 ], [ -159.83771, 22.09423 ], [ -159.84811, 22.07607 ], [ -159.85003, 22.01649 ], [ -159.84359, 22.0 ], [ -159.80859, 21.9529 ], [ -159.79359, 21.93978 ], [ -159.73583, 21.91217 ], [ -159.7117, 21.90756 ], [ -159.67949, 21.88046 ], [ -159.63124, 21.84669 ], [ -159.58789, 21.84547 ], [ -159.52962, 21.83342 ], [ -159.49999, 21.83232 ], [ -159.44398, 21.81779 ], [ -159.40389, 21.83495 ], [ -159.35776, 21.86569 ], [ -159.33974, 21.88644 ], [ -159.30796, 21.90867 ], [ -159.28434, 21.94064 ], [ -159.27921, 21.9653 ], [ -159.2837, 22.0185 ] ] ] ] } },
{ "type": "Feature", "properties": { "fid": 13, "ZoneCode": "160001", "AbrvFull": "ID", "NameFull": "Idaho", "ZoneNum": 1, "AbrvPart": null, "NamePart": null, "ZoneType": "Statewide", "StateAbrv": "ID", "StateName": "Idaho", "ProjAbrv": "TM", "ProjType": "Transverse Mercator", "LatOrigin": "33°00'N", "LonOriginE": "245°45'E", "LonOriginW": "114°15'W", "Lat0_deg": 33.0, "Lon0_E_deg": 245.75, "Lon0_W_deg": -114.25, "ProjScale": 0.99987, "SkewAz_deg": -9999, "FalseN_m": 0.0, "FalseE_m": 4000500.0, "FalseN_ift": 0.0, "FalseE_ift": 13125000.0, "DesignBy": "NGS", "Ref_frame": "NATRF2022" }, "geometry": { "type": "Polygon", "coordinates": [ [ [ -116.04907, 49.00084 ], [ -116.49955, 48.99988 ], [ -117.03233, 48.9992 ], [ -117.03209, 48.87492 ], [ -117.03541, 48.49991 ], [ -117.03507, 48.38521 ], [ -117.0421, 48.03114 ], [ -117.04212, 47.7582 ], [ -117.03978, 47.45434 ], [ -117.03939, 46.91717 ], [ -117.03992, 46.74928 ], [ -117.03975, 46.42588 ], [ -117.03461, 46.41784 ], [ -117.04821, 46.37767 ], [ -117.06276, 46.36517 ], [ -117.05663, 46.34581 ], [ -117.02291, 46.33462 ], [ -117.02056, 46.31478 ], [ -116.98479, 46.29308 ], [ -116.99081, 46.2762 ], [ -116.97479, 46.26549 ], [ -116.95773, 46.23919 ], [ -116.96629, 46.20919 ], [ -116.92133, 46.16451 ], [ -116.93459, 46.15415 ], [ -116.9353, 46.13641 ], [ -116.95035, 46.12337 ], [ -116.95968, 46.09901 ], [ -116.98245, 46.09193 ], [ -116.97934, 46.08048 ], [ -116.95785, 46.07545 ], [ -116.94278, 46.06111 ], [ -116.91605, 45.99535 ], [ -116.89284, 45.97637 ], [ -116.89128, 45.96032 ], [ -116.87596, 45.95477 ], [ -116.86653, 45.91695 ], [ -116.84435, 45.89296 ], [ -116.81411, 45.87764 ], [ -116.79644, 45.86122 ], [ -116.78831, 45.83192 ], [ -116.76339, 45.81658 ], [ -116.73453, 45.82652 ], [ -116.69718, 45.82013 ], [ -116.66525, 45.78205 ], [ -116.63202, 45.78497 ], [ -116.59419, 45.77908 ], [ -116.53568, 45.73423 ], [ -116.5351, 45.69127 ], [ -116.4888, 45.65079 ], [ -116.48279, 45.63359 ], [ -116.46349, 45.61578 ], [ -116.46362, 45.60278 ], [ -116.48193, 45.57789 ], [ -116.52416, 45.54856 ], [ -116.53632, 45.52393 ], [ -116.55601, 45.50701 ], [ -116.55481, 45.46293 ], [ -116.58818, 45.44292 ], [ -116.59743, 45.41277 ], [ -116.62337, 45.39396 ], [ -116.65524, 45.34886 ], [ -116.67463, 45.31508 ], [ -116.67471, 45.27584 ], [ -116.69137, 45.26373 ], [ -116.70368, 45.24009 ], [ -116.70952, 45.20301 ], [ -116.72419, 45.1715 ], [ -116.72874, 45.14438 ], [ -116.74552, 45.13303 ], [ -116.75463, 45.11397 ], [ -116.77483, 45.10553 ], [ -116.78369, 45.07697 ], [ -116.79731, 45.06026 ], [ -116.84793, 45.0226 ], [ -116.84461, 45.00143 ], [ -116.85753, 44.98256 ], [ -116.83197, 44.933 ], [ -116.85241, 44.88757 ], [ -116.86532, 44.8706 ], [ -116.8986, 44.85374 ], [ -116.89657, 44.84654 ], [ -116.93218, 44.80278 ], [ -116.93468, 44.78388 ], [ -116.96679, 44.77518 ], [ -117.00029, 44.75608 ], [ -117.0442, 44.74514 ], [ -117.06226, 44.72714 ], [ -117.06381, 44.70362 ], [ -117.0791, 44.69217 ], [ -117.08078, 44.67376 ], [ -117.09585, 44.66473 ], [ -117.09821, 44.64068 ], [ -117.12051, 44.61465 ], [ -117.12474, 44.58383 ], [ -117.14602, 44.5686 ], [ -117.14415, 44.54564 ], [ -117.16102, 44.52516 ], [ -117.18157, 44.52296 ], [ -117.20022, 44.49202 ], [ -117.22409, 44.48373 ], [ -117.21506, 44.42716 ], [ -117.22724, 44.40523 ], [ -117.24266, 44.39654 ], [ -117.2351, 44.37385 ], [ -117.19613, 44.34636 ], [ -117.18983, 44.335 ], [ -117.22272, 44.29832 ], [ -117.20037, 44.27544 ], [ -117.17033, 44.25888 ], [ -117.14125, 44.25851 ], [ -117.11985, 44.27827 ], [ -117.10419, 44.27994 ], [ -117.09092, 44.26031 ], [ -117.04613, 44.23066 ], [ -117.03185, 44.24863 ], [ -116.97537, 44.24239 ], [ -116.96724, 44.19458 ], [ -116.93543, 44.19396 ], [ -116.90359, 44.17998 ], [ -116.89592, 44.15429 ], [ -116.9112, 44.13999 ], [ -116.93369, 44.10004 ], [ -116.97594, 44.0829 ], [ -116.97317, 44.04942 ], [ -116.94335, 44.03564 ], [ -116.93448, 44.02121 ], [ -116.94487, 44.00359 ], [ -116.9385, 43.98503 ], [ -116.97603, 43.97505 ], [ -116.96046, 43.96341 ], [ -116.96856, 43.93605 ], [ -116.96152, 43.91838 ], [ -116.98053, 43.91483 ], [ -116.9761, 43.89475 ], [ -116.98233, 43.86884 ], [ -117.01932, 43.85941 ], [ -117.01282, 43.84 ], [ -117.03227, 43.82876 ], [ -117.02662, 43.80811 ], [ -117.02663, 43.19898 ], [ -117.02626, 42.97227 ], [ -117.02665, 42.62487 ], [ -117.02618, 42.00019 ], [ -116.87595, 41.99876 ], [ -116.36846, 41.99628 ], [ -116.24395, 41.99765 ], [ -115.34381, 41.9963 ], [ -115.03299, 41.99624 ], [ -114.85624, 42.0017 ], [ -114.81641, 42.00179 ], [ -114.59827, 41.99459 ], [ -114.04146, 41.99387 ], [ -113.90156, 41.98855 ], [ -113.23739, 41.99608 ], [ -112.70097, 42.00016 ], [ -112.17313, 42.00151 ], [ -112.15383, 41.99722 ], [ -111.75075, 41.99932 ], [ -111.4835, 41.99954 ], [ -111.31101, 42.00122 ], [ -111.0467, 42.0017 ], [ -111.04731, 42.39264 ], [ -111.046, 42.58272 ], [ -111.04353, 42.7195 ], [ -111.044, 43.23336 ], [ -111.04488, 43.31326 ], [ -111.04541, 43.62212 ], [ -111.04656, 43.73967 ], [ -111.04733, 43.99992 ], [ -111.04968, 44.35362 ], [ -111.04896, 44.47407 ], [ -111.05242, 44.47841 ], [ -111.1009, 44.48778 ], [ -111.13064, 44.50013 ], [ -111.1386, 44.51685 ], [ -111.13137, 44.53242 ], [ -111.15056, 44.53497 ], [ -111.18073, 44.55488 ], [ -111.18102, 44.56923 ], [ -111.22762, 44.57668 ], [ -111.24087, 44.61452 ], [ -111.2193, 44.62252 ], [ -111.25258, 44.65124 ], [ -111.27077, 44.64697 ], [ -111.26679, 44.66751 ], [ -111.29686, 44.69144 ], [ -111.29625, 44.70227 ], [ -111.32247, 44.71877 ], [ -111.32436, 44.72954 ], [ -111.3577, 44.7294 ], [ -111.37579, 44.75103 ], [ -111.39295, 44.7523 ], [ -111.39712, 44.72752 ], [ -111.41426, 44.71073 ], [ -111.43172, 44.72069 ], [ -111.48877, 44.70564 ], [ -111.48476, 44.68786 ], [ -111.4685, 44.67873 ], [ -111.49028, 44.64983 ], [ -111.51615, 44.64405 ], [ -111.50247, 44.62681 ], [ -111.5256, 44.60473 ], [ -111.5189, 44.58334 ], [ -111.50133, 44.57248 ], [ -111.50739, 44.56207 ], [ -111.46934, 44.55767 ], [ -111.46807, 44.54004 ], [ -111.4996, 44.542 ], [ -111.51453, 44.53656 ], [ -111.54779, 44.55731 ], [ -111.58497, 44.56236 ], [ -111.61433, 44.54867 ], [ -111.66025, 44.55307 ], [ -111.68298, 44.56165 ], [ -111.70414, 44.55964 ], [ -111.71474, 44.54404 ], [ -111.7499, 44.53957 ], [ -111.76286, 44.52577 ], [ -111.8011, 44.52598 ], [ -111.82151, 44.50894 ], [ -111.86364, 44.55124 ], [ -111.86643, 44.56309 ], [ -111.90331, 44.55664 ], [ -111.94777, 44.55701 ], [ -111.97535, 44.53614 ], [ -112.00441, 44.5377 ], [ -112.03269, 44.54664 ], [ -112.03227, 44.52921 ], [ -112.06905, 44.53715 ], [ -112.09647, 44.52299 ], [ -112.12703, 44.52888 ], [ -112.13666, 44.53985 ], [ -112.16463, 44.54153 ], [ -112.18364, 44.53295 ], [ -112.22104, 44.54325 ], [ -112.22921, 44.56408 ], [ -112.25669, 44.57167 ], [ -112.28866, 44.5679 ], [ -112.31373, 44.55304 ], [ -112.31948, 44.5389 ], [ -112.35179, 44.53787 ], [ -112.35884, 44.52905 ], [ -112.35667, 44.49262 ], [ -112.36647, 44.46853 ], [ -112.38651, 44.4473 ], [ -112.4081, 44.45744 ], [ -112.43352, 44.45983 ], [ -112.4734, 44.47935 ], [ -112.50037, 44.46277 ], [ -112.51388, 44.47511 ], [ -112.54953, 44.48469 ], [ -112.58483, 44.4811 ], [ -112.60147, 44.49061 ], [ -112.62911, 44.4828 ], [ -112.63265, 44.49099 ], [ -112.66085, 44.48595 ], [ -112.71791, 44.50427 ], [ -112.74034, 44.48996 ], [ -112.78048, 44.48472 ], [ -112.80769, 44.45312 ], [ -112.83969, 44.42402 ], [ -112.82178, 44.40716 ], [ -112.81229, 44.37702 ], [ -112.84455, 44.35796 ], [ -112.88157, 44.37925 ], [ -112.88954, 44.40593 ], [ -112.90163, 44.39884 ], [ -112.92113, 44.41091 ], [ -112.96345, 44.42337 ], [ -113.00196, 44.44985 ], [ -113.00608, 44.4707 ], [ -113.02681, 44.49551 ], [ -113.00677, 44.5262 ], [ -113.04775, 44.54828 ], [ -113.03953, 44.5673 ], [ -113.06733, 44.57929 ], [ -113.06228, 44.58592 ], [ -113.08828, 44.59966 ], [ -113.05744, 44.61834 ], [ -113.05174, 44.63709 ], [ -113.06537, 44.64885 ], [ -113.06796, 44.67901 ], [ -113.08204, 44.68396 ], [ -113.10156, 44.70663 ], [ -113.1016, 44.72946 ], [ -113.11726, 44.73292 ], [ -113.13773, 44.7599 ], [ -113.13129, 44.77216 ], [ -113.16339, 44.77877 ], [ -113.19434, 44.80214 ], [ -113.2377, 44.81387 ], [ -113.24718, 44.82295 ], [ -113.34046, 44.78468 ], [ -113.35723, 44.82065 ], [ -113.3851, 44.83759 ], [ -113.42223, 44.8378 ], [ -113.42906, 44.85485 ], [ -113.45506, 44.86542 ], [ -113.46118, 44.88675 ], [ -113.47858, 44.89559 ], [ -113.47177, 44.90983 ], [ -113.49153, 44.92454 ], [ -113.49621, 44.94767 ], [ -113.46582, 44.9476 ], [ -113.44386, 44.96001 ], [ -113.44932, 45.04651 ], [ -113.46031, 45.06486 ], [ -113.48489, 45.0634 ], [ -113.49401, 45.07989 ], [ -113.52273, 45.092 ], [ -113.50595, 45.10803 ], [ -113.51281, 45.11685 ], [ -113.54965, 45.11287 ], [ -113.57671, 45.13123 ], [ -113.56601, 45.14974 ], [ -113.59069, 45.15588 ], [ -113.58943, 45.1773 ], [ -113.63678, 45.21224 ], [ -113.64939, 45.23436 ], [ -113.6796, 45.24974 ], [ -113.69292, 45.26419 ], [ -113.67895, 45.27588 ], [ -113.71002, 45.30101 ], [ -113.71857, 45.3168 ], [ -113.73871, 45.32974 ], [ -113.72901, 45.35608 ], [ -113.73439, 45.39235 ], [ -113.7491, 45.40283 ], [ -113.77374, 45.40635 ], [ -113.77714, 45.41656 ], [ -113.75972, 45.4271 ], [ -113.77671, 45.43469 ], [ -113.78421, 45.455 ], [ -113.75992, 45.48064 ], [ -113.77271, 45.51263 ], [ -113.766, 45.52052 ], [ -113.83476, 45.52065 ], [ -113.81739, 45.55703 ], [ -113.8214, 45.56577 ], [ -113.79681, 45.58153 ], [ -113.80642, 45.60162 ], [ -113.8263, 45.61316 ], [ -113.8621, 45.62379 ], [ -113.88793, 45.61747 ], [ -113.90468, 45.622 ], [ -113.89526, 45.64384 ], [ -113.9195, 45.65785 ], [ -113.93909, 45.69577 ], [ -113.96813, 45.69132 ], [ -113.9882, 45.70592 ], [ -114.01915, 45.69263 ], [ -114.02829, 45.67523 ], [ -114.01369, 45.65829 ], [ -114.08115, 45.61145 ], [ -114.08634, 45.5913 ], [ -114.12125, 45.58459 ], [ -114.13617, 45.55701 ], [ -114.18026, 45.55123 ], [ -114.19468, 45.53615 ], [ -114.22786, 45.54612 ], [ -114.24834, 45.5451 ], [ -114.24719, 45.52471 ], [ -114.26988, 45.48455 ], [ -114.29226, 45.47997 ], [ -114.33003, 45.45972 ], [ -114.34417, 45.45968 ], [ -114.36821, 45.49236 ], [ -114.38885, 45.503 ], [ -114.4234, 45.50929 ], [ -114.43056, 45.5295 ], [ -114.4639, 45.54502 ], [ -114.45633, 45.56098 ], [ -114.47193, 45.56522 ], [ -114.49806, 45.55546 ], [ -114.5261, 45.57078 ], [ -114.55262, 45.55701 ], [ -114.56548, 45.5626 ], [ -114.55848, 45.58446 ], [ -114.53804, 45.60614 ], [ -114.56321, 45.63166 ], [ -114.56065, 45.64024 ], [ -114.52272, 45.64929 ], [ -114.49965, 45.66851 ], [ -114.51498, 45.68503 ], [ -114.49518, 45.70418 ], [ -114.50417, 45.72181 ], [ -114.52664, 45.72763 ], [ -114.54783, 45.74326 ], [ -114.5445, 45.75917 ], [ -114.56633, 45.77273 ], [ -114.51536, 45.82626 ], [ -114.50963, 45.84535 ], [ -114.47031, 45.85146 ], [ -114.4377, 45.8626 ], [ -114.40964, 45.85157 ], [ -114.40391, 45.87187 ], [ -114.38785, 45.88392 ], [ -114.39513, 45.90143 ], [ -114.41355, 45.91163 ], [ -114.43138, 45.93603 ], [ -114.40251, 45.95794 ], [ -114.41174, 45.97786 ], [ -114.45781, 45.99747 ], [ -114.47524, 45.99202 ], [ -114.48776, 46.00417 ], [ -114.47302, 46.01455 ], [ -114.48052, 46.03043 ], [ -114.5073, 46.03116 ], [ -114.49333, 46.05257 ], [ -114.46697, 46.06578 ], [ -114.45946, 46.09393 ], [ -114.47444, 46.1131 ], [ -114.52121, 46.12532 ], [ -114.52734, 46.14541 ], [ -114.51468, 46.16772 ], [ -114.47766, 46.16065 ], [ -114.44522, 46.16794 ], [ -114.44329, 46.20304 ], [ -114.45207, 46.24129 ], [ -114.466, 46.24684 ], [ -114.47078, 46.26537 ], [ -114.4276, 46.28336 ], [ -114.43342, 46.30554 ], [ -114.41468, 46.33954 ], [ -114.41015, 46.36549 ], [ -114.42243, 46.38704 ], [ -114.38483, 46.41135 ], [ -114.38489, 46.42759 ], [ -114.36877, 46.4365 ], [ -114.38364, 46.44615 ], [ -114.37941, 46.46028 ], [ -114.40108, 46.47858 ], [ -114.40234, 46.50058 ], [ -114.37558, 46.50175 ], [ -114.34297, 46.51803 ], [ -114.34787, 46.55147 ], [ -114.33119, 46.5725 ], [ -114.34418, 46.58996 ], [ -114.32269, 46.61061 ], [ -114.32069, 46.64694 ], [ -114.33699, 46.6623 ], [ -114.3579, 46.66869 ], [ -114.42416, 46.66062 ], [ -114.45371, 46.64845 ], [ -114.46682, 46.6318 ], [ -114.52383, 46.64058 ], [ -114.54169, 46.64994 ], [ -114.58451, 46.6334 ], [ -114.61309, 46.63846 ], [ -114.61501, 46.65541 ], [ -114.63522, 46.65924 ], [ -114.64143, 46.67949 ], [ -114.62353, 46.69093 ], [ -114.62077, 46.70726 ], [ -114.66456, 46.73908 ], [ -114.69912, 46.74017 ], [ -114.71677, 46.71405 ], [ -114.73976, 46.71194 ], [ -114.75218, 46.69714 ], [ -114.78843, 46.71405 ], [ -114.76724, 46.73875 ], [ -114.76507, 46.75814 ], [ -114.79794, 46.7759 ], [ -114.83065, 46.7836 ], [ -114.86576, 46.81452 ], [ -114.8955, 46.80196 ], [ -114.89843, 46.82235 ], [ -114.92071, 46.82708 ], [ -114.92867, 46.85476 ], [ -114.9484, 46.86063 ], [ -114.93224, 46.8758 ], [ -114.93672, 46.89727 ], [ -114.92623, 46.91946 ], [ -114.96095, 46.9304 ], [ -114.9865, 46.95014 ], [ -115.00126, 46.9719 ], [ -115.02858, 46.97567 ], [ -115.04784, 46.96953 ], [ -115.06776, 46.99521 ], [ -115.07225, 47.02348 ], [ -115.08741, 47.04571 ], [ -115.10605, 47.04856 ], [ -115.13928, 47.07924 ], [ -115.14395, 47.10175 ], [ -115.17216, 47.10715 ], [ -115.18611, 47.12956 ], [ -115.22244, 47.14908 ], [ -115.24309, 47.15072 ], [ -115.26285, 47.18175 ], [ -115.28683, 47.18348 ], [ -115.30121, 47.19345 ], [ -115.29151, 47.21085 ], [ -115.3158, 47.2328 ], [ -115.31837, 47.25189 ], [ -115.34083, 47.26284 ], [ -115.3592, 47.25964 ], [ -115.38491, 47.26778 ], [ -115.41157, 47.26436 ], [ -115.42042, 47.27735 ], [ -115.45724, 47.27832 ], [ -115.52849, 47.29924 ], [ -115.52789, 47.30902 ], [ -115.55016, 47.33374 ], [ -115.54882, 47.34695 ], [ -115.57642, 47.35708 ], [ -115.57736, 47.36725 ], [ -115.61723, 47.38251 ], [ -115.6429, 47.37736 ], [ -115.64628, 47.38776 ], [ -115.67523, 47.40939 ], [ -115.71224, 47.41544 ], [ -115.7211, 47.42569 ], [ -115.75929, 47.42386 ], [ -115.7466, 47.44231 ], [ -115.69119, 47.4572 ], [ -115.67696, 47.45338 ], [ -115.64015, 47.45968 ], [ -115.62947, 47.4796 ], [ -115.66101, 47.47784 ], [ -115.66776, 47.48878 ], [ -115.68625, 47.48493 ], [ -115.71129, 47.5231 ], [ -115.69538, 47.52771 ], [ -115.75178, 47.54198 ], [ -115.7545, 47.55245 ], [ -115.68774, 47.59529 ], [ -115.6972, 47.60374 ], [ -115.69443, 47.62376 ], [ -115.73038, 47.64233 ], [ -115.73636, 47.65516 ], [ -115.7227, 47.69485 ], [ -115.76002, 47.71912 ], [ -115.77343, 47.71756 ], [ -115.78085, 47.74192 ], [ -115.79748, 47.75733 ], [ -115.82376, 47.75261 ], [ -115.84748, 47.78648 ], [ -115.8523, 47.82785 ], [ -115.88148, 47.84961 ], [ -115.90138, 47.84309 ], [ -115.93799, 47.88109 ], [ -115.96051, 47.89813 ], [ -115.96567, 47.91132 ], [ -115.98304, 47.91628 ], [ -116.00747, 47.95078 ], [ -116.03037, 47.97261 ], [ -116.04909, 47.97684 ], [ -116.04907, 49.00084 ] ] ] } },
{ "type": "Feature", "properties": { "fid": 14, "ZoneCode": "170001", "AbrvFull": "IL", "NameFull": "Illinois", "ZoneNum": 1, "AbrvPart": null, "NamePart": null, "ZoneType": "Statewide", "StateAbrv": "IL", "StateName": "Illinois", "ProjAbrv": "TM", "ProjType": "Transverse Mercator", "LatOrigin": "25°54'N", "LonOriginE": "270°36'E", "LonOriginW": "89°24'W", "Lat0_deg": 25.9, "Lon0_E_deg": 270.6, "Lon0_W_deg": -89.4, "ProjScale": 0.99988, "SkewAz_deg": -9999, "FalseN_m": 0.0, "FalseE_m": 381000.0, "FalseN_ift": 0.0, "FalseE_ift": 1250000.0, "DesignBy": "NGS", "Ref_frame": "NATRF2022" }, "geometry": { "type": "Polygon", "coordinates": [ [ [ -88.02801, 37.79919 ], [ -88.03545, 37.80951 ], [ -88.06222, 37.80057 ], [ -88.09003, 37.81676 ], [ -88.08085, 37.83089 ], [ -88.04382, 37.82152 ], [ -88.02821, 37.83858 ], [ -88.05942, 37.84872 ], [ -88.07852, 37.87911 ], [ -88.09495, 37.89368 ], [ -88.08623, 37.90571 ], [ -88.05537, 37.89123 ], [ -88.01335, 37.89485 ], [ -88.02251, 37.91475 ], [ -88.06223, 37.91789 ], [ -88.05475, 37.93348 ], [ -88.03033, 37.93104 ], [ -88.03701, 37.95627 ], [ -88.02086, 37.95934 ], [ -88.01257, 37.97705 ], [ -88.02582, 38.00724 ], [ -88.01762, 38.03474 ], [ -88.03412, 38.03204 ], [ -88.04212, 38.04634 ], [ -88.00472, 38.05104 ], [ -87.96722, 38.0671 ], [ -87.95666, 38.08619 ], [ -87.96067, 38.10018 ], [ -88.00469, 38.08396 ], [ -88.01311, 38.10352 ], [ -87.97477, 38.11051 ], [ -87.96734, 38.13213 ], [ -87.94482, 38.12726 ], [ -87.91103, 38.16219 ], [ -87.91728, 38.17416 ], [ -87.93463, 38.15674 ], [ -87.94048, 38.17489 ], [ -87.96986, 38.19178 ], [ -87.98276, 38.2067 ], [ -87.98186, 38.25644 ], [ -87.96022, 38.23711 ], [ -87.94206, 38.26029 ], [ -87.95216, 38.2705 ], [ -87.92497, 38.29865 ], [ -87.90852, 38.29095 ], [ -87.91928, 38.2759 ], [ -87.90683, 38.26963 ], [ -87.88822, 38.28491 ], [ -87.8783, 38.30784 ], [ -87.86426, 38.3107 ], [ -87.86624, 38.28997 ], [ -87.85112, 38.27511 ], [ -87.83095, 38.29936 ], [ -87.83272, 38.32485 ], [ -87.82271, 38.3469 ], [ -87.80607, 38.36314 ], [ -87.78499, 38.368 ], [ -87.74376, 38.41311 ], [ -87.73081, 38.44922 ], [ -87.75592, 38.45587 ], [ -87.74464, 38.47726 ], [ -87.71404, 38.47987 ], [ -87.68591, 38.49184 ], [ -87.6698, 38.50717 ], [ -87.65236, 38.50321 ], [ -87.64536, 38.51383 ], [ -87.67006, 38.54523 ], [ -87.65013, 38.55773 ], [ -87.63685, 38.59288 ], [ -87.62139, 38.58611 ], [ -87.62734, 38.60723 ], [ -87.59724, 38.66531 ], [ -87.53443, 38.68175 ], [ -87.5196, 38.69719 ], [ -87.4969, 38.76681 ], [ -87.51437, 38.76916 ], [ -87.4959, 38.78543 ], [ -87.5274, 38.81876 ], [ -87.52589, 38.84879 ], [ -87.55202, 38.86031 ], [ -87.53681, 38.8774 ], [ -87.54408, 38.89509 ], [ -87.518, 38.9027 ], [ -87.52184, 38.94006 ], [ -87.51334, 38.95599 ], [ -87.52949, 38.97192 ], [ -87.57346, 38.98543 ], [ -87.57911, 39.0016 ], [ -87.56969, 39.01941 ], [ -87.5802, 39.04193 ], [ -87.57258, 39.05728 ], [ -87.59637, 39.07963 ], [ -87.62025, 39.08656 ], [ -87.61838, 39.10428 ], [ -87.64916, 39.1048 ], [ -87.63509, 39.12229 ], [ -87.65874, 39.13599 ], [ -87.63793, 39.16842 ], [ -87.61961, 39.17097 ], [ -87.6196, 39.18602 ], [ -87.60517, 39.18589 ], [ -87.57702, 39.21112 ], [ -87.58064, 39.25523 ], [ -87.59239, 39.24714 ], [ -87.60494, 39.2602 ], [ -87.60874, 39.28668 ], [ -87.59794, 39.29947 ], [ -87.61896, 39.30168 ], [ -87.57832, 39.34034 ], [ -87.55774, 39.33933 ], [ -87.54587, 39.35214 ], [ -87.53164, 39.34788 ], [ -87.53141, 39.43855 ], [ -87.53326, 39.87503 ], [ -87.53152, 40.14277 ], [ -87.52616, 40.50575 ], [ -87.52565, 40.83612 ], [ -87.52667, 41.3269 ], [ -87.5248, 41.68693 ], [ -87.52365, 41.7599 ], [ -87.20777, 41.76095 ], [ -87.14842, 42.00001 ], [ -87.15, 42.00003 ], [ -87.06803, 42.31434 ], [ -87.01993, 42.49349 ], [ -87.37505, 42.49381 ], [ -87.80321, 42.49256 ], [ -88.08339, 42.49563 ], [ -88.38999, 42.49451 ], [ -88.65604, 42.49484 ], [ -88.77658, 42.49191 ], [ -88.9916, 42.496 ], [ -89.26266, 42.49818 ], [ -89.56158, 42.50255 ], [ -89.66981, 42.50504 ], [ -89.95523, 42.50564 ], [ -90.03179, 42.5077 ], [ -90.1574, 42.50832 ], [ -90.40592, 42.50688 ], [ -90.64283, 42.50847 ], [ -90.65645, 42.49095 ], [ -90.65111, 42.47518 ], [ -90.62432, 42.4589 ], [ -90.57073, 42.44169 ], [ -90.55501, 42.41613 ], [ -90.47793, 42.38414 ], [ -90.44516, 42.35643 ], [ -90.41593, 42.32269 ], [ -90.43087, 42.27822 ], [ -90.41932, 42.25446 ], [ -90.3911, 42.22547 ], [ -90.35695, 42.20544 ], [ -90.32826, 42.20104 ], [ -90.28216, 42.17884 ], [ -90.25012, 42.17146 ], [ -90.20947, 42.15267 ], [ -90.20139, 42.13093 ], [ -90.17096, 42.12519 ], [ -90.16289, 42.11671 ], [ -90.16835, 42.07577 ], [ -90.16448, 42.0421 ], [ -90.15157, 42.03063 ], [ -90.14005, 42.00324 ], [ -90.14622, 41.98132 ], [ -90.16213, 41.96129 ], [ -90.16384, 41.94493 ], [ -90.15159, 41.93099 ], [ -90.15357, 41.90661 ], [ -90.17003, 41.87643 ], [ -90.18396, 41.83306 ], [ -90.18796, 41.80316 ], [ -90.22225, 41.79313 ], [ -90.27862, 41.76735 ], [ -90.31554, 41.73442 ], [ -90.31304, 41.69962 ], [ -90.33452, 41.67955 ], [ -90.34344, 41.64695 ], [ -90.33952, 41.59863 ], [ -90.34322, 41.58783 ], [ -90.41282, 41.56532 ], [ -90.46142, 41.52353 ], [ -90.50062, 41.51803 ], [ -90.54093, 41.52613 ], [ -90.59523, 41.51102 ], [ -90.60593, 41.49422 ], [ -90.65583, 41.46212 ], [ -90.73753, 41.45012 ], [ -90.84745, 41.45501 ], [ -90.93068, 41.42136 ], [ -90.97516, 41.43398 ], [ -91.02778, 41.4236 ], [ -91.04825, 41.40974 ], [ -91.05192, 41.38447 ], [ -91.06505, 41.36909 ], [ -91.07354, 41.31047 ], [ -91.11418, 41.25002 ], [ -91.11234, 41.23899 ], [ -91.06589, 41.19951 ], [ -91.04187, 41.16648 ], [ -91.0096, 41.16624 ], [ -90.98965, 41.1557 ], [ -90.94625, 41.09472 ], [ -90.94913, 41.0706 ], [ -90.94224, 41.03469 ], [ -90.94594, 41.00649 ], [ -90.95813, 40.97976 ], [ -90.95196, 40.95823 ], [ -90.96291, 40.92495 ], [ -90.99849, 40.90811 ], [ -91.04464, 40.86835 ], [ -91.05642, 40.84838 ], [ -91.09006, 40.82463 ], [ -91.09694, 40.8114 ], [ -91.09247, 40.77683 ], [ -91.10876, 40.75003 ], [ -91.11573, 40.72516 ], [ -91.11109, 40.70827 ], [ -91.12081, 40.67277 ], [ -91.18529, 40.6378 ], [ -91.24784, 40.63838 ], [ -91.31004, 40.62503 ], [ -91.35986, 40.6018 ], [ -91.37974, 40.57444 ], [ -91.40147, 40.55945 ], [ -91.40619, 40.54269 ], [ -91.36905, 40.51252 ], [ -91.36491, 40.48416 ], [ -91.38104, 40.44848 ], [ -91.37291, 40.3991 ], [ -91.38419, 40.38642 ], [ -91.41941, 40.37826 ], [ -91.44485, 40.36314 ], [ -91.46213, 40.34241 ], [ -91.49272, 40.27821 ], [ -91.49051, 40.25949 ], [ -91.50649, 40.2363 ], [ -91.50447, 40.19825 ], [ -91.51307, 40.17853 ], [ -91.50821, 40.15766 ], [ -91.51083, 40.12613 ], [ -91.4896, 40.05743 ], [ -91.49487, 40.03645 ], [ -91.44344, 39.95367 ], [ -91.42182, 39.93296 ], [ -91.42087, 39.91486 ], [ -91.4435, 39.89358 ], [ -91.44783, 39.87794 ], [ -91.43379, 39.84186 ], [ -91.37648, 39.81003 ], [ -91.36343, 39.7928 ], [ -91.36774, 39.72902 ], [ -91.34724, 39.71047 ], [ -91.27613, 39.66575 ], [ -91.22332, 39.6176 ], [ -91.18591, 39.60511 ], [ -91.17464, 39.59331 ], [ -91.16841, 39.56492 ], [ -91.14827, 39.54579 ], [ -91.1009, 39.53899 ], [ -91.0643, 39.49464 ], [ -91.0624, 39.47411 ], [ -91.03826, 39.44843 ], [ -90.99378, 39.42295 ], [ -90.93902, 39.40274 ], [ -90.934, 39.39212 ], [ -90.89645, 39.36917 ], [ -90.84749, 39.34526 ], [ -90.81684, 39.32049 ], [ -90.79345, 39.30949 ], [ -90.75159, 39.26542 ], [ -90.72697, 39.25117 ], [ -90.7171, 39.2139 ], [ -90.70914, 39.1551 ], [ -90.68738, 39.1199 ], [ -90.68274, 39.08834 ], [ -90.71253, 39.05706 ], [ -90.71157, 39.04679 ], [ -90.67902, 38.99386 ], [ -90.67633, 38.96441 ], [ -90.66301, 38.92628 ], [ -90.62335, 38.88714 ], [ -90.57757, 38.86838 ], [ -90.54682, 38.874 ], [ -90.50744, 38.90276 ], [ -90.48705, 38.92585 ], [ -90.47211, 38.95883 ], [ -90.4508, 38.96776 ], [ -90.39271, 38.95906 ], [ -90.30945, 38.92411 ], [ -90.25024, 38.91934 ], [ -90.22303, 38.90738 ], [ -90.1976, 38.88764 ], [ -90.1633, 38.87474 ], [ -90.11332, 38.8493 ], [ -90.1091, 38.83744 ], [ -90.1231, 38.79804 ], [ -90.16636, 38.77267 ], [ -90.1836, 38.74674 ], [ -90.20517, 38.73219 ], [ -90.21199, 38.71177 ], [ -90.18259, 38.66537 ], [ -90.1788, 38.62915 ], [ -90.19179, 38.59897 ], [ -90.2242, 38.57507 ], [ -90.26405, 38.52102 ], [ -90.28989, 38.43313 ], [ -90.34144, 38.38829 ], [ -90.37081, 38.33355 ], [ -90.37241, 38.28372 ], [ -90.35862, 38.22197 ], [ -90.33416, 38.18985 ], [ -90.29062, 38.17036 ], [ -90.27483, 38.15755 ], [ -90.24257, 38.11212 ], [ -90.21701, 38.09346 ], [ -90.17221, 38.06963 ], [ -90.15826, 38.07494 ], [ -90.13078, 38.06233 ], [ -90.12652, 38.04166 ], [ -90.09283, 38.01725 ], [ -90.06504, 38.01687 ], [ -90.03179, 37.99512 ], [ -90.00793, 37.9701 ], [ -89.9881, 37.96174 ], [ -89.94068, 37.97087 ], [ -89.92508, 37.96001 ], [ -89.93126, 37.94827 ], [ -89.95956, 37.94015 ], [ -89.97418, 37.9195 ], [ -89.95335, 37.88461 ], [ -89.92529, 37.87115 ], [ -89.90562, 37.86939 ], [ -89.87968, 37.88073 ], [ -89.84478, 37.90557 ], [ -89.79932, 37.88151 ], [ -89.79753, 37.86212 ], [ -89.75409, 37.84635 ], [ -89.73987, 37.84691 ], [ -89.70284, 37.81681 ], [ -89.66964, 37.79992 ], [ -89.66037, 37.78629 ], [ -89.66786, 37.76025 ], [ -89.64952, 37.74549 ], [ -89.61806, 37.74981 ], [ -89.58331, 37.71325 ], [ -89.52572, 37.69843 ], [ -89.512, 37.68552 ], [ -89.51771, 37.64121 ], [ -89.47839, 37.59886 ], [ -89.48111, 37.58297 ], [ -89.5198, 37.58274 ], [ -89.51644, 37.53555 ], [ -89.47119, 37.46647 ], [ -89.43976, 37.43719 ], [ -89.42093, 37.39395 ], [ -89.42818, 37.35615 ], [ -89.43603, 37.34443 ], [ -89.49119, 37.33135 ], [ -89.50969, 37.31425 ], [ -89.51846, 37.28625 ], [ -89.48991, 37.25131 ], [ -89.47052, 37.25335 ], [ -89.45782, 37.24259 ], [ -89.46749, 37.22184 ], [ -89.46185, 37.19951 ], [ -89.42557, 37.13823 ], [ -89.3787, 37.09458 ], [ -89.38518, 37.05774 ], [ -89.37662, 37.03848 ], [ -89.31716, 37.01276 ], [ -89.29212, 36.99218 ], [ -89.26623, 36.9963 ], [ -89.2576, 37.01549 ], [ -89.27771, 37.03613 ], [ -89.30136, 37.04498 ], [ -89.30772, 37.06965 ], [ -89.25993, 37.06406 ], [ -89.25492, 37.07201 ], [ -89.2371, 37.04101 ], [ -89.2034, 37.01885 ], [ -89.19209, 36.97999 ], [ -89.17, 36.97029 ], [ -89.13291, 36.98205 ], [ -89.17016, 37.00706 ], [ -89.18246, 37.03916 ], [ -89.16735, 37.07503 ], [ -89.14284, 37.09901 ], [ -89.10949, 37.12309 ], [ -89.08713, 37.16492 ], [ -89.02986, 37.21106 ], [ -89.00089, 37.2244 ], [ -88.97288, 37.22986 ], [ -88.91617, 37.22398 ], [ -88.79987, 37.18646 ], [ -88.73249, 37.14394 ], [ -88.6926, 37.1411 ], [ -88.6169, 37.116 ], [ -88.58986, 37.09978 ], [ -88.57286, 37.07965 ], [ -88.52898, 37.06682 ], [ -88.48277, 37.06724 ], [ -88.45851, 37.07609 ], [ -88.42475, 37.15073 ], [ -88.44803, 37.20364 ], [ -88.47128, 37.21961 ], [ -88.5159, 37.28408 ], [ -88.48468, 37.34523 ], [ -88.47464, 37.39078 ], [ -88.45453, 37.40984 ], [ -88.40922, 37.42531 ], [ -88.36438, 37.40175 ], [ -88.33013, 37.42987 ], [ -88.28162, 37.45272 ], [ -88.19653, 37.4607 ], [ -88.13408, 37.47183 ], [ -88.08088, 37.4739 ], [ -88.06113, 37.50458 ], [ -88.069, 37.52539 ], [ -88.09161, 37.53843 ], [ -88.10573, 37.55659 ], [ -88.13427, 37.57463 ], [ -88.15706, 37.63327 ], [ -88.15998, 37.65971 ], [ -88.12023, 37.71122 ], [ -88.06963, 37.73371 ], [ -88.04918, 37.75507 ], [ -88.02801, 37.79919 ] ] ] } },
{ "type": "Feature", "properties": { "fid": 15, "ZoneCode": "180001", "AbrvFull": "IN", "NameFull": "Indiana", "ZoneNum": 1, "AbrvPart": null, "NamePart": null, "ZoneType": "Statewide", "StateAbrv": "IN", "StateName": "Indiana", "ProjAbrv": "TM", "ProjType": "Transverse Mercator", "LatOrigin": "24°00'N", "LonOriginE": "273°33'E", "LonOriginW": "86°27'W", "Lat0_deg": 24.0, "Lon0_E_deg": 273.55, "Lon0_W_deg": -86.45, "ProjScale": 0.99994, "SkewAz_deg": -9999, "FalseN_m": 0.0, "FalseE_m": 2286000.0, "FalseN_ift": 0.0, "FalseE_ift": 7500000.0, "DesignBy": "NGS", "Ref_frame": "NATRF2022" }, "geometry": { "type": "Polygon", "coordinates": [ [ [ -88.02801, 37.79919 ], [ -88.00133, 37.7989 ], [ -87.95906, 37.7728 ], [ -87.94554, 37.77392 ], [ -87.93151, 37.79827 ], [ -87.90693, 37.80759 ], [ -87.90996, 37.84302 ], [ -87.93798, 37.87028 ], [ -87.94005, 37.88759 ], [ -87.90858, 37.92168 ], [ -87.87512, 37.92286 ], [ -87.83842, 37.8799 ], [ -87.79417, 37.87535 ], [ -87.75923, 37.89165 ], [ -87.7134, 37.89328 ], [ -87.68448, 37.90364 ], [ -87.66683, 37.89576 ], [ -87.66671, 37.88003 ], [ -87.68168, 37.85627 ], [ -87.67034, 37.82795 ], [ -87.61534, 37.83187 ], [ -87.59026, 37.85858 ], [ -87.58713, 37.88485 ], [ -87.61815, 37.90551 ], [ -87.62459, 37.93027 ], [ -87.60581, 37.9496 ], [ -87.60138, 37.9713 ], [ -87.57504, 37.9659 ], [ -87.56908, 37.94155 ], [ -87.55604, 37.92816 ], [ -87.50971, 37.90602 ], [ -87.44912, 37.94185 ], [ -87.41413, 37.94476 ], [ -87.38617, 37.9378 ], [ -87.3379, 37.90812 ], [ -87.32101, 37.90596 ], [ -87.27979, 37.88524 ], [ -87.22046, 37.84906 ], [ -87.16109, 37.83935 ], [ -87.14111, 37.81551 ], [ -87.12881, 37.78557 ], [ -87.09151, 37.78675 ], [ -87.06967, 37.80151 ], [ -87.04312, 37.86885 ], [ -87.04638, 37.88983 ], [ -87.03517, 37.90546 ], [ -87.01237, 37.9187 ], [ -86.96798, 37.933 ], [ -86.92065, 37.93621 ], [ -86.90116, 37.94722 ], [ -86.86091, 37.98436 ], [ -86.82492, 37.99854 ], [ -86.79504, 37.98927 ], [ -86.77997, 37.95552 ], [ -86.74945, 37.91134 ], [ -86.7334, 37.89537 ], [ -86.71107, 37.89669 ], [ -86.68585, 37.91318 ], [ -86.65042, 37.91085 ], [ -86.64471, 37.89498 ], [ -86.66247, 37.85708 ], [ -86.6581, 37.84408 ], [ -86.63827, 37.84268 ], [ -86.60501, 37.85794 ], [ -86.59785, 37.86772 ], [ -86.60017, 37.90439 ], [ -86.58647, 37.92226 ], [ -86.53332, 37.91724 ], [ -86.51024, 37.92665 ], [ -86.50931, 37.94229 ], [ -86.52493, 37.96649 ], [ -86.52513, 38.02873 ], [ -86.50881, 38.04504 ], [ -86.46699, 38.04663 ], [ -86.43392, 38.0657 ], [ -86.43154, 38.08373 ], [ -86.45778, 38.09522 ], [ -86.46467, 38.11737 ], [ -86.43273, 38.12642 ], [ -86.40187, 38.10432 ], [ -86.37508, 38.13063 ], [ -86.33614, 38.12834 ], [ -86.32587, 38.15402 ], [ -86.36533, 38.16136 ], [ -86.3765, 38.16939 ], [ -86.37303, 38.19423 ], [ -86.34855, 38.19568 ], [ -86.31882, 38.17378 ], [ -86.29508, 38.16375 ], [ -86.27025, 38.13224 ], [ -86.27911, 38.10093 ], [ -86.2678, 38.05714 ], [ -86.22023, 38.02796 ], [ -86.17892, 38.0108 ], [ -86.1235, 38.01615 ], [ -86.07722, 37.99863 ], [ -86.0511, 37.96125 ], [ -86.03505, 37.96289 ], [ -86.03224, 37.99035 ], [ -86.00946, 37.99838 ], [ -85.94269, 38.00681 ], [ -85.92342, 38.02524 ], [ -85.91627, 38.06295 ], [ -85.90504, 38.08995 ], [ -85.90909, 38.14233 ], [ -85.90358, 38.17392 ], [ -85.87498, 38.20769 ], [ -85.85167, 38.2226 ], [ -85.83909, 38.23981 ], [ -85.82906, 38.27655 ], [ -85.7869, 38.28853 ], [ -85.76091, 38.27191 ], [ -85.73799, 38.26909 ], [ -85.67375, 38.30224 ], [ -85.65551, 38.32371 ], [ -85.63938, 38.3611 ], [ -85.63745, 38.38221 ], [ -85.61874, 38.42573 ], [ -85.58551, 38.45024 ], [ -85.52526, 38.45754 ], [ -85.49809, 38.46879 ], [ -85.46718, 38.51002 ], [ -85.43423, 38.52326 ], [ -85.41555, 38.54496 ], [ -85.41755, 38.56948 ], [ -85.43589, 38.59887 ], [ -85.43862, 38.65888 ], [ -85.45465, 38.68071 ], [ -85.45032, 38.71166 ], [ -85.43722, 38.72755 ], [ -85.40836, 38.73714 ], [ -85.37109, 38.73036 ], [ -85.30198, 38.74195 ], [ -85.27912, 38.74171 ], [ -85.24645, 38.73174 ], [ -85.21305, 38.69545 ], [ -85.17338, 38.68799 ], [ -85.13198, 38.70291 ], [ -85.10175, 38.72643 ], [ -85.0117, 38.76623 ], [ -84.99192, 38.77828 ], [ -84.93401, 38.77727 ], [ -84.88773, 38.79479 ], [ -84.82754, 38.78315 ], [ -84.81159, 38.79195 ], [ -84.83004, 38.83013 ], [ -84.79043, 38.86124 ], [ -84.78661, 38.88241 ], [ -84.81455, 38.89546 ], [ -84.86187, 38.89774 ], [ -84.87793, 38.92014 ], [ -84.8336, 38.95953 ], [ -84.83857, 38.98989 ], [ -84.89731, 39.05747 ], [ -84.82015, 39.10541 ], [ -84.81944, 39.30515 ], [ -84.81575, 39.47864 ], [ -84.81418, 39.81368 ], [ -84.8112, 39.99544 ], [ -84.80415, 40.27504 ], [ -84.80423, 40.40343 ], [ -84.8027, 40.51361 ], [ -84.80222, 40.79417 ], [ -84.80303, 40.93717 ], [ -84.80388, 41.40862 ], [ -84.80596, 41.69611 ], [ -84.80588, 41.76016 ], [ -84.98096, 41.75948 ], [ -85.36968, 41.7599 ], [ -85.62238, 41.75907 ], [ -85.87177, 41.75924 ], [ -86.10846, 41.76069 ], [ -86.59161, 41.75948 ], [ -86.93436, 41.76103 ], [ -87.20777, 41.76095 ], [ -87.52365, 41.7599 ], [ -87.5248, 41.68693 ], [ -87.52667, 41.3269 ], [ -87.52565, 40.83612 ], [ -87.52616, 40.50575 ], [ -87.53152, 40.14277 ], [ -87.53326, 39.87503 ], [ -87.53141, 39.43855 ], [ -87.53164, 39.34788 ], [ -87.54587, 39.35214 ], [ -87.55774, 39.33933 ], [ -87.57832, 39.34034 ], [ -87.61896, 39.30168 ], [ -87.59794, 39.29947 ], [ -87.60874, 39.28668 ], [ -87.60494, 39.2602 ], [ -87.59239, 39.24714 ], [ -87.58064, 39.25523 ], [ -87.57702, 39.21112 ], [ -87.60517, 39.18589 ], [ -87.6196, 39.18602 ], [ -87.61961, 39.17097 ], [ -87.63793, 39.16842 ], [ -87.65874, 39.13599 ], [ -87.63509, 39.12229 ], [ -87.64916, 39.1048 ], [ -87.61838, 39.10428 ], [ -87.62025, 39.08656 ], [ -87.59637, 39.07963 ], [ -87.57258, 39.05728 ], [ -87.5802, 39.04193 ], [ -87.56969, 39.01941 ], [ -87.57911, 39.0016 ], [ -87.57346, 38.98543 ], [ -87.52949, 38.97192 ], [ -87.51334, 38.95599 ], [ -87.52184, 38.94006 ], [ -87.518, 38.9027 ], [ -87.54408, 38.89509 ], [ -87.53681, 38.8774 ], [ -87.55202, 38.86031 ], [ -87.52589, 38.84879 ], [ -87.5274, 38.81876 ], [ -87.4959, 38.78543 ], [ -87.51437, 38.76916 ], [ -87.4969, 38.76681 ], [ -87.5196, 38.69719 ], [ -87.53443, 38.68175 ], [ -87.59724, 38.66531 ], [ -87.62734, 38.60723 ], [ -87.62139, 38.58611 ], [ -87.63685, 38.59288 ], [ -87.65013, 38.55773 ], [ -87.67006, 38.54523 ], [ -87.64536, 38.51383 ], [ -87.65236, 38.50321 ], [ -87.6698, 38.50717 ], [ -87.68591, 38.49184 ], [ -87.71404, 38.47987 ], [ -87.74464, 38.47726 ], [ -87.75592, 38.45587 ], [ -87.73081, 38.44922 ], [ -87.74376, 38.41311 ], [ -87.78499, 38.368 ], [ -87.80607, 38.36314 ], [ -87.82271, 38.3469 ], [ -87.83272, 38.32485 ], [ -87.83095, 38.29936 ], [ -87.85112, 38.27511 ], [ -87.86624, 38.28997 ], [ -87.86426, 38.3107 ], [ -87.8783, 38.30784 ], [ -87.88822, 38.28491 ], [ -87.90683, 38.26963 ], [ -87.91928, 38.2759 ], [ -87.90852, 38.29095 ], [ -87.92497, 38.29865 ], [ -87.95216, 38.2705 ], [ -87.94206, 38.26029 ], [ -87.96022, 38.23711 ], [ -87.98186, 38.25644 ], [ -87.98276, 38.2067 ], [ -87.96986, 38.19178 ], [ -87.94048, 38.17489 ], [ -87.93463, 38.15674 ], [ -87.91728, 38.17416 ], [ -87.91103, 38.16219 ], [ -87.94482, 38.12726 ], [ -87.96734, 38.13213 ], [ -87.97477, 38.11051 ], [ -88.01311, 38.10352 ], [ -88.00469, 38.08396 ], [ -87.96067, 38.10018 ], [ -87.95666, 38.08619 ], [ -87.96722, 38.0671 ], [ -88.00472, 38.05104 ], [ -88.04212, 38.04634 ], [ -88.03412, 38.03204 ], [ -88.01762, 38.03474 ], [ -88.02582, 38.00724 ], [ -88.01257, 37.97705 ], [ -88.02086, 37.95934 ], [ -88.03701, 37.95627 ], [ -88.03033, 37.93104 ], [ -88.05475, 37.93348 ], [ -88.06223, 37.91789 ], [ -88.02251, 37.91475 ], [ -88.01335, 37.89485 ], [ -88.05537, 37.89123 ], [ -88.08623, 37.90571 ], [ -88.09495, 37.89368 ], [ -88.07852, 37.87911 ], [ -88.05942, 37.84872 ], [ -88.02821, 37.83858 ], [ -88.04382, 37.82152 ], [ -88.08085, 37.83089 ], [ -88.09003, 37.81676 ], [ -88.06222, 37.80057 ], [ -88.03545, 37.80951 ], [ -88.02801, 37.79919 ] ] ] } },
{ "type": "Feature", "properties": { "fid": 16, "ZoneCode": "190001", "AbrvFull": "IA", "NameFull": "Iowa", "ZoneNum": 1, "AbrvPart": null, "NamePart": null, "ZoneType": "Statewide", "StateAbrv": "IA", "StateName": "Iowa", "ProjAbrv": "LC1", "ProjType": "Lambert Conformal Conic, one parallel", "LatOrigin": "42°00'N", "LonOriginE": "266°30'E", "LonOriginW": "93°30'W", "Lat0_deg": 42.0, "Lon0_E_deg": 266.5, "Lon0_W_deg": -93.5, "ProjScale": 0.9999, "SkewAz_deg": -9999, "FalseN_m": 342900.0, "FalseE_m": 800100.0, "FalseN_ift": 1125000.0, "FalseE_ift": 2625000.0, "DesignBy": "NGS", "Ref_frame": "NATRF2022" }, "geometry": { "type": "Polygon", "coordinates": [ [ [ -91.2177, 43.50054 ], [ -92.17189, 43.50077 ], [ -93.29886, 43.49945 ], [ -94.37736, 43.50023 ], [ -94.7126, 43.50084 ], [ -95.16758, 43.50101 ], [ -95.6893, 43.49987 ], [ -96.45325, 43.50038 ], [ -96.59918, 43.50045 ], [ -96.58485, 43.48968 ], [ -96.58239, 43.46673 ], [ -96.60254, 43.44924 ], [ -96.59313, 43.43304 ], [ -96.57432, 43.43111 ], [ -96.56825, 43.4169 ], [ -96.54558, 43.39743 ], [ -96.52523, 43.39606 ], [ -96.52134, 43.37569 ], [ -96.53095, 43.36843 ], [ -96.52436, 43.34713 ], [ -96.53318, 43.32871 ], [ -96.52451, 43.31206 ], [ -96.53068, 43.29971 ], [ -96.55307, 43.29283 ], [ -96.57453, 43.29906 ], [ -96.58651, 43.27371 ], [ -96.54952, 43.24836 ], [ -96.5714, 43.23907 ], [ -96.55527, 43.22666 ], [ -96.5214, 43.21849 ], [ -96.47672, 43.22198 ], [ -96.46954, 43.15835 ], [ -96.45059, 43.14251 ], [ -96.43656, 43.11981 ], [ -96.46266, 43.08965 ], [ -96.46073, 43.06433 ], [ -96.48919, 43.05149 ], [ -96.51084, 43.04976 ], [ -96.51394, 43.03007 ], [ -96.49197, 43.01019 ], [ -96.52081, 42.97992 ], [ -96.49897, 42.95776 ], [ -96.5364, 42.9231 ], [ -96.54482, 42.85019 ], [ -96.55602, 42.84876 ], [ -96.56303, 42.82829 ], [ -96.57441, 42.83797 ], [ -96.605, 42.783 ], [ -96.61984, 42.78378 ], [ -96.63648, 42.76485 ], [ -96.62559, 42.75443 ], [ -96.63874, 42.73749 ], [ -96.62468, 42.72562 ], [ -96.61918, 42.6998 ], [ -96.60942, 42.70241 ], [ -96.53796, 42.65597 ], [ -96.53799, 42.6469 ], [ -96.51513, 42.62822 ], [ -96.49601, 42.58037 ], [ -96.48613, 42.57314 ], [ -96.49725, 42.55697 ], [ -96.47695, 42.55596 ], [ -96.47994, 42.52424 ], [ -96.49356, 42.51562 ], [ -96.47332, 42.50353 ], [ -96.47636, 42.49004 ], [ -96.44547, 42.49062 ], [ -96.40195, 42.48643 ], [ -96.386, 42.4745 ], [ -96.38069, 42.44639 ], [ -96.4103, 42.41296 ], [ -96.40842, 42.37608 ], [ -96.41791, 42.35869 ], [ -96.40799, 42.3374 ], [ -96.36996, 42.31087 ], [ -96.36797, 42.29067 ], [ -96.3313, 42.2594 ], [ -96.32371, 42.22988 ], [ -96.35986, 42.21055 ], [ -96.34846, 42.19614 ], [ -96.34668, 42.16468 ], [ -96.32073, 42.14792 ], [ -96.30975, 42.13209 ], [ -96.28594, 42.12592 ], [ -96.26748, 42.10977 ], [ -96.27919, 42.07354 ], [ -96.26805, 42.0417 ], [ -96.23435, 42.04071 ], [ -96.22189, 42.02955 ], [ -96.24136, 41.99998 ], [ -96.22834, 41.99425 ], [ -96.21521, 42.00669 ], [ -96.1847, 42.00497 ], [ -96.19196, 41.98534 ], [ -96.17719, 41.9763 ], [ -96.15804, 41.98027 ], [ -96.13319, 41.97494 ], [ -96.12918, 41.96513 ], [ -96.14259, 41.9459 ], [ -96.1366, 41.92716 ], [ -96.16206, 41.90304 ], [ -96.14435, 41.87196 ], [ -96.11124, 41.85022 ], [ -96.10974, 41.82399 ], [ -96.08015, 41.81002 ], [ -96.06489, 41.79167 ], [ -96.07862, 41.76194 ], [ -96.10617, 41.73917 ], [ -96.09943, 41.72608 ], [ -96.07749, 41.71648 ], [ -96.0777, 41.70002 ], [ -96.10855, 41.69927 ], [ -96.12104, 41.677 ], [ -96.10004, 41.66107 ], [ -96.09552, 41.64585 ], [ -96.11598, 41.62202 ], [ -96.11363, 41.60195 ], [ -96.08718, 41.58654 ], [ -96.08118, 41.57429 ], [ -96.09658, 41.54539 ], [ -96.0919, 41.53404 ], [ -96.05732, 41.51104 ], [ -96.0406, 41.50689 ], [ -96.02665, 41.54036 ], [ -95.99996, 41.53947 ], [ -95.99277, 41.51459 ], [ -96.01953, 41.49159 ], [ -96.00404, 41.47214 ], [ -95.96832, 41.46388 ], [ -95.945, 41.46648 ], [ -95.9245, 41.45891 ], [ -95.92085, 41.44342 ], [ -95.9323, 41.43206 ], [ -95.93768, 41.39476 ], [ -95.92876, 41.37007 ], [ -95.95712, 41.34959 ], [ -95.95165, 41.3375 ], [ -95.92517, 41.32135 ], [ -95.88554, 41.31809 ], [ -95.87417, 41.30792 ], [ -95.87747, 41.28458 ], [ -95.90283, 41.27437 ], [ -95.91257, 41.27952 ], [ -95.90589, 41.30103 ], [ -95.92763, 41.29843 ], [ -95.92864, 41.28133 ], [ -95.91129, 41.23944 ], [ -95.92611, 41.21161 ], [ -95.91611, 41.18527 ], [ -95.86761, 41.18841 ], [ -95.84723, 41.18334 ], [ -95.84343, 41.16909 ], [ -95.87368, 41.16664 ], [ -95.88293, 41.15457 ], [ -95.86722, 41.12149 ], [ -95.86242, 41.08968 ], [ -95.88221, 41.06353 ], [ -95.86085, 41.03854 ], [ -95.86949, 41.00942 ], [ -95.86348, 40.99733 ], [ -95.83204, 40.98113 ], [ -95.82982, 40.96385 ], [ -95.84026, 40.93994 ], [ -95.83643, 40.92164 ], [ -95.81429, 40.90293 ], [ -95.81207, 40.88423 ], [ -95.84777, 40.86432 ], [ -95.83718, 40.83534 ], [ -95.84373, 40.80378 ], [ -95.83689, 40.77647 ], [ -95.88152, 40.7506 ], [ -95.8889, 40.73185 ], [ -95.88317, 40.71757 ], [ -95.8526, 40.70226 ], [ -95.84279, 40.67749 ], [ -95.78947, 40.65938 ], [ -95.77624, 40.64746 ], [ -95.76892, 40.62126 ], [ -95.75126, 40.60905 ], [ -95.76563, 40.5852 ], [ -94.96648, 40.57583 ], [ -94.66906, 40.57171 ], [ -94.4891, 40.5707 ], [ -94.07213, 40.57302 ], [ -93.81548, 40.57727 ], [ -93.69436, 40.57783 ], [ -93.54757, 40.5804 ], [ -93.26042, 40.58081 ], [ -93.01349, 40.58629 ], [ -92.6594, 40.59033 ], [ -92.48521, 40.59508 ], [ -92.0966, 40.60182 ], [ -91.86839, 40.60805 ], [ -91.72911, 40.61363 ], [ -91.71202, 40.59504 ], [ -91.68537, 40.57888 ], [ -91.69155, 40.56483 ], [ -91.6817, 40.55303 ], [ -91.62515, 40.54349 ], [ -91.61694, 40.50479 ], [ -91.59463, 40.49499 ], [ -91.56771, 40.46228 ], [ -91.52615, 40.45862 ], [ -91.5328, 40.43678 ], [ -91.519, 40.43129 ], [ -91.5246, 40.41076 ], [ -91.49808, 40.40192 ], [ -91.48314, 40.38248 ], [ -91.46389, 40.37565 ], [ -91.44123, 40.38625 ], [ -91.41941, 40.37826 ], [ -91.38419, 40.38642 ], [ -91.37291, 40.3991 ], [ -91.38104, 40.44848 ], [ -91.36491, 40.48416 ], [ -91.36905, 40.51252 ], [ -91.40619, 40.54269 ], [ -91.40147, 40.55945 ], [ -91.37974, 40.57444 ], [ -91.35986, 40.6018 ], [ -91.31004, 40.62503 ], [ -91.24784, 40.63838 ], [ -91.18529, 40.6378 ], [ -91.12081, 40.67277 ], [ -91.11109, 40.70827 ], [ -91.11573, 40.72516 ], [ -91.10876, 40.75003 ], [ -91.09247, 40.77683 ], [ -91.09694, 40.8114 ], [ -91.09006, 40.82463 ], [ -91.05642, 40.84838 ], [ -91.04464, 40.86835 ], [ -90.99849, 40.90811 ], [ -90.96291, 40.92495 ], [ -90.95196, 40.95823 ], [ -90.95813, 40.97976 ], [ -90.94594, 41.00649 ], [ -90.94224, 41.03469 ], [ -90.94913, 41.0706 ], [ -90.94625, 41.09472 ], [ -90.98965, 41.1557 ], [ -91.0096, 41.16624 ], [ -91.04187, 41.16648 ], [ -91.06589, 41.19951 ], [ -91.11234, 41.23899 ], [ -91.11418, 41.25002 ], [ -91.07354, 41.31047 ], [ -91.06505, 41.36909 ], [ -91.05192, 41.38447 ], [ -91.04825, 41.40974 ], [ -91.02778, 41.4236 ], [ -90.97516, 41.43398 ], [ -90.93068, 41.42136 ], [ -90.84745, 41.45501 ], [ -90.73753, 41.45012 ], [ -90.65583, 41.46212 ], [ -90.60593, 41.49422 ], [ -90.59523, 41.51102 ], [ -90.54093, 41.52613 ], [ -90.50062, 41.51803 ], [ -90.46142, 41.52353 ], [ -90.41282, 41.56532 ], [ -90.34322, 41.58783 ], [ -90.33952, 41.59863 ], [ -90.34344, 41.64695 ], [ -90.33452, 41.67955 ], [ -90.31304, 41.69962 ], [ -90.31554, 41.73442 ], [ -90.27862, 41.76735 ], [ -90.22225, 41.79313 ], [ -90.18796, 41.80316 ], [ -90.18396, 41.83306 ], [ -90.17003, 41.87643 ], [ -90.15357, 41.90661 ], [ -90.15159, 41.93099 ], [ -90.16384, 41.94493 ], [ -90.16213, 41.96129 ], [ -90.14622, 41.98132 ], [ -90.14005, 42.00324 ], [ -90.15157, 42.03063 ], [ -90.16448, 42.0421 ], [ -90.16835, 42.07577 ], [ -90.16289, 42.11671 ], [ -90.17096, 42.12519 ], [ -90.20139, 42.13093 ], [ -90.20947, 42.15267 ], [ -90.25012, 42.17146 ], [ -90.28216, 42.17884 ], [ -90.32826, 42.20104 ], [ -90.35695, 42.20544 ], [ -90.3911, 42.22547 ], [ -90.41932, 42.25446 ], [ -90.43087, 42.27822 ], [ -90.41593, 42.32269 ], [ -90.44516, 42.35643 ], [ -90.47793, 42.38414 ], [ -90.55501, 42.41613 ], [ -90.57073, 42.44169 ], [ -90.62432, 42.4589 ], [ -90.65111, 42.47518 ], [ -90.65645, 42.49095 ], [ -90.64283, 42.50847 ], [ -90.63598, 42.5154 ], [ -90.64402, 42.53985 ], [ -90.66152, 42.56799 ], [ -90.68697, 42.59177 ], [ -90.70266, 42.63075 ], [ -90.7202, 42.64075 ], [ -90.76949, 42.65144 ], [ -90.88742, 42.67246 ], [ -90.92115, 42.6854 ], [ -90.95241, 42.68677 ], [ -90.98057, 42.69892 ], [ -90.99553, 42.7137 ], [ -91.05127, 42.73699 ], [ -91.06467, 42.75091 ], [ -91.07856, 42.80962 ], [ -91.07866, 42.82767 ], [ -91.09405, 42.83081 ], [ -91.09158, 42.84866 ], [ -91.10056, 42.88307 ], [ -91.14348, 42.90469 ], [ -91.14977, 42.94024 ], [ -91.14654, 42.96334 ], [ -91.17468, 43.03871 ], [ -91.17937, 43.06862 ], [ -91.17524, 43.13466 ], [ -91.15619, 43.14294 ], [ -91.11911, 43.20036 ], [ -91.07927, 43.22825 ], [ -91.0579, 43.25396 ], [ -91.10723, 43.31364 ], [ -91.12911, 43.32634 ], [ -91.18111, 43.34592 ], [ -91.20184, 43.3491 ], [ -91.21476, 43.36587 ], [ -91.19766, 43.39533 ], [ -91.20313, 43.4198 ], [ -91.22874, 43.44553 ], [ -91.23223, 43.46001 ], [ -91.21527, 43.48479 ], [ -91.2177, 43.50054 ] ] ] } },
{ "type": "Feature", "properties": { "fid": 17, "ZoneCode": "200001", "AbrvFull": "KS", "NameFull": "Kansas", "ZoneNum": 1, "AbrvPart": null, "NamePart": null, "ZoneType": "Statewide", "StateAbrv": "KS", "StateName": "Kansas", "ProjAbrv": "LC1", "ProjType": "Lambert Conformal Conic, one parallel", "LatOrigin": "38°30'N", "LonOriginE": "261°45'E", "LonOriginW": "98°15'W", "Lat0_deg": 38.5, "Lon0_E_deg": 261.75, "Lon0_W_deg": -98.25, "ProjScale": 0.99995, "SkewAz_deg": -9999, "FalseN_m": 304800.0, "FalseE_m": 838200.0, "FalseN_ift": 1000000.0, "FalseE_ift": 2750000.0, "DesignBy": "NGS", "Ref_frame": "NATRF2022" }, "geometry": { "type": "Polygon", "coordinates": [ [ [ -94.61795, 36.9989 ], [ -94.6183, 37.19468 ], [ -94.61671, 37.50012 ], [ -94.61766, 37.77619 ], [ -94.61415, 37.974 ], [ -94.61249, 38.22037 ], [ -94.61334, 38.45869 ], [ -94.6119, 38.60588 ], [ -94.60816, 38.81109 ], [ -94.60714, 39.10558 ], [ -94.60511, 39.12325 ], [ -94.58865, 39.15116 ], [ -94.60645, 39.16082 ], [ -94.65064, 39.15409 ], [ -94.65915, 39.17412 ], [ -94.68878, 39.18322 ], [ -94.71413, 39.1704 ], [ -94.75279, 39.17349 ], [ -94.78294, 39.20716 ], [ -94.80847, 39.20647 ], [ -94.83167, 39.21593 ], [ -94.82747, 39.24989 ], [ -94.84631, 39.26847 ], [ -94.88039, 39.2822 ], [ -94.89851, 39.29844 ], [ -94.90789, 39.32344 ], [ -94.91031, 39.35129 ], [ -94.87908, 39.3757 ], [ -94.88896, 39.39243 ], [ -94.91921, 39.38517 ], [ -94.94203, 39.38949 ], [ -94.94628, 39.40564 ], [ -94.97294, 39.4217 ], [ -94.99016, 39.44619 ], [ -95.0334, 39.46087 ], [ -95.04466, 39.47125 ], [ -95.05054, 39.49751 ], [ -95.07743, 39.51355 ], [ -95.10805, 39.53991 ], [ -95.10746, 39.57374 ], [ -95.09214, 39.58111 ], [ -95.05689, 39.58056 ], [ -95.04668, 39.59675 ], [ -95.05514, 39.62165 ], [ -95.04951, 39.63787 ], [ -95.02458, 39.66848 ], [ -94.98839, 39.67709 ], [ -94.96932, 39.69072 ], [ -94.97132, 39.7257 ], [ -94.94753, 39.74533 ], [ -94.9026, 39.7242 ], [ -94.87562, 39.73049 ], [ -94.85902, 39.75411 ], [ -94.86964, 39.77289 ], [ -94.90543, 39.75951 ], [ -94.93463, 39.77314 ], [ -94.91954, 39.79028 ], [ -94.89052, 39.79142 ], [ -94.87623, 39.80739 ], [ -94.87665, 39.82252 ], [ -94.89147, 39.83464 ], [ -94.91676, 39.8358 ], [ -94.93984, 39.85204 ], [ -94.92789, 39.88611 ], [ -94.95517, 39.90128 ], [ -94.98705, 39.89631 ], [ -95.01512, 39.89964 ], [ -95.03524, 39.86591 ], [ -95.08499, 39.86188 ], [ -95.13967, 39.88059 ], [ -95.14604, 39.90418 ], [ -95.18955, 39.90014 ], [ -95.20347, 39.90565 ], [ -95.20526, 39.93974 ], [ -95.25024, 39.94864 ], [ -95.27232, 39.97103 ], [ -95.3016, 39.98399 ], [ -95.30828, 39.99999 ], [ -97.1253, 40.00193 ], [ -98.57521, 40.00247 ], [ -99.57209, 40.00196 ], [ -99.81342, 40.00136 ], [ -100.49557, 40.00171 ], [ -100.75882, 40.0023 ], [ -101.84101, 40.00278 ], [ -102.05173, 40.00307 ], [ -102.04904, 39.37399 ], [ -102.04534, 38.85689 ], [ -102.0445, 37.98457 ], [ -102.04161, 37.69669 ], [ -102.04208, 36.99301 ], [ -101.5754, 36.99517 ], [ -100.30734, 37.00181 ], [ -100.10788, 37.00231 ], [ -99.8754, 37.00165 ], [ -99.55799, 36.99952 ], [ -98.79701, 36.99945 ], [ -98.52249, 36.99888 ], [ -98.30045, 36.99768 ], [ -97.94561, 36.9986 ], [ -96.73658, 36.99928 ], [ -96.50028, 36.99864 ], [ -96.31887, 36.9993 ], [ -94.96158, 36.99946 ], [ -94.61795, 36.9989 ] ] ] } },
{ "type": "Feature", "properties": { "fid": 18, "ZoneCode": "210001", "AbrvFull": "KY", "NameFull": "Kentucky", "ZoneNum": 1, "AbrvPart": null, "NamePart": null, "ZoneType": "Statewide", "StateAbrv": "KY", "StateName": "Kentucky", "ProjAbrv": "LC1", "ProjType": "Lambert Conformal Conic, one parallel", "LatOrigin": "37°48'N", "LonOriginE": "274°15'E", "LonOriginW": "85°45'W", "Lat0_deg": 37.8, "Lon0_E_deg": 274.25, "Lon0_W_deg": -85.75, "ProjScale": 0.99993, "SkewAz_deg": -9999, "FalseN_m": 1257300.0, "FalseE_m": 495300.0, "FalseN_ift": 4125000.0, "FalseE_ift": 1625000.0, "DesignBy": "NGS", "Ref_frame": "NATRF2022" }, "geometry": { "type": "MultiPolygon", "coordinates": [ [ [ [ -89.48542, 36.49748 ], [ -89.46664, 36.52703 ], [ -89.46781, 36.54697 ], [ -89.47992, 36.56908 ], [ -89.53063, 36.5817 ], [ -89.55757, 36.57429 ], [ -89.57072, 36.55765 ], [ -89.5604, 36.5244 ], [ -89.53922, 36.49793 ], [ -89.48542, 36.49748 ] ] ], [ [ [ -83.67539, 36.60078 ], [ -83.64808, 36.62283 ], [ -83.61389, 36.63484 ], [ -83.5776, 36.64138 ], [ -83.5324, 36.66468 ], [ -83.4928, 36.67018 ], [ -83.45368, 36.66479 ], [ -83.41868, 36.66872 ], [ -83.3868, 36.68661 ], [ -83.34763, 36.70019 ], [ -83.28829, 36.7137 ], [ -83.19425, 36.73951 ], [ -83.13511, 36.74262 ], [ -83.12856, 36.75971 ], [ -83.13322, 36.78458 ], [ -83.11892, 36.78968 ], [ -83.09847, 36.81351 ], [ -83.0999, 36.83114 ], [ -83.07525, 36.84069 ], [ -83.07283, 36.85445 ], [ -83.0263, 36.85541 ], [ -83.00657, 36.84764 ], [ -82.99858, 36.85656 ], [ -82.96924, 36.85801 ], [ -82.87907, 36.88925 ], [ -82.87737, 36.90846 ], [ -82.85764, 36.92884 ], [ -82.85591, 36.953 ], [ -82.87098, 36.96848 ], [ -82.82225, 37.00415 ], [ -82.78286, 37.00781 ], [ -82.75897, 37.02745 ], [ -82.74781, 37.02453 ], [ -82.74275, 37.04279 ], [ -82.72243, 37.04494 ], [ -82.72668, 37.11479 ], [ -82.6236, 37.16443 ], [ -82.55008, 37.20459 ], [ -82.5331, 37.20659 ], [ -82.4865, 37.2312 ], [ -82.34872, 37.26822 ], [ -82.34382, 37.28074 ], [ -82.32472, 37.28303 ], [ -82.31623, 37.29465 ], [ -82.1234, 37.42843 ], [ -81.96801, 37.53803 ], [ -81.97009, 37.54672 ], [ -82.00557, 37.53491 ], [ -82.06483, 37.53719 ], [ -82.07564, 37.55591 ], [ -82.1341, 37.55362 ], [ -82.14176, 37.57108 ], [ -82.12445, 37.57651 ], [ -82.13228, 37.59332 ], [ -82.15629, 37.59236 ], [ -82.16434, 37.61925 ], [ -82.17698, 37.61818 ], [ -82.17507, 37.64782 ], [ -82.19075, 37.64513 ], [ -82.18592, 37.62955 ], [ -82.21449, 37.62539 ], [ -82.21676, 37.64049 ], [ -82.24089, 37.66152 ], [ -82.25806, 37.65688 ], [ -82.28218, 37.67574 ], [ -82.30406, 37.6783 ], [ -82.29621, 37.70069 ], [ -82.30767, 37.708 ], [ -82.31956, 37.73423 ], [ -82.33417, 37.74276 ], [ -82.31297, 37.76512 ], [ -82.32851, 37.76211 ], [ -82.33746, 37.77491 ], [ -82.37616, 37.80202 ], [ -82.38902, 37.8174 ], [ -82.40214, 37.81088 ], [ -82.39907, 37.82871 ], [ -82.42059, 37.84785 ], [ -82.42048, 37.88544 ], [ -82.46796, 37.91392 ], [ -82.46838, 37.9032 ], [ -82.48738, 37.91667 ], [ -82.48028, 37.92561 ], [ -82.50219, 37.93304 ], [ -82.47182, 37.96028 ], [ -82.48425, 37.97138 ], [ -82.48865, 37.9989 ], [ -82.51895, 38.00215 ], [ -82.5258, 38.02589 ], [ -82.53916, 38.03934 ], [ -82.54923, 38.06794 ], [ -82.58335, 38.09002 ], [ -82.58534, 38.10663 ], [ -82.62238, 38.13373 ], [ -82.63698, 38.13871 ], [ -82.64444, 38.16655 ], [ -82.61159, 38.17133 ], [ -82.59941, 38.19657 ], [ -82.59829, 38.21735 ], [ -82.61238, 38.23432 ], [ -82.6039, 38.24763 ], [ -82.58572, 38.24572 ], [ -82.57451, 38.2645 ], [ -82.58303, 38.2968 ], [ -82.57192, 38.31334 ], [ -82.57671, 38.32851 ], [ -82.59811, 38.34593 ], [ -82.59283, 38.37506 ], [ -82.59919, 38.3927 ], [ -82.59347, 38.42181 ], [ -82.61194, 38.47306 ], [ -82.65359, 38.49384 ], [ -82.69828, 38.54376 ], [ -82.7279, 38.55886 ], [ -82.79586, 38.5618 ], [ -82.82121, 38.57339 ], [ -82.84739, 38.59532 ], [ -82.85556, 38.61928 ], [ -82.86066, 38.66356 ], [ -82.87496, 38.68304 ], [ -82.86988, 38.72726 ], [ -82.87966, 38.75139 ], [ -82.89648, 38.75639 ], [ -82.94024, 38.74438 ], [ -82.97736, 38.72618 ], [ -83.00348, 38.72982 ], [ -83.03077, 38.72566 ], [ -83.05304, 38.69578 ], [ -83.10764, 38.67498 ], [ -83.12239, 38.65935 ], [ -83.13475, 38.63201 ], [ -83.15364, 38.61883 ], [ -83.20124, 38.61659 ], [ -83.23418, 38.62794 ], [ -83.26073, 38.62283 ], [ -83.28865, 38.59804 ], [ -83.30591, 38.59974 ], [ -83.32756, 38.63767 ], [ -83.36277, 38.65721 ], [ -83.38485, 38.6631 ], [ -83.44539, 38.66998 ], [ -83.47141, 38.67749 ], [ -83.50566, 38.69977 ], [ -83.53367, 38.70217 ], [ -83.60852, 38.68496 ], [ -83.63489, 38.67042 ], [ -83.64464, 38.63688 ], [ -83.66889, 38.62655 ], [ -83.72086, 38.64667 ], [ -83.77017, 38.65585 ], [ -83.78446, 38.69672 ], [ -83.8392, 38.72001 ], [ -83.85249, 38.75183 ], [ -83.87241, 38.76225 ], [ -83.92814, 38.77197 ], [ -83.94101, 38.78211 ], [ -83.97809, 38.78736 ], [ -84.04457, 38.77055 ], [ -84.09162, 38.77423 ], [ -84.15636, 38.79505 ], [ -84.21311, 38.80583 ], [ -84.23021, 38.82655 ], [ -84.23656, 38.89612 ], [ -84.28653, 38.95253 ], [ -84.30039, 38.9971 ], [ -84.32661, 39.02725 ], [ -84.36071, 39.04156 ], [ -84.41114, 39.0466 ], [ -84.43055, 39.05873 ], [ -84.44068, 39.10926 ], [ -84.45875, 39.12138 ], [ -84.48214, 39.11642 ], [ -84.51033, 39.09387 ], [ -84.55388, 39.09828 ], [ -84.57127, 39.08272 ], [ -84.6008, 39.0745 ], [ -84.63232, 39.07658 ], [ -84.64962, 39.09103 ], [ -84.68935, 39.10318 ], [ -84.72745, 39.14272 ], [ -84.75339, 39.14711 ], [ -84.78448, 39.11771 ], [ -84.82015, 39.10541 ], [ -84.89731, 39.05747 ], [ -84.83857, 38.98989 ], [ -84.8336, 38.95953 ], [ -84.87793, 38.92014 ], [ -84.86187, 38.89774 ], [ -84.81455, 38.89546 ], [ -84.78661, 38.88241 ], [ -84.79043, 38.86124 ], [ -84.83004, 38.83013 ], [ -84.81159, 38.79195 ], [ -84.82754, 38.78315 ], [ -84.88773, 38.79479 ], [ -84.93401, 38.77727 ], [ -84.99192, 38.77828 ], [ -85.0117, 38.76623 ], [ -85.10175, 38.72643 ], [ -85.13198, 38.70291 ], [ -85.17338, 38.68799 ], [ -85.21305, 38.69545 ], [ -85.24645, 38.73174 ], [ -85.27912, 38.74171 ], [ -85.30198, 38.74195 ], [ -85.37109, 38.73036 ], [ -85.40836, 38.73714 ], [ -85.43722, 38.72755 ], [ -85.45032, 38.71166 ], [ -85.45465, 38.68071 ], [ -85.43862, 38.65888 ], [ -85.43589, 38.59887 ], [ -85.41755, 38.56948 ], [ -85.41555, 38.54496 ], [ -85.43423, 38.52326 ], [ -85.46718, 38.51002 ], [ -85.49809, 38.46879 ], [ -85.52526, 38.45754 ], [ -85.58551, 38.45024 ], [ -85.61874, 38.42573 ], [ -85.63745, 38.38221 ], [ -85.63938, 38.3611 ], [ -85.65551, 38.32371 ], [ -85.67375, 38.30224 ], [ -85.73799, 38.26909 ], [ -85.76091, 38.27191 ], [ -85.7869, 38.28853 ], [ -85.82906, 38.27655 ], [ -85.83909, 38.23981 ], [ -85.85167, 38.2226 ], [ -85.87498, 38.20769 ], [ -85.90358, 38.17392 ], [ -85.90909, 38.14233 ], [ -85.90504, 38.08995 ], [ -85.91627, 38.06295 ], [ -85.92342, 38.02524 ], [ -85.94269, 38.00681 ], [ -86.00946, 37.99838 ], [ -86.03224, 37.99035 ], [ -86.03505, 37.96289 ], [ -86.0511, 37.96125 ], [ -86.07722, 37.99863 ], [ -86.1235, 38.01615 ], [ -86.17892, 38.0108 ], [ -86.22023, 38.02796 ], [ -86.2678, 38.05714 ], [ -86.27911, 38.10093 ], [ -86.27025, 38.13224 ], [ -86.29508, 38.16375 ], [ -86.31882, 38.17378 ], [ -86.34855, 38.19568 ], [ -86.37303, 38.19423 ], [ -86.3765, 38.16939 ], [ -86.36533, 38.16136 ], [ -86.32587, 38.15402 ], [ -86.33614, 38.12834 ], [ -86.37508, 38.13063 ], [ -86.40187, 38.10432 ], [ -86.43273, 38.12642 ], [ -86.46467, 38.11737 ], [ -86.45778, 38.09522 ], [ -86.43154, 38.08373 ], [ -86.43392, 38.0657 ], [ -86.46699, 38.04663 ], [ -86.50881, 38.04504 ], [ -86.52513, 38.02873 ], [ -86.52493, 37.96649 ], [ -86.50931, 37.94229 ], [ -86.51024, 37.92665 ], [ -86.53332, 37.91724 ], [ -86.58647, 37.92226 ], [ -86.60017, 37.90439 ], [ -86.59785, 37.86772 ], [ -86.60501, 37.85794 ], [ -86.63827, 37.84268 ], [ -86.6581, 37.84408 ], [ -86.66247, 37.85708 ], [ -86.64471, 37.89498 ], [ -86.65042, 37.91085 ], [ -86.68585, 37.91318 ], [ -86.71107, 37.89669 ], [ -86.7334, 37.89537 ], [ -86.74945, 37.91134 ], [ -86.77997, 37.95552 ], [ -86.79504, 37.98927 ], [ -86.82492, 37.99854 ], [ -86.86091, 37.98436 ], [ -86.90116, 37.94722 ], [ -86.92065, 37.93621 ], [ -86.96798, 37.933 ], [ -87.01237, 37.9187 ], [ -87.03517, 37.90546 ], [ -87.04638, 37.88983 ], [ -87.04312, 37.86885 ], [ -87.06967, 37.80151 ], [ -87.09151, 37.78675 ], [ -87.12881, 37.78557 ], [ -87.14111, 37.81551 ], [ -87.16109, 37.83935 ], [ -87.22046, 37.84906 ], [ -87.27979, 37.88524 ], [ -87.32101, 37.90596 ], [ -87.3379, 37.90812 ], [ -87.38617, 37.9378 ], [ -87.41413, 37.94476 ], [ -87.44912, 37.94185 ], [ -87.50971, 37.90602 ], [ -87.55604, 37.92816 ], [ -87.56908, 37.94155 ], [ -87.57504, 37.9659 ], [ -87.60138, 37.9713 ], [ -87.60581, 37.9496 ], [ -87.62459, 37.93027 ], [ -87.61815, 37.90551 ], [ -87.58713, 37.88485 ], [ -87.59026, 37.85858 ], [ -87.61534, 37.83187 ], [ -87.67034, 37.82795 ], [ -87.68168, 37.85627 ], [ -87.66671, 37.88003 ], [ -87.66683, 37.89576 ], [ -87.68448, 37.90364 ], [ -87.7134, 37.89328 ], [ -87.75923, 37.89165 ], [ -87.79417, 37.87535 ], [ -87.83842, 37.8799 ], [ -87.87512, 37.92286 ], [ -87.90858, 37.92168 ], [ -87.94005, 37.88759 ], [ -87.93798, 37.87028 ], [ -87.90996, 37.84302 ], [ -87.90693, 37.80759 ], [ -87.93151, 37.79827 ], [ -87.94554, 37.77392 ], [ -87.95906, 37.7728 ], [ -88.00133, 37.7989 ], [ -88.02801, 37.79919 ], [ -88.04918, 37.75507 ], [ -88.06963, 37.73371 ], [ -88.12023, 37.71122 ], [ -88.15998, 37.65971 ], [ -88.15706, 37.63327 ], [ -88.13427, 37.57463 ], [ -88.10573, 37.55659 ], [ -88.09161, 37.53843 ], [ -88.069, 37.52539 ], [ -88.06113, 37.50458 ], [ -88.08088, 37.4739 ], [ -88.13408, 37.47183 ], [ -88.19653, 37.4607 ], [ -88.28162, 37.45272 ], [ -88.33013, 37.42987 ], [ -88.36438, 37.40175 ], [ -88.40922, 37.42531 ], [ -88.45453, 37.40984 ], [ -88.47464, 37.39078 ], [ -88.48468, 37.34523 ], [ -88.5159, 37.28408 ], [ -88.47128, 37.21961 ], [ -88.44803, 37.20364 ], [ -88.42475, 37.15073 ], [ -88.45851, 37.07609 ], [ -88.48277, 37.06724 ], [ -88.52898, 37.06682 ], [ -88.57286, 37.07965 ], [ -88.58986, 37.09978 ], [ -88.6169, 37.116 ], [ -88.6926, 37.1411 ], [ -88.73249, 37.14394 ], [ -88.79987, 37.18646 ], [ -88.91617, 37.22398 ], [ -88.97288, 37.22986 ], [ -89.00089, 37.2244 ], [ -89.02986, 37.21106 ], [ -89.08713, 37.16492 ], [ -89.10949, 37.12309 ], [ -89.14284, 37.09901 ], [ -89.16735, 37.07503 ], [ -89.18246, 37.03916 ], [ -89.17016, 37.00706 ], [ -89.13291, 36.98205 ], [ -89.10919, 36.97644 ], [ -89.09896, 36.95606 ], [ -89.11711, 36.88868 ], [ -89.1381, 36.84732 ], [ -89.17043, 36.84183 ], [ -89.17885, 36.83333 ], [ -89.17821, 36.80861 ], [ -89.15146, 36.78866 ], [ -89.1287, 36.78767 ], [ -89.11697, 36.77559 ], [ -89.12596, 36.7518 ], [ -89.16978, 36.75963 ], [ -89.19785, 36.73977 ], [ -89.20064, 36.71874 ], [ -89.16942, 36.68876 ], [ -89.17188, 36.67259 ], [ -89.15911, 36.66635 ], [ -89.19774, 36.62896 ], [ -89.20276, 36.60166 ], [ -89.22704, 36.56953 ], [ -89.25653, 36.56495 ], [ -89.29467, 36.59377 ], [ -89.31644, 36.62404 ], [ -89.33203, 36.63287 ], [ -89.36579, 36.62512 ], [ -89.3776, 36.60978 ], [ -89.3827, 36.58372 ], [ -89.41727, 36.499 ], [ -89.30101, 36.50723 ], [ -89.13705, 36.50393 ], [ -88.95974, 36.50207 ], [ -88.77157, 36.50272 ], [ -88.18324, 36.49943 ], [ -88.05329, 36.49705 ], [ -88.03982, 36.50943 ], [ -88.03267, 36.53698 ], [ -88.04485, 36.60306 ], [ -88.07053, 36.67825 ], [ -88.0122, 36.67718 ], [ -87.84954, 36.66369 ], [ -87.85331, 36.63315 ], [ -87.64774, 36.63802 ], [ -87.33597, 36.64165 ], [ -87.07048, 36.64272 ], [ -86.90105, 36.64648 ], [ -86.7342, 36.64889 ], [ -86.5899, 36.65244 ], [ -86.5639, 36.63355 ], [ -86.50777, 36.65237 ], [ -86.33212, 36.64869 ], [ -86.2931, 36.64529 ], [ -86.02481, 36.63029 ], [ -85.83242, 36.62209 ], [ -85.5015, 36.61485 ], [ -85.30041, 36.62444 ], [ -85.27686, 36.62682 ], [ -85.10923, 36.62288 ], [ -84.99163, 36.61703 ], [ -84.83003, 36.60453 ], [ -84.68544, 36.60136 ], [ -84.54047, 36.5963 ], [ -84.40654, 36.59535 ], [ -84.27154, 36.5917 ], [ -84.10215, 36.59131 ], [ -83.99994, 36.58985 ], [ -83.87403, 36.58593 ], [ -83.69078, 36.58259 ], [ -83.67539, 36.60078 ] ] ] ] } },
{ "type": "Feature", "properties": { "fid": 19, "ZoneCode": "220001", "AbrvFull": "LA", "NameFull": "Louisiana", "ZoneNum": 1, "AbrvPart": null, "NamePart": null, "ZoneType": "Statewide", "StateAbrv": "LA", "StateName": "Louisiana", "ProjAbrv": "OMC", "ProjType": "Hotine Oblique Mercator, center", "LatOrigin": "31°00'N", "LonOriginE": "268°30'E", "LonOriginW": "91°30'W", "Lat0_deg": 31.0, "Lon0_E_deg": 268.5, "Lon0_W_deg": -91.5, "ProjScale": 0.9998, "SkewAz_deg": -68, "FalseN_m": 381000.0, "FalseE_m": 914400.0, "FalseN_ift": 1250000.0, "FalseE_ift": 3000000.0, "DesignBy": "NGS", "Ref_frame": "NATRF2022" }, "geometry": { "type": "Polygon", "coordinates": [ [ [ -91.16609, 33.00429 ], [ -91.5121, 33.00679 ], [ -92.04495, 33.00775 ], [ -92.80142, 33.01515 ], [ -93.00001, 33.01761 ], [ -93.51158, 33.01855 ], [ -93.63795, 33.01934 ], [ -94.04301, 33.01926 ], [ -94.04315, 32.64177 ], [ -94.04271, 31.99927 ], [ -94.01851, 31.99243 ], [ -94.01651, 31.98117 ], [ -93.98231, 31.93976 ], [ -93.97082, 31.91996 ], [ -93.95354, 31.91056 ], [ -93.92989, 31.91271 ], [ -93.93213, 31.89367 ], [ -93.92208, 31.886 ], [ -93.90061, 31.89678 ], [ -93.90062, 31.87386 ], [ -93.88189, 31.86483 ], [ -93.88918, 31.85681 ], [ -93.87295, 31.83598 ], [ -93.87483, 31.82231 ], [ -93.83933, 31.80032 ], [ -93.83768, 31.78081 ], [ -93.82259, 31.77355 ], [ -93.83688, 31.75017 ], [ -93.81547, 31.72977 ], [ -93.81691, 31.70876 ], [ -93.79454, 31.70207 ], [ -93.80687, 31.68157 ], [ -93.82171, 31.67395 ], [ -93.81871, 31.61455 ], [ -93.83941, 31.59919 ], [ -93.81857, 31.55482 ], [ -93.78502, 31.52596 ], [ -93.74722, 31.53061 ], [ -93.73737, 31.51386 ], [ -93.71248, 31.51336 ], [ -93.72259, 31.49276 ], [ -93.74514, 31.48563 ], [ -93.74947, 31.46868 ], [ -93.69262, 31.43719 ], [ -93.70487, 31.41088 ], [ -93.67411, 31.39768 ], [ -93.67099, 31.36622 ], [ -93.63925, 31.37153 ], [ -93.64763, 31.35809 ], [ -93.66843, 31.35301 ], [ -93.67383, 31.32385 ], [ -93.6875, 31.31081 ], [ -93.63969, 31.26916 ], [ -93.62082, 31.27129 ], [ -93.61393, 31.25937 ], [ -93.61825, 31.2331 ], [ -93.59838, 31.23109 ], [ -93.60728, 31.2054 ], [ -93.60231, 31.18174 ], [ -93.58911, 31.16588 ], [ -93.54892, 31.1866 ], [ -93.53427, 31.18542 ], [ -93.54869, 31.15583 ], [ -93.53936, 31.1152 ], [ -93.56317, 31.09698 ], [ -93.5522, 31.07893 ], [ -93.52764, 31.0745 ], [ -93.52473, 31.039 ], [ -93.50828, 31.03235 ], [ -93.53918, 31.00821 ], [ -93.55592, 31.00374 ], [ -93.56562, 31.01315 ], [ -93.5782, 30.99999 ], [ -93.56542, 30.99057 ], [ -93.57432, 30.9737 ], [ -93.53175, 30.95821 ], [ -93.526, 30.93753 ], [ -93.532, 30.92375 ], [ -93.55837, 30.91353 ], [ -93.54919, 30.89743 ], [ -93.57407, 30.88452 ], [ -93.55849, 30.8679 ], [ -93.56858, 30.84364 ], [ -93.55362, 30.83513 ], [ -93.56297, 30.806 ], [ -93.58222, 30.80311 ], [ -93.59209, 30.76367 ], [ -93.61434, 30.76019 ], [ -93.61912, 30.74199 ], [ -93.60538, 30.71715 ], [ -93.61722, 30.71857 ], [ -93.62043, 30.69414 ], [ -93.63134, 30.67787 ], [ -93.65496, 30.67018 ], [ -93.68309, 30.64076 ], [ -93.67865, 30.59409 ], [ -93.71377, 30.58758 ], [ -93.72747, 30.57472 ], [ -93.72917, 30.54485 ], [ -93.74024, 30.53956 ], [ -93.71431, 30.51856 ], [ -93.71706, 30.49444 ], [ -93.69813, 30.43887 ], [ -93.7574, 30.39081 ], [ -93.75485, 30.36609 ], [ -93.76584, 30.3331 ], [ -93.74202, 30.30094 ], [ -93.70458, 30.28994 ], [ -93.71418, 30.20865 ], [ -93.71053, 30.17972 ], [ -93.69284, 30.13521 ], [ -93.70125, 30.13737 ], [ -93.70425, 30.11065 ], [ -93.73276, 30.08286 ], [ -93.71376, 30.06568 ], [ -93.7367, 30.03838 ], [ -93.73973, 30.02398 ], [ -93.77157, 29.99592 ], [ -93.79008, 29.98656 ], [ -93.80654, 29.95744 ], [ -93.81728, 29.91842 ], [ -93.83037, 29.89435 ], [ -93.85989, 29.85992 ], [ -93.90357, 29.83499 ], [ -93.92274, 29.8188 ], [ -93.9288, 29.79707 ], [ -93.9224, 29.78504 ], [ -93.89846, 29.77157 ], [ -93.88881, 29.74223 ], [ -93.87001, 29.73548 ], [ -93.8374, 29.68988 ], [ -93.81434, 29.59657 ], [ -93.77931, 29.61168 ], [ -93.76651, 29.6343 ], [ -93.77014, 29.67082 ], [ -93.72266, 29.68786 ], [ -93.64478, 29.70026 ], [ -93.48775, 29.71781 ], [ -93.43275, 29.71852 ], [ -93.38724, 29.71377 ], [ -93.34944, 29.6954 ], [ -93.30362, 29.7061 ], [ -93.28735, 29.72433 ], [ -93.22316, 29.72639 ], [ -93.12514, 29.7062 ], [ -93.0291, 29.67785 ], [ -92.97699, 29.65958 ], [ -92.80675, 29.58638 ], [ -92.7507, 29.56488 ], [ -92.66578, 29.53787 ], [ -92.63253, 29.52971 ], [ -92.55981, 29.51817 ], [ -92.40501, 29.50028 ], [ -92.35365, 29.48871 ], [ -92.29366, 29.48149 ], [ -92.26397, 29.48414 ], [ -92.22345, 29.49471 ], [ -92.18332, 29.51833 ], [ -92.14666, 29.53203 ], [ -92.11413, 29.53514 ], [ -92.07804, 29.53148 ], [ -92.04561, 29.5058 ], [ -92.02984, 29.47596 ], [ -92.0073, 29.46337 ], [ -91.98386, 29.46071 ], [ -91.96482, 29.43939 ], [ -91.9132, 29.4202 ], [ -91.913, 29.40568 ], [ -91.89764, 29.37521 ], [ -91.87502, 29.36199 ], [ -91.84093, 29.36018 ], [ -91.79318, 29.38254 ], [ -91.77748, 29.39608 ], [ -91.7234, 29.36341 ], [ -91.69999, 29.36008 ], [ -91.66252, 29.37458 ], [ -91.64404, 29.37555 ], [ -91.61323, 29.36062 ], [ -91.59425, 29.3603 ], [ -91.56831, 29.34806 ], [ -91.52973, 29.34445 ], [ -91.42112, 29.30282 ], [ -91.39164, 29.28187 ], [ -91.3769, 29.26258 ], [ -91.31869, 29.20835 ], [ -91.29267, 29.19617 ], [ -91.20784, 29.17115 ], [ -91.14935, 29.16508 ], [ -91.11838, 29.14276 ], [ -91.07232, 29.13152 ], [ -91.00605, 29.11999 ], [ -90.97492, 29.1215 ], [ -90.96036, 29.11106 ], [ -91.00089, 29.10048 ], [ -91.02302, 29.06739 ], [ -91.02075, 29.04606 ], [ -91.00875, 29.0269 ], [ -90.97028, 29.00502 ], [ -90.90707, 28.99113 ], [ -90.86455, 28.99159 ], [ -90.82264, 28.98591 ], [ -90.74685, 28.98859 ], [ -90.72076, 28.99262 ], [ -90.55254, 29.0368 ], [ -90.47984, 29.00861 ], [ -90.40937, 28.99533 ], [ -90.3684, 29.00342 ], [ -90.34431, 29.00317 ], [ -90.23905, 29.0331 ], [ -90.20069, 29.03618 ], [ -90.15124, 29.05634 ], [ -90.09259, 29.09198 ], [ -90.05556, 29.12196 ], [ -90.03232, 29.13504 ], [ -89.61042, 29.19863 ], [ -89.55364, 29.18597 ], [ -89.52046, 29.17218 ], [ -89.50231, 29.15837 ], [ -89.46867, 29.10746 ], [ -89.46342, 29.08281 ], [ -89.46573, 28.97443 ], [ -89.4694, 28.95617 ], [ -89.49184, 28.9194 ], [ -89.48763, 28.88737 ], [ -89.45652, 28.8606 ], [ -89.42569, 28.85512 ], [ -89.38472, 28.8715 ], [ -89.32066, 28.93439 ], [ -89.30514, 28.95609 ], [ -89.2796, 28.97778 ], [ -89.2349, 28.98715 ], [ -89.20957, 28.97019 ], [ -89.19653, 28.93996 ], [ -89.16906, 28.92257 ], [ -89.13328, 28.91972 ], [ -89.09605, 28.94249 ], [ -89.08882, 28.96114 ], [ -89.04563, 29.00694 ], [ -89.01268, 29.02767 ], [ -89.00099, 29.057 ], [ -88.99689, 29.0853 ], [ -88.96743, 29.09507 ], [ -88.9278, 29.11727 ], [ -88.91324, 29.15457 ], [ -88.91764, 29.17943 ], [ -88.90914, 29.20016 ], [ -88.9183, 29.23627 ], [ -88.94205, 29.25374 ], [ -89.00004, 29.27148 ], [ -89.02261, 29.27446 ], [ -89.06942, 29.29429 ], [ -89.09452, 29.32893 ], [ -89.11215, 29.33967 ], [ -89.12161, 29.36649 ], [ -89.1376, 29.38142 ], [ -89.14207, 29.42946 ], [ -89.11944, 29.45806 ], [ -89.07229, 29.47083 ], [ -89.03887, 29.49222 ], [ -88.9602, 29.5771 ], [ -88.91265, 29.61177 ], [ -88.86993, 29.65709 ], [ -88.82342, 29.71499 ], [ -88.80181, 29.75019 ], [ -88.76725, 29.84077 ], [ -88.75838, 29.91827 ], [ -88.76449, 29.97194 ], [ -88.78366, 30.02668 ], [ -88.80296, 30.05782 ], [ -88.83434, 30.0907 ], [ -88.85491, 30.13553 ], [ -88.88902, 30.13984 ], [ -89.09647, 30.16582 ], [ -89.18366, 30.21215 ], [ -89.26097, 30.18199 ], [ -89.28839, 30.17846 ], [ -89.4167, 30.17763 ], [ -89.45681, 30.16573 ], [ -89.49497, 30.16074 ], [ -89.51688, 30.16458 ], [ -89.53863, 30.19588 ], [ -89.5719, 30.18072 ], [ -89.59656, 30.21196 ], [ -89.61682, 30.22577 ], [ -89.61533, 30.24697 ], [ -89.63161, 30.25701 ], [ -89.63129, 30.27976 ], [ -89.63981, 30.3073 ], [ -89.62649, 30.3139 ], [ -89.63006, 30.33968 ], [ -89.661, 30.36399 ], [ -89.68417, 30.40868 ], [ -89.67774, 30.41846 ], [ -89.68362, 30.45178 ], [ -89.70438, 30.46665 ], [ -89.7214, 30.48888 ], [ -89.75385, 30.50149 ], [ -89.76748, 30.51303 ], [ -89.78022, 30.54471 ], [ -89.80341, 30.56207 ], [ -89.82249, 30.60491 ], [ -89.82006, 30.6328 ], [ -89.83369, 30.65769 ], [ -89.85038, 30.66057 ], [ -89.83679, 30.69057 ], [ -89.84252, 30.71994 ], [ -89.81697, 30.73757 ], [ -89.83523, 30.76931 ], [ -89.78225, 30.83126 ], [ -89.7895, 30.85138 ], [ -89.76778, 30.86557 ], [ -89.77355, 30.89686 ], [ -89.76069, 30.8963 ], [ -89.7594, 30.91513 ], [ -89.74515, 30.92241 ], [ -89.75594, 30.94411 ], [ -89.72708, 30.9697 ], [ -89.72856, 30.99439 ], [ -89.75263, 31.00185 ], [ -89.8588, 31.00204 ], [ -90.73349, 30.99921 ], [ -90.99794, 30.99898 ], [ -91.63693, 30.99941 ], [ -91.59046, 31.01726 ], [ -91.56439, 31.03896 ], [ -91.56414, 31.06682 ], [ -91.62519, 31.11596 ], [ -91.62421, 31.13372 ], [ -91.58904, 31.17858 ], [ -91.59502, 31.20196 ], [ -91.62511, 31.22607 ], [ -91.64435, 31.23441 ], [ -91.65402, 31.25575 ], [ -91.64124, 31.26691 ], [ -91.55868, 31.26217 ], [ -91.51857, 31.27528 ], [ -91.50885, 31.29164 ], [ -91.51004, 31.31682 ], [ -91.5482, 31.34608 ], [ -91.54638, 31.38276 ], [ -91.56894, 31.37762 ], [ -91.57833, 31.39906 ], [ -91.56517, 31.42344 ], [ -91.54846, 31.43266 ], [ -91.53713, 31.42416 ], [ -91.53233, 31.39027 ], [ -91.50475, 31.36497 ], [ -91.47253, 31.37106 ], [ -91.47206, 31.39707 ], [ -91.4998, 31.42009 ], [ -91.51336, 31.44439 ], [ -91.51814, 31.48348 ], [ -91.51491, 31.51011 ], [ -91.52253, 31.52207 ], [ -91.511, 31.5326 ], [ -91.47591, 31.53126 ], [ -91.44391, 31.54246 ], [ -91.40791, 31.56936 ], [ -91.40391, 31.58976 ], [ -91.42271, 31.59706 ], [ -91.46201, 31.58666 ], [ -91.48651, 31.58656 ], [ -91.51722, 31.61345 ], [ -91.51233, 31.63472 ], [ -91.49766, 31.64537 ], [ -91.46381, 31.62036 ], [ -91.42301, 31.61126 ], [ -91.40081, 31.62046 ], [ -91.39571, 31.64416 ], [ -91.40011, 31.69676 ], [ -91.39711, 31.71136 ], [ -91.36937, 31.7469 ], [ -91.32091, 31.75006 ], [ -91.27978, 31.74475 ], [ -91.26, 31.75866 ], [ -91.28741, 31.77196 ], [ -91.34811, 31.75816 ], [ -91.36561, 31.76076 ], [ -91.36051, 31.79576 ], [ -91.34571, 31.84286 ], [ -91.33841, 31.85126 ], [ -91.29401, 31.86045 ], [ -91.2832, 31.81576 ], [ -91.262, 31.80936 ], [ -91.24562, 31.83316 ], [ -91.2666, 31.85116 ], [ -91.2658, 31.86485 ], [ -91.2339, 31.8776 ], [ -91.201, 31.90915 ], [ -91.1804, 31.91855 ], [ -91.1929, 31.93495 ], [ -91.1881, 31.96135 ], [ -91.1644, 31.98255 ], [ -91.1069, 31.98935 ], [ -91.0759, 32.01682 ], [ -91.0934, 32.03685 ], [ -91.1451, 32.04655 ], [ -91.162, 32.06185 ], [ -91.1393, 32.08175 ], [ -91.0987, 32.04835 ], [ -91.0793, 32.05165 ], [ -91.08, 32.07915 ], [ -91.0386, 32.09825 ], [ -91.03088, 32.12055 ], [ -91.005, 32.14285 ], [ -91.0029, 32.16205 ], [ -91.0249, 32.16255 ], [ -91.0583, 32.18095 ], [ -91.0497, 32.15735 ], [ -91.05355, 32.12441 ], [ -91.08162, 32.13399 ], [ -91.11098, 32.12464 ], [ -91.16281, 32.13269 ], [ -91.17457, 32.15731 ], [ -91.16487, 32.19574 ], [ -91.13358, 32.21343 ], [ -91.11726, 32.20666 ], [ -91.0837, 32.22644 ], [ -91.0614, 32.21864 ], [ -91.0465, 32.24114 ], [ -91.03429, 32.24154 ], [ -91.0029, 32.22304 ], [ -90.99969, 32.1911 ], [ -90.98337, 32.21176 ], [ -90.98075, 32.24248 ], [ -90.96951, 32.25205 ], [ -90.98407, 32.27995 ], [ -90.97619, 32.29644 ], [ -90.94783, 32.28348 ], [ -90.91615, 32.30358 ], [ -90.88571, 32.35086 ], [ -90.87561, 32.37352 ], [ -90.88982, 32.37293 ], [ -90.91236, 32.33945 ], [ -90.98666, 32.35175 ], [ -91.0047, 32.36724 ], [ -90.99407, 32.40386 ], [ -90.96598, 32.42065 ], [ -90.9772, 32.446 ], [ -90.99897, 32.45016 ], [ -91.0274, 32.43394 ], [ -91.0493, 32.43734 ], [ -91.0935, 32.45744 ], [ -91.1157, 32.48233 ], [ -91.1167, 32.50013 ], [ -91.09373, 32.54912 ], [ -91.07614, 32.53469 ], [ -91.0493, 32.49853 ], [ -91.0241, 32.48523 ], [ -91.0001, 32.48228 ], [ -90.98766, 32.49848 ], [ -91.01846, 32.52101 ], [ -91.0577, 32.53377 ], [ -91.0804, 32.55646 ], [ -91.03098, 32.58334 ], [ -91.00354, 32.61227 ], [ -91.00349, 32.62484 ], [ -91.02576, 32.64657 ], [ -91.04003, 32.63355 ], [ -91.04979, 32.60718 ], [ -91.1251, 32.58518 ], [ -91.15131, 32.61591 ], [ -91.15269, 32.64075 ], [ -91.12619, 32.66713 ], [ -91.06394, 32.70292 ], [ -91.06076, 32.72749 ], [ -91.1251, 32.74319 ], [ -91.14949, 32.74193 ], [ -91.16581, 32.75784 ], [ -91.15547, 32.7799 ], [ -91.16439, 32.78582 ], [ -91.16166, 32.81246 ], [ -91.14355, 32.84473 ], [ -91.10562, 32.85839 ], [ -91.07059, 32.88865 ], [ -91.0648, 32.92646 ], [ -91.08308, 32.9479 ], [ -91.08679, 32.97626 ], [ -91.10657, 32.98893 ], [ -91.13509, 32.9801 ], [ -91.13785, 32.95275 ], [ -91.1313, 32.92691 ], [ -91.14507, 32.90549 ], [ -91.16387, 32.89947 ], [ -91.19678, 32.90678 ], [ -91.21283, 32.9221 ], [ -91.20183, 32.96121 ], [ -91.1733, 32.98608 ], [ -91.16609, 33.00429 ] ] ] } },
{ "type": "Feature", "properties": { "fid": 20, "ZoneCode": "230001", "AbrvFull": "ME", "NameFull": "Maine", "ZoneNum": 1, "AbrvPart": null, "NamePart": null, "ZoneType": "Statewide", "StateAbrv": "ME", "StateName": "Maine", "ProjAbrv": "OMC", "ProjType": "Hotine Oblique Mercator, center", "LatOrigin": "45°00'N", "LonOriginE": "291°00'E", "LonOriginW": "69°00'W", "Lat0_deg": 45.0, "Lon0_E_deg": 291.0, "Lon0_W_deg": -69.0, "ProjScale": 0.99995, "SkewAz_deg": 30, "FalseN_m": 342900.0, "FalseE_m": 876300.0, "FalseN_ift": 1125000.0, "FalseE_ift": 2875000.0, "DesignBy": "NGS", "Ref_frame": "NATRF2022" }, "geometry": { "type": "Polygon", "coordinates": [ [ [ -70.57509, 42.91712 ], [ -70.55298, 42.92924 ], [ -70.53714, 42.95141 ], [ -70.52888, 43.00576 ], [ -70.54218, 43.03403 ], [ -70.55835, 43.04725 ], [ -70.59965, 43.05693 ], [ -70.58216, 43.09548 ], [ -70.54012, 43.13054 ], [ -70.53434, 43.09905 ], [ -70.49301, 43.07303 ], [ -70.45907, 43.07147 ], [ -70.43057, 43.08021 ], [ -70.40624, 43.10208 ], [ -70.40339, 43.12508 ], [ -70.41964, 43.15254 ], [ -70.44621, 43.16814 ], [ -70.49326, 43.16914 ], [ -70.52167, 43.15487 ], [ -70.51966, 43.19101 ], [ -70.50632, 43.21882 ], [ -70.52083, 43.25209 ], [ -70.49728, 43.27435 ], [ -70.49323, 43.28682 ], [ -70.4218, 43.29749 ], [ -70.36922, 43.32221 ], [ -70.35163, 43.33909 ], [ -70.34618, 43.35817 ], [ -70.31894, 43.39013 ], [ -70.2876, 43.40351 ], [ -70.26843, 43.42634 ], [ -70.15598, 43.52443 ], [ -69.85521, 43.64694 ], [ -69.80882, 43.64733 ], [ -69.78657, 43.65812 ], [ -69.74949, 43.65398 ], [ -69.71921, 43.66174 ], [ -69.69922, 43.67585 ], [ -69.68633, 43.69819 ], [ -69.66474, 43.71174 ], [ -69.63153, 43.70088 ], [ -69.56662, 43.70282 ], [ -69.53531, 43.71452 ], [ -69.51909, 43.73211 ], [ -69.51582, 43.76097 ], [ -69.50578, 43.77845 ], [ -69.46987, 43.79389 ], [ -69.40927, 43.81081 ], [ -69.38728, 43.79901 ], [ -69.39704, 43.77295 ], [ -69.38436, 43.73175 ], [ -69.35638, 43.71087 ], [ -69.32349, 43.70366 ], [ -69.29785, 43.70768 ], [ -69.26202, 43.72542 ], [ -69.23338, 43.76231 ], [ -69.24253, 43.79975 ], [ -69.26234, 43.81536 ], [ -69.23655, 43.82562 ], [ -69.22656, 43.81219 ], [ -69.18584, 43.79378 ], [ -69.14134, 43.79841 ], [ -69.083, 43.82564 ], [ -69.05589, 43.8589 ], [ -69.02278, 43.8425 ], [ -69.02429, 43.81983 ], [ -69.00992, 43.79843 ], [ -68.99032, 43.78688 ], [ -68.94983, 43.78016 ], [ -68.92552, 43.75008 ], [ -68.87448, 43.73417 ], [ -68.82691, 43.7357 ], [ -68.79778, 43.75287 ], [ -68.78224, 43.77753 ], [ -68.78532, 43.80433 ], [ -68.74947, 43.83252 ], [ -68.72431, 43.83458 ], [ -68.68466, 43.85464 ], [ -68.66943, 43.86957 ], [ -68.66379, 43.89392 ], [ -68.67926, 43.92344 ], [ -68.71649, 43.94197 ], [ -68.74265, 43.94314 ], [ -68.72148, 43.96193 ], [ -68.65958, 43.94798 ], [ -68.61872, 43.95588 ], [ -68.58507, 43.9543 ], [ -68.54727, 43.96861 ], [ -68.53071, 43.98661 ], [ -68.4931, 44.01055 ], [ -68.48494, 44.0283 ], [ -68.46301, 44.0321 ], [ -68.43684, 44.05322 ], [ -68.36879, 44.04521 ], [ -68.31139, 44.05342 ], [ -68.27621, 44.07283 ], [ -68.26313, 44.09061 ], [ -68.22391, 44.09194 ], [ -68.20336, 44.09958 ], [ -68.17586, 44.12507 ], [ -68.16839, 44.1729 ], [ -68.17075, 44.1901 ], [ -68.13758, 44.20685 ], [ -68.12262, 44.22603 ], [ -68.12828, 44.26424 ], [ -68.06096, 44.27825 ], [ -68.01818, 44.2751 ], [ -67.97364, 44.29515 ], [ -67.96078, 44.31925 ], [ -67.92518, 44.34142 ], [ -67.89815, 44.32212 ], [ -67.85833, 44.31701 ], [ -67.80969, 44.3365 ], [ -67.79526, 44.36115 ], [ -67.80557, 44.391 ], [ -67.77475, 44.4113 ], [ -67.74174, 44.39082 ], [ -67.71533, 44.38649 ], [ -67.67464, 44.39462 ], [ -67.63654, 44.38358 ], [ -67.61003, 44.38577 ], [ -67.56758, 44.3972 ], [ -67.49261, 44.43221 ], [ -67.45524, 44.46486 ], [ -67.44422, 44.48112 ], [ -67.44339, 44.50527 ], [ -67.3882, 44.52039 ], [ -67.35677, 44.51808 ], [ -67.31784, 44.53153 ], [ -67.30115, 44.54958 ], [ -67.24805, 44.55489 ], [ -67.18784, 44.58177 ], [ -67.17432, 44.59469 ], [ -67.14085, 44.60825 ], [ -67.09671, 44.63918 ], [ -67.08828, 44.65272 ], [ -67.05413, 44.67756 ], [ -67.03928, 44.69696 ], [ -67.01076, 44.71731 ], [ -66.97752, 44.73123 ], [ -66.94184, 44.76561 ], [ -66.90255, 44.77655 ], [ -66.88544, 44.7942 ], [ -66.93256, 44.8255 ], [ -66.96531, 44.82889 ], [ -66.98216, 44.86721 ], [ -66.96884, 44.91041 ], [ -66.99702, 44.9286 ], [ -67.02164, 44.95391 ], [ -67.09459, 45.07478 ], [ -67.11258, 45.11256 ], [ -67.15887, 45.16202 ], [ -67.20255, 45.17139 ], [ -67.22719, 45.16345 ], [ -67.24719, 45.18106 ], [ -67.27206, 45.19121 ], [ -67.28974, 45.18881 ], [ -67.30154, 45.15698 ], [ -67.29588, 45.14796 ], [ -67.31992, 45.14241 ], [ -67.32106, 45.13132 ], [ -67.34092, 45.12508 ], [ -67.38056, 45.1521 ], [ -67.40493, 45.15996 ], [ -67.39913, 45.16885 ], [ -67.42785, 45.20173 ], [ -67.44042, 45.22757 ], [ -67.46189, 45.24266 ], [ -67.47637, 45.27536 ], [ -67.48963, 45.28211 ], [ -67.46031, 45.30001 ], [ -67.45697, 45.32515 ], [ -67.42887, 45.34422 ], [ -67.4336, 45.36079 ], [ -67.42122, 45.37351 ], [ -67.42732, 45.39071 ], [ -67.47388, 45.42473 ], [ -67.48702, 45.46749 ], [ -67.50007, 45.49084 ], [ -67.46763, 45.49516 ], [ -67.4636, 45.50837 ], [ -67.42736, 45.50095 ], [ -67.41654, 45.5043 ], [ -67.43277, 45.51982 ], [ -67.43253, 45.54042 ], [ -67.42073, 45.54968 ], [ -67.43105, 45.5841 ], [ -67.45666, 45.6043 ], [ -67.48768, 45.59693 ], [ -67.499, 45.58663 ], [ -67.54823, 45.59783 ], [ -67.56182, 45.59471 ], [ -67.58977, 45.60675 ], [ -67.6085, 45.60619 ], [ -67.63889, 45.62506 ], [ -67.64556, 45.61327 ], [ -67.67515, 45.63092 ], [ -67.71058, 45.6793 ], [ -67.73463, 45.68897 ], [ -67.71795, 45.66763 ], [ -67.7543, 45.66756 ], [ -67.76865, 45.67751 ], [ -67.8035, 45.67769 ], [ -67.81801, 45.69381 ], [ -67.80293, 45.69608 ], [ -67.80962, 45.72956 ], [ -67.78179, 45.73111 ], [ -67.80915, 45.76736 ], [ -67.80199, 45.80306 ], [ -67.7781, 45.8192 ], [ -67.75532, 45.82334 ], [ -67.80431, 45.86912 ], [ -67.80391, 45.88289 ], [ -67.76882, 45.89888 ], [ -67.75065, 45.91746 ], [ -67.78125, 45.94344 ], [ -67.78196, 46.26276 ], [ -67.78588, 46.50539 ], [ -67.78829, 46.60129 ], [ -67.78972, 46.80593 ], [ -67.79019, 47.06721 ], [ -67.81793, 47.08182 ], [ -67.88289, 47.10431 ], [ -67.89071, 47.12638 ], [ -67.91232, 47.14869 ], [ -67.92742, 47.15494 ], [ -67.9515, 47.18341 ], [ -67.95198, 47.19462 ], [ -67.98978, 47.20998 ], [ -68.02518, 47.23986 ], [ -68.07366, 47.25907 ], [ -68.0819, 47.27097 ], [ -68.12095, 47.28739 ], [ -68.15228, 47.30958 ], [ -68.1524, 47.32201 ], [ -68.22371, 47.34472 ], [ -68.23451, 47.35528 ], [ -68.26502, 47.35216 ], [ -68.28067, 47.35958 ], [ -68.30529, 47.35521 ], [ -68.32756, 47.36 ], [ -68.36318, 47.35464 ], [ -68.38022, 47.33957 ], [ -68.38397, 47.30116 ], [ -68.37797, 47.28737 ], [ -68.41005, 47.288 ], [ -68.42988, 47.28128 ], [ -68.45848, 47.28428 ], [ -68.47481, 47.29715 ], [ -68.5177, 47.29593 ], [ -68.54993, 47.28209 ], [ -68.58005, 47.2871 ], [ -68.59767, 47.27014 ], [ -68.60743, 47.24705 ], [ -68.66325, 47.23621 ], [ -68.68723, 47.24442 ], [ -68.71527, 47.24082 ], [ -68.75189, 47.22635 ], [ -68.81153, 47.21512 ], [ -68.85742, 47.19031 ], [ -68.90008, 47.17771 ], [ -68.94103, 47.20609 ], [ -68.94972, 47.20214 ], [ -68.98042, 47.22011 ], [ -69.04091, 47.24496 ], [ -69.05493, 47.31529 ], [ -69.05451, 47.37655 ], [ -69.03945, 47.42228 ], [ -69.05563, 47.43217 ], [ -69.08136, 47.42373 ], [ -69.12201, 47.44269 ], [ -69.17594, 47.45674 ], [ -69.20233, 47.45222 ], [ -69.22446, 47.45982 ], [ -69.38062, 47.30755 ], [ -69.66892, 47.02349 ], [ -69.99711, 46.69551 ], [ -70.05655, 46.41654 ], [ -70.10059, 46.4054 ], [ -70.12699, 46.3708 ], [ -70.14885, 46.35888 ], [ -70.17534, 46.35809 ], [ -70.20894, 46.32948 ], [ -70.2056, 46.30017 ], [ -70.23163, 46.29102 ], [ -70.24866, 46.26707 ], [ -70.2718, 46.20993 ], [ -70.29269, 46.19145 ], [ -70.27759, 46.17456 ], [ -70.24059, 46.15096 ], [ -70.25311, 46.10011 ], [ -70.27355, 46.10206 ], [ -70.30033, 46.08357 ], [ -70.30687, 46.06111 ], [ -70.27894, 46.06083 ], [ -70.30137, 46.02761 ], [ -70.31799, 46.01906 ], [ -70.30237, 45.99867 ], [ -70.28394, 45.99548 ], [ -70.30699, 45.98268 ], [ -70.31255, 45.96212 ], [ -70.26571, 45.9642 ], [ -70.2395, 45.93984 ], [ -70.26309, 45.92398 ], [ -70.25386, 45.90247 ], [ -70.25882, 45.89116 ], [ -70.3078, 45.85884 ], [ -70.34194, 45.85233 ], [ -70.38802, 45.81879 ], [ -70.39616, 45.79865 ], [ -70.41687, 45.79553 ], [ -70.40702, 45.76252 ], [ -70.38842, 45.7502 ], [ -70.38423, 45.734 ], [ -70.39956, 45.72051 ], [ -70.43916, 45.70386 ], [ -70.46547, 45.70652 ], [ -70.52639, 45.66635 ], [ -70.56371, 45.66273 ], [ -70.59234, 45.62951 ], [ -70.61914, 45.61201 ], [ -70.64527, 45.60643 ], [ -70.65905, 45.58727 ], [ -70.68919, 45.56217 ], [ -70.6771, 45.5522 ], [ -70.69586, 45.5408 ], [ -70.72257, 45.51366 ], [ -70.71159, 45.5018 ], [ -70.71784, 45.49022 ], [ -70.69172, 45.47426 ], [ -70.68111, 45.45217 ], [ -70.65073, 45.44493 ], [ -70.62786, 45.42259 ], [ -70.6355, 45.41488 ], [ -70.62334, 45.40021 ], [ -70.63685, 45.38231 ], [ -70.66078, 45.37812 ], [ -70.67817, 45.39426 ], [ -70.71201, 45.39047 ], [ -70.72965, 45.39909 ], [ -70.75458, 45.4283 ], [ -70.79809, 45.42651 ], [ -70.82573, 45.40025 ], [ -70.80292, 45.36502 ], [ -70.8199, 45.34018 ], [ -70.80609, 45.32157 ], [ -70.81179, 45.30559 ], [ -70.83571, 45.29358 ], [ -70.83189, 45.2789 ], [ -70.84894, 45.26308 ], [ -70.83926, 45.23753 ], [ -70.85753, 45.22912 ], [ -70.89694, 45.24185 ], [ -70.89514, 45.25225 ], [ -70.92111, 45.27882 ], [ -70.912, 45.2963 ], [ -70.91783, 45.31171 ], [ -70.93889, 45.31997 ], [ -70.95238, 45.33911 ], [ -70.98912, 45.33413 ], [ -71.01037, 45.34765 ], [ -71.00852, 45.31923 ], [ -71.03267, 45.31018 ], [ -71.0591, 45.31383 ], [ -71.08392, 45.30547 ], [ -71.07717, 45.25004 ], [ -71.05824, 44.9905 ], [ -71.04311, 44.82688 ], [ -71.03352, 44.69763 ], [ -71.02616, 44.54926 ], [ -71.00996, 44.28468 ], [ -70.99478, 43.96034 ], [ -70.98904, 43.79013 ], [ -70.98521, 43.75589 ], [ -70.97274, 43.5703 ], [ -70.95772, 43.56163 ], [ -70.95394, 43.52226 ], [ -70.96752, 43.48094 ], [ -70.96159, 43.44326 ], [ -70.98667, 43.40648 ], [ -70.98534, 43.37886 ], [ -70.97346, 43.34988 ], [ -70.95692, 43.33473 ], [ -70.93282, 43.33721 ], [ -70.9126, 43.30757 ], [ -70.89631, 43.29843 ], [ -70.89707, 43.28565 ], [ -70.84282, 43.25422 ], [ -70.83872, 43.24311 ], [ -70.81782, 43.23815 ], [ -70.8096, 43.2255 ], [ -70.82036, 43.19174 ], [ -70.82805, 43.18652 ], [ -70.83361, 43.1461 ], [ -70.82457, 43.12506 ], [ -70.73797, 43.07372 ], [ -70.70631, 43.07533 ], [ -70.70119, 43.04523 ], [ -70.63374, 42.98775 ], [ -70.61115, 42.97898 ], [ -70.58185, 42.93831 ], [ -70.57509, 42.91712 ] ] ] } },
{ "type": "Feature", "properties": { "fid": 21, "ZoneCode": "240001", "AbrvFull": "MD", "NameFull": "Maryland", "ZoneNum": 1, "AbrvPart": null, "NamePart": null, "ZoneType": "Statewide", "StateAbrv": "MD", "StateName": "Maryland", "ProjAbrv": "LC1", "ProjType": "Lambert Conformal Conic, one parallel", "LatOrigin": "38°51'N", "LonOriginE": "283°00'E", "LonOriginW": "77°00'W", "Lat0_deg": 38.85, "Lon0_E_deg": 283.0, "Lon0_W_deg": -77.0, "ProjScale": 0.99998, "SkewAz_deg": -9999, "FalseN_m": 228600.0, "FalseE_m": 800100.0, "FalseN_ift": 750000.0, "FalseE_ift": 2625000.0, "DesignBy": "NGS", "Ref_frame": "NATRF2022" }, "geometry": { "type": "Polygon", "coordinates": [ [ [ -74.98628, 38.45162 ], [ -75.23211, 38.45121 ], [ -75.39371, 38.45212 ], [ -75.50939, 38.45428 ], [ -75.69367, 38.46007 ], [ -75.75379, 39.21875 ], [ -75.78852, 39.64812 ], [ -75.78859, 39.72219 ], [ -76.13548, 39.72114 ], [ -76.58387, 39.72129 ], [ -77.05791, 39.71994 ], [ -77.50282, 39.71988 ], [ -77.92948, 39.72232 ], [ -78.31441, 39.72285 ], [ -79.04554, 39.72287 ], [ -79.47666, 39.72107 ], [ -79.47886, 39.53168 ], [ -79.48236, 39.53168 ], [ -79.48437, 39.34429 ], [ -79.48607, 39.34429 ], [ -79.48687, 39.20589 ], [ -79.47321, 39.2021 ], [ -79.42422, 39.22683 ], [ -79.39328, 39.26162 ], [ -79.35403, 39.278 ], [ -79.34628, 39.29381 ], [ -79.31286, 39.30462 ], [ -79.29001, 39.29986 ], [ -79.28213, 39.32326 ], [ -79.25387, 39.33709 ], [ -79.25688, 39.35545 ], [ -79.21444, 39.3634 ], [ -79.19755, 39.38845 ], [ -79.17737, 39.39673 ], [ -79.16518, 39.38714 ], [ -79.1603, 39.41591 ], [ -79.12744, 39.41817 ], [ -79.10281, 39.45047 ], [ -79.10019, 39.47699 ], [ -79.08136, 39.47173 ], [ -79.04821, 39.48349 ], [ -79.03371, 39.46697 ], [ -78.95551, 39.4417 ], [ -78.95753, 39.46389 ], [ -78.93429, 39.48628 ], [ -78.91671, 39.48631 ], [ -78.87874, 39.52127 ], [ -78.83759, 39.56713 ], [ -78.81327, 39.56686 ], [ -78.82572, 39.58917 ], [ -78.80837, 39.6082 ], [ -78.79526, 39.61069 ], [ -78.80122, 39.62569 ], [ -78.79077, 39.63827 ], [ -78.76475, 39.6447 ], [ -78.77827, 39.62269 ], [ -78.74889, 39.62655 ], [ -78.73357, 39.61377 ], [ -78.77824, 39.60189 ], [ -78.75562, 39.58065 ], [ -78.73315, 39.5862 ], [ -78.7237, 39.56348 ], [ -78.6898, 39.54595 ], [ -78.65469, 39.5346 ], [ -78.6199, 39.53923 ], [ -78.56611, 39.51936 ], [ -78.52733, 39.52479 ], [ -78.46892, 39.51647 ], [ -78.46296, 39.53339 ], [ -78.43909, 39.55176 ], [ -78.42129, 39.54501 ], [ -78.42631, 39.55921 ], [ -78.44987, 39.57061 ], [ -78.45736, 39.58691 ], [ -78.44545, 39.59144 ], [ -78.40786, 39.57862 ], [ -78.39703, 39.59022 ], [ -78.43146, 39.61451 ], [ -78.42477, 39.62453 ], [ -78.37854, 39.60795 ], [ -78.38062, 39.62921 ], [ -78.35893, 39.62528 ], [ -78.35532, 39.64065 ], [ -78.26664, 39.61894 ], [ -78.25425, 39.63997 ], [ -78.22366, 39.66273 ], [ -78.23334, 39.67204 ], [ -78.2011, 39.67757 ], [ -78.18187, 39.69531 ], [ -78.10443, 39.68143 ], [ -78.07581, 39.66777 ], [ -78.0374, 39.63704 ], [ -78.00671, 39.60147 ], [ -77.97761, 39.5996 ], [ -77.95871, 39.60885 ], [ -77.9443, 39.58448 ], [ -77.93361, 39.61813 ], [ -77.92378, 39.60527 ], [ -77.88913, 39.59744 ], [ -77.8868, 39.61461 ], [ -77.8406, 39.60677 ], [ -77.82983, 39.58689 ], [ -77.83567, 39.56715 ], [ -77.88691, 39.55996 ], [ -77.86527, 39.5384 ], [ -77.86117, 39.51428 ], [ -77.84194, 39.51842 ], [ -77.83696, 39.5321 ], [ -77.82798, 39.5149 ], [ -77.84532, 39.49809 ], [ -77.79725, 39.48946 ], [ -77.78215, 39.49903 ], [ -77.76727, 39.49126 ], [ -77.79775, 39.47916 ], [ -77.7803, 39.46465 ], [ -77.79839, 39.45632 ], [ -77.78524, 39.44622 ], [ -77.80326, 39.43798 ], [ -77.78633, 39.42887 ], [ -77.75372, 39.4239 ], [ -77.73586, 39.39116 ], [ -77.75298, 39.37901 ], [ -77.74609, 39.35314 ], [ -77.75572, 39.33393 ], [ -77.71951, 39.32131 ], [ -77.67546, 39.32435 ], [ -77.64408, 39.30874 ], [ -77.58877, 39.30158 ], [ -77.56875, 39.30644 ], [ -77.56158, 39.28799 ], [ -77.54084, 39.26526 ], [ -77.48473, 39.24604 ], [ -77.45771, 39.22497 ], [ -77.47415, 39.20775 ], [ -77.4812, 39.1879 ], [ -77.50755, 39.18136 ], [ -77.52732, 39.14695 ], [ -77.51844, 39.11977 ], [ -77.48101, 39.10568 ], [ -77.4606, 39.07483 ], [ -77.38681, 39.06223 ], [ -77.34014, 39.0629 ], [ -77.30466, 39.05136 ], [ -77.24509, 39.02214 ], [ -77.25575, 39.00198 ], [ -77.24506, 38.98277 ], [ -77.19777, 38.96673 ], [ -77.14508, 38.96314 ], [ -77.11975, 38.93433 ], [ -77.04088, 38.99584 ], [ -76.90939, 38.89284 ], [ -77.039, 38.79164 ], [ -77.04333, 38.71846 ], [ -77.05301, 38.70992 ], [ -77.08161, 38.70792 ], [ -77.12263, 38.68525 ], [ -77.13243, 38.67413 ], [ -77.13629, 38.64722 ], [ -77.12968, 38.6347 ], [ -77.20369, 38.61816 ], [ -77.24636, 38.59343 ], [ -77.25652, 38.56048 ], [ -77.27633, 38.53944 ], [ -77.31854, 38.47443 ], [ -77.32291, 38.43262 ], [ -77.30493, 38.37526 ], [ -77.28797, 38.35892 ], [ -77.28379, 38.34285 ], [ -77.26529, 38.33316 ], [ -77.2352, 38.33253 ], [ -77.20469, 38.34109 ], [ -77.16321, 38.34581 ], [ -77.13773, 38.36801 ], [ -77.08667, 38.36792 ], [ -77.05342, 38.3988 ], [ -77.0415, 38.40068 ], [ -77.0115, 38.37455 ], [ -77.01479, 38.33236 ], [ -77.03068, 38.31161 ], [ -77.00114, 38.28017 ], [ -76.98148, 38.2746 ], [ -76.96203, 38.25688 ], [ -76.96225, 38.22988 ], [ -76.94902, 38.20841 ], [ -76.91586, 38.19959 ], [ -76.87849, 38.17376 ], [ -76.83936, 38.1636 ], [ -76.80019, 38.16887 ], [ -76.70089, 38.16135 ], [ -76.61038, 38.14851 ], [ -76.59612, 38.10688 ], [ -76.5354, 38.07362 ], [ -76.51616, 38.04491 ], [ -76.5166, 38.02677 ], [ -76.465, 38.01321 ], [ -76.41293, 37.96632 ], [ -76.33861, 37.94528 ], [ -76.25752, 37.90573 ], [ -76.23341, 37.88763 ], [ -76.12466, 37.9287 ], [ -76.05202, 37.95357 ], [ -75.99333, 37.95348 ], [ -75.94369, 37.94612 ], [ -75.95267, 37.90682 ], [ -75.88293, 37.91133 ], [ -75.80124, 37.91217 ], [ -75.76164, 37.94136 ], [ -75.69132, 37.95549 ], [ -75.6476, 37.94702 ], [ -75.64822, 37.96676 ], [ -75.62444, 37.99419 ], [ -75.2496, 38.02671 ], [ -75.16643, 38.02783 ], [ -75.12462, 38.09389 ], [ -75.08781, 38.18935 ], [ -75.04145, 38.287 ], [ -75.0208, 38.30975 ], [ -74.99962, 38.37166 ], [ -74.98628, 38.45162 ] ] ] } },
{ "type": "Feature", "properties": { "fid": 22, "ZoneCode": "250001", "AbrvFull": "MA", "NameFull": "Massachusetts", "ZoneNum": 1, "AbrvPart": null, "NamePart": null, "ZoneType": "Statewide", "StateAbrv": "MA", "StateName": "Massachusetts", "ProjAbrv": "LC1", "ProjType": "Lambert Conformal Conic, one parallel", "LatOrigin": "42°04'N", "LonOriginE": "288°30'E", "LonOriginW": "71°30'W", "Lat0_deg": 42.066666666700002, "Lon0_E_deg": 288.5, "Lon0_W_deg": -71.5, "ProjScale": 0.99999, "SkewAz_deg": -9999, "FalseN_m": 228600.0, "FalseE_m": 533400.0, "FalseN_ift": 750000.0, "FalseE_ift": 1750000.0, "DesignBy": "NGS", "Ref_frame": "NATRF2022" }, "geometry": { "type": "Polygon", "coordinates": [ [ [ -70.735, 42.87468 ], [ -70.82023, 42.87178 ], [ -70.84771, 42.86086 ], [ -70.8856, 42.88282 ], [ -70.92959, 42.88502 ], [ -70.96701, 42.86879 ], [ -71.0312, 42.85908 ], [ -71.04492, 42.84866 ], [ -71.06441, 42.80627 ], [ -71.1328, 42.82147 ], [ -71.16664, 42.80887 ], [ -71.18614, 42.79093 ], [ -71.18178, 42.73733 ], [ -71.22383, 42.74647 ], [ -71.24542, 42.74254 ], [ -71.26787, 42.72602 ], [ -71.29463, 42.69703 ], [ -71.6965, 42.70571 ], [ -72.2838, 42.72162 ], [ -72.45841, 42.72692 ], [ -72.80911, 42.73657 ], [ -73.26482, 42.74584 ], [ -73.3836, 42.42565 ], [ -73.50821, 42.08612 ], [ -73.49701, 42.04961 ], [ -73.48731, 42.04952 ], [ -73.42851, 42.05047 ], [ -73.0368, 42.03928 ], [ -72.81378, 42.03673 ], [ -72.81705, 41.99768 ], [ -72.76673, 42.00326 ], [ -72.75589, 42.03634 ], [ -72.69933, 42.03695 ], [ -72.60797, 42.03107 ], [ -72.60717, 42.02514 ], [ -72.53155, 42.03457 ], [ -72.14315, 42.03051 ], [ -72.07182, 42.02763 ], [ -71.80067, 42.0235 ], [ -71.79918, 42.00804 ], [ -71.52757, 42.01509 ], [ -71.49826, 42.01726 ], [ -71.3814, 42.01879 ], [ -71.38146, 41.89354 ], [ -71.33878, 41.89858 ], [ -71.33404, 41.86259 ], [ -71.34754, 41.82324 ], [ -71.32847, 41.78068 ], [ -71.26106, 41.75207 ], [ -71.19548, 41.67508 ], [ -71.13255, 41.66035 ], [ -71.1403, 41.60484 ], [ -71.13162, 41.59371 ], [ -71.12111, 41.49278 ], [ -71.08857, 41.43131 ], [ -71.0336, 41.41408 ], [ -71.03991, 41.39825 ], [ -71.0261, 41.37168 ], [ -70.99074, 41.35128 ], [ -70.93866, 41.35398 ], [ -70.89601, 41.37014 ], [ -70.90381, 41.34672 ], [ -70.89772, 41.3274 ], [ -70.87002, 41.29706 ], [ -70.89359, 41.26798 ], [ -70.89054, 41.24308 ], [ -70.87732, 41.22413 ], [ -70.84774, 41.2058 ], [ -70.80595, 41.19873 ], [ -70.76783, 41.20648 ], [ -70.7443, 41.22602 ], [ -70.73484, 41.25922 ], [ -70.71106, 41.27485 ], [ -70.7031, 41.28903 ], [ -70.68502, 41.29317 ], [ -70.60667, 41.2994 ], [ -70.5122, 41.2983 ], [ -70.49331, 41.27997 ], [ -70.45985, 41.26524 ], [ -70.40873, 41.27728 ], [ -70.37446, 41.26945 ], [ -70.34408, 41.27614 ], [ -70.28573, 41.24234 ], [ -70.23998, 41.22845 ], [ -70.17885, 41.20452 ], [ -70.10968, 41.18979 ], [ -70.07266, 41.19162 ], [ -70.01248, 41.18704 ], [ -69.97318, 41.19354 ], [ -69.93095, 41.21053 ], [ -69.91032, 41.22684 ], [ -69.89221, 41.27131 ], [ -69.89488, 41.29036 ], [ -69.91009, 41.31725 ], [ -69.97459, 41.40891 ], [ -70.00646, 41.43389 ], [ -70.0259, 41.44107 ], [ -70.06517, 41.44268 ], [ -70.09441, 41.4308 ], [ -70.11273, 41.40812 ], [ -70.11644, 41.38616 ], [ -70.09784, 41.35357 ], [ -70.1487, 41.34521 ], [ -70.1749, 41.35728 ], [ -70.21511, 41.36027 ], [ -70.23814, 41.3862 ], [ -70.26728, 41.39342 ], [ -70.32359, 41.3916 ], [ -70.38345, 41.36992 ], [ -70.3808, 41.41199 ], [ -70.38587, 41.43371 ], [ -70.40593, 41.457 ], [ -70.43645, 41.46891 ], [ -70.48969, 41.46297 ], [ -70.5086, 41.49896 ], [ -70.46643, 41.50615 ], [ -70.42389, 41.52872 ], [ -70.39516, 41.55671 ], [ -70.34633, 41.56844 ], [ -70.31125, 41.57105 ], [ -70.26743, 41.55836 ], [ -70.22556, 41.56855 ], [ -70.20804, 41.58414 ], [ -70.16035, 41.59936 ], [ -70.13849, 41.59868 ], [ -70.07793, 41.61252 ], [ -70.06335, 41.59016 ], [ -70.08031, 41.56444 ], [ -70.10203, 41.55634 ], [ -70.12679, 41.53087 ], [ -70.12667, 41.50369 ], [ -70.11439, 41.48407 ], [ -70.0849, 41.46748 ], [ -70.04031, 41.46595 ], [ -70.01386, 41.47743 ], [ -69.99817, 41.49339 ], [ -69.96743, 41.50011 ], [ -69.94661, 41.51214 ], [ -69.92899, 41.53214 ], [ -69.9154, 41.58923 ], [ -69.89856, 41.60609 ], [ -69.87446, 41.64502 ], [ -69.86287, 41.67314 ], [ -69.85895, 41.70691 ], [ -69.86006, 41.75849 ], [ -69.86652, 41.817 ], [ -69.88002, 41.86197 ], [ -69.90918, 41.94205 ], [ -69.92911, 41.97847 ], [ -69.96948, 42.02924 ], [ -70.01159, 42.07337 ], [ -70.0671, 42.10532 ], [ -70.12069, 42.12509 ], [ -70.17254, 42.13451 ], [ -70.22917, 42.13118 ], [ -70.27743, 42.11434 ], [ -70.4148, 42.12509 ], [ -70.60838, 42.13847 ], [ -70.64294, 42.17818 ], [ -70.63633, 42.20289 ], [ -70.64011, 42.22836 ], [ -70.68406, 42.25383 ], [ -70.69039, 42.27899 ], [ -70.60629, 42.53121 ], [ -70.58271, 42.55299 ], [ -70.54537, 42.57011 ], [ -70.52179, 42.59345 ], [ -70.50214, 42.62457 ], [ -70.51393, 42.68058 ], [ -70.52965, 42.70704 ], [ -70.5493, 42.72415 ], [ -70.62594, 42.73971 ], [ -70.66131, 42.7366 ], [ -70.70258, 42.72415 ], [ -70.71432, 42.7319 ], [ -70.73722, 42.78795 ], [ -70.73487, 42.82447 ], [ -70.74883, 42.85882 ], [ -70.735, 42.87468 ] ] ] } },
{ "type": "Feature", "properties": { "fid": 23, "ZoneCode": "260001", "AbrvFull": "MI", "NameFull": "Michigan", "ZoneNum": 1, "AbrvPart": null, "NamePart": null, "ZoneType": "Statewide", "StateAbrv": "MI", "StateName": "Michigan", "ProjAbrv": "OMC", "ProjType": "Hotine Oblique Mercator, center", "LatOrigin": "45°00'N", "LonOriginE": "274°00'E", "LonOriginW": "86°00'W", "Lat0_deg": 45.0, "Lon0_E_deg": 274.0, "Lon0_W_deg": -86.0, "ProjScale": 0.9998, "SkewAz_deg": -26, "FalseN_m": 762000.0, "FalseE_m": 1524000.0, "FalseN_ift": 2500000.0, "FalseE_ift": 5000000.0, "DesignBy": "NGS", "Ref_frame": "NATRF2022" }, "geometry": { "type": "Polygon", "coordinates": [ [ [ -83.11245, 41.9594 ], [ -83.14944, 42.04026 ], [ -83.11922, 42.12525 ], [ -83.13438, 42.17461 ], [ -83.12635, 42.2384 ], [ -83.09997, 42.28669 ], [ -83.06363, 42.31685 ], [ -83.02623, 42.3289 ], [ -82.98919, 42.33247 ], [ -82.94548, 42.34739 ], [ -82.83024, 42.37348 ], [ -82.7499, 42.45108 ], [ -82.66806, 42.5331 ], [ -82.64306, 42.55431 ], [ -82.62432, 42.55713 ], [ -82.60696, 42.54827 ], [ -82.58407, 42.55404 ], [ -82.57956, 42.5653 ], [ -82.52483, 42.60597 ], [ -82.51003, 42.63678 ], [ -82.51084, 42.66498 ], [ -82.48395, 42.71793 ], [ -82.48338, 42.73345 ], [ -82.46766, 42.7619 ], [ -82.48257, 42.80864 ], [ -82.46814, 42.85941 ], [ -82.46989, 42.88626 ], [ -82.45624, 42.92517 ], [ -82.42872, 42.95201 ], [ -82.41347, 42.97688 ], [ -82.42491, 42.99305 ], [ -82.41099, 43.01131 ], [ -82.38996, 43.06223 ], [ -82.35623, 43.12502 ], [ -82.29509, 43.25002 ], [ -82.12296, 43.59082 ], [ -82.24991, 44.16513 ], [ -82.32646, 44.50001 ], [ -82.35645, 44.62501 ], [ -82.35478, 44.62501 ], [ -82.3855, 44.75001 ], [ -82.38283, 44.75001 ], [ -82.44221, 45.00001 ], [ -82.52063, 45.33589 ], [ -82.60299, 45.37503 ], [ -82.74994, 45.44221 ], [ -82.87495, 45.49671 ], [ -82.99996, 45.55637 ], [ -83.15255, 45.62501 ], [ -83.48397, 45.77193 ], [ -83.63686, 45.77394 ], [ -83.54762, 45.87501 ], [ -83.43355, 45.99889 ], [ -83.57146, 46.10599 ], [ -83.65464, 46.12205 ], [ -83.75952, 46.10316 ], [ -83.82623, 46.11928 ], [ -83.90373, 46.06081 ], [ -83.95542, 46.05718 ], [ -83.97613, 46.10255 ], [ -84.00586, 46.11846 ], [ -84.00568, 46.14954 ], [ -84.07702, 46.18755 ], [ -84.08578, 46.20998 ], [ -84.10808, 46.24123 ], [ -84.09776, 46.2565 ], [ -84.11555, 46.26822 ], [ -84.11962, 46.315 ], [ -84.10624, 46.32195 ], [ -84.1389, 46.37221 ], [ -84.14616, 46.41851 ], [ -84.11122, 46.50411 ], [ -84.12892, 46.53011 ], [ -84.17742, 46.52691 ], [ -84.19401, 46.54014 ], [ -84.22612, 46.53391 ], [ -84.25443, 46.50081 ], [ -84.29301, 46.49279 ], [ -84.34142, 46.50768 ], [ -84.37398, 46.50909 ], [ -84.39472, 46.49923 ], [ -84.42027, 46.50107 ], [ -84.44514, 46.48901 ], [ -84.47559, 46.45286 ], [ -84.55697, 46.46064 ], [ -84.76295, 46.63432 ], [ -84.85933, 46.88883 ], [ -85.12552, 47.00001 ], [ -85.2501, 47.0545 ], [ -85.2501, 47.05653 ], [ -85.41596, 47.125 ], [ -85.50012, 47.15828 ], [ -85.75013, 47.26138 ], [ -85.87513, 47.31401 ], [ -85.87513, 47.31625 ], [ -86.12513, 47.41674 ], [ -86.12513, 47.42346 ], [ -86.25013, 47.47444 ], [ -86.25013, 47.47789 ], [ -86.50012, 47.56832 ], [ -86.62512, 47.62 ], [ -86.63131, 47.62491 ], [ -86.75011, 47.6749 ], [ -86.75011, 47.67195 ], [ -86.94922, 47.7499 ], [ -86.94061, 47.7499 ], [ -87.06309, 47.79998 ], [ -87.25009, 47.87047 ], [ -87.37509, 47.92022 ], [ -87.50009, 47.96811 ], [ -87.62508, 48.01901 ], [ -87.62508, 48.0211 ], [ -87.75008, 48.06387 ], [ -87.75008, 48.06624 ], [ -87.87507, 48.11472 ], [ -87.9108, 48.12487 ], [ -88.00007, 48.15587 ], [ -88.00007, 48.16404 ], [ -88.36985, 48.30605 ], [ -88.67743, 48.24539 ], [ -89.00006, 48.11351 ], [ -89.33754, 47.97425 ], [ -89.48337, 48.01371 ], [ -89.62516, 47.79954 ], [ -89.82002, 47.4999 ], [ -89.95709, 47.29109 ], [ -90.00013, 47.21496 ], [ -90.38151, 46.62494 ], [ -90.41838, 46.56609 ], [ -90.39325, 46.53242 ], [ -90.35067, 46.54032 ], [ -90.33164, 46.55308 ], [ -90.30943, 46.53728 ], [ -90.31654, 46.51689 ], [ -90.28445, 46.51871 ], [ -90.26154, 46.50255 ], [ -90.22959, 46.50841 ], [ -90.21616, 46.50126 ], [ -90.20299, 46.477 ], [ -90.17803, 46.45591 ], [ -90.1777, 46.44008 ], [ -90.16331, 46.43476 ], [ -90.15305, 46.40115 ], [ -90.11881, 46.35952 ], [ -90.12056, 46.33703 ], [ -89.76449, 46.26807 ], [ -89.09163, 46.13844 ], [ -88.85112, 46.04044 ], [ -88.81602, 46.02058 ], [ -88.78206, 46.01618 ], [ -88.73966, 46.02741 ], [ -88.72183, 46.01708 ], [ -88.67886, 46.01359 ], [ -88.65864, 45.98928 ], [ -88.61646, 45.98772 ], [ -88.61257, 46.00419 ], [ -88.59711, 46.01712 ], [ -88.58826, 46.00509 ], [ -88.56512, 46.01572 ], [ -88.53416, 46.02026 ], [ -88.50635, 46.0176 ], [ -88.49797, 45.99579 ], [ -88.45431, 45.99765 ], [ -88.41702, 45.97517 ], [ -88.38895, 45.98251 ], [ -88.38088, 45.9918 ], [ -88.32803, 45.96353 ], [ -88.29172, 45.95115 ], [ -88.24579, 45.96301 ], [ -88.2371, 45.94827 ], [ -88.20959, 45.94428 ], [ -88.19712, 45.9532 ], [ -88.17008, 45.93948 ], [ -88.14812, 45.93754 ], [ -88.12664, 45.92178 ], [ -88.09518, 45.9161 ], [ -88.1057, 45.9052 ], [ -88.10175, 45.88318 ], [ -88.07047, 45.87432 ], [ -88.07735, 45.86375 ], [ -88.13245, 45.82415 ], [ -88.12867, 45.80885 ], [ -88.10874, 45.8036 ], [ -88.09474, 45.78575 ], [ -88.05063, 45.78099 ], [ -88.03972, 45.78962 ], [ -87.99453, 45.79563 ], [ -87.98642, 45.76959 ], [ -87.96344, 45.75821 ], [ -87.92986, 45.76028 ], [ -87.8798, 45.75483 ], [ -87.83939, 45.71781 ], [ -87.81233, 45.71129 ], [ -87.80498, 45.69579 ], [ -87.781, 45.67393 ], [ -87.82418, 45.66204 ], [ -87.82438, 45.6477 ], [ -87.79587, 45.61884 ], [ -87.78084, 45.61459 ], [ -87.77719, 45.58849 ], [ -87.79753, 45.56212 ], [ -87.83168, 45.56803 ], [ -87.83296, 45.55945 ], [ -87.80338, 45.53826 ], [ -87.80223, 45.51305 ], [ -87.79321, 45.50502 ], [ -87.81287, 45.46432 ], [ -87.86169, 45.43446 ], [ -87.84966, 45.40951 ], [ -87.85941, 45.38822 ], [ -87.88804, 45.35469 ], [ -87.86984, 45.35675 ], [ -87.85041, 45.34748 ], [ -87.79038, 45.35344 ], [ -87.75409, 45.34943 ], [ -87.71888, 45.37745 ], [ -87.69395, 45.38988 ], [ -87.65817, 45.36947 ], [ -87.64776, 45.34055 ], [ -87.68772, 45.29748 ], [ -87.70586, 45.26573 ], [ -87.71106, 45.24094 ], [ -87.72533, 45.23084 ], [ -87.72619, 45.20938 ], [ -87.74179, 45.19704 ], [ -87.73527, 45.17656 ], [ -87.7179, 45.16118 ], [ -87.68389, 45.14413 ], [ -87.6612, 45.10827 ], [ -87.4425, 45.07643 ], [ -87.40568, 45.20196 ], [ -87.31541, 45.24065 ], [ -87.17116, 45.35253 ], [ -87.10112, 45.44422 ], [ -86.75423, 45.4436 ], [ -86.58571, 45.37498 ], [ -86.2823, 45.24997 ], [ -86.25009, 45.23573 ], [ -86.43312, 45.12498 ], [ -86.49992, 45.08079 ], [ -86.68628, 44.88099 ], [ -86.75009, 44.73949 ], [ -86.85518, 44.50033 ], [ -86.84769, 44.50033 ], [ -87.00007, 44.15481 ], [ -87.01323, 44.1319 ], [ -87.04624, 43.99999 ], [ -87.04884, 43.99999 ], [ -87.11409, 43.7341 ], [ -87.12507, 43.67044 ], [ -87.14716, 43.37985 ], [ -87.12506, 43.22773 ], [ -87.10839, 43.125 ], [ -87.09187, 43.00001 ], [ -87.01993, 42.49349 ], [ -87.06803, 42.31434 ], [ -87.15, 42.00003 ], [ -87.14842, 42.00001 ], [ -87.20777, 41.76095 ], [ -86.93436, 41.76103 ], [ -86.59161, 41.75948 ], [ -86.10846, 41.76069 ], [ -85.87177, 41.75924 ], [ -85.62238, 41.75907 ], [ -85.36968, 41.7599 ], [ -84.98096, 41.75948 ], [ -84.80588, 41.76016 ], [ -84.80596, 41.69611 ], [ -84.62495, 41.701 ], [ -84.47593, 41.7038 ], [ -84.19231, 41.711 ], [ -84.01794, 41.71666 ], [ -83.41584, 41.73379 ], [ -83.305, 41.81527 ], [ -83.24992, 41.85787 ], [ -83.11245, 41.9594 ] ] ] } },
{ "type": "Feature", "properties": { "fid": 24, "ZoneCode": "270001", "AbrvFull": "MN", "NameFull": "Minnesota", "ZoneNum": 1, "AbrvPart": null, "NamePart": null, "ZoneType": "Statewide", "StateAbrv": "MN", "StateName": "Minnesota", "ProjAbrv": "TM", "ProjType": "Transverse Mercator", "LatOrigin": "42°15'N", "LonOriginE": "266°36'E", "LonOriginW": "93°24'W", "Lat0_deg": 42.25, "Lon0_E_deg": 266.6, "Lon0_W_deg": -93.4, "ProjScale": 0.99965, "SkewAz_deg": -9999, "FalseN_m": 0.0, "FalseE_m": 1143000.0, "FalseN_ift": 0.0, "FalseE_ift": 3750000.0, "DesignBy": "NGS", "Ref_frame": "NATRF2022" }, "geometry": { "type": "Polygon", "coordinates": [ [ [ -89.48337, 48.01371 ], [ -89.56428, 48.00292 ], [ -89.58096, 47.99593 ], [ -89.60814, 48.00692 ], [ -89.61069, 48.01792 ], [ -89.65302, 48.00425 ], [ -89.65767, 48.01035 ], [ -89.7024, 48.00635 ], [ -89.71949, 48.01848 ], [ -89.77571, 48.02272 ], [ -89.82074, 48.01489 ], [ -89.83131, 47.9996 ], [ -89.87134, 47.98584 ], [ -89.92212, 47.99716 ], [ -89.93457, 48.01581 ], [ -89.9531, 48.01081 ], [ -89.99381, 48.02808 ], [ -89.99383, 48.0493 ], [ -90.02332, 48.08474 ], [ -90.0916, 48.1046 ], [ -90.13256, 48.11166 ], [ -90.22516, 48.10822 ], [ -90.28924, 48.09906 ], [ -90.30578, 48.10514 ], [ -90.37476, 48.09095 ], [ -90.40314, 48.10509 ], [ -90.43844, 48.09867 ], [ -90.46738, 48.10874 ], [ -90.48668, 48.09904 ], [ -90.55669, 48.09592 ], [ -90.56973, 48.10682 ], [ -90.5555, 48.11692 ], [ -90.57967, 48.12379 ], [ -90.62705, 48.11176 ], [ -90.64148, 48.10351 ], [ -90.74145, 48.09455 ], [ -90.76139, 48.09838 ], [ -90.78173, 48.13521 ], [ -90.79674, 48.13937 ], [ -90.77616, 48.16188 ], [ -90.79642, 48.1592 ], [ -90.80407, 48.17781 ], [ -90.83639, 48.17702 ], [ -90.83929, 48.23955 ], [ -90.87508, 48.23783 ], [ -90.88575, 48.24594 ], [ -90.91508, 48.23074 ], [ -90.97697, 48.21955 ], [ -91.02368, 48.19042 ], [ -91.08246, 48.18114 ], [ -91.18287, 48.12218 ], [ -91.19004, 48.1251 ], [ -91.21489, 48.10285 ], [ -91.24968, 48.08408 ], [ -91.28972, 48.07417 ], [ -91.37082, 48.06972 ], [ -91.39087, 48.05716 ], [ -91.42956, 48.04864 ], [ -91.44999, 48.06906 ], [ -91.48817, 48.06837 ], [ -91.5675, 48.04378 ], [ -91.57545, 48.04893 ], [ -91.56943, 48.09368 ], [ -91.5591, 48.10858 ], [ -91.63991, 48.0971 ], [ -91.65323, 48.11438 ], [ -91.67677, 48.10749 ], [ -91.6821, 48.12249 ], [ -91.71174, 48.11464 ], [ -91.69776, 48.14159 ], [ -91.7081, 48.15299 ], [ -91.70481, 48.1707 ], [ -91.72435, 48.17052 ], [ -91.71535, 48.1995 ], [ -91.78066, 48.20073 ], [ -91.81544, 48.21181 ], [ -91.86435, 48.20694 ], [ -91.86756, 48.21918 ], [ -91.89309, 48.23797 ], [ -91.91487, 48.23891 ], [ -91.94207, 48.23035 ], [ -91.95834, 48.23313 ], [ -91.94802, 48.24592 ], [ -91.96997, 48.25376 ], [ -91.97563, 48.24432 ], [ -91.98914, 48.26027 ], [ -92.00651, 48.2654 ], [ -92.01297, 48.29744 ], [ -92.0001, 48.32109 ], [ -92.03078, 48.32569 ], [ -92.04693, 48.33476 ], [ -92.05521, 48.35936 ], [ -92.08354, 48.3537 ], [ -92.14369, 48.35601 ], [ -92.14488, 48.36568 ], [ -92.20671, 48.34564 ], [ -92.26254, 48.3549 ], [ -92.28882, 48.3428 ], [ -92.30616, 48.31624 ], [ -92.29454, 48.30622 ], [ -92.30142, 48.28829 ], [ -92.29017, 48.26505 ], [ -92.26957, 48.24818 ], [ -92.35354, 48.23007 ], [ -92.36991, 48.22027 ], [ -92.41562, 48.29508 ], [ -92.43183, 48.30516 ], [ -92.46976, 48.35208 ], [ -92.47649, 48.3719 ], [ -92.45639, 48.4011 ], [ -92.45642, 48.41407 ], [ -92.47544, 48.41861 ], [ -92.50746, 48.44797 ], [ -92.53694, 48.44773 ], [ -92.57653, 48.44059 ], [ -92.65621, 48.43647 ], [ -92.6881, 48.4437 ], [ -92.71267, 48.46297 ], [ -92.69866, 48.49483 ], [ -92.63709, 48.49932 ], [ -92.62506, 48.5129 ], [ -92.63487, 48.54255 ], [ -92.65784, 48.54621 ], [ -92.7284, 48.53936 ], [ -92.92954, 48.60692 ], [ -92.95, 48.60834 ], [ -92.94978, 48.63032 ], [ -92.98456, 48.62381 ], [ -93.09033, 48.62777 ], [ -93.17836, 48.62325 ], [ -93.20752, 48.6425 ], [ -93.25464, 48.64281 ], [ -93.34865, 48.62645 ], [ -93.35507, 48.61139 ], [ -93.39862, 48.6044 ], [ -93.40348, 48.60996 ], [ -93.43983, 48.59368 ], [ -93.46716, 48.5884 ], [ -93.45752, 48.56712 ], [ -93.46737, 48.54644 ], [ -93.54249, 48.52997 ], [ -93.61225, 48.52239 ], [ -93.62567, 48.53143 ], [ -93.6473, 48.51766 ], [ -93.71084, 48.51854 ], [ -93.79336, 48.5163 ], [ -93.81848, 48.5314 ], [ -93.80415, 48.5702 ], [ -93.82142, 48.60915 ], [ -93.84803, 48.63074 ], [ -93.95301, 48.63412 ], [ -94.00695, 48.64327 ], [ -94.02954, 48.64087 ], [ -94.06587, 48.64614 ], [ -94.09125, 48.64364 ], [ -94.2445, 48.65345 ], [ -94.25483, 48.66396 ], [ -94.25142, 48.6836 ], [ -94.26448, 48.69898 ], [ -94.3088, 48.71026 ], [ -94.34313, 48.7034 ], [ -94.38895, 48.71193 ], [ -94.41582, 48.71096 ], [ -94.43882, 48.69482 ], [ -94.5385, 48.70269 ], [ -94.55583, 48.71623 ], [ -94.58764, 48.71757 ], [ -94.61915, 48.73725 ], [ -94.64128, 48.74121 ], [ -94.65201, 48.75614 ], [ -94.69089, 48.77799 ], [ -94.702, 48.83182 ], [ -94.68557, 48.84004 ], [ -94.69238, 48.86901 ], [ -94.68344, 48.88411 ], [ -94.74964, 49.09873 ], [ -94.77277, 49.1205 ], [ -94.79796, 49.19785 ], [ -94.79731, 49.21434 ], [ -94.82552, 49.29435 ], [ -94.81625, 49.32139 ], [ -94.85404, 49.32433 ], [ -94.95738, 49.37019 ], [ -94.98899, 49.36893 ], [ -95.01419, 49.35647 ], [ -95.05829, 49.35324 ], [ -95.1287, 49.37044 ], [ -95.15338, 49.38447 ], [ -95.15318, 48.99886 ], [ -96.00841, 48.99993 ], [ -97.22895, 49.00045 ], [ -97.23821, 48.96607 ], [ -97.23412, 48.94789 ], [ -97.21461, 48.93193 ], [ -97.21946, 48.92111 ], [ -97.20687, 48.90232 ], [ -97.19325, 48.89833 ], [ -97.19988, 48.88258 ], [ -97.17866, 48.87666 ], [ -97.18906, 48.86311 ], [ -97.17304, 48.85167 ], [ -97.17795, 48.82511 ], [ -97.19027, 48.81585 ], [ -97.15865, 48.8109 ], [ -97.17982, 48.80078 ], [ -97.15685, 48.78993 ], [ -97.14593, 48.76563 ], [ -97.15481, 48.75646 ], [ -97.13824, 48.75023 ], [ -97.13758, 48.72756 ], [ -97.11018, 48.70807 ], [ -97.11918, 48.70056 ], [ -97.09188, 48.68597 ], [ -97.10185, 48.68076 ], [ -97.0999, 48.65851 ], [ -97.11557, 48.64351 ], [ -97.10896, 48.63373 ], [ -97.13118, 48.63129 ], [ -97.12013, 48.62167 ], [ -97.15262, 48.59391 ], [ -97.14783, 48.57342 ], [ -97.17196, 48.56494 ], [ -97.14179, 48.55125 ], [ -97.16626, 48.55106 ], [ -97.1456, 48.53809 ], [ -97.15402, 48.52166 ], [ -97.12675, 48.52015 ], [ -97.14918, 48.51233 ], [ -97.13149, 48.489 ], [ -97.15919, 48.4811 ], [ -97.13062, 48.46341 ], [ -97.12932, 48.45404 ], [ -97.14922, 48.44335 ], [ -97.12433, 48.44125 ], [ -97.14517, 48.43256 ], [ -97.13147, 48.40658 ], [ -97.16328, 48.39198 ], [ -97.14123, 48.37767 ], [ -97.15547, 48.36376 ], [ -97.12673, 48.34213 ], [ -97.14223, 48.3275 ], [ -97.12029, 48.32709 ], [ -97.13553, 48.28705 ], [ -97.11656, 48.27965 ], [ -97.1272, 48.26984 ], [ -97.12436, 48.25191 ], [ -97.14673, 48.24448 ], [ -97.14833, 48.22373 ], [ -97.12287, 48.21649 ], [ -97.14123, 48.20295 ], [ -97.1475, 48.1724 ], [ -97.12447, 48.15654 ], [ -97.14652, 48.14405 ], [ -97.13323, 48.1365 ], [ -97.12319, 48.10664 ], [ -97.09882, 48.07147 ], [ -97.07128, 48.04579 ], [ -97.07239, 48.02004 ], [ -97.05354, 47.9916 ], [ -97.06134, 47.96351 ], [ -97.05558, 47.94912 ], [ -97.01809, 47.92022 ], [ -97.02289, 47.87369 ], [ -97.00543, 47.87023 ], [ -96.99788, 47.84157 ], [ -96.98187, 47.83063 ], [ -96.97799, 47.81089 ], [ -96.9576, 47.7899 ], [ -96.95585, 47.77481 ], [ -96.93487, 47.7672 ], [ -96.93289, 47.73773 ], [ -96.91892, 47.7248 ], [ -96.91968, 47.71009 ], [ -96.90166, 47.69167 ], [ -96.88541, 47.66388 ], [ -96.87897, 47.6188 ], [ -96.85592, 47.60971 ], [ -96.8499, 47.59075 ], [ -96.86613, 47.5696 ], [ -96.85042, 47.55177 ], [ -96.86903, 47.5289 ], [ -96.86111, 47.51555 ], [ -96.84408, 47.51687 ], [ -96.8631, 47.45786 ], [ -96.85442, 47.42505 ], [ -96.86082, 47.41751 ], [ -96.83935, 47.39965 ], [ -96.83713, 47.37128 ], [ -96.85716, 47.36896 ], [ -96.83061, 47.33801 ], [ -96.84384, 47.29293 ], [ -96.836, 47.26879 ], [ -96.84625, 47.26081 ], [ -96.82911, 47.23472 ], [ -96.84277, 47.231 ], [ -96.83077, 47.21171 ], [ -96.83685, 47.19609 ], [ -96.81909, 47.1652 ], [ -96.84055, 47.1508 ], [ -96.82185, 47.13084 ], [ -96.82894, 47.1209 ], [ -96.81681, 47.10911 ], [ -96.8241, 47.07237 ], [ -96.8177, 47.0523 ], [ -96.83336, 47.0104 ], [ -96.82391, 46.99743 ], [ -96.82316, 46.97147 ], [ -96.79295, 46.9466 ], [ -96.79106, 46.92731 ], [ -96.76168, 46.93455 ], [ -96.75324, 46.92456 ], [ -96.77381, 46.90362 ], [ -96.78457, 46.85204 ], [ -96.77591, 46.83866 ], [ -96.8026, 46.8121 ], [ -96.79671, 46.77746 ], [ -96.78082, 46.74596 ], [ -96.78491, 46.69436 ], [ -96.79515, 46.67954 ], [ -96.79894, 46.6541 ], [ -96.78606, 46.64013 ], [ -96.79601, 46.63124 ], [ -96.77279, 46.61641 ], [ -96.77163, 46.5963 ], [ -96.74912, 46.58367 ], [ -96.75044, 46.54404 ], [ -96.73887, 46.52549 ], [ -96.73338, 46.49698 ], [ -96.73957, 46.48716 ], [ -96.66854, 46.38799 ], [ -96.66741, 46.37611 ], [ -96.62903, 46.35397 ], [ -96.59965, 46.33047 ], [ -96.60532, 46.29303 ], [ -96.59667, 46.29152 ], [ -96.60032, 46.2622 ], [ -96.58604, 46.24702 ], [ -96.59863, 46.24259 ], [ -96.59115, 46.20911 ], [ -96.58383, 46.20837 ], [ -96.59267, 46.1752 ], [ -96.57913, 46.17682 ], [ -96.58026, 46.15107 ], [ -96.56862, 46.1323 ], [ -96.55442, 46.08418 ], [ -96.5568, 46.06471 ], [ -96.57786, 46.02703 ], [ -96.57034, 45.96359 ], [ -96.56366, 45.93524 ], [ -96.57451, 45.84404 ], [ -96.58307, 45.82002 ], [ -96.63921, 45.77209 ], [ -96.65221, 45.7468 ], [ -96.67265, 45.73233 ], [ -96.75034, 45.69877 ], [ -96.7593, 45.68874 ], [ -96.83864, 45.6475 ], [ -96.85682, 45.60537 ], [ -96.76342, 45.52 ], [ -96.73138, 45.45701 ], [ -96.69737, 45.4215 ], [ -96.68044, 45.41049 ], [ -96.61974, 45.40888 ], [ -96.54596, 45.38104 ], [ -96.52178, 45.37564 ], [ -96.48905, 45.35706 ], [ -96.45309, 45.30074 ], [ -96.45143, 44.80635 ], [ -96.45226, 44.30211 ], [ -96.45339, 44.02542 ], [ -96.45325, 43.50038 ], [ -95.6893, 43.49987 ], [ -95.16758, 43.50101 ], [ -94.7126, 43.50084 ], [ -94.37736, 43.50023 ], [ -93.29886, 43.49945 ], [ -92.17189, 43.50077 ], [ -91.2177, 43.50054 ], [ -91.24381, 43.54912 ], [ -91.2328, 43.56483 ], [ -91.23666, 43.58765 ], [ -91.26874, 43.61534 ], [ -91.26385, 43.64765 ], [ -91.27174, 43.65492 ], [ -91.26845, 43.70982 ], [ -91.25515, 43.73199 ], [ -91.24413, 43.77466 ], [ -91.26242, 43.79216 ], [ -91.28413, 43.84706 ], [ -91.31126, 43.86782 ], [ -91.3153, 43.8818 ], [ -91.35673, 43.91656 ], [ -91.36471, 43.93487 ], [ -91.406, 43.96392 ], [ -91.44053, 44.00151 ], [ -91.48086, 44.00814 ], [ -91.50711, 44.01897 ], [ -91.58259, 44.02737 ], [ -91.605, 44.0453 ], [ -91.64644, 44.06333 ], [ -91.68152, 44.09739 ], [ -91.70748, 44.1039 ], [ -91.71059, 44.12047 ], [ -91.73064, 44.13289 ], [ -91.75174, 44.13478 ], [ -91.81729, 44.16423 ], [ -91.82916, 44.17834 ], [ -91.87515, 44.20057 ], [ -91.89295, 44.23514 ], [ -91.88718, 44.25251 ], [ -91.89695, 44.27566 ], [ -91.92027, 44.28649 ], [ -91.91435, 44.30822 ], [ -91.92821, 44.33547 ], [ -91.95999, 44.35979 ], [ -92.03814, 44.38872 ], [ -92.05354, 44.40137 ], [ -92.11287, 44.41456 ], [ -92.12367, 44.42183 ], [ -92.22107, 44.44038 ], [ -92.28235, 44.4777 ], [ -92.29847, 44.49461 ], [ -92.30246, 44.51648 ], [ -92.31735, 44.5425 ], [ -92.34756, 44.55714 ], [ -92.41566, 44.5605 ], [ -92.43648, 44.55288 ], [ -92.48221, 44.56851 ], [ -92.51869, 44.57522 ], [ -92.5399, 44.56745 ], [ -92.56894, 44.60336 ], [ -92.5847, 44.59985 ], [ -92.62253, 44.61605 ], [ -92.62184, 44.63901 ], [ -92.6647, 44.66337 ], [ -92.73203, 44.71434 ], [ -92.79233, 44.73935 ], [ -92.8084, 44.7516 ], [ -92.80555, 44.76838 ], [ -92.7876, 44.7892 ], [ -92.76566, 44.841 ], [ -92.76341, 44.87286 ], [ -92.77309, 44.90136 ], [ -92.75955, 44.90785 ], [ -92.75063, 44.93729 ], [ -92.75459, 44.95576 ], [ -92.76943, 44.97214 ], [ -92.77122, 45.00137 ], [ -92.76194, 45.02209 ], [ -92.7879, 45.04351 ], [ -92.8029, 45.0654 ], [ -92.79033, 45.08055 ], [ -92.74493, 45.1083 ], [ -92.73952, 45.11651 ], [ -92.75219, 45.14249 ], [ -92.7532, 45.17476 ], [ -92.7668, 45.18546 ], [ -92.7517, 45.21866 ], [ -92.76024, 45.24959 ], [ -92.75191, 45.26587 ], [ -92.76199, 45.28821 ], [ -92.73711, 45.30045 ], [ -92.69896, 45.33637 ], [ -92.70404, 45.35365 ], [ -92.65027, 45.39876 ], [ -92.64659, 45.44163 ], [ -92.65269, 45.45452 ], [ -92.68022, 45.46434 ], [ -92.71285, 45.50484 ], [ -92.72667, 45.51445 ], [ -92.72607, 45.5411 ], [ -92.7734, 45.56823 ], [ -92.8233, 45.56093 ], [ -92.8722, 45.56801 ], [ -92.88374, 45.57548 ], [ -92.88252, 45.61021 ], [ -92.88897, 45.64247 ], [ -92.87892, 45.6656 ], [ -92.86918, 45.71756 ], [ -92.80983, 45.74416 ], [ -92.78461, 45.76419 ], [ -92.77205, 45.79522 ], [ -92.75794, 45.81121 ], [ -92.76567, 45.82724 ], [ -92.73998, 45.84628 ], [ -92.73843, 45.86136 ], [ -92.70636, 45.89544 ], [ -92.67573, 45.90747 ], [ -92.63993, 45.93353 ], [ -92.55118, 45.95223 ], [ -92.5498, 45.96798 ], [ -92.52518, 45.98385 ], [ -92.47275, 45.97294 ], [ -92.46113, 45.98021 ], [ -92.44225, 46.01617 ], [ -92.41, 46.02724 ], [ -92.37271, 46.01419 ], [ -92.3504, 46.01636 ], [ -92.33532, 46.05941 ], [ -92.29402, 46.07437 ], [ -92.29157, 46.63408 ], [ -92.29218, 46.66603 ], [ -92.27058, 46.65073 ], [ -92.25454, 46.65844 ], [ -92.24248, 46.64923 ], [ -92.21238, 46.64993 ], [ -92.20548, 46.66473 ], [ -92.18135, 46.68023 ], [ -92.18299, 46.69564 ], [ -92.20518, 46.69833 ], [ -92.18908, 46.71753 ], [ -92.14628, 46.71602 ], [ -92.14328, 46.73463 ], [ -92.11658, 46.74863 ], [ -92.08948, 46.74923 ], [ -92.03398, 46.70893 ], [ -92.02028, 46.70403 ], [ -91.98133, 46.72308 ], [ -91.87518, 46.76329 ], [ -91.59213, 46.87493 ], [ -91.50017, 46.91331 ], [ -91.31963, 46.99992 ], [ -91.00017, 47.14976 ], [ -90.65465, 47.30981 ], [ -90.12513, 47.2966 ], [ -89.95709, 47.29109 ], [ -89.82002, 47.4999 ], [ -89.62516, 47.79954 ], [ -89.48337, 48.01371 ] ] ] } },
{ "type": "Feature", "properties": { "fid": 25, "ZoneCode": "280001", "AbrvFull": "MS", "NameFull": "Mississippi", "ZoneNum": 1, "AbrvPart": null, "NamePart": null, "ZoneType": "Statewide", "StateAbrv": "MS", "StateName": "Mississippi", "ProjAbrv": "TM", "ProjType": "Transverse Mercator", "LatOrigin": "28°45'N", "LonOriginE": "270°06'E", "LonOriginW": "89°54'W", "Lat0_deg": 28.75, "Lon0_E_deg": 270.1, "Lon0_W_deg": -89.9, "ProjScale": 0.99987, "SkewAz_deg": -9999, "FalseN_m": 0.0, "FalseE_m": 1066800.0, "FalseN_ift": 0.0, "FalseE_ift": 3500000.0, "DesignBy": "NGS", "Ref_frame": "NATRF2022" }, "geometry": { "type": "Polygon", "coordinates": [ [ [ -88.38442, 30.15854 ], [ -88.40733, 30.61391 ], [ -88.41172, 30.7227 ], [ -88.42542, 30.99832 ], [ -88.45157, 31.48153 ], [ -88.4649, 31.70547 ], [ -88.47322, 31.89385 ], [ -88.4282, 32.25102 ], [ -88.39217, 32.54837 ], [ -88.35428, 32.87512 ], [ -88.31523, 33.20332 ], [ -88.25225, 33.71958 ], [ -88.21073, 34.02919 ], [ -88.16558, 34.38394 ], [ -88.15628, 34.46321 ], [ -88.1352, 34.61587 ], [ -88.1184, 34.72429 ], [ -88.09788, 34.8922 ], [ -88.12821, 34.90309 ], [ -88.15241, 34.91973 ], [ -88.17253, 34.95689 ], [ -88.20006, 34.99563 ], [ -88.46406, 34.99609 ], [ -88.92523, 34.99484 ], [ -89.48669, 34.99397 ], [ -89.61797, 34.99521 ], [ -89.87836, 34.99432 ], [ -90.30835, 34.99569 ], [ -90.29515, 34.97563 ], [ -90.24375, 34.94526 ], [ -90.2432, 34.90909 ], [ -90.25785, 34.89338 ], [ -90.31773, 34.87105 ], [ -90.30405, 34.86006 ], [ -90.31939, 34.84501 ], [ -90.33844, 34.85851 ], [ -90.38938, 34.83066 ], [ -90.43872, 34.82524 ], [ -90.44968, 34.83991 ], [ -90.4293, 34.86875 ], [ -90.44421, 34.88762 ], [ -90.46339, 34.89163 ], [ -90.48031, 34.88235 ], [ -90.48371, 34.86101 ], [ -90.45537, 34.82078 ], [ -90.47037, 34.81155 ], [ -90.47658, 34.794 ], [ -90.45266, 34.75567 ], [ -90.44841, 34.73911 ], [ -90.47499, 34.72388 ], [ -90.50832, 34.7236 ], [ -90.52416, 34.73138 ], [ -90.49414, 34.75756 ], [ -90.49277, 34.77249 ], [ -90.5211, 34.80194 ], [ -90.54082, 34.79583 ], [ -90.54777, 34.78333 ], [ -90.53944, 34.75527 ], [ -90.54555, 34.73888 ], [ -90.5636, 34.73777 ], [ -90.57194, 34.71277 ], [ -90.53332, 34.69638 ], [ -90.47416, 34.70527 ], [ -90.46287, 34.6838 ], [ -90.46823, 34.6708 ], [ -90.51754, 34.63075 ], [ -90.54653, 34.63101 ], [ -90.55488, 34.64516 ], [ -90.54008, 34.67643 ], [ -90.54568, 34.68839 ], [ -90.57009, 34.69343 ], [ -90.56971, 34.66634 ], [ -90.58086, 34.65517 ], [ -90.59178, 34.62379 ], [ -90.57375, 34.59213 ], [ -90.54048, 34.55786 ], [ -90.54315, 34.53884 ], [ -90.58129, 34.5156 ], [ -90.59391, 34.48417 ], [ -90.57789, 34.43325 ], [ -90.58622, 34.40917 ], [ -90.6161, 34.38978 ], [ -90.64035, 34.38899 ], [ -90.65853, 34.3757 ], [ -90.66684, 34.35577 ], [ -90.65748, 34.32222 ], [ -90.67807, 34.31308 ], [ -90.69312, 34.32256 ], [ -90.67685, 34.37137 ], [ -90.70724, 34.36117 ], [ -90.7573, 34.36739 ], [ -90.76922, 34.35843 ], [ -90.76512, 34.3425 ], [ -90.73586, 34.31068 ], [ -90.73802, 34.28927 ], [ -90.76041, 34.27073 ], [ -90.81673, 34.28064 ], [ -90.83362, 34.27407 ], [ -90.84714, 34.20612 ], [ -90.88133, 34.21637 ], [ -90.90633, 34.24438 ], [ -90.92867, 34.2447 ], [ -90.93454, 34.21785 ], [ -90.91442, 34.19572 ], [ -90.88674, 34.18249 ], [ -90.85202, 34.18671 ], [ -90.81748, 34.18319 ], [ -90.80756, 34.16181 ], [ -90.83609, 34.13787 ], [ -90.86861, 34.14251 ], [ -90.90995, 34.1655 ], [ -90.95864, 34.13548 ], [ -90.95759, 34.12092 ], [ -90.92129, 34.09351 ], [ -90.8939, 34.09762 ], [ -90.87111, 34.08024 ], [ -90.88869, 34.05175 ], [ -90.89059, 34.0285 ], [ -90.91566, 34.0215 ], [ -90.95819, 34.02673 ], [ -90.98818, 34.0192 ], [ -90.98009, 33.99833 ], [ -90.96248, 33.9813 ], [ -90.96616, 33.96466 ], [ -90.99997, 33.96638 ], [ -91.01894, 34.00322 ], [ -91.04643, 33.99242 ], [ -91.07338, 34.00871 ], [ -91.08897, 34.00005 ], [ -91.08457, 33.95636 ], [ -91.0134, 33.93854 ], [ -91.01419, 33.92175 ], [ -91.03385, 33.89899 ], [ -91.07276, 33.86729 ], [ -91.0703, 33.84566 ], [ -91.04907, 33.81602 ], [ -91.00047, 33.79948 ], [ -90.98861, 33.78418 ], [ -91.00516, 33.76702 ], [ -91.02736, 33.76511 ], [ -91.05338, 33.77828 ], [ -91.10865, 33.77166 ], [ -91.13529, 33.78199 ], [ -91.1488, 33.73135 ], [ -91.12594, 33.70894 ], [ -91.10244, 33.70481 ], [ -91.06804, 33.71619 ], [ -91.04713, 33.70667 ], [ -91.03032, 33.68771 ], [ -91.0337, 33.67384 ], [ -91.07977, 33.65803 ], [ -91.09304, 33.65817 ], [ -91.12895, 33.67362 ], [ -91.16036, 33.7066 ], [ -91.20543, 33.70109 ], [ -91.22391, 33.69373 ], [ -91.22997, 33.67382 ], [ -91.21167, 33.65678 ], [ -91.17766, 33.65204 ], [ -91.13917, 33.62847 ], [ -91.12872, 33.6092 ], [ -91.13209, 33.5959 ], [ -91.15655, 33.57434 ], [ -91.17855, 33.5673 ], [ -91.22843, 33.56693 ], [ -91.23414, 33.55543 ], [ -91.21401, 33.52469 ], [ -91.18341, 33.50506 ], [ -91.20645, 33.4707 ], [ -91.23219, 33.45594 ], [ -91.23521, 33.43902 ], [ -91.20646, 33.43392 ], [ -91.16991, 33.45189 ], [ -91.17752, 33.48298 ], [ -91.16161, 33.49747 ], [ -91.13133, 33.48092 ], [ -91.11877, 33.44648 ], [ -91.13274, 33.42962 ], [ -91.17885, 33.41714 ], [ -91.19909, 33.41827 ], [ -91.20867, 33.40272 ], [ -91.16969, 33.38035 ], [ -91.14789, 33.37879 ], [ -91.12036, 33.38886 ], [ -91.09637, 33.41262 ], [ -91.09625, 33.43849 ], [ -91.07073, 33.45584 ], [ -91.0581, 33.4469 ], [ -91.06379, 33.41927 ], [ -91.10317, 33.38557 ], [ -91.12075, 33.36334 ], [ -91.14045, 33.35135 ], [ -91.14163, 33.30006 ], [ -91.12552, 33.2802 ], [ -91.12796, 33.26847 ], [ -91.09851, 33.23869 ], [ -91.08594, 33.2741 ], [ -91.06647, 33.28722 ], [ -91.04731, 33.28193 ], [ -91.05412, 33.24598 ], [ -91.08258, 33.22182 ], [ -91.10025, 33.21942 ], [ -91.08129, 33.18427 ], [ -91.08601, 33.13628 ], [ -91.10269, 33.13037 ], [ -91.14848, 33.13025 ], [ -91.15995, 33.1409 ], [ -91.18369, 33.14174 ], [ -91.20212, 33.12204 ], [ -91.2008, 33.10776 ], [ -91.17376, 33.0894 ], [ -91.15021, 33.08212 ], [ -91.12028, 33.05492 ], [ -91.12812, 33.03445 ], [ -91.16075, 33.0208 ], [ -91.16609, 33.00429 ], [ -91.1733, 32.98608 ], [ -91.20183, 32.96121 ], [ -91.21283, 32.9221 ], [ -91.19678, 32.90678 ], [ -91.16387, 32.89947 ], [ -91.14507, 32.90549 ], [ -91.1313, 32.92691 ], [ -91.13785, 32.95275 ], [ -91.13509, 32.9801 ], [ -91.10657, 32.98893 ], [ -91.08679, 32.97626 ], [ -91.08308, 32.9479 ], [ -91.0648, 32.92646 ], [ -91.07059, 32.88865 ], [ -91.10562, 32.85839 ], [ -91.14355, 32.84473 ], [ -91.16166, 32.81246 ], [ -91.16439, 32.78582 ], [ -91.15547, 32.7799 ], [ -91.16581, 32.75784 ], [ -91.14949, 32.74193 ], [ -91.1251, 32.74319 ], [ -91.06076, 32.72749 ], [ -91.06394, 32.70292 ], [ -91.12619, 32.66713 ], [ -91.15269, 32.64075 ], [ -91.15131, 32.61591 ], [ -91.1251, 32.58518 ], [ -91.04979, 32.60718 ], [ -91.04003, 32.63355 ], [ -91.02576, 32.64657 ], [ -91.00349, 32.62484 ], [ -91.00354, 32.61227 ], [ -91.03098, 32.58334 ], [ -91.0804, 32.55646 ], [ -91.0577, 32.53377 ], [ -91.01846, 32.52101 ], [ -90.98766, 32.49848 ], [ -91.0001, 32.48228 ], [ -91.0241, 32.48523 ], [ -91.0493, 32.49853 ], [ -91.07614, 32.53469 ], [ -91.09373, 32.54912 ], [ -91.1167, 32.50013 ], [ -91.1157, 32.48233 ], [ -91.0935, 32.45744 ], [ -91.0493, 32.43734 ], [ -91.0274, 32.43394 ], [ -90.99897, 32.45016 ], [ -90.9772, 32.446 ], [ -90.96598, 32.42065 ], [ -90.99407, 32.40386 ], [ -91.0047, 32.36724 ], [ -90.98666, 32.35175 ], [ -90.91236, 32.33945 ], [ -90.88982, 32.37293 ], [ -90.87561, 32.37352 ], [ -90.88571, 32.35086 ], [ -90.91615, 32.30358 ], [ -90.94783, 32.28348 ], [ -90.97619, 32.29644 ], [ -90.98407, 32.27995 ], [ -90.96951, 32.25205 ], [ -90.98075, 32.24248 ], [ -90.98337, 32.21176 ], [ -90.99969, 32.1911 ], [ -91.0029, 32.22304 ], [ -91.03429, 32.24154 ], [ -91.0465, 32.24114 ], [ -91.0614, 32.21864 ], [ -91.0837, 32.22644 ], [ -91.11726, 32.20666 ], [ -91.13358, 32.21343 ], [ -91.16487, 32.19574 ], [ -91.17457, 32.15731 ], [ -91.16281, 32.13269 ], [ -91.11098, 32.12464 ], [ -91.08162, 32.13399 ], [ -91.05355, 32.12441 ], [ -91.0497, 32.15735 ], [ -91.0583, 32.18095 ], [ -91.0249, 32.16255 ], [ -91.0029, 32.16205 ], [ -91.005, 32.14285 ], [ -91.03088, 32.12055 ], [ -91.0386, 32.09825 ], [ -91.08, 32.07915 ], [ -91.0793, 32.05165 ], [ -91.0987, 32.04835 ], [ -91.1393, 32.08175 ], [ -91.162, 32.06185 ], [ -91.1451, 32.04655 ], [ -91.0934, 32.03685 ], [ -91.0759, 32.01682 ], [ -91.1069, 31.98935 ], [ -91.1644, 31.98255 ], [ -91.1881, 31.96135 ], [ -91.1929, 31.93495 ], [ -91.1804, 31.91855 ], [ -91.201, 31.90915 ], [ -91.2339, 31.8776 ], [ -91.2658, 31.86485 ], [ -91.2666, 31.85116 ], [ -91.24562, 31.83316 ], [ -91.262, 31.80936 ], [ -91.2832, 31.81576 ], [ -91.29401, 31.86045 ], [ -91.33841, 31.85126 ], [ -91.34571, 31.84286 ], [ -91.36051, 31.79576 ], [ -91.36561, 31.76076 ], [ -91.34811, 31.75816 ], [ -91.28741, 31.77196 ], [ -91.26, 31.75866 ], [ -91.27978, 31.74475 ], [ -91.32091, 31.75006 ], [ -91.36937, 31.7469 ], [ -91.39711, 31.71136 ], [ -91.40011, 31.69676 ], [ -91.39571, 31.64416 ], [ -91.40081, 31.62046 ], [ -91.42301, 31.61126 ], [ -91.46381, 31.62036 ], [ -91.49766, 31.64537 ], [ -91.51233, 31.63472 ], [ -91.51722, 31.61345 ], [ -91.48651, 31.58656 ], [ -91.46201, 31.58666 ], [ -91.42271, 31.59706 ], [ -91.40391, 31.58976 ], [ -91.40791, 31.56936 ], [ -91.44391, 31.54246 ], [ -91.47591, 31.53126 ], [ -91.511, 31.5326 ], [ -91.52253, 31.52207 ], [ -91.51491, 31.51011 ], [ -91.51814, 31.48348 ], [ -91.51336, 31.44439 ], [ -91.4998, 31.42009 ], [ -91.47206, 31.39707 ], [ -91.47253, 31.37106 ], [ -91.50475, 31.36497 ], [ -91.53233, 31.39027 ], [ -91.53713, 31.42416 ], [ -91.54846, 31.43266 ], [ -91.56517, 31.42344 ], [ -91.57833, 31.39906 ], [ -91.56894, 31.37762 ], [ -91.54638, 31.38276 ], [ -91.5482, 31.34608 ], [ -91.51004, 31.31682 ], [ -91.50885, 31.29164 ], [ -91.51857, 31.27528 ], [ -91.55868, 31.26217 ], [ -91.64124, 31.26691 ], [ -91.65402, 31.25575 ], [ -91.64435, 31.23441 ], [ -91.62511, 31.22607 ], [ -91.59502, 31.20196 ], [ -91.58904, 31.17858 ], [ -91.62421, 31.13372 ], [ -91.62519, 31.11596 ], [ -91.56414, 31.06682 ], [ -91.56439, 31.03896 ], [ -91.59046, 31.01726 ], [ -91.63693, 30.99941 ], [ -90.99794, 30.99898 ], [ -90.73349, 30.99921 ], [ -89.8588, 31.00204 ], [ -89.75263, 31.00185 ], [ -89.72856, 30.99439 ], [ -89.72708, 30.9697 ], [ -89.75594, 30.94411 ], [ -89.74515, 30.92241 ], [ -89.7594, 30.91513 ], [ -89.76069, 30.8963 ], [ -89.77355, 30.89686 ], [ -89.76778, 30.86557 ], [ -89.7895, 30.85138 ], [ -89.78225, 30.83126 ], [ -89.83523, 30.76931 ], [ -89.81697, 30.73757 ], [ -89.84252, 30.71994 ], [ -89.83679, 30.69057 ], [ -89.85038, 30.66057 ], [ -89.83369, 30.65769 ], [ -89.82006, 30.6328 ], [ -89.82249, 30.60491 ], [ -89.80341, 30.56207 ], [ -89.78022, 30.54471 ], [ -89.76748, 30.51303 ], [ -89.75385, 30.50149 ], [ -89.7214, 30.48888 ], [ -89.70438, 30.46665 ], [ -89.68362, 30.45178 ], [ -89.67774, 30.41846 ], [ -89.68417, 30.40868 ], [ -89.661, 30.36399 ], [ -89.63006, 30.33968 ], [ -89.62649, 30.3139 ], [ -89.63981, 30.3073 ], [ -89.63129, 30.27976 ], [ -89.63161, 30.25701 ], [ -89.61533, 30.24697 ], [ -89.61682, 30.22577 ], [ -89.59656, 30.21196 ], [ -89.5719, 30.18072 ], [ -89.53863, 30.19588 ], [ -89.51688, 30.16458 ], [ -89.49497, 30.16074 ], [ -89.45681, 30.16573 ], [ -89.4167, 30.17763 ], [ -89.28839, 30.17846 ], [ -89.26097, 30.18199 ], [ -89.18366, 30.21215 ], [ -89.09647, 30.16582 ], [ -88.88902, 30.13984 ], [ -88.90032, 30.16997 ], [ -88.85038, 30.19228 ], [ -88.82138, 30.21736 ], [ -88.80063, 30.20238 ], [ -88.75389, 30.1882 ], [ -88.71738, 30.19087 ], [ -88.66724, 30.17832 ], [ -88.60387, 30.1706 ], [ -88.56787, 30.17045 ], [ -88.54585, 30.17665 ], [ -88.50978, 30.15794 ], [ -88.46128, 30.14668 ], [ -88.43351, 30.14721 ], [ -88.38442, 30.15854 ] ] ] } },
{ "type": "Feature", "properties": { "fid": 26, "ZoneCode": "290001", "AbrvFull": "MO", "NameFull": "Missouri", "ZoneNum": 1, "AbrvPart": null, "NamePart": null, "ZoneType": "Statewide", "StateAbrv": "MO", "StateName": "Missouri", "ProjAbrv": "LC1", "ProjType": "Lambert Conformal Conic, one parallel", "LatOrigin": "38°18'N", "LonOriginE": "267°30'E", "LonOriginW": "92°30'W", "Lat0_deg": 38.3, "Lon0_E_deg": 267.5, "Lon0_W_deg": -92.5, "ProjScale": 0.9997, "SkewAz_deg": -9999, "FalseN_m": 419100.0, "FalseE_m": 990600.0, "FalseN_ift": 1375000.0, "FalseE_ift": 3250000.0, "DesignBy": "NGS", "Ref_frame": "NATRF2022" }, "geometry": { "type": "Polygon", "coordinates": [ [ [ -91.41941, 40.37826 ], [ -91.44123, 40.38625 ], [ -91.46389, 40.37565 ], [ -91.48314, 40.38248 ], [ -91.49808, 40.40192 ], [ -91.5246, 40.41076 ], [ -91.519, 40.43129 ], [ -91.5328, 40.43678 ], [ -91.52615, 40.45862 ], [ -91.56771, 40.46228 ], [ -91.59463, 40.49499 ], [ -91.61694, 40.50479 ], [ -91.62515, 40.54349 ], [ -91.6817, 40.55303 ], [ -91.69155, 40.56483 ], [ -91.68537, 40.57888 ], [ -91.71202, 40.59504 ], [ -91.72911, 40.61363 ], [ -91.86839, 40.60805 ], [ -92.0966, 40.60182 ], [ -92.48521, 40.59508 ], [ -92.6594, 40.59033 ], [ -93.01349, 40.58629 ], [ -93.26042, 40.58081 ], [ -93.54757, 40.5804 ], [ -93.69436, 40.57783 ], [ -93.81548, 40.57727 ], [ -94.07213, 40.57302 ], [ -94.4891, 40.5707 ], [ -94.66906, 40.57171 ], [ -94.96648, 40.57583 ], [ -95.76563, 40.5852 ], [ -95.77354, 40.5782 ], [ -95.76361, 40.54829 ], [ -95.76927, 40.53665 ], [ -95.7571, 40.52598 ], [ -95.69719, 40.52847 ], [ -95.69414, 40.55694 ], [ -95.67177, 40.56262 ], [ -95.65226, 40.5381 ], [ -95.66167, 40.51731 ], [ -95.69996, 40.50527 ], [ -95.69312, 40.46939 ], [ -95.65972, 40.44448 ], [ -95.66143, 40.41591 ], [ -95.64392, 40.38684 ], [ -95.6424, 40.36982 ], [ -95.6248, 40.34921 ], [ -95.62764, 40.33241 ], [ -95.6566, 40.31946 ], [ -95.64532, 40.30569 ], [ -95.61564, 40.31415 ], [ -95.55328, 40.29115 ], [ -95.55246, 40.2619 ], [ -95.5161, 40.24918 ], [ -95.47868, 40.24365 ], [ -95.46989, 40.22269 ], [ -95.48131, 40.20308 ], [ -95.47791, 40.18384 ], [ -95.44068, 40.16228 ], [ -95.43134, 40.13916 ], [ -95.39654, 40.12469 ], [ -95.39421, 40.10826 ], [ -95.40854, 40.09698 ], [ -95.41999, 40.05043 ], [ -95.39152, 40.02705 ], [ -95.34656, 40.02827 ], [ -95.3122, 40.00939 ], [ -95.30828, 39.99999 ], [ -95.3016, 39.98399 ], [ -95.27232, 39.97103 ], [ -95.25024, 39.94864 ], [ -95.20526, 39.93974 ], [ -95.20347, 39.90565 ], [ -95.18955, 39.90014 ], [ -95.14604, 39.90418 ], [ -95.13967, 39.88059 ], [ -95.08499, 39.86188 ], [ -95.03524, 39.86591 ], [ -95.01512, 39.89964 ], [ -94.98705, 39.89631 ], [ -94.95517, 39.90128 ], [ -94.92789, 39.88611 ], [ -94.93984, 39.85204 ], [ -94.91676, 39.8358 ], [ -94.89147, 39.83464 ], [ -94.87665, 39.82252 ], [ -94.87623, 39.80739 ], [ -94.89052, 39.79142 ], [ -94.91954, 39.79028 ], [ -94.93463, 39.77314 ], [ -94.90543, 39.75951 ], [ -94.86964, 39.77289 ], [ -94.85902, 39.75411 ], [ -94.87562, 39.73049 ], [ -94.9026, 39.7242 ], [ -94.94753, 39.74533 ], [ -94.97132, 39.7257 ], [ -94.96932, 39.69072 ], [ -94.98839, 39.67709 ], [ -95.02458, 39.66848 ], [ -95.04951, 39.63787 ], [ -95.05514, 39.62165 ], [ -95.04668, 39.59675 ], [ -95.05689, 39.58056 ], [ -95.09214, 39.58111 ], [ -95.10746, 39.57374 ], [ -95.10805, 39.53991 ], [ -95.07743, 39.51355 ], [ -95.05054, 39.49751 ], [ -95.04466, 39.47125 ], [ -95.0334, 39.46087 ], [ -94.99016, 39.44619 ], [ -94.97294, 39.4217 ], [ -94.94628, 39.40564 ], [ -94.94203, 39.38949 ], [ -94.91921, 39.38517 ], [ -94.88896, 39.39243 ], [ -94.87908, 39.3757 ], [ -94.91031, 39.35129 ], [ -94.90789, 39.32344 ], [ -94.89851, 39.29844 ], [ -94.88039, 39.2822 ], [ -94.84631, 39.26847 ], [ -94.82747, 39.24989 ], [ -94.83167, 39.21593 ], [ -94.80847, 39.20647 ], [ -94.78294, 39.20716 ], [ -94.75279, 39.17349 ], [ -94.71413, 39.1704 ], [ -94.68878, 39.18322 ], [ -94.65915, 39.17412 ], [ -94.65064, 39.15409 ], [ -94.60645, 39.16082 ], [ -94.58865, 39.15116 ], [ -94.60511, 39.12325 ], [ -94.60714, 39.10558 ], [ -94.60816, 38.81109 ], [ -94.6119, 38.60588 ], [ -94.61334, 38.45869 ], [ -94.61249, 38.22037 ], [ -94.61415, 37.974 ], [ -94.61766, 37.77619 ], [ -94.61671, 37.50012 ], [ -94.6183, 37.19468 ], [ -94.61795, 36.9989 ], [ -94.61846, 36.81627 ], [ -94.61785, 36.49942 ], [ -94.37441, 36.49961 ], [ -94.08568, 36.49863 ], [ -93.54488, 36.4993 ], [ -93.13746, 36.49785 ], [ -92.72674, 36.49787 ], [ -92.4741, 36.49875 ], [ -92.37473, 36.4973 ], [ -92.11517, 36.49882 ], [ -91.9999, 36.49841 ], [ -91.74076, 36.49937 ], [ -91.5395, 36.49923 ], [ -91.42206, 36.49713 ], [ -90.8074, 36.49883 ], [ -90.1523, 36.49798 ], [ -90.15924, 36.4797 ], [ -90.14315, 36.47518 ], [ -90.1554, 36.46379 ], [ -90.13416, 36.45415 ], [ -90.14433, 36.42537 ], [ -90.13597, 36.41333 ], [ -90.08204, 36.40123 ], [ -90.06322, 36.37754 ], [ -90.07795, 36.34939 ], [ -90.08237, 36.32197 ], [ -90.06418, 36.3025 ], [ -90.07901, 36.28986 ], [ -90.08379, 36.27193 ], [ -90.11511, 36.2652 ], [ -90.1324, 36.22643 ], [ -90.19509, 36.20043 ], [ -90.21996, 36.18472 ], [ -90.23534, 36.15953 ], [ -90.23544, 36.13939 ], [ -90.26652, 36.12001 ], [ -90.29292, 36.11449 ], [ -90.29999, 36.09791 ], [ -90.3196, 36.08956 ], [ -90.31853, 36.07516 ], [ -90.3482, 36.04157 ], [ -90.35619, 36.02022 ], [ -90.37789, 35.99574 ], [ -90.00381, 35.99901 ], [ -89.73305, 36.0008 ], [ -89.70692, 36.00097 ], [ -89.68725, 36.03404 ], [ -89.68002, 36.08249 ], [ -89.66659, 36.0958 ], [ -89.6283, 36.10685 ], [ -89.59306, 36.12969 ], [ -89.5922, 36.15011 ], [ -89.607, 36.17117 ], [ -89.69262, 36.22495 ], [ -89.70524, 36.23656 ], [ -89.69523, 36.25276 ], [ -89.6514, 36.25068 ], [ -89.61114, 36.23926 ], [ -89.58732, 36.23948 ], [ -89.56412, 36.25047 ], [ -89.53467, 36.25276 ], [ -89.53643, 36.27282 ], [ -89.57848, 36.28831 ], [ -89.61181, 36.30908 ], [ -89.62025, 36.323 ], [ -89.61068, 36.34044 ], [ -89.53181, 36.33924 ], [ -89.51899, 36.34859 ], [ -89.50971, 36.37362 ], [ -89.54233, 36.4201 ], [ -89.5434, 36.43876 ], [ -89.52727, 36.45154 ], [ -89.52063, 36.47866 ], [ -89.53922, 36.49793 ], [ -89.5604, 36.5244 ], [ -89.57072, 36.55765 ], [ -89.55757, 36.57429 ], [ -89.53063, 36.5817 ], [ -89.47992, 36.56908 ], [ -89.46781, 36.54697 ], [ -89.46664, 36.52703 ], [ -89.48542, 36.49748 ], [ -89.49411, 36.47626 ], [ -89.47663, 36.45839 ], [ -89.45351, 36.46178 ], [ -89.41727, 36.499 ], [ -89.3827, 36.58372 ], [ -89.3776, 36.60978 ], [ -89.36579, 36.62512 ], [ -89.33203, 36.63287 ], [ -89.31644, 36.62404 ], [ -89.29467, 36.59377 ], [ -89.25653, 36.56495 ], [ -89.22704, 36.56953 ], [ -89.20276, 36.60166 ], [ -89.19774, 36.62896 ], [ -89.15911, 36.66635 ], [ -89.17188, 36.67259 ], [ -89.16942, 36.68876 ], [ -89.20064, 36.71874 ], [ -89.19785, 36.73977 ], [ -89.16978, 36.75963 ], [ -89.12596, 36.7518 ], [ -89.11697, 36.77559 ], [ -89.1287, 36.78767 ], [ -89.15146, 36.78866 ], [ -89.17821, 36.80861 ], [ -89.17885, 36.83333 ], [ -89.17043, 36.84183 ], [ -89.1381, 36.84732 ], [ -89.11711, 36.88868 ], [ -89.09896, 36.95606 ], [ -89.10919, 36.97644 ], [ -89.13291, 36.98205 ], [ -89.17, 36.97029 ], [ -89.19209, 36.97999 ], [ -89.2034, 37.01885 ], [ -89.2371, 37.04101 ], [ -89.25492, 37.07201 ], [ -89.25993, 37.06406 ], [ -89.30772, 37.06965 ], [ -89.30136, 37.04498 ], [ -89.27771, 37.03613 ], [ -89.2576, 37.01549 ], [ -89.26623, 36.9963 ], [ -89.29212, 36.99218 ], [ -89.31716, 37.01276 ], [ -89.37662, 37.03848 ], [ -89.38518, 37.05774 ], [ -89.3787, 37.09458 ], [ -89.42557, 37.13823 ], [ -89.46185, 37.19951 ], [ -89.46749, 37.22184 ], [ -89.45782, 37.24259 ], [ -89.47052, 37.25335 ], [ -89.48991, 37.25131 ], [ -89.51846, 37.28625 ], [ -89.50969, 37.31425 ], [ -89.49119, 37.33135 ], [ -89.43603, 37.34443 ], [ -89.42818, 37.35615 ], [ -89.42093, 37.39395 ], [ -89.43976, 37.43719 ], [ -89.47119, 37.46647 ], [ -89.51644, 37.53555 ], [ -89.5198, 37.58274 ], [ -89.48111, 37.58297 ], [ -89.47839, 37.59886 ], [ -89.51771, 37.64121 ], [ -89.512, 37.68552 ], [ -89.52572, 37.69843 ], [ -89.58331, 37.71325 ], [ -89.61806, 37.74981 ], [ -89.64952, 37.74549 ], [ -89.66786, 37.76025 ], [ -89.66037, 37.78629 ], [ -89.66964, 37.79992 ], [ -89.70284, 37.81681 ], [ -89.73987, 37.84691 ], [ -89.75409, 37.84635 ], [ -89.79753, 37.86212 ], [ -89.79932, 37.88151 ], [ -89.84478, 37.90557 ], [ -89.87968, 37.88073 ], [ -89.90562, 37.86939 ], [ -89.92529, 37.87115 ], [ -89.95335, 37.88461 ], [ -89.97418, 37.9195 ], [ -89.95956, 37.94015 ], [ -89.93126, 37.94827 ], [ -89.92508, 37.96001 ], [ -89.94068, 37.97087 ], [ -89.9881, 37.96174 ], [ -90.00793, 37.9701 ], [ -90.03179, 37.99512 ], [ -90.06504, 38.01687 ], [ -90.09283, 38.01725 ], [ -90.12652, 38.04166 ], [ -90.13078, 38.06233 ], [ -90.15826, 38.07494 ], [ -90.17221, 38.06963 ], [ -90.21701, 38.09346 ], [ -90.24257, 38.11212 ], [ -90.27483, 38.15755 ], [ -90.29062, 38.17036 ], [ -90.33416, 38.18985 ], [ -90.35862, 38.22197 ], [ -90.37241, 38.28372 ], [ -90.37081, 38.33355 ], [ -90.34144, 38.38829 ], [ -90.28989, 38.43313 ], [ -90.26405, 38.52102 ], [ -90.2242, 38.57507 ], [ -90.19179, 38.59897 ], [ -90.1788, 38.62915 ], [ -90.18259, 38.66537 ], [ -90.21199, 38.71177 ], [ -90.20517, 38.73219 ], [ -90.1836, 38.74674 ], [ -90.16636, 38.77267 ], [ -90.1231, 38.79804 ], [ -90.1091, 38.83744 ], [ -90.11332, 38.8493 ], [ -90.1633, 38.87474 ], [ -90.1976, 38.88764 ], [ -90.22303, 38.90738 ], [ -90.25024, 38.91934 ], [ -90.30945, 38.92411 ], [ -90.39271, 38.95906 ], [ -90.4508, 38.96776 ], [ -90.47211, 38.95883 ], [ -90.48705, 38.92585 ], [ -90.50744, 38.90276 ], [ -90.54682, 38.874 ], [ -90.57757, 38.86838 ], [ -90.62335, 38.88714 ], [ -90.66301, 38.92628 ], [ -90.67633, 38.96441 ], [ -90.67902, 38.99386 ], [ -90.71157, 39.04679 ], [ -90.71253, 39.05706 ], [ -90.68274, 39.08834 ], [ -90.68738, 39.1199 ], [ -90.70914, 39.1551 ], [ -90.7171, 39.2139 ], [ -90.72697, 39.25117 ], [ -90.75159, 39.26542 ], [ -90.79345, 39.30949 ], [ -90.81684, 39.32049 ], [ -90.84749, 39.34526 ], [ -90.89645, 39.36917 ], [ -90.934, 39.39212 ], [ -90.93902, 39.40274 ], [ -90.99378, 39.42295 ], [ -91.03826, 39.44843 ], [ -91.0624, 39.47411 ], [ -91.0643, 39.49464 ], [ -91.1009, 39.53899 ], [ -91.14827, 39.54579 ], [ -91.16841, 39.56492 ], [ -91.17464, 39.59331 ], [ -91.18591, 39.60511 ], [ -91.22332, 39.6176 ], [ -91.27613, 39.66575 ], [ -91.34724, 39.71047 ], [ -91.36774, 39.72902 ], [ -91.36343, 39.7928 ], [ -91.37648, 39.81003 ], [ -91.43379, 39.84186 ], [ -91.44783, 39.87794 ], [ -91.4435, 39.89358 ], [ -91.42087, 39.91486 ], [ -91.42182, 39.93296 ], [ -91.44344, 39.95367 ], [ -91.49487, 40.03645 ], [ -91.4896, 40.05743 ], [ -91.51083, 40.12613 ], [ -91.50821, 40.15766 ], [ -91.51307, 40.17853 ], [ -91.50447, 40.19825 ], [ -91.50649, 40.2363 ], [ -91.49051, 40.25949 ], [ -91.49272, 40.27821 ], [ -91.46213, 40.34241 ], [ -91.44485, 40.36314 ], [ -91.41941, 40.37826 ] ] ] } },
{ "type": "Feature", "properties": { "fid": 27, "ZoneCode": "300001", "AbrvFull": "MT", "NameFull": "Montana", "ZoneNum": 1, "AbrvPart": null, "NamePart": null, "ZoneType": "Statewide", "StateAbrv": "MT", "StateName": "Montana", "ProjAbrv": "LC1", "ProjType": "Lambert Conformal Conic, one parallel", "LatOrigin": "46°57'N", "LonOriginE": "250°00'E", "LonOriginW": "110°00'W", "Lat0_deg": 46.95, "Lon0_E_deg": 250.0, "Lon0_W_deg": -110.0, "ProjScale": 0.9999, "SkewAz_deg": -9999, "FalseN_m": 419100.0, "FalseE_m": 1219200.0, "FalseN_ift": 1375000.0, "FalseE_ift": 4000000.0, "DesignBy": "NGS", "Ref_frame": "NATRF2022" }, "geometry": { "type": "Polygon", "coordinates": [ [ [ -104.04868, 48.99989 ], [ -104.68499, 48.999 ], [ -105.7034, 48.99981 ], [ -106.22941, 48.99936 ], [ -106.60912, 48.99985 ], [ -107.3615, 49.0001 ], [ -107.41553, 48.99935 ], [ -107.77655, 48.99979 ], [ -108.83548, 48.99924 ], [ -109.42061, 49.00042 ], [ -110.72124, 48.99863 ], [ -111.57568, 48.99667 ], [ -112.02361, 48.99865 ], [ -112.99029, 48.99861 ], [ -113.69475, 48.9975 ], [ -114.06816, 48.99886 ], [ -114.36191, 49.0011 ], [ -115.05531, 48.99962 ], [ -115.26378, 48.99963 ], [ -115.63372, 49.00078 ], [ -116.04907, 49.00084 ], [ -116.04909, 47.97684 ], [ -116.03037, 47.97261 ], [ -116.00747, 47.95078 ], [ -115.98304, 47.91628 ], [ -115.96567, 47.91132 ], [ -115.96051, 47.89813 ], [ -115.93799, 47.88109 ], [ -115.90138, 47.84309 ], [ -115.88148, 47.84961 ], [ -115.8523, 47.82785 ], [ -115.84748, 47.78648 ], [ -115.82376, 47.75261 ], [ -115.79748, 47.75733 ], [ -115.78085, 47.74192 ], [ -115.77343, 47.71756 ], [ -115.76002, 47.71912 ], [ -115.7227, 47.69485 ], [ -115.73636, 47.65516 ], [ -115.73038, 47.64233 ], [ -115.69443, 47.62376 ], [ -115.6972, 47.60374 ], [ -115.68774, 47.59529 ], [ -115.7545, 47.55245 ], [ -115.75178, 47.54198 ], [ -115.69538, 47.52771 ], [ -115.71129, 47.5231 ], [ -115.68625, 47.48493 ], [ -115.66776, 47.48878 ], [ -115.66101, 47.47784 ], [ -115.62947, 47.4796 ], [ -115.64015, 47.45968 ], [ -115.67696, 47.45338 ], [ -115.69119, 47.4572 ], [ -115.7466, 47.44231 ], [ -115.75929, 47.42386 ], [ -115.7211, 47.42569 ], [ -115.71224, 47.41544 ], [ -115.67523, 47.40939 ], [ -115.64628, 47.38776 ], [ -115.6429, 47.37736 ], [ -115.61723, 47.38251 ], [ -115.57736, 47.36725 ], [ -115.57642, 47.35708 ], [ -115.54882, 47.34695 ], [ -115.55016, 47.33374 ], [ -115.52789, 47.30902 ], [ -115.52849, 47.29924 ], [ -115.45724, 47.27832 ], [ -115.42042, 47.27735 ], [ -115.41157, 47.26436 ], [ -115.38491, 47.26778 ], [ -115.3592, 47.25964 ], [ -115.34083, 47.26284 ], [ -115.31837, 47.25189 ], [ -115.3158, 47.2328 ], [ -115.29151, 47.21085 ], [ -115.30121, 47.19345 ], [ -115.28683, 47.18348 ], [ -115.26285, 47.18175 ], [ -115.24309, 47.15072 ], [ -115.22244, 47.14908 ], [ -115.18611, 47.12956 ], [ -115.17216, 47.10715 ], [ -115.14395, 47.10175 ], [ -115.13928, 47.07924 ], [ -115.10605, 47.04856 ], [ -115.08741, 47.04571 ], [ -115.07225, 47.02348 ], [ -115.06776, 46.99521 ], [ -115.04784, 46.96953 ], [ -115.02858, 46.97567 ], [ -115.00126, 46.9719 ], [ -114.9865, 46.95014 ], [ -114.96095, 46.9304 ], [ -114.92623, 46.91946 ], [ -114.93672, 46.89727 ], [ -114.93224, 46.8758 ], [ -114.9484, 46.86063 ], [ -114.92867, 46.85476 ], [ -114.92071, 46.82708 ], [ -114.89843, 46.82235 ], [ -114.8955, 46.80196 ], [ -114.86576, 46.81452 ], [ -114.83065, 46.7836 ], [ -114.79794, 46.7759 ], [ -114.76507, 46.75814 ], [ -114.76724, 46.73875 ], [ -114.78843, 46.71405 ], [ -114.75218, 46.69714 ], [ -114.73976, 46.71194 ], [ -114.71677, 46.71405 ], [ -114.69912, 46.74017 ], [ -114.66456, 46.73908 ], [ -114.62077, 46.70726 ], [ -114.62353, 46.69093 ], [ -114.64143, 46.67949 ], [ -114.63522, 46.65924 ], [ -114.61501, 46.65541 ], [ -114.61309, 46.63846 ], [ -114.58451, 46.6334 ], [ -114.54169, 46.64994 ], [ -114.52383, 46.64058 ], [ -114.46682, 46.6318 ], [ -114.45371, 46.64845 ], [ -114.42416, 46.66062 ], [ -114.3579, 46.66869 ], [ -114.33699, 46.6623 ], [ -114.32069, 46.64694 ], [ -114.32269, 46.61061 ], [ -114.34418, 46.58996 ], [ -114.33119, 46.5725 ], [ -114.34787, 46.55147 ], [ -114.34297, 46.51803 ], [ -114.37558, 46.50175 ], [ -114.40234, 46.50058 ], [ -114.40108, 46.47858 ], [ -114.37941, 46.46028 ], [ -114.38364, 46.44615 ], [ -114.36877, 46.4365 ], [ -114.38489, 46.42759 ], [ -114.38483, 46.41135 ], [ -114.42243, 46.38704 ], [ -114.41015, 46.36549 ], [ -114.41468, 46.33954 ], [ -114.43342, 46.30554 ], [ -114.4276, 46.28336 ], [ -114.47078, 46.26537 ], [ -114.466, 46.24684 ], [ -114.45207, 46.24129 ], [ -114.44329, 46.20304 ], [ -114.44522, 46.16794 ], [ -114.47766, 46.16065 ], [ -114.51468, 46.16772 ], [ -114.52734, 46.14541 ], [ -114.52121, 46.12532 ], [ -114.47444, 46.1131 ], [ -114.45946, 46.09393 ], [ -114.46697, 46.06578 ], [ -114.49333, 46.05257 ], [ -114.5073, 46.03116 ], [ -114.48052, 46.03043 ], [ -114.47302, 46.01455 ], [ -114.48776, 46.00417 ], [ -114.47524, 45.99202 ], [ -114.45781, 45.99747 ], [ -114.41174, 45.97786 ], [ -114.40251, 45.95794 ], [ -114.43138, 45.93603 ], [ -114.41355, 45.91163 ], [ -114.39513, 45.90143 ], [ -114.38785, 45.88392 ], [ -114.40391, 45.87187 ], [ -114.40964, 45.85157 ], [ -114.4377, 45.8626 ], [ -114.47031, 45.85146 ], [ -114.50963, 45.84535 ], [ -114.51536, 45.82626 ], [ -114.56633, 45.77273 ], [ -114.5445, 45.75917 ], [ -114.54783, 45.74326 ], [ -114.52664, 45.72763 ], [ -114.50417, 45.72181 ], [ -114.49518, 45.70418 ], [ -114.51498, 45.68503 ], [ -114.49965, 45.66851 ], [ -114.52272, 45.64929 ], [ -114.56065, 45.64024 ], [ -114.56321, 45.63166 ], [ -114.53804, 45.60614 ], [ -114.55848, 45.58446 ], [ -114.56548, 45.5626 ], [ -114.55262, 45.55701 ], [ -114.5261, 45.57078 ], [ -114.49806, 45.55546 ], [ -114.47193, 45.56522 ], [ -114.45633, 45.56098 ], [ -114.4639, 45.54502 ], [ -114.43056, 45.5295 ], [ -114.4234, 45.50929 ], [ -114.38885, 45.503 ], [ -114.36821, 45.49236 ], [ -114.34417, 45.45968 ], [ -114.33003, 45.45972 ], [ -114.29226, 45.47997 ], [ -114.26988, 45.48455 ], [ -114.24719, 45.52471 ], [ -114.24834, 45.5451 ], [ -114.22786, 45.54612 ], [ -114.19468, 45.53615 ], [ -114.18026, 45.55123 ], [ -114.13617, 45.55701 ], [ -114.12125, 45.58459 ], [ -114.08634, 45.5913 ], [ -114.08115, 45.61145 ], [ -114.01369, 45.65829 ], [ -114.02829, 45.67523 ], [ -114.01915, 45.69263 ], [ -113.9882, 45.70592 ], [ -113.96813, 45.69132 ], [ -113.93909, 45.69577 ], [ -113.9195, 45.65785 ], [ -113.89526, 45.64384 ], [ -113.90468, 45.622 ], [ -113.88793, 45.61747 ], [ -113.8621, 45.62379 ], [ -113.8263, 45.61316 ], [ -113.80642, 45.60162 ], [ -113.79681, 45.58153 ], [ -113.8214, 45.56577 ], [ -113.81739, 45.55703 ], [ -113.83476, 45.52065 ], [ -113.766, 45.52052 ], [ -113.77271, 45.51263 ], [ -113.75992, 45.48064 ], [ -113.78421, 45.455 ], [ -113.77671, 45.43469 ], [ -113.75972, 45.4271 ], [ -113.77714, 45.41656 ], [ -113.77374, 45.40635 ], [ -113.7491, 45.40283 ], [ -113.73439, 45.39235 ], [ -113.72901, 45.35608 ], [ -113.73871, 45.32974 ], [ -113.71857, 45.3168 ], [ -113.71002, 45.30101 ], [ -113.67895, 45.27588 ], [ -113.69292, 45.26419 ], [ -113.6796, 45.24974 ], [ -113.64939, 45.23436 ], [ -113.63678, 45.21224 ], [ -113.58943, 45.1773 ], [ -113.59069, 45.15588 ], [ -113.56601, 45.14974 ], [ -113.57671, 45.13123 ], [ -113.54965, 45.11287 ], [ -113.51281, 45.11685 ], [ -113.50595, 45.10803 ], [ -113.52273, 45.092 ], [ -113.49401, 45.07989 ], [ -113.48489, 45.0634 ], [ -113.46031, 45.06486 ], [ -113.44932, 45.04651 ], [ -113.44386, 44.96001 ], [ -113.46582, 44.9476 ], [ -113.49621, 44.94767 ], [ -113.49153, 44.92454 ], [ -113.47177, 44.90983 ], [ -113.47858, 44.89559 ], [ -113.46118, 44.88675 ], [ -113.45506, 44.86542 ], [ -113.42906, 44.85485 ], [ -113.42223, 44.8378 ], [ -113.3851, 44.83759 ], [ -113.35723, 44.82065 ], [ -113.34046, 44.78468 ], [ -113.24718, 44.82295 ], [ -113.2377, 44.81387 ], [ -113.19434, 44.80214 ], [ -113.16339, 44.77877 ], [ -113.13129, 44.77216 ], [ -113.13773, 44.7599 ], [ -113.11726, 44.73292 ], [ -113.1016, 44.72946 ], [ -113.10156, 44.70663 ], [ -113.08204, 44.68396 ], [ -113.06796, 44.67901 ], [ -113.06537, 44.64885 ], [ -113.05174, 44.63709 ], [ -113.05744, 44.61834 ], [ -113.08828, 44.59966 ], [ -113.06228, 44.58592 ], [ -113.06733, 44.57929 ], [ -113.03953, 44.5673 ], [ -113.04775, 44.54828 ], [ -113.00677, 44.5262 ], [ -113.02681, 44.49551 ], [ -113.00608, 44.4707 ], [ -113.00196, 44.44985 ], [ -112.96345, 44.42337 ], [ -112.92113, 44.41091 ], [ -112.90163, 44.39884 ], [ -112.88954, 44.40593 ], [ -112.88157, 44.37925 ], [ -112.84455, 44.35796 ], [ -112.81229, 44.37702 ], [ -112.82178, 44.40716 ], [ -112.83969, 44.42402 ], [ -112.80769, 44.45312 ], [ -112.78048, 44.48472 ], [ -112.74034, 44.48996 ], [ -112.71791, 44.50427 ], [ -112.66085, 44.48595 ], [ -112.63265, 44.49099 ], [ -112.62911, 44.4828 ], [ -112.60147, 44.49061 ], [ -112.58483, 44.4811 ], [ -112.54953, 44.48469 ], [ -112.51388, 44.47511 ], [ -112.50037, 44.46277 ], [ -112.4734, 44.47935 ], [ -112.43352, 44.45983 ], [ -112.4081, 44.45744 ], [ -112.38651, 44.4473 ], [ -112.36647, 44.46853 ], [ -112.35667, 44.49262 ], [ -112.35884, 44.52905 ], [ -112.35179, 44.53787 ], [ -112.31948, 44.5389 ], [ -112.31373, 44.55304 ], [ -112.28866, 44.5679 ], [ -112.25669, 44.57167 ], [ -112.22921, 44.56408 ], [ -112.22104, 44.54325 ], [ -112.18364, 44.53295 ], [ -112.16463, 44.54153 ], [ -112.13666, 44.53985 ], [ -112.12703, 44.52888 ], [ -112.09647, 44.52299 ], [ -112.06905, 44.53715 ], [ -112.03227, 44.52921 ], [ -112.03269, 44.54664 ], [ -112.00441, 44.5377 ], [ -111.97535, 44.53614 ], [ -111.94777, 44.55701 ], [ -111.90331, 44.55664 ], [ -111.86643, 44.56309 ], [ -111.86364, 44.55124 ], [ -111.82151, 44.50894 ], [ -111.8011, 44.52598 ], [ -111.76286, 44.52577 ], [ -111.7499, 44.53957 ], [ -111.71474, 44.54404 ], [ -111.70414, 44.55964 ], [ -111.68298, 44.56165 ], [ -111.66025, 44.55307 ], [ -111.61433, 44.54867 ], [ -111.58497, 44.56236 ], [ -111.54779, 44.55731 ], [ -111.51453, 44.53656 ], [ -111.4996, 44.542 ], [ -111.46807, 44.54004 ], [ -111.46934, 44.55767 ], [ -111.50739, 44.56207 ], [ -111.50133, 44.57248 ], [ -111.5189, 44.58334 ], [ -111.5256, 44.60473 ], [ -111.50247, 44.62681 ], [ -111.51615, 44.64405 ], [ -111.49028, 44.64983 ], [ -111.4685, 44.67873 ], [ -111.48476, 44.68786 ], [ -111.48877, 44.70564 ], [ -111.43172, 44.72069 ], [ -111.41426, 44.71073 ], [ -111.39712, 44.72752 ], [ -111.39295, 44.7523 ], [ -111.37579, 44.75103 ], [ -111.3577, 44.7294 ], [ -111.32436, 44.72954 ], [ -111.32247, 44.71877 ], [ -111.29625, 44.70227 ], [ -111.29686, 44.69144 ], [ -111.26679, 44.66751 ], [ -111.27077, 44.64697 ], [ -111.25258, 44.65124 ], [ -111.2193, 44.62252 ], [ -111.24087, 44.61452 ], [ -111.22762, 44.57668 ], [ -111.18102, 44.56923 ], [ -111.18073, 44.55488 ], [ -111.15056, 44.53497 ], [ -111.13137, 44.53242 ], [ -111.1386, 44.51685 ], [ -111.13064, 44.50013 ], [ -111.1009, 44.48778 ], [ -111.05242, 44.47841 ], [ -111.05397, 44.72624 ], [ -111.05454, 45.00095 ], [ -110.7901, 45.00088 ], [ -110.70446, 44.99217 ], [ -110.50696, 44.99251 ], [ -110.44573, 44.99368 ], [ -110.4071, 44.99949 ], [ -110.18321, 44.99695 ], [ -110.10576, 45.00353 ], [ -109.82565, 45.00322 ], [ -109.78608, 45.00179 ], [ -109.32682, 45.00528 ], [ -109.10321, 45.00581 ], [ -109.08308, 44.99955 ], [ -108.59808, 45.00039 ], [ -108.51403, 44.99964 ], [ -108.2295, 45.00041 ], [ -107.6132, 45.00061 ], [ -107.48373, 45.00142 ], [ -107.1274, 44.99983 ], [ -107.08487, 44.99659 ], [ -106.12619, 44.99326 ], [ -105.92816, 44.99348 ], [ -105.91314, 45.00023 ], [ -105.64521, 45.00042 ], [ -104.88915, 45.00002 ], [ -104.59231, 44.99865 ], [ -104.05787, 44.9976 ], [ -104.03968, 44.99806 ], [ -104.0408, 45.4626 ], [ -104.04258, 45.74994 ], [ -104.04553, 45.9453 ], [ -104.04677, 46.02439 ], [ -104.04547, 46.1661 ], [ -104.04514, 46.51005 ], [ -104.04596, 46.87452 ], [ -104.04508, 47.05037 ], [ -104.04484, 47.40672 ], [ -104.04321, 47.75899 ], [ -104.04143, 47.86305 ], [ -104.04403, 47.99608 ], [ -104.04753, 48.49878 ], [ -104.04887, 48.83776 ], [ -104.04868, 48.99989 ] ] ] } },
{ "type": "Feature", "properties": { "fid": 28, "ZoneCode": "310001", "AbrvFull": "NE", "NameFull": "Nebraska", "ZoneNum": 1, "AbrvPart": null, "NamePart": null, "ZoneType": "Statewide", "StateAbrv": "NE", "StateName": "Nebraska", "ProjAbrv": "LC1", "ProjType": "Lambert Conformal Conic, one parallel", "LatOrigin": "41°30'N", "LonOriginE": "260°15'E", "LonOriginW": "99°45'W", "Lat0_deg": 41.5, "Lon0_E_deg": 260.25, "Lon0_W_deg": -99.75, "ProjScale": 1.0, "SkewAz_deg": -9999, "FalseN_m": 304800.0, "FalseE_m": 914400.0, "FalseN_ift": 1000000.0, "FalseE_ift": 3000000.0, "DesignBy": "NGS", "Ref_frame": "NATRF2022" }, "geometry": { "type": "Polygon", "coordinates": [ [ [ -95.76563, 40.5852 ], [ -95.75126, 40.60905 ], [ -95.76892, 40.62126 ], [ -95.77624, 40.64746 ], [ -95.78947, 40.65938 ], [ -95.84279, 40.67749 ], [ -95.8526, 40.70226 ], [ -95.88317, 40.71757 ], [ -95.8889, 40.73185 ], [ -95.88152, 40.7506 ], [ -95.83689, 40.77647 ], [ -95.84373, 40.80378 ], [ -95.83718, 40.83534 ], [ -95.84777, 40.86432 ], [ -95.81207, 40.88423 ], [ -95.81429, 40.90293 ], [ -95.83643, 40.92164 ], [ -95.84026, 40.93994 ], [ -95.82982, 40.96385 ], [ -95.83204, 40.98113 ], [ -95.86348, 40.99733 ], [ -95.86949, 41.00942 ], [ -95.86085, 41.03854 ], [ -95.88221, 41.06353 ], [ -95.86242, 41.08968 ], [ -95.86722, 41.12149 ], [ -95.88293, 41.15457 ], [ -95.87368, 41.16664 ], [ -95.84343, 41.16909 ], [ -95.84723, 41.18334 ], [ -95.86761, 41.18841 ], [ -95.91611, 41.18527 ], [ -95.92611, 41.21161 ], [ -95.91129, 41.23944 ], [ -95.92864, 41.28133 ], [ -95.92763, 41.29843 ], [ -95.90589, 41.30103 ], [ -95.91257, 41.27952 ], [ -95.90283, 41.27437 ], [ -95.87747, 41.28458 ], [ -95.87417, 41.30792 ], [ -95.88554, 41.31809 ], [ -95.92517, 41.32135 ], [ -95.95165, 41.3375 ], [ -95.95712, 41.34959 ], [ -95.92876, 41.37007 ], [ -95.93768, 41.39476 ], [ -95.9323, 41.43206 ], [ -95.92085, 41.44342 ], [ -95.9245, 41.45891 ], [ -95.945, 41.46648 ], [ -95.96832, 41.46388 ], [ -96.00404, 41.47214 ], [ -96.01953, 41.49159 ], [ -95.99277, 41.51459 ], [ -95.99996, 41.53947 ], [ -96.02665, 41.54036 ], [ -96.0406, 41.50689 ], [ -96.05732, 41.51104 ], [ -96.0919, 41.53404 ], [ -96.09658, 41.54539 ], [ -96.08118, 41.57429 ], [ -96.08718, 41.58654 ], [ -96.11363, 41.60195 ], [ -96.11598, 41.62202 ], [ -96.09552, 41.64585 ], [ -96.10004, 41.66107 ], [ -96.12104, 41.677 ], [ -96.10855, 41.69927 ], [ -96.0777, 41.70002 ], [ -96.07749, 41.71648 ], [ -96.09943, 41.72608 ], [ -96.10617, 41.73917 ], [ -96.07862, 41.76194 ], [ -96.06489, 41.79167 ], [ -96.08015, 41.81002 ], [ -96.10974, 41.82399 ], [ -96.11124, 41.85022 ], [ -96.14435, 41.87196 ], [ -96.16206, 41.90304 ], [ -96.1366, 41.92716 ], [ -96.14259, 41.9459 ], [ -96.12918, 41.96513 ], [ -96.13319, 41.97494 ], [ -96.15804, 41.98027 ], [ -96.17719, 41.9763 ], [ -96.19196, 41.98534 ], [ -96.1847, 42.00497 ], [ -96.21521, 42.00669 ], [ -96.22834, 41.99425 ], [ -96.24136, 41.99998 ], [ -96.22189, 42.02955 ], [ -96.23435, 42.04071 ], [ -96.26805, 42.0417 ], [ -96.27919, 42.07354 ], [ -96.26748, 42.10977 ], [ -96.28594, 42.12592 ], [ -96.30975, 42.13209 ], [ -96.32073, 42.14792 ], [ -96.34668, 42.16468 ], [ -96.34846, 42.19614 ], [ -96.35986, 42.21055 ], [ -96.32371, 42.22988 ], [ -96.3313, 42.2594 ], [ -96.36797, 42.29067 ], [ -96.36996, 42.31087 ], [ -96.40799, 42.3374 ], [ -96.41791, 42.35869 ], [ -96.40842, 42.37608 ], [ -96.4103, 42.41296 ], [ -96.38069, 42.44639 ], [ -96.386, 42.4745 ], [ -96.40195, 42.48643 ], [ -96.44547, 42.49062 ], [ -96.47557, 42.48019 ], [ -96.50131, 42.48274 ], [ -96.52508, 42.51018 ], [ -96.55776, 42.52037 ], [ -96.60346, 42.50445 ], [ -96.62595, 42.51357 ], [ -96.63802, 42.55195 ], [ -96.68699, 42.57922 ], [ -96.71099, 42.60812 ], [ -96.70728, 42.62531 ], [ -96.68907, 42.64407 ], [ -96.69763, 42.65913 ], [ -96.72802, 42.66687 ], [ -96.76405, 42.66198 ], [ -96.80217, 42.67223 ], [ -96.8062, 42.70415 ], [ -96.90791, 42.73385 ], [ -96.93758, 42.71959 ], [ -96.96352, 42.72064 ], [ -96.96174, 42.74167 ], [ -96.97911, 42.76008 ], [ -97.02838, 42.76304 ], [ -97.07184, 42.7723 ], [ -97.13025, 42.77153 ], [ -97.15075, 42.79556 ], [ -97.20042, 42.80548 ], [ -97.21265, 42.81206 ], [ -97.21803, 42.84511 ], [ -97.24854, 42.85538 ], [ -97.28985, 42.85549 ], [ -97.30667, 42.8676 ], [ -97.34117, 42.85588 ], [ -97.36177, 42.85512 ], [ -97.37668, 42.86519 ], [ -97.41705, 42.86591 ], [ -97.4391, 42.8471 ], [ -97.48374, 42.85024 ], [ -97.50484, 42.85847 ], [ -97.56192, 42.84755 ], [ -97.60375, 42.85832 ], [ -97.64679, 42.84737 ], [ -97.68647, 42.84221 ], [ -97.77437, 42.84973 ], [ -97.83138, 42.86895 ], [ -97.87552, 42.85865 ], [ -97.88864, 42.81717 ], [ -97.90505, 42.79879 ], [ -97.94718, 42.7707 ], [ -98.01306, 42.76221 ], [ -98.06035, 42.77333 ], [ -98.06299, 42.78099 ], [ -98.12921, 42.82105 ], [ -98.1471, 42.83962 ], [ -98.1711, 42.83711 ], [ -98.21981, 42.85315 ], [ -98.25826, 42.87438 ], [ -98.28, 42.87499 ], [ -98.32585, 42.88649 ], [ -98.3424, 42.90084 ], [ -98.42073, 42.93192 ], [ -98.43973, 42.92819 ], [ -98.46734, 42.94755 ], [ -98.49047, 42.97794 ], [ -98.49854, 42.99855 ], [ -99.63592, 42.99783 ], [ -100.03419, 42.99814 ], [ -100.51557, 42.99933 ], [ -100.61394, 42.99819 ], [ -101.14079, 42.99789 ], [ -101.71201, 42.99652 ], [ -101.86275, 42.99937 ], [ -102.12541, 42.99919 ], [ -102.86788, 42.99997 ], [ -103.08427, 43.00078 ], [ -103.60338, 43.00061 ], [ -103.65267, 43.0014 ], [ -104.05301, 43.00058 ], [ -104.05253, 42.16679 ], [ -104.05285, 41.59225 ], [ -104.05223, 41.39806 ], [ -104.0535, 41.15725 ], [ -104.05324, 41.0014 ], [ -103.00208, 41.00248 ], [ -102.98147, 41.00211 ], [ -102.0517, 41.00235 ], [ -102.0514, 40.74279 ], [ -102.05192, 40.21742 ], [ -102.05173, 40.00307 ], [ -101.84101, 40.00278 ], [ -100.75882, 40.0023 ], [ -100.49557, 40.00171 ], [ -99.81342, 40.00136 ], [ -99.57209, 40.00196 ], [ -98.57521, 40.00247 ], [ -97.1253, 40.00193 ], [ -95.30828, 39.99999 ], [ -95.3122, 40.00939 ], [ -95.34656, 40.02827 ], [ -95.39152, 40.02705 ], [ -95.41999, 40.05043 ], [ -95.40854, 40.09698 ], [ -95.39421, 40.10826 ], [ -95.39654, 40.12469 ], [ -95.43134, 40.13916 ], [ -95.44068, 40.16228 ], [ -95.47791, 40.18384 ], [ -95.48131, 40.20308 ], [ -95.46989, 40.22269 ], [ -95.47868, 40.24365 ], [ -95.5161, 40.24918 ], [ -95.55246, 40.2619 ], [ -95.55328, 40.29115 ], [ -95.61564, 40.31415 ], [ -95.64532, 40.30569 ], [ -95.6566, 40.31946 ], [ -95.62764, 40.33241 ], [ -95.6248, 40.34921 ], [ -95.6424, 40.36982 ], [ -95.64392, 40.38684 ], [ -95.66143, 40.41591 ], [ -95.65972, 40.44448 ], [ -95.69312, 40.46939 ], [ -95.69996, 40.50527 ], [ -95.66167, 40.51731 ], [ -95.65226, 40.5381 ], [ -95.67177, 40.56262 ], [ -95.69414, 40.55694 ], [ -95.69719, 40.52847 ], [ -95.7571, 40.52598 ], [ -95.76927, 40.53665 ], [ -95.76361, 40.54829 ], [ -95.77354, 40.5782 ], [ -95.76563, 40.5852 ] ] ] } },
{ "type": "Feature", "properties": { "fid": 29, "ZoneCode": "320001", "AbrvFull": "NV", "NameFull": "Nevada", "ZoneNum": 1, "AbrvPart": null, "NamePart": null, "ZoneType": "Statewide", "StateAbrv": "NV", "StateName": "Nevada", "ProjAbrv": "TM", "ProjType": "Transverse Mercator", "LatOrigin": "33°30'N", "LonOriginE": "243°09'E", "LonOriginW": "116°51'W", "Lat0_deg": 33.5, "Lon0_E_deg": 243.15, "Lon0_W_deg": -116.85, "ProjScale": 0.99975, "SkewAz_deg": -9999, "FalseN_m": 0.0, "FalseE_m": 1371600.0, "FalseN_ift": 0.0, "FalseE_ift": 4500000.0, "DesignBy": "NGS", "Ref_frame": "NATRF2022" }, "geometry": { "type": "Polygon", "coordinates": [ [ [ -114.04146, 41.99387 ], [ -114.59827, 41.99459 ], [ -114.81641, 42.00179 ], [ -114.85624, 42.0017 ], [ -115.03299, 41.99624 ], [ -115.34381, 41.9963 ], [ -116.24395, 41.99765 ], [ -116.36846, 41.99628 ], [ -116.87595, 41.99876 ], [ -117.02618, 42.00019 ], [ -117.13365, 42.00043 ], [ -117.626, 41.99809 ], [ -117.8124, 41.99841 ], [ -118.22317, 41.99724 ], [ -118.56971, 41.99445 ], [ -118.67648, 41.99215 ], [ -119.00104, 41.99355 ], [ -119.33676, 41.99395 ], [ -119.4555, 41.99571 ], [ -119.94864, 41.99673 ], [ -119.99922, 41.99494 ], [ -119.99827, 41.61881 ], [ -119.99946, 41.49989 ], [ -119.99986, 40.99989 ], [ -119.99877, 40.77385 ], [ -119.99596, 40.57055 ], [ -119.99569, 40.37583 ], [ -119.99789, 39.98163 ], [ -120.00112, 39.75223 ], [ -120.0008, 39.60682 ], [ -120.00236, 39.49108 ], [ -120.00611, 39.3741 ], [ -120.00646, 39.27287 ], [ -120.001, 38.99957 ], [ -119.79078, 38.85524 ], [ -119.46127, 38.62753 ], [ -119.09714, 38.37285 ], [ -119.00096, 38.30367 ], [ -118.9497, 38.26896 ], [ -118.77185, 38.14187 ], [ -118.71419, 38.1021 ], [ -118.25094, 37.76862 ], [ -117.97953, 37.57214 ], [ -117.90461, 37.51583 ], [ -117.87591, 37.49726 ], [ -117.71234, 37.37493 ], [ -117.6806, 37.3534 ], [ -117.5814, 37.27893 ], [ -117.5001, 37.22038 ], [ -117.26603, 37.04491 ], [ -117.2449, 37.03024 ], [ -116.88066, 36.75692 ], [ -116.48822, 36.45909 ], [ -116.38033, 36.37496 ], [ -116.2508, 36.27694 ], [ -116.00064, 36.08385 ], [ -115.69572, 35.84648 ], [ -115.41807, 35.62839 ], [ -115.16489, 35.42786 ], [ -115.10094, 35.37568 ], [ -114.99465, 35.29251 ], [ -114.76559, 35.10933 ], [ -114.63347, 35.00185 ], [ -114.63818, 35.02207 ], [ -114.62711, 35.04472 ], [ -114.6047, 35.06174 ], [ -114.60417, 35.07371 ], [ -114.64282, 35.0965 ], [ -114.63227, 35.11708 ], [ -114.57825, 35.12881 ], [ -114.56952, 35.16231 ], [ -114.57207, 35.20079 ], [ -114.57952, 35.20891 ], [ -114.58575, 35.25774 ], [ -114.59725, 35.29956 ], [ -114.59515, 35.32188 ], [ -114.60616, 35.35965 ], [ -114.62731, 35.41019 ], [ -114.65072, 35.42887 ], [ -114.66353, 35.44779 ], [ -114.67888, 35.50127 ], [ -114.65676, 35.53496 ], [ -114.66279, 35.56426 ], [ -114.67487, 35.57837 ], [ -114.65922, 35.58747 ], [ -114.65391, 35.61173 ], [ -114.68899, 35.65028 ], [ -114.68264, 35.68857 ], [ -114.70543, 35.71175 ], [ -114.69425, 35.75663 ], [ -114.6993, 35.79048 ], [ -114.71201, 35.80552 ], [ -114.69574, 35.83338 ], [ -114.70606, 35.84587 ], [ -114.6632, 35.87369 ], [ -114.7081, 35.90993 ], [ -114.70759, 35.92795 ], [ -114.74052, 35.97554 ], [ -114.74085, 36.01292 ], [ -114.72208, 36.02895 ], [ -114.74125, 36.03804 ], [ -114.73507, 36.05443 ], [ -114.75449, 36.08617 ], [ -114.73407, 36.10467 ], [ -114.68183, 36.10919 ], [ -114.66433, 36.1163 ], [ -114.63046, 36.14221 ], [ -114.61544, 36.12965 ], [ -114.57108, 36.15109 ], [ -114.50809, 36.14971 ], [ -114.5047, 36.12718 ], [ -114.45647, 36.13803 ], [ -114.44372, 36.12559 ], [ -114.41248, 36.14651 ], [ -114.37017, 36.14262 ], [ -114.35895, 36.12779 ], [ -114.32879, 36.1059 ], [ -114.30416, 36.07558 ], [ -114.31441, 36.06052 ], [ -114.27085, 36.04552 ], [ -114.26437, 36.02791 ], [ -114.24385, 36.01526 ], [ -114.21192, 36.01483 ], [ -114.17467, 36.02667 ], [ -114.15339, 36.02317 ], [ -114.13483, 36.04387 ], [ -114.13619, 36.05323 ], [ -114.11228, 36.09405 ], [ -114.12177, 36.10569 ], [ -114.09698, 36.12082 ], [ -114.06678, 36.17908 ], [ -114.04393, 36.19335 ], [ -114.04555, 36.28883 ], [ -114.04312, 36.38047 ], [ -114.0448, 36.49134 ], [ -114.04992, 36.70952 ], [ -114.05004, 37.00019 ], [ -114.0523, 37.09846 ], [ -114.0516, 37.18415 ], [ -114.05279, 37.59391 ], [ -114.05164, 37.75149 ], [ -114.0496, 37.82354 ], [ -114.05049, 37.95334 ], [ -114.04931, 38.26606 ], [ -114.05028, 38.4243 ], [ -114.04754, 39.62494 ], [ -114.04608, 40.40184 ], [ -114.04286, 40.79507 ], [ -114.04121, 41.15368 ], [ -114.03945, 41.71917 ], [ -114.04016, 41.9488 ], [ -114.04146, 41.99387 ] ] ] } },
{ "type": "Feature", "properties": { "fid": 30, "ZoneCode": "330001", "AbrvFull": "NH", "NameFull": "New Hampshire", "ZoneNum": 1, "AbrvPart": null, "NamePart": null, "ZoneType": "Statewide", "StateAbrv": "NH", "StateName": "New Hampshire", "ProjAbrv": "TM", "ProjType": "Transverse Mercator", "LatOrigin": "42°00'N", "LonOriginE": "288°24'E", "LonOriginW": "71°36'W", "Lat0_deg": 42.0, "Lon0_E_deg": 288.4, "Lon0_W_deg": -71.6, "ProjScale": 1.0, "SkewAz_deg": -9999, "FalseN_m": 0.0, "FalseE_m": 495300.0, "FalseN_ift": 0.0, "FalseE_ift": 1625000.0, "DesignBy": "NGS", "Ref_frame": "NATRF2022" }, "geometry": { "type": "Polygon", "coordinates": [ [ [ -70.57509, 42.91712 ], [ -70.58185, 42.93831 ], [ -70.61115, 42.97898 ], [ -70.63374, 42.98775 ], [ -70.70119, 43.04523 ], [ -70.70631, 43.07533 ], [ -70.73797, 43.07372 ], [ -70.82457, 43.12506 ], [ -70.83361, 43.1461 ], [ -70.82805, 43.18652 ], [ -70.82036, 43.19174 ], [ -70.8096, 43.2255 ], [ -70.81782, 43.23815 ], [ -70.83872, 43.24311 ], [ -70.84282, 43.25422 ], [ -70.89707, 43.28565 ], [ -70.89631, 43.29843 ], [ -70.9126, 43.30757 ], [ -70.93282, 43.33721 ], [ -70.95692, 43.33473 ], [ -70.97346, 43.34988 ], [ -70.98534, 43.37886 ], [ -70.98667, 43.40648 ], [ -70.96159, 43.44326 ], [ -70.96752, 43.48094 ], [ -70.95394, 43.52226 ], [ -70.95772, 43.56163 ], [ -70.97274, 43.5703 ], [ -70.98521, 43.75589 ], [ -70.98904, 43.79013 ], [ -70.99478, 43.96034 ], [ -71.00996, 44.28468 ], [ -71.02616, 44.54926 ], [ -71.03352, 44.69763 ], [ -71.04311, 44.82688 ], [ -71.05824, 44.9905 ], [ -71.07717, 45.25004 ], [ -71.08392, 45.30547 ], [ -71.10528, 45.29486 ], [ -71.11954, 45.26161 ], [ -71.13291, 45.2445 ], [ -71.16233, 45.25034 ], [ -71.1801, 45.23993 ], [ -71.19618, 45.25396 ], [ -71.22826, 45.24937 ], [ -71.26229, 45.27598 ], [ -71.26617, 45.29143 ], [ -71.28422, 45.30235 ], [ -71.33641, 45.27273 ], [ -71.36321, 45.26673 ], [ -71.35654, 45.25389 ], [ -71.38413, 45.2335 ], [ -71.40214, 45.24259 ], [ -71.42105, 45.23219 ], [ -71.43957, 45.23438 ], [ -71.39746, 45.20313 ], [ -71.4376, 45.1415 ], [ -71.42609, 45.12946 ], [ -71.44929, 45.10446 ], [ -71.49566, 45.06474 ], [ -71.50312, 45.04519 ], [ -71.49095, 45.04316 ], [ -71.50108, 45.01343 ], [ -71.49997, 45.01332 ], [ -71.46505, 45.01363 ], [ -71.48828, 45.00073 ], [ -71.50467, 45.00831 ], [ -71.53049, 44.99926 ], [ -71.54131, 44.98529 ], [ -71.515, 44.95859 ], [ -71.51972, 44.93674 ], [ -71.49842, 44.91094 ], [ -71.51079, 44.89019 ], [ -71.55548, 44.84953 ], [ -71.55111, 44.83696 ], [ -71.57678, 44.81322 ], [ -71.56838, 44.80703 ], [ -71.57864, 44.78543 ], [ -71.61772, 44.75582 ], [ -71.62992, 44.75357 ], [ -71.62609, 44.72853 ], [ -71.6172, 44.72876 ], [ -71.59457, 44.69702 ], [ -71.59676, 44.67878 ], [ -71.5816, 44.67237 ], [ -71.5799, 44.65224 ], [ -71.5628, 44.65235 ], [ -71.55518, 44.62513 ], [ -71.55501, 44.59322 ], [ -71.53791, 44.59386 ], [ -71.54772, 44.57137 ], [ -71.56823, 44.56275 ], [ -71.59117, 44.56534 ], [ -71.59751, 44.55405 ], [ -71.57226, 44.53868 ], [ -71.59403, 44.52185 ], [ -71.57974, 44.50149 ], [ -71.62455, 44.47517 ], [ -71.64632, 44.47387 ], [ -71.6589, 44.44262 ], [ -71.71428, 44.40954 ], [ -71.74172, 44.40201 ], [ -71.76738, 44.40572 ], [ -71.79367, 44.39945 ], [ -71.81442, 44.38191 ], [ -71.81299, 44.35571 ], [ -71.87305, 44.33675 ], [ -71.90535, 44.34821 ], [ -71.92937, 44.33747 ], [ -71.98142, 44.33736 ], [ -71.98887, 44.32973 ], [ -72.029, 44.32237 ], [ -72.03287, 44.30216 ], [ -72.05863, 44.28649 ], [ -72.06821, 44.27245 ], [ -72.04795, 44.23784 ], [ -72.06585, 44.18932 ], [ -72.03892, 44.15632 ], [ -72.03709, 44.12504 ], [ -72.05314, 44.1195 ], [ -72.05271, 44.10144 ], [ -72.03065, 44.09876 ], [ -72.04438, 44.08599 ], [ -72.03162, 44.07915 ], [ -72.04824, 44.07035 ], [ -72.07935, 44.04138 ], [ -72.07481, 44.0324 ], [ -72.10528, 44.01305 ], [ -72.11668, 43.99475 ], [ -72.11437, 43.96804 ], [ -72.0922, 43.96705 ], [ -72.11927, 43.94374 ], [ -72.12211, 43.91806 ], [ -72.15013, 43.9024 ], [ -72.18441, 43.86446 ], [ -72.18338, 43.81012 ], [ -72.20553, 43.78457 ], [ -72.20523, 43.77092 ], [ -72.23532, 43.74534 ], [ -72.2711, 43.73391 ], [ -72.30513, 43.69531 ], [ -72.30344, 43.66797 ], [ -72.31595, 43.64072 ], [ -72.32875, 43.63589 ], [ -72.33514, 43.61615 ], [ -72.32848, 43.6009 ], [ -72.3738, 43.57911 ], [ -72.38298, 43.56341 ], [ -72.38048, 43.54118 ], [ -72.39887, 43.51264 ], [ -72.38014, 43.49222 ], [ -72.39257, 43.46687 ], [ -72.40351, 43.39157 ], [ -72.41527, 43.36592 ], [ -72.38982, 43.35601 ], [ -72.41056, 43.33111 ], [ -72.39531, 43.31269 ], [ -72.42192, 43.26314 ], [ -72.43714, 43.25605 ], [ -72.43416, 43.2319 ], [ -72.43885, 43.20118 ], [ -72.4505, 43.1926 ], [ -72.45305, 43.1394 ], [ -72.4408, 43.13662 ], [ -72.43347, 43.11058 ], [ -72.44297, 43.10043 ], [ -72.43451, 43.08661 ], [ -72.46744, 43.05372 ], [ -72.46262, 43.02578 ], [ -72.44367, 43.00991 ], [ -72.45931, 43.00056 ], [ -72.47307, 42.97252 ], [ -72.51836, 42.96313 ], [ -72.53202, 42.95493 ], [ -72.5246, 42.91486 ], [ -72.53133, 42.89818 ], [ -72.55262, 42.88503 ], [ -72.55694, 42.85236 ], [ -72.54708, 42.83853 ], [ -72.54151, 42.80708 ], [ -72.50866, 42.77642 ], [ -72.51342, 42.76419 ], [ -72.49054, 42.77274 ], [ -72.45841, 42.72692 ], [ -72.2838, 42.72162 ], [ -71.6965, 42.70571 ], [ -71.29463, 42.69703 ], [ -71.26787, 42.72602 ], [ -71.24542, 42.74254 ], [ -71.22383, 42.74647 ], [ -71.18178, 42.73733 ], [ -71.18614, 42.79093 ], [ -71.16664, 42.80887 ], [ -71.1328, 42.82147 ], [ -71.06441, 42.80627 ], [ -71.04492, 42.84866 ], [ -71.0312, 42.85908 ], [ -70.96701, 42.86879 ], [ -70.92959, 42.88502 ], [ -70.8856, 42.88282 ], [ -70.84771, 42.86086 ], [ -70.82023, 42.87178 ], [ -70.735, 42.87468 ], [ -70.72872, 42.88871 ], [ -70.72602, 42.92851 ], [ -70.69439, 42.95674 ], [ -70.67286, 42.93041 ], [ -70.6504, 42.9206 ], [ -70.60572, 42.91232 ], [ -70.57509, 42.91712 ] ] ] } },
{ "type": "Feature", "properties": { "fid": 31, "ZoneCode": "340001", "AbrvFull": "NJ", "NameFull": "New Jersey", "ZoneNum": 1, "AbrvPart": null, "NamePart": null, "ZoneType": "Statewide", "StateAbrv": "NJ", "StateName": "New Jersey", "ProjAbrv": "OMC", "ProjType": "Hotine Oblique Mercator, center", "LatOrigin": "40°18'N", "LonOriginE": "285°30'E", "LonOriginW": "74°30'W", "Lat0_deg": 40.3, "Lon0_E_deg": 285.5, "Lon0_W_deg": -74.5, "ProjScale": 0.99999, "SkewAz_deg": 20, "FalseN_m": 304800.0, "FalseE_m": 533400.0, "FalseN_ift": 1000000.0, "FalseE_ift": 1750000.0, "DesignBy": "NGS", "Ref_frame": "NATRF2022" }, "geometry": { "type": "Polygon", "coordinates": [ [ [ -75.01512, 38.78865 ], [ -74.91096, 38.8751 ], [ -74.87215, 38.88779 ], [ -74.84079, 38.89009 ], [ -74.81505, 38.90181 ], [ -74.77393, 38.94279 ], [ -74.7496, 38.95405 ], [ -74.7284, 38.97424 ], [ -74.71557, 39.00921 ], [ -74.68219, 39.04982 ], [ -74.66161, 39.06128 ], [ -74.64217, 39.08457 ], [ -74.64428, 39.11482 ], [ -74.6246, 39.14312 ], [ -74.6036, 39.16294 ], [ -74.55561, 39.21975 ], [ -74.52395, 39.24025 ], [ -74.50847, 39.26096 ], [ -74.46161, 39.30101 ], [ -74.39219, 39.31228 ], [ -74.36251, 39.32577 ], [ -74.35004, 39.34576 ], [ -74.32541, 39.36233 ], [ -74.26591, 39.42241 ], [ -74.24958, 39.45259 ], [ -74.18319, 39.53299 ], [ -74.12458, 39.61513 ], [ -74.09653, 39.64994 ], [ -74.03815, 39.75011 ], [ -74.02766, 39.8065 ], [ -74.0199, 39.87511 ], [ -73.99957, 39.97679 ], [ -73.98603, 40.02112 ], [ -73.96626, 40.10859 ], [ -73.8982, 40.27434 ], [ -73.88708, 40.345 ], [ -73.88506, 40.45277 ], [ -73.88964, 40.4865 ], [ -73.97787, 40.51909 ], [ -74.22533, 40.47657 ], [ -74.25303, 40.48665 ], [ -74.25812, 40.50871 ], [ -74.24602, 40.52095 ], [ -74.25028, 40.54229 ], [ -74.23141, 40.55917 ], [ -74.21457, 40.56052 ], [ -74.2024, 40.63158 ], [ -74.18165, 40.64652 ], [ -74.12601, 40.64214 ], [ -74.08698, 40.6515 ], [ -74.05574, 40.65147 ], [ -74.02639, 40.70009 ], [ -74.01402, 40.75754 ], [ -73.96357, 40.82663 ], [ -73.92982, 40.88867 ], [ -73.89614, 40.98186 ], [ -73.90271, 40.99732 ], [ -74.16813, 41.1153 ], [ -74.33067, 41.18545 ], [ -74.45786, 41.24842 ], [ -74.69558, 41.3576 ], [ -74.72595, 41.34618 ], [ -74.75239, 41.34653 ], [ -74.77265, 41.32477 ], [ -74.79158, 41.32301 ], [ -74.79192, 41.3112 ], [ -74.83778, 41.278 ], [ -74.86743, 41.22741 ], [ -74.85947, 41.21876 ], [ -74.88233, 41.18081 ], [ -74.92446, 41.13752 ], [ -74.96323, 41.11467 ], [ -74.97998, 41.1105 ], [ -74.99201, 41.09039 ], [ -74.96746, 41.09532 ], [ -74.96912, 41.08679 ], [ -75.01346, 41.06593 ], [ -75.02684, 41.03972 ], [ -75.08449, 41.01591 ], [ -75.13057, 40.99108 ], [ -75.13552, 40.97686 ], [ -75.09552, 40.92414 ], [ -75.07929, 40.91387 ], [ -75.07598, 40.89568 ], [ -75.05366, 40.87365 ], [ -75.06432, 40.84833 ], [ -75.09096, 40.84918 ], [ -75.09757, 40.84096 ], [ -75.08392, 40.82446 ], [ -75.1085, 40.79109 ], [ -75.1391, 40.7736 ], [ -75.17158, 40.77774 ], [ -75.19653, 40.75162 ], [ -75.1828, 40.73364 ], [ -75.20392, 40.69149 ], [ -75.17729, 40.67739 ], [ -75.20045, 40.64921 ], [ -75.18859, 40.62363 ], [ -75.20134, 40.61462 ], [ -75.18969, 40.58766 ], [ -75.19549, 40.57862 ], [ -75.17287, 40.56441 ], [ -75.13499, 40.57565 ], [ -75.09982, 40.56739 ], [ -75.06858, 40.54218 ], [ -75.06276, 40.48002 ], [ -75.0706, 40.45619 ], [ -75.06091, 40.42173 ], [ -75.03177, 40.4048 ], [ -74.99586, 40.41038 ], [ -74.96749, 40.3988 ], [ -74.93971, 40.338 ], [ -74.8682, 40.2952 ], [ -74.8423, 40.2505 ], [ -74.7714, 40.21514 ], [ -74.7556, 40.1867 ], [ -74.72232, 40.16072 ], [ -74.72436, 40.1464 ], [ -74.74118, 40.13516 ], [ -74.78155, 40.12145 ], [ -74.81547, 40.12769 ], [ -74.83586, 40.10346 ], [ -74.85972, 40.0853 ], [ -74.90731, 40.07079 ], [ -74.93504, 40.06783 ], [ -74.96689, 40.05271 ], [ -75.01323, 40.02029 ], [ -75.04709, 40.00993 ], [ -75.0756, 39.97803 ], [ -75.11949, 39.96536 ], [ -75.13523, 39.95067 ], [ -75.12825, 39.91316 ], [ -75.13729, 39.88996 ], [ -75.15065, 39.8835 ], [ -75.19273, 39.879 ], [ -75.22137, 39.86153 ], [ -75.2722, 39.84907 ], [ -75.33043, 39.849 ], [ -75.3544, 39.83991 ], [ -75.41506, 39.80191 ], [ -75.40541, 39.79639 ], [ -75.4383, 39.78439 ], [ -75.45944, 39.7658 ], [ -75.47569, 39.73365 ], [ -75.47651, 39.71609 ], [ -75.48838, 39.7147 ], [ -75.50987, 39.69391 ], [ -75.51219, 39.67176 ], [ -75.53352, 39.64755 ], [ -75.55877, 39.62998 ], [ -75.55339, 39.60176 ], [ -75.51277, 39.57828 ], [ -75.51196, 39.56728 ], [ -75.53341, 39.54204 ], [ -75.52667, 39.53021 ], [ -75.52786, 39.49813 ], [ -75.55909, 39.4958 ], [ -75.56053, 39.45564 ], [ -75.44475, 39.35508 ], [ -75.32102, 39.25137 ], [ -75.24901, 39.15894 ], [ -75.19167, 39.07899 ], [ -75.16846, 39.05617 ], [ -75.01512, 38.78865 ] ], [ [ -74.04718, 40.6904 ], [ -74.04388, 40.69018 ], [ -74.04479, 40.68858 ], [ -74.04718, 40.6904 ] ], [ [ -74.04023, 40.69882 ], [ -74.04074, 40.70016 ], [ -74.03836, 40.69868 ], [ -74.04023, 40.69882 ] ] ] } },
{ "type": "Feature", "properties": { "fid": 32, "ZoneCode": "350001", "AbrvFull": "NM", "NameFull": "New Mexico", "ZoneNum": 1, "AbrvPart": null, "NamePart": null, "ZoneType": "Statewide", "StateAbrv": "NM", "StateName": "New Mexico", "ProjAbrv": "TM", "ProjType": "Transverse Mercator", "LatOrigin": "29°00'N", "LonOriginE": "254°00'E", "LonOriginW": "106°00'W", "Lat0_deg": 29.0, "Lon0_E_deg": 254.0, "Lon0_W_deg": -106.0, "ProjScale": 0.9998, "SkewAz_deg": -9999, "FalseN_m": 0.0, "FalseE_m": 1219200.0, "FalseN_ift": 0.0, "FalseE_ift": 4000000.0, "DesignBy": "NGS", "Ref_frame": "NATRF2022" }, "geometry": { "type": "Polygon", "coordinates": [ [ [ -106.52804, 31.78389 ], [ -106.54713, 31.80729 ], [ -106.57723, 31.8104 ], [ -106.60529, 31.82772 ], [ -106.60168, 31.84437 ], [ -106.61478, 31.84641 ], [ -106.63591, 31.86623 ], [ -106.63067, 31.8864 ], [ -106.64005, 31.90527 ], [ -106.61285, 31.92037 ], [ -106.62973, 31.92656 ], [ -106.62211, 31.93662 ], [ -106.61956, 31.97157 ], [ -106.63952, 31.98034 ], [ -106.61847, 32.00049 ], [ -106.08288, 32.00265 ], [ -105.24518, 32.0002 ], [ -104.84773, 32.00041 ], [ -104.77209, 31.99748 ], [ -104.75454, 32.00052 ], [ -104.10097, 31.99997 ], [ -103.0645, 32.00042 ], [ -103.06461, 32.99989 ], [ -103.04364, 34.00363 ], [ -103.04386, 34.22126 ], [ -103.04268, 34.91395 ], [ -103.04251, 35.21432 ], [ -103.04085, 35.95727 ], [ -103.0417, 36.50043 ], [ -103.00235, 36.50055 ], [ -103.00232, 37.00014 ], [ -103.6255, 36.99862 ], [ -104.25052, 36.99464 ], [ -104.33882, 36.99353 ], [ -104.6148, 36.99412 ], [ -104.64499, 36.99337 ], [ -105.00054, 36.99326 ], [ -105.12079, 36.99542 ], [ -105.22049, 36.99497 ], [ -105.70784, 36.99591 ], [ -106.86981, 36.99249 ], [ -106.87722, 37.00009 ], [ -107.39485, 37.00023 ], [ -107.87813, 36.99971 ], [ -108.28826, 36.99974 ], [ -108.73903, 36.99884 ], [ -109.04516, 36.99897 ], [ -109.04618, 36.07334 ], [ -109.04627, 35.61419 ], [ -109.04694, 35.39339 ], [ -109.04613, 35.27741 ], [ -109.04594, 34.68243 ], [ -109.04699, 34.00005 ], [ -109.04691, 33.43083 ], [ -109.04766, 33.19546 ], [ -109.0475, 32.82108 ], [ -109.04798, 32.34144 ], [ -109.04997, 31.58616 ], [ -109.05002, 31.33234 ], [ -108.75649, 31.33216 ], [ -108.69162, 31.33333 ], [ -108.20846, 31.33337 ], [ -108.20847, 31.78369 ], [ -107.16206, 31.78364 ], [ -106.52804, 31.78389 ] ] ] } },
{ "type": "Feature", "properties": { "fid": 33, "ZoneCode": "360001", "AbrvFull": "NY", "NameFull": "New York", "ZoneNum": 1, "AbrvPart": null, "NamePart": null, "ZoneType": "Statewide", "StateAbrv": "NY", "StateName": "New York", "ProjAbrv": "LC1", "ProjType": "Lambert Conformal Conic, one parallel", "LatOrigin": "42°45'N", "LonOriginE": "284°15'E", "LonOriginW": "75°45'W", "Lat0_deg": 42.75, "Lon0_E_deg": 284.25, "Lon0_W_deg": -75.75, "ProjScale": 0.99965, "SkewAz_deg": -9999, "FalseN_m": 419100.0, "FalseE_m": 1028700.0, "FalseN_ift": 1375000.0, "FalseE_ift": 3375000.0, "DesignBy": "NGS", "Ref_frame": "NATRF2022" }, "geometry": { "type": "MultiPolygon", "coordinates": [ [ [ [ -73.34317, 45.0107 ], [ -73.49206, 45.00784 ], [ -73.65024, 45.00299 ], [ -73.78362, 45.00294 ], [ -73.88276, 45.00098 ], [ -74.15013, 44.99135 ], [ -74.33654, 44.99201 ], [ -74.43957, 44.99647 ], [ -74.68396, 44.99968 ], [ -74.70201, 45.00331 ], [ -74.7313, 44.99041 ], [ -74.76021, 44.99494 ], [ -74.7634, 45.0056 ], [ -74.79314, 45.00464 ], [ -74.80163, 45.01456 ], [ -74.83467, 45.01469 ], [ -74.86664, 45.00053 ], [ -74.88783, 45.00004 ], [ -74.90794, 44.98336 ], [ -74.97249, 44.9834 ], [ -74.99272, 44.97746 ], [ -75.00515, 44.9584 ], [ -75.06482, 44.92944 ], [ -75.09665, 44.92706 ], [ -75.13441, 44.91509 ], [ -75.13986, 44.89667 ], [ -75.16512, 44.89331 ], [ -75.20301, 44.87754 ], [ -75.21857, 44.87756 ], [ -75.30762, 44.8368 ], [ -75.30197, 44.82663 ], [ -75.33374, 44.80637 ], [ -75.34453, 44.80913 ], [ -75.36995, 44.78287 ], [ -75.41379, 44.77252 ], [ -75.42393, 44.75632 ], [ -75.47764, 44.72021 ], [ -75.5059, 44.70507 ], [ -75.61836, 44.61963 ], [ -75.66237, 44.59192 ], [ -75.76622, 44.51584 ], [ -75.80776, 44.47163 ], [ -75.82081, 44.43223 ], [ -75.91298, 44.36807 ], [ -75.97017, 44.34282 ], [ -76.00099, 44.34752 ], [ -76.04522, 44.33171 ], [ -76.09735, 44.29953 ], [ -76.13088, 44.29663 ], [ -76.16182, 44.28077 ], [ -76.16425, 44.23959 ], [ -76.19132, 44.22123 ], [ -76.24548, 44.20365 ], [ -76.31263, 44.19904 ], [ -76.35267, 44.13473 ], [ -76.43828, 44.09416 ], [ -76.49966, 43.99953 ], [ -76.62468, 43.84556 ], [ -76.75353, 43.68427 ], [ -76.77623, 43.62952 ], [ -76.99973, 43.62919 ], [ -77.1247, 43.63111 ], [ -77.49972, 43.63207 ], [ -77.6963, 43.63125 ], [ -78.12474, 43.63117 ], [ -78.37474, 43.63208 ], [ -78.37474, 43.63317 ], [ -78.68829, 43.63473 ], [ -78.74975, 43.60925 ], [ -79.12476, 43.47845 ], [ -79.20093, 43.45041 ], [ -79.07045, 43.26245 ], [ -79.05605, 43.25415 ], [ -79.04865, 43.19965 ], [ -79.05292, 43.17345 ], [ -79.04235, 43.14365 ], [ -79.06955, 43.12025 ], [ -79.05795, 43.10695 ], [ -79.07445, 43.07785 ], [ -79.00712, 43.06575 ], [ -78.99943, 43.05605 ], [ -79.02325, 43.01635 ], [ -79.01156, 42.98525 ], [ -78.96176, 42.95775 ], [ -78.93235, 42.95585 ], [ -78.90565, 42.92335 ], [ -78.90575, 42.89995 ], [ -78.93055, 42.8501 ], [ -78.99975, 42.80436 ], [ -79.47694, 42.62505 ], [ -79.76241, 42.51606 ], [ -79.76195, 41.99883 ], [ -79.51099, 41.99836 ], [ -79.05246, 41.99938 ], [ -78.85735, 41.9977 ], [ -78.62287, 41.99997 ], [ -78.27289, 41.9991 ], [ -78.12213, 42.00035 ], [ -77.8298, 41.99828 ], [ -77.51196, 42.00007 ], [ -77.10325, 41.99982 ], [ -76.88875, 42.00187 ], [ -76.74967, 42.00168 ], [ -76.44289, 41.99875 ], [ -76.3041, 41.99831 ], [ -75.98308, 41.99903 ], [ -75.76468, 41.99785 ], [ -75.35964, 41.99954 ], [ -75.34107, 41.99285 ], [ -75.34159, 41.97221 ], [ -75.31753, 41.95357 ], [ -75.29256, 41.95386 ], [ -75.2787, 41.93851 ], [ -75.26773, 41.90786 ], [ -75.27136, 41.8875 ], [ -75.25746, 41.87683 ], [ -75.25758, 41.86195 ], [ -75.24114, 41.86724 ], [ -75.22316, 41.85791 ], [ -75.19917, 41.86915 ], [ -75.18535, 41.86005 ], [ -75.17631, 41.87241 ], [ -75.15765, 41.84868 ], [ -75.13987, 41.85205 ], [ -75.11333, 41.84166 ], [ -75.11267, 41.82239 ], [ -75.08988, 41.81169 ], [ -75.07224, 41.81412 ], [ -75.07907, 41.79703 ], [ -75.10221, 41.78642 ], [ -75.10019, 41.769 ], [ -75.07577, 41.77166 ], [ -75.05319, 41.75242 ], [ -75.04984, 41.71306 ], [ -75.06891, 41.70978 ], [ -75.05262, 41.6881 ], [ -75.05957, 41.67273 ], [ -75.0502, 41.66252 ], [ -75.04427, 41.61763 ], [ -75.07435, 41.6059 ], [ -75.02843, 41.56459 ], [ -75.01646, 41.54334 ], [ -75.0247, 41.54012 ], [ -75.00321, 41.52347 ], [ -75.00368, 41.5085 ], [ -74.98749, 41.50881 ], [ -74.9818, 41.47994 ], [ -74.95823, 41.47657 ], [ -74.94341, 41.48367 ], [ -74.90954, 41.47323 ], [ -74.8903, 41.4558 ], [ -74.89642, 41.4409 ], [ -74.86314, 41.44438 ], [ -74.83585, 41.43109 ], [ -74.81248, 41.44279 ], [ -74.79423, 41.42284 ], [ -74.76156, 41.42317 ], [ -74.74145, 41.43114 ], [ -74.73601, 41.39832 ], [ -74.71948, 41.39452 ], [ -74.6941, 41.3701 ], [ -74.69558, 41.3576 ], [ -74.45786, 41.24842 ], [ -74.33067, 41.18545 ], [ -74.16813, 41.1153 ], [ -73.90271, 40.99732 ], [ -73.89614, 40.98186 ], [ -73.92982, 40.88867 ], [ -73.96357, 40.82663 ], [ -74.01402, 40.75754 ], [ -74.02639, 40.70009 ], [ -74.05574, 40.65147 ], [ -74.08698, 40.6515 ], [ -74.12601, 40.64214 ], [ -74.18165, 40.64652 ], [ -74.2024, 40.63158 ], [ -74.21457, 40.56052 ], [ -74.23141, 40.55917 ], [ -74.25028, 40.54229 ], [ -74.24602, 40.52095 ], [ -74.25812, 40.50871 ], [ -74.25303, 40.48665 ], [ -74.22533, 40.47657 ], [ -73.97787, 40.51909 ], [ -73.88964, 40.4865 ], [ -73.87677, 40.50112 ], [ -73.82615, 40.52287 ], [ -73.76878, 40.53374 ], [ -73.62457, 40.5345 ], [ -73.55267, 40.5289 ], [ -73.48649, 40.5205 ], [ -73.40638, 40.5373 ], [ -73.32627, 40.55691 ], [ -73.27402, 40.5513 ], [ -73.24956, 40.56256 ], [ -73.12455, 40.59836 ], [ -73.014, 40.62509 ], [ -72.87454, 40.67501 ], [ -72.8286, 40.68689 ], [ -72.74954, 40.7134 ], [ -72.62454, 40.74556 ], [ -72.37453, 40.81859 ], [ -72.24952, 40.86676 ], [ -71.99951, 40.95601 ], [ -71.93275, 40.98194 ], [ -71.88477, 40.99226 ], [ -71.83708, 41.01088 ], [ -71.79414, 41.03697 ], [ -71.77749, 41.06728 ], [ -71.78187, 41.09619 ], [ -71.79063, 41.10183 ], [ -71.79097, 41.18409 ], [ -71.90725, 41.30447 ], [ -71.92945, 41.31038 ], [ -72.01921, 41.29058 ], [ -72.08177, 41.26223 ], [ -72.5279, 41.17776 ], [ -72.99954, 41.0871 ], [ -73.24955, 41.02586 ], [ -73.37456, 41.00105 ], [ -73.61288, 40.95093 ], [ -73.65677, 40.9845 ], [ -73.65524, 41.01184 ], [ -73.72777, 41.10069 ], [ -73.48269, 41.21276 ], [ -73.55096, 41.29541 ], [ -73.53633, 41.44662 ], [ -73.52104, 41.61976 ], [ -73.51096, 41.75874 ], [ -73.48961, 42.00008 ], [ -73.48731, 42.04952 ], [ -73.49701, 42.04961 ], [ -73.50821, 42.08612 ], [ -73.3836, 42.42565 ], [ -73.26482, 42.74584 ], [ -73.27642, 42.74601 ], [ -73.29094, 42.80191 ], [ -73.27867, 42.8334 ], [ -73.27417, 42.94902 ], [ -73.25647, 43.26008 ], [ -73.24684, 43.51724 ], [ -73.24148, 43.53261 ], [ -73.24864, 43.55385 ], [ -73.28129, 43.57757 ], [ -73.29725, 43.57968 ], [ -73.29101, 43.59923 ], [ -73.30255, 43.6257 ], [ -73.37189, 43.62448 ], [ -73.37237, 43.606 ], [ -73.3869, 43.59076 ], [ -73.38433, 43.57539 ], [ -73.39812, 43.56806 ], [ -73.42863, 43.58398 ], [ -73.41832, 43.62332 ], [ -73.42791, 43.63442 ], [ -73.40806, 43.66943 ], [ -73.4029, 43.69249 ], [ -73.37061, 43.72532 ], [ -73.36994, 43.74385 ], [ -73.35126, 43.76981 ], [ -73.35752, 43.78555 ], [ -73.39101, 43.8184 ], [ -73.37258, 43.84534 ], [ -73.38218, 43.85701 ], [ -73.3741, 43.87529 ], [ -73.39617, 43.90325 ], [ -73.40885, 43.9345 ], [ -73.40706, 43.96816 ], [ -73.41251, 43.98221 ], [ -73.406, 44.01141 ], [ -73.41038, 44.02649 ], [ -73.4379, 44.04512 ], [ -73.42921, 44.07982 ], [ -73.41122, 44.11376 ], [ -73.41613, 44.13235 ], [ -73.40304, 44.14497 ], [ -73.39062, 44.19106 ], [ -73.36339, 44.20773 ], [ -73.34337, 44.23818 ], [ -73.3196, 44.2499 ], [ -73.31091, 44.27429 ], [ -73.32419, 44.31002 ], [ -73.32402, 44.33383 ], [ -73.33361, 44.37229 ], [ -73.31504, 44.38852 ], [ -73.29605, 44.42832 ], [ -73.29989, 44.47664 ], [ -73.30671, 44.50033 ], [ -73.32084, 44.51362 ], [ -73.34293, 44.5519 ], [ -73.35678, 44.55791 ], [ -73.38184, 44.58931 ], [ -73.37684, 44.59959 ], [ -73.38982, 44.6172 ], [ -73.38397, 44.6476 ], [ -73.37058, 44.66251 ], [ -73.36379, 44.74524 ], [ -73.33315, 44.78958 ], [ -73.33504, 44.8041 ], [ -73.37945, 44.838 ], [ -73.37982, 44.85703 ], [ -73.3691, 44.86667 ], [ -73.35621, 44.90448 ], [ -73.33862, 44.91936 ], [ -73.33824, 44.96474 ], [ -73.35463, 44.98734 ], [ -73.34317, 45.0107 ] ] ], [ [ [ -74.04023, 40.69882 ], [ -74.03836, 40.69868 ], [ -74.04074, 40.70016 ], [ -74.04023, 40.69882 ] ] ], [ [ [ -74.04718, 40.6904 ], [ -74.04479, 40.68858 ], [ -74.04388, 40.69018 ], [ -74.04718, 40.6904 ] ] ] ] } },
{ "type": "Feature", "properties": { "fid": 34, "ZoneCode": "370001", "AbrvFull": "NC", "NameFull": "North Carolina", "ZoneNum": 1, "AbrvPart": null, "NamePart": null, "ZoneType": "Statewide", "StateAbrv": "NC", "StateName": "North Carolina", "ProjAbrv": "LC1", "ProjType": "Lambert Conformal Conic, one parallel", "LatOrigin": "35°15'N", "LonOriginE": "281°00'E", "LonOriginW": "79°00'W", "Lat0_deg": 35.25, "Lon0_E_deg": 281.0, "Lon0_W_deg": -79.0, "ProjScale": 0.99996, "SkewAz_deg": -9999, "FalseN_m": 200000.0, "FalseE_m": 1000000.0, "FalseN_ift": 656167.97900299996, "FalseE_ift": 3280839.8950100001, "DesignBy": "NGS", "Ref_frame": "NATRF2022" }, "geometry": { "type": "Polygon", "coordinates": [ [ [ -75.79749, 36.55091 ], [ -76.27245, 36.55051 ], [ -76.74895, 36.55074 ], [ -76.91589, 36.55214 ], [ -76.91597, 36.54388 ], [ -77.31269, 36.54489 ], [ -77.74985, 36.54544 ], [ -78.04537, 36.54354 ], [ -78.24971, 36.54448 ], [ -78.46473, 36.54244 ], [ -78.51089, 36.54104 ], [ -78.67184, 36.54216 ], [ -78.93353, 36.54218 ], [ -79.54338, 36.54085 ], [ -79.86815, 36.54262 ], [ -80.12217, 36.54264 ], [ -80.29477, 36.54405 ], [ -80.56338, 36.55635 ], [ -80.72995, 36.56234 ], [ -80.83754, 36.55916 ], [ -81.30743, 36.57495 ], [ -81.36214, 36.57448 ], [ -81.52145, 36.58059 ], [ -81.60045, 36.58694 ], [ -81.67748, 36.58813 ], [ -81.6773, 36.57049 ], [ -81.69012, 36.56871 ], [ -81.69979, 36.53672 ], [ -81.70787, 36.536 ], [ -81.69713, 36.50603 ], [ -81.6946, 36.47336 ], [ -81.71542, 36.45763 ], [ -81.72087, 36.42246 ], [ -81.74159, 36.41258 ], [ -81.73468, 36.37984 ], [ -81.70747, 36.33522 ], [ -81.7362, 36.3429 ], [ -81.76495, 36.33871 ], [ -81.79013, 36.34884 ], [ -81.79308, 36.3624 ], [ -81.84119, 36.34335 ], [ -81.87685, 36.31563 ], [ -81.90816, 36.30196 ], [ -82.03383, 36.12047 ], [ -82.05401, 36.12667 ], [ -82.08002, 36.10643 ], [ -82.12839, 36.10401 ], [ -82.14858, 36.14985 ], [ -82.18351, 36.14382 ], [ -82.21389, 36.15903 ], [ -82.24538, 36.13119 ], [ -82.26392, 36.12729 ], [ -82.28857, 36.13572 ], [ -82.33648, 36.11462 ], [ -82.35568, 36.11513 ], [ -82.41019, 36.08254 ], [ -82.46058, 36.00772 ], [ -82.50518, 35.97754 ], [ -82.54997, 35.96383 ], [ -82.55858, 35.95388 ], [ -82.58046, 35.96524 ], [ -82.6107, 35.9672 ], [ -82.60441, 35.98746 ], [ -82.61382, 36.00491 ], [ -82.59099, 36.03157 ], [ -82.61854, 36.04714 ], [ -82.63722, 36.06581 ], [ -82.68407, 36.04579 ], [ -82.68958, 36.03815 ], [ -82.75444, 36.00438 ], [ -82.77566, 36.00106 ], [ -82.78568, 35.97783 ], [ -82.77503, 35.97196 ], [ -82.78734, 35.95249 ], [ -82.82194, 35.92182 ], [ -82.85202, 35.94932 ], [ -82.87449, 35.95276 ], [ -82.89818, 35.94522 ], [ -82.89904, 35.92961 ], [ -82.91436, 35.91522 ], [ -82.89677, 35.87825 ], [ -82.92082, 35.86817 ], [ -82.91656, 35.84148 ], [ -82.93406, 35.83665 ], [ -82.96281, 35.79564 ], [ -82.99584, 35.77308 ], [ -83.03648, 35.78748 ], [ -83.07874, 35.78958 ], [ -83.09675, 35.77634 ], [ -83.16505, 35.7595 ], [ -83.18513, 35.73075 ], [ -83.20083, 35.72505 ], [ -83.24082, 35.72685 ], [ -83.25414, 35.71753 ], [ -83.25443, 35.6953 ], [ -83.31237, 35.6547 ], [ -83.33465, 35.66565 ], [ -83.35098, 35.66044 ], [ -83.3677, 35.63795 ], [ -83.42203, 35.61104 ], [ -83.44567, 35.61174 ], [ -83.49854, 35.56288 ], [ -83.52197, 35.56559 ], [ -83.58437, 35.56269 ], [ -83.60849, 35.58 ], [ -83.62946, 35.56816 ], [ -83.69504, 35.57023 ], [ -83.72253, 35.56235 ], [ -83.77058, 35.56174 ], [ -83.82556, 35.5243 ], [ -83.88031, 35.51877 ], [ -83.90146, 35.49654 ], [ -83.91187, 35.47606 ], [ -83.96107, 35.46413 ], [ -83.99177, 35.44067 ], [ -84.00168, 35.42302 ], [ -84.02305, 35.41193 ], [ -84.00829, 35.38972 ], [ -84.00739, 35.37164 ], [ -84.02371, 35.35408 ], [ -84.03838, 35.35092 ], [ -84.02928, 35.33325 ], [ -84.03582, 35.31579 ], [ -84.02149, 35.30108 ], [ -84.05559, 35.26849 ], [ -84.08085, 35.26124 ], [ -84.0975, 35.24759 ], [ -84.12521, 35.24986 ], [ -84.19921, 35.24366 ], [ -84.21139, 35.26561 ], [ -84.22748, 35.26792 ], [ -84.24299, 35.2532 ], [ -84.29021, 35.22543 ], [ -84.32181, 34.9884 ], [ -84.03232, 34.98702 ], [ -83.74989, 34.98783 ], [ -83.61994, 34.98666 ], [ -83.62004, 34.99203 ], [ -83.30229, 34.99621 ], [ -83.10861, 35.00065 ], [ -83.10856, 35.00135 ], [ -82.78374, 35.08554 ], [ -82.78173, 35.0653 ], [ -82.75651, 35.06735 ], [ -82.72775, 35.09416 ], [ -82.69853, 35.09532 ], [ -82.68727, 35.12529 ], [ -82.67513, 35.11802 ], [ -82.62759, 35.12634 ], [ -82.61171, 35.13999 ], [ -82.56808, 35.1457 ], [ -82.54588, 35.16421 ], [ -82.53591, 35.15447 ], [ -82.48632, 35.17417 ], [ -82.45993, 35.178 ], [ -82.45731, 35.16392 ], [ -82.4346, 35.16797 ], [ -82.41915, 35.19941 ], [ -82.38392, 35.21084 ], [ -82.38081, 35.18745 ], [ -82.36924, 35.18064 ], [ -82.35964, 35.19248 ], [ -82.3231, 35.18517 ], [ -82.29107, 35.20008 ], [ -82.16141, 35.19341 ], [ -81.76336, 35.18048 ], [ -81.30954, 35.16293 ], [ -81.14751, 35.15595 ], [ -81.03426, 35.14925 ], [ -81.05188, 35.13449 ], [ -81.03876, 35.12544 ], [ -81.0336, 35.10569 ], [ -81.05698, 35.08644 ], [ -81.05767, 35.06186 ], [ -81.04149, 35.04471 ], [ -80.93473, 35.10731 ], [ -80.89321, 35.06273 ], [ -80.78192, 34.93584 ], [ -80.79748, 34.8198 ], [ -80.472, 34.81659 ], [ -80.21378, 34.81249 ], [ -79.93125, 34.8067 ], [ -79.67649, 34.80506 ], [ -79.39084, 34.57328 ], [ -79.24906, 34.44937 ], [ -78.73483, 34.01602 ], [ -78.54108, 33.85111 ], [ -78.4993, 33.81284 ], [ -78.399, 33.84325 ], [ -78.3412, 33.85529 ], [ -78.26233, 33.86316 ], [ -78.14535, 33.86273 ], [ -78.06658, 33.84798 ], [ -78.05289, 33.82742 ], [ -78.01286, 33.80386 ], [ -77.99971, 33.76712 ], [ -77.96405, 33.75289 ], [ -77.9175, 33.76381 ], [ -77.89793, 33.78484 ], [ -77.89368, 33.80469 ], [ -77.89897, 33.85463 ], [ -77.88451, 33.90366 ], [ -77.86353, 33.93466 ], [ -77.8302, 34.03028 ], [ -77.78555, 34.12516 ], [ -77.75379, 34.15502 ], [ -77.74742, 34.17559 ], [ -77.73075, 34.18978 ], [ -77.72295, 34.20999 ], [ -77.69109, 34.24574 ], [ -77.66845, 34.25829 ], [ -77.62357, 34.30315 ], [ -77.51616, 34.38244 ], [ -77.41883, 34.43592 ], [ -77.34127, 34.47166 ], [ -77.29507, 34.48896 ], [ -77.21917, 34.53965 ], [ -77.17988, 34.56045 ], [ -77.12467, 34.58314 ], [ -76.99966, 34.617 ], [ -76.90462, 34.63233 ], [ -76.81893, 34.64325 ], [ -76.74965, 34.64766 ], [ -76.6928, 34.64294 ], [ -76.67722, 34.6343 ], [ -76.61472, 34.61827 ], [ -76.61234, 34.60012 ], [ -76.58372, 34.55262 ], [ -76.5625, 34.5369 ], [ -76.52437, 34.53215 ], [ -76.49199, 34.54652 ], [ -76.47746, 34.5662 ], [ -76.46633, 34.59573 ], [ -76.44419, 34.63315 ], [ -76.37463, 34.71598 ], [ -76.31573, 34.77602 ], [ -76.24963, 34.83462 ], [ -76.21924, 34.85641 ], [ -76.12462, 34.93307 ], [ -76.02443, 35.00536 ], [ -75.99841, 35.00738 ], [ -75.95007, 35.03961 ], [ -75.90858, 35.07151 ], [ -75.80772, 35.1159 ], [ -75.73621, 35.1407 ], [ -75.70737, 35.1461 ], [ -75.6246, 35.17582 ], [ -75.5811, 35.18378 ], [ -75.548, 35.16818 ], [ -75.5277, 35.16739 ], [ -75.49959, 35.17716 ], [ -75.4746, 35.20202 ], [ -75.45933, 35.24654 ], [ -75.45416, 35.28021 ], [ -75.42558, 35.39 ], [ -75.41509, 35.50017 ], [ -75.40242, 35.5442 ], [ -75.40039, 35.5935 ], [ -75.41782, 35.68607 ], [ -75.43761, 35.74695 ], [ -75.4805, 35.8142 ], [ -75.51151, 35.87517 ], [ -75.56604, 35.97561 ], [ -75.58161, 36.00017 ], [ -75.6701, 36.15607 ], [ -75.71132, 36.25016 ], [ -75.74963, 36.3536 ], [ -75.79055, 36.50015 ], [ -75.79749, 36.55091 ] ] ] } },
{ "type": "Feature", "properties": { "fid": 35, "ZoneCode": "380001", "AbrvFull": "ND", "NameFull": "North Dakota", "ZoneNum": 1, "AbrvPart": null, "NamePart": null, "ZoneType": "Statewide", "StateAbrv": "ND", "StateName": "North Dakota", "ProjAbrv": "LC1", "ProjType": "Lambert Conformal Conic, one parallel", "LatOrigin": "47°30'N", "LonOriginE": "259°45'E", "LonOriginW": "100°15'W", "Lat0_deg": 47.5, "Lon0_E_deg": 259.75, "Lon0_W_deg": -100.25, "ProjScale": 0.99992, "SkewAz_deg": -9999, "FalseN_m": 342900.0, "FalseE_m": 838200.0, "FalseN_ift": 1125000.0, "FalseE_ift": 2750000.0, "DesignBy": "NGS", "Ref_frame": "NATRF2022" }, "geometry": { "type": "Polygon", "coordinates": [ [ [ -104.04868, 48.99989 ], [ -104.04887, 48.83776 ], [ -104.04753, 48.49878 ], [ -104.04403, 47.99608 ], [ -104.04143, 47.86305 ], [ -104.04321, 47.75899 ], [ -104.04484, 47.40672 ], [ -104.04508, 47.05037 ], [ -104.04596, 46.87452 ], [ -104.04514, 46.51005 ], [ -104.04547, 46.1661 ], [ -104.04677, 46.02439 ], [ -104.04553, 45.9453 ], [ -103.5573, 45.94536 ], [ -102.94206, 45.94499 ], [ -102.64219, 45.9452 ], [ -101.78609, 45.94433 ], [ -101.10722, 45.94406 ], [ -101.04112, 45.94345 ], [ -100.72182, 45.94401 ], [ -100.30815, 45.94325 ], [ -99.76062, 45.9408 ], [ -99.04725, 45.93991 ], [ -98.70435, 45.93864 ], [ -98.41431, 45.93649 ], [ -97.48253, 45.93508 ], [ -97.43087, 45.93599 ], [ -97.16869, 45.93564 ], [ -96.71615, 45.93597 ], [ -96.56366, 45.93524 ], [ -96.57034, 45.96359 ], [ -96.57786, 46.02703 ], [ -96.5568, 46.06471 ], [ -96.55442, 46.08418 ], [ -96.56862, 46.1323 ], [ -96.58026, 46.15107 ], [ -96.57913, 46.17682 ], [ -96.59267, 46.1752 ], [ -96.58383, 46.20837 ], [ -96.59115, 46.20911 ], [ -96.59863, 46.24259 ], [ -96.58604, 46.24702 ], [ -96.60032, 46.2622 ], [ -96.59667, 46.29152 ], [ -96.60532, 46.29303 ], [ -96.59965, 46.33047 ], [ -96.62903, 46.35397 ], [ -96.66741, 46.37611 ], [ -96.66854, 46.38799 ], [ -96.73957, 46.48716 ], [ -96.73338, 46.49698 ], [ -96.73887, 46.52549 ], [ -96.75044, 46.54404 ], [ -96.74912, 46.58367 ], [ -96.77163, 46.5963 ], [ -96.77279, 46.61641 ], [ -96.79601, 46.63124 ], [ -96.78606, 46.64013 ], [ -96.79894, 46.6541 ], [ -96.79515, 46.67954 ], [ -96.78491, 46.69436 ], [ -96.78082, 46.74596 ], [ -96.79671, 46.77746 ], [ -96.8026, 46.8121 ], [ -96.77591, 46.83866 ], [ -96.78457, 46.85204 ], [ -96.77381, 46.90362 ], [ -96.75324, 46.92456 ], [ -96.76168, 46.93455 ], [ -96.79106, 46.92731 ], [ -96.79295, 46.9466 ], [ -96.82316, 46.97147 ], [ -96.82391, 46.99743 ], [ -96.83336, 47.0104 ], [ -96.8177, 47.0523 ], [ -96.8241, 47.07237 ], [ -96.81681, 47.10911 ], [ -96.82894, 47.1209 ], [ -96.82185, 47.13084 ], [ -96.84055, 47.1508 ], [ -96.81909, 47.1652 ], [ -96.83685, 47.19609 ], [ -96.83077, 47.21171 ], [ -96.84277, 47.231 ], [ -96.82911, 47.23472 ], [ -96.84625, 47.26081 ], [ -96.836, 47.26879 ], [ -96.84384, 47.29293 ], [ -96.83061, 47.33801 ], [ -96.85716, 47.36896 ], [ -96.83713, 47.37128 ], [ -96.83935, 47.39965 ], [ -96.86082, 47.41751 ], [ -96.85442, 47.42505 ], [ -96.8631, 47.45786 ], [ -96.84408, 47.51687 ], [ -96.86111, 47.51555 ], [ -96.86903, 47.5289 ], [ -96.85042, 47.55177 ], [ -96.86613, 47.5696 ], [ -96.8499, 47.59075 ], [ -96.85592, 47.60971 ], [ -96.87897, 47.6188 ], [ -96.88541, 47.66388 ], [ -96.90166, 47.69167 ], [ -96.91968, 47.71009 ], [ -96.91892, 47.7248 ], [ -96.93289, 47.73773 ], [ -96.93487, 47.7672 ], [ -96.95585, 47.77481 ], [ -96.9576, 47.7899 ], [ -96.97799, 47.81089 ], [ -96.98187, 47.83063 ], [ -96.99788, 47.84157 ], [ -97.00543, 47.87023 ], [ -97.02289, 47.87369 ], [ -97.01809, 47.92022 ], [ -97.05558, 47.94912 ], [ -97.06134, 47.96351 ], [ -97.05354, 47.9916 ], [ -97.07239, 48.02004 ], [ -97.07128, 48.04579 ], [ -97.09882, 48.07147 ], [ -97.12319, 48.10664 ], [ -97.13323, 48.1365 ], [ -97.14652, 48.14405 ], [ -97.12447, 48.15654 ], [ -97.1475, 48.1724 ], [ -97.14123, 48.20295 ], [ -97.12287, 48.21649 ], [ -97.14833, 48.22373 ], [ -97.14673, 48.24448 ], [ -97.12436, 48.25191 ], [ -97.1272, 48.26984 ], [ -97.11656, 48.27965 ], [ -97.13553, 48.28705 ], [ -97.12029, 48.32709 ], [ -97.14223, 48.3275 ], [ -97.12673, 48.34213 ], [ -97.15547, 48.36376 ], [ -97.14123, 48.37767 ], [ -97.16328, 48.39198 ], [ -97.13147, 48.40658 ], [ -97.14517, 48.43256 ], [ -97.12433, 48.44125 ], [ -97.14922, 48.44335 ], [ -97.12932, 48.45404 ], [ -97.13062, 48.46341 ], [ -97.15919, 48.4811 ], [ -97.13149, 48.489 ], [ -97.14918, 48.51233 ], [ -97.12675, 48.52015 ], [ -97.15402, 48.52166 ], [ -97.1456, 48.53809 ], [ -97.16626, 48.55106 ], [ -97.14179, 48.55125 ], [ -97.17196, 48.56494 ], [ -97.14783, 48.57342 ], [ -97.15262, 48.59391 ], [ -97.12013, 48.62167 ], [ -97.13118, 48.63129 ], [ -97.10896, 48.63373 ], [ -97.11557, 48.64351 ], [ -97.0999, 48.65851 ], [ -97.10185, 48.68076 ], [ -97.09188, 48.68597 ], [ -97.11918, 48.70056 ], [ -97.11018, 48.70807 ], [ -97.13758, 48.72756 ], [ -97.13824, 48.75023 ], [ -97.15481, 48.75646 ], [ -97.14593, 48.76563 ], [ -97.15685, 48.78993 ], [ -97.17982, 48.80078 ], [ -97.15865, 48.8109 ], [ -97.19027, 48.81585 ], [ -97.17795, 48.82511 ], [ -97.17304, 48.85167 ], [ -97.18906, 48.86311 ], [ -97.17866, 48.87666 ], [ -97.19988, 48.88258 ], [ -97.19325, 48.89833 ], [ -97.20687, 48.90232 ], [ -97.21946, 48.92111 ], [ -97.21461, 48.93193 ], [ -97.23412, 48.94789 ], [ -97.23821, 48.96607 ], [ -97.22895, 49.00045 ], [ -97.69961, 49.00055 ], [ -98.91325, 49.00005 ], [ -99.77906, 48.99917 ], [ -100.91218, 48.99956 ], [ -101.48209, 48.99946 ], [ -101.98079, 48.99887 ], [ -102.45653, 48.99885 ], [ -103.20319, 48.99941 ], [ -103.59928, 48.99925 ], [ -104.04868, 48.99989 ] ] ] } },
{ "type": "Feature", "properties": { "fid": 36, "ZoneCode": "390001", "AbrvFull": "OH", "NameFull": "Ohio", "ZoneNum": 1, "AbrvPart": null, "NamePart": null, "ZoneType": "Statewide", "StateAbrv": "OH", "StateName": "Ohio", "ProjAbrv": "TM", "ProjType": "Transverse Mercator", "LatOrigin": "36°00'N", "LonOriginE": "277°18'E", "LonOriginW": "82°42'W", "Lat0_deg": 36.0, "Lon0_E_deg": 277.3, "Lon0_W_deg": -82.7, "ProjScale": 0.99985, "SkewAz_deg": -9999, "FalseN_m": 0.0, "FalseE_m": 914400.0, "FalseN_ift": 0.0, "FalseE_ift": 3000000.0, "DesignBy": "NGS", "Ref_frame": "NATRF2022" }, "geometry": { "type": "Polygon", "coordinates": [ [ [ -80.51898, 40.63879 ], [ -80.51921, 41.91927 ], [ -80.51984, 42.32712 ], [ -80.99982, 42.2524 ], [ -81.02613, 42.25004 ], [ -81.24983, 42.21641 ], [ -81.49517, 42.09639 ], [ -81.62484, 42.02961 ], [ -81.68644, 42.00003 ], [ -81.7092, 42.00003 ], [ -81.97656, 41.87503 ], [ -82.39834, 41.67652 ], [ -82.68111, 41.67632 ], [ -82.76387, 41.71728 ], [ -83.0693, 41.86421 ], [ -83.11245, 41.9594 ], [ -83.24992, 41.85787 ], [ -83.305, 41.81527 ], [ -83.41584, 41.73379 ], [ -84.01794, 41.71666 ], [ -84.19231, 41.711 ], [ -84.47593, 41.7038 ], [ -84.62495, 41.701 ], [ -84.80596, 41.69611 ], [ -84.80388, 41.40862 ], [ -84.80303, 40.93717 ], [ -84.80222, 40.79417 ], [ -84.8027, 40.51361 ], [ -84.80423, 40.40343 ], [ -84.80415, 40.27504 ], [ -84.8112, 39.99544 ], [ -84.81418, 39.81368 ], [ -84.81575, 39.47864 ], [ -84.81944, 39.30515 ], [ -84.82015, 39.10541 ], [ -84.78448, 39.11771 ], [ -84.75339, 39.14711 ], [ -84.72745, 39.14272 ], [ -84.68935, 39.10318 ], [ -84.64962, 39.09103 ], [ -84.63232, 39.07658 ], [ -84.6008, 39.0745 ], [ -84.57127, 39.08272 ], [ -84.55388, 39.09828 ], [ -84.51033, 39.09387 ], [ -84.48214, 39.11642 ], [ -84.45875, 39.12138 ], [ -84.44068, 39.10926 ], [ -84.43055, 39.05873 ], [ -84.41114, 39.0466 ], [ -84.36071, 39.04156 ], [ -84.32661, 39.02725 ], [ -84.30039, 38.9971 ], [ -84.28653, 38.95253 ], [ -84.23656, 38.89612 ], [ -84.23021, 38.82655 ], [ -84.21311, 38.80583 ], [ -84.15636, 38.79505 ], [ -84.09162, 38.77423 ], [ -84.04457, 38.77055 ], [ -83.97809, 38.78736 ], [ -83.94101, 38.78211 ], [ -83.92814, 38.77197 ], [ -83.87241, 38.76225 ], [ -83.85249, 38.75183 ], [ -83.8392, 38.72001 ], [ -83.78446, 38.69672 ], [ -83.77017, 38.65585 ], [ -83.72086, 38.64667 ], [ -83.66889, 38.62655 ], [ -83.64464, 38.63688 ], [ -83.63489, 38.67042 ], [ -83.60852, 38.68496 ], [ -83.53367, 38.70217 ], [ -83.50566, 38.69977 ], [ -83.47141, 38.67749 ], [ -83.44539, 38.66998 ], [ -83.38485, 38.6631 ], [ -83.36277, 38.65721 ], [ -83.32756, 38.63767 ], [ -83.30591, 38.59974 ], [ -83.28865, 38.59804 ], [ -83.26073, 38.62283 ], [ -83.23418, 38.62794 ], [ -83.20124, 38.61659 ], [ -83.15364, 38.61883 ], [ -83.13475, 38.63201 ], [ -83.12239, 38.65935 ], [ -83.10764, 38.67498 ], [ -83.05304, 38.69578 ], [ -83.03077, 38.72566 ], [ -83.00348, 38.72982 ], [ -82.97736, 38.72618 ], [ -82.94024, 38.74438 ], [ -82.89648, 38.75639 ], [ -82.87966, 38.75139 ], [ -82.86988, 38.72726 ], [ -82.87496, 38.68304 ], [ -82.86066, 38.66356 ], [ -82.85556, 38.61928 ], [ -82.84739, 38.59532 ], [ -82.82121, 38.57339 ], [ -82.79586, 38.5618 ], [ -82.7279, 38.55886 ], [ -82.69828, 38.54376 ], [ -82.65359, 38.49384 ], [ -82.61194, 38.47306 ], [ -82.59347, 38.42181 ], [ -82.57161, 38.40513 ], [ -82.53768, 38.40415 ], [ -82.40488, 38.43934 ], [ -82.38974, 38.43435 ], [ -82.34063, 38.44094 ], [ -82.32399, 38.44926 ], [ -82.30366, 38.49912 ], [ -82.29566, 38.53848 ], [ -82.29346, 38.57538 ], [ -82.27146, 38.59538 ], [ -82.24746, 38.59868 ], [ -82.22146, 38.59128 ], [ -82.18116, 38.59978 ], [ -82.17196, 38.62538 ], [ -82.19086, 38.68038 ], [ -82.18286, 38.70547 ], [ -82.19999, 38.75905 ], [ -82.21661, 38.76834 ], [ -82.22156, 38.78718 ], [ -82.18929, 38.81576 ], [ -82.16359, 38.82342 ], [ -82.14416, 38.84187 ], [ -82.13927, 38.8664 ], [ -82.14255, 38.89898 ], [ -82.12916, 38.90817 ], [ -82.09016, 38.97527 ], [ -82.05206, 38.99397 ], [ -82.03774, 39.02386 ], [ -82.00598, 39.02938 ], [ -81.98705, 39.01197 ], [ -81.98115, 38.99434 ], [ -81.95144, 38.99602 ], [ -81.93318, 38.98765 ], [ -81.90059, 38.93766 ], [ -81.89995, 38.9254 ], [ -81.92666, 38.9013 ], [ -81.91031, 38.87929 ], [ -81.89089, 38.87391 ], [ -81.85891, 38.89018 ], [ -81.84531, 38.91008 ], [ -81.84448, 38.92874 ], [ -81.83151, 38.94369 ], [ -81.81423, 38.94616 ], [ -81.7741, 38.92296 ], [ -81.75612, 38.93354 ], [ -81.78181, 38.96493 ], [ -81.76405, 39.01417 ], [ -81.80335, 39.04767 ], [ -81.81235, 39.06127 ], [ -81.80705, 39.08407 ], [ -81.77685, 39.07817 ], [ -81.74585, 39.09727 ], [ -81.7458, 39.14993 ], [ -81.75628, 39.17699 ], [ -81.73999, 39.18992 ], [ -81.72562, 39.2159 ], [ -81.69133, 39.22794 ], [ -81.69661, 39.25613 ], [ -81.67018, 39.27595 ], [ -81.6084, 39.27603 ], [ -81.57388, 39.26706 ], [ -81.56524, 39.27617 ], [ -81.55754, 39.33877 ], [ -81.54234, 39.35287 ], [ -81.49878, 39.37611 ], [ -81.45614, 39.40927 ], [ -81.4287, 39.4054 ], [ -81.40668, 39.38808 ], [ -81.39588, 39.35554 ], [ -81.38455, 39.34344 ], [ -81.34492, 39.34679 ], [ -81.29537, 39.37528 ], [ -81.26841, 39.38631 ], [ -81.21731, 39.38758 ], [ -81.21083, 39.40355 ], [ -81.18514, 39.43147 ], [ -81.13443, 39.44507 ], [ -81.09243, 39.49607 ], [ -81.02389, 39.5523 ], [ -80.93329, 39.6148 ], [ -80.88035, 39.6207 ], [ -80.86664, 39.65261 ], [ -80.8658, 39.68648 ], [ -80.83388, 39.70349 ], [ -80.82972, 39.71403 ], [ -80.87032, 39.76318 ], [ -80.86058, 39.7769 ], [ -80.82607, 39.79858 ], [ -80.82696, 39.84165 ], [ -80.79312, 39.86374 ], [ -80.79318, 39.88106 ], [ -80.80956, 39.90565 ], [ -80.79559, 39.91971 ], [ -80.76001, 39.90875 ], [ -80.76298, 39.95378 ], [ -80.74013, 39.97079 ], [ -80.74211, 40.00887 ], [ -80.73102, 40.04428 ], [ -80.73922, 40.07494 ], [ -80.71321, 40.09703 ], [ -80.70524, 40.15415 ], [ -80.66808, 40.19968 ], [ -80.66153, 40.2298 ], [ -80.6446, 40.25127 ], [ -80.6225, 40.26176 ], [ -80.61488, 40.29196 ], [ -80.59989, 40.31766 ], [ -80.61279, 40.34766 ], [ -80.60758, 40.36955 ], [ -80.63219, 40.39366 ], [ -80.61232, 40.40275 ], [ -80.61287, 40.42946 ], [ -80.59466, 40.47138 ], [ -80.618, 40.50204 ], [ -80.6275, 40.53578 ], [ -80.66437, 40.57001 ], [ -80.66353, 40.59076 ], [ -80.62644, 40.62017 ], [ -80.60263, 40.62528 ], [ -80.584, 40.61571 ], [ -80.51898, 40.63879 ] ] ] } },
{ "type": "Feature", "properties": { "fid": 37, "ZoneCode": "400001", "AbrvFull": "OK", "NameFull": "Oklahoma", "ZoneNum": 1, "AbrvPart": null, "NamePart": null, "ZoneType": "Statewide", "StateAbrv": "OK", "StateName": "Oklahoma", "ProjAbrv": "LC1", "ProjType": "Lambert Conformal Conic, one parallel", "LatOrigin": "35°21'N", "LonOriginE": "261°15'E", "LonOriginW": "98°45'W", "Lat0_deg": 35.35, "Lon0_E_deg": 261.25, "Lon0_W_deg": -98.75, "ProjScale": 0.99988, "SkewAz_deg": -9999, "FalseN_m": 342900.0, "FalseE_m": 952500.0, "FalseN_ift": 1125000.0, "FalseE_ift": 3125000.0, "DesignBy": "NGS", "Ref_frame": "NATRF2022" }, "geometry": { "type": "Polygon", "coordinates": [ [ [ -94.61795, 36.9989 ], [ -94.96158, 36.99946 ], [ -96.31887, 36.9993 ], [ -96.50028, 36.99864 ], [ -96.73658, 36.99928 ], [ -97.94561, 36.9986 ], [ -98.30045, 36.99768 ], [ -98.52249, 36.99888 ], [ -98.79701, 36.99945 ], [ -99.55799, 36.99952 ], [ -99.8754, 37.00165 ], [ -100.10788, 37.00231 ], [ -100.30734, 37.00181 ], [ -101.5754, 36.99517 ], [ -102.04208, 36.99301 ], [ -102.37545, 36.99457 ], [ -102.69813, 36.99514 ], [ -102.81506, 36.99977 ], [ -102.98696, 36.99852 ], [ -103.00232, 37.00014 ], [ -103.00235, 36.50055 ], [ -102.03232, 36.50026 ], [ -101.37543, 36.49934 ], [ -100.97382, 36.49989 ], [ -100.49519, 36.49928 ], [ -100.2767, 36.49988 ], [ -100.0004, 36.4997 ], [ -100.00027, 34.56044 ], [ -99.971, 34.5625 ], [ -99.95381, 34.57852 ], [ -99.9232, 34.57455 ], [ -99.88873, 34.55045 ], [ -99.85304, 34.51158 ], [ -99.81671, 34.48971 ], [ -99.8143, 34.4762 ], [ -99.78375, 34.445 ], [ -99.76559, 34.43748 ], [ -99.75344, 34.42085 ], [ -99.72702, 34.41055 ], [ -99.69452, 34.37821 ], [ -99.66394, 34.37367 ], [ -99.64813, 34.38231 ], [ -99.62419, 34.37357 ], [ -99.60002, 34.37468 ], [ -99.5862, 34.3874 ], [ -99.57975, 34.41692 ], [ -99.51761, 34.41449 ], [ -99.48721, 34.39795 ], [ -99.46637, 34.39589 ], [ -99.43345, 34.37022 ], [ -99.42749, 34.38513 ], [ -99.39872, 34.37583 ], [ -99.38717, 34.41084 ], [ -99.39674, 34.4172 ], [ -99.39518, 34.44202 ], [ -99.37554, 34.45878 ], [ -99.35896, 34.4558 ], [ -99.35689, 34.44208 ], [ -99.32869, 34.42238 ], [ -99.32006, 34.40926 ], [ -99.2879, 34.41402 ], [ -99.27882, 34.40026 ], [ -99.26126, 34.4035 ], [ -99.27529, 34.38613 ], [ -99.24284, 34.37267 ], [ -99.23429, 34.34045 ], [ -99.21071, 34.33733 ], [ -99.21315, 34.30847 ], [ -99.20776, 34.28382 ], [ -99.19554, 34.28128 ], [ -99.19924, 34.26079 ], [ -99.18977, 34.21435 ], [ -99.15656, 34.20716 ], [ -99.13754, 34.21934 ], [ -99.12099, 34.20184 ], [ -99.09526, 34.21184 ], [ -99.06632, 34.20842 ], [ -99.04335, 34.19824 ], [ -99.03733, 34.20644 ], [ -99.01295, 34.20319 ], [ -98.99169, 34.22142 ], [ -98.96573, 34.20146 ], [ -98.95127, 34.21218 ], [ -98.92069, 34.18343 ], [ -98.8871, 34.16825 ], [ -98.86011, 34.14991 ], [ -98.85731, 34.16109 ], [ -98.8311, 34.16215 ], [ -98.76666, 34.13683 ], [ -98.75744, 34.12471 ], [ -98.73546, 34.1352 ], [ -98.69006, 34.13315 ], [ -98.64806, 34.16444 ], [ -98.61934, 34.15666 ], [ -98.60309, 34.1605 ], [ -98.57735, 34.14909 ], [ -98.56097, 34.12392 ], [ -98.53625, 34.10734 ], [ -98.50414, 34.07228 ], [ -98.48632, 34.06259 ], [ -98.4428, 34.08314 ], [ -98.41879, 34.08265 ], [ -98.39838, 34.10456 ], [ -98.39843, 34.12845 ], [ -98.37975, 34.13117 ], [ -98.38707, 34.14091 ], [ -98.36401, 34.1571 ], [ -98.32257, 34.14971 ], [ -98.3002, 34.13457 ], [ -98.25646, 34.12948 ], [ -98.23246, 34.13464 ], [ -98.20006, 34.11678 ], [ -98.16878, 34.11426 ], [ -98.12337, 34.15453 ], [ -98.10193, 34.14682 ], [ -98.08974, 34.12821 ], [ -98.1202, 34.07212 ], [ -98.10062, 34.04998 ], [ -98.08383, 34.04171 ], [ -98.10361, 34.0292 ], [ -98.08401, 34.01436 ], [ -98.08442, 34.00289 ], [ -98.04111, 33.99345 ], [ -97.98738, 33.99982 ], [ -97.97416, 34.00671 ], [ -97.94679, 33.99089 ], [ -97.96103, 33.9511 ], [ -97.97117, 33.93712 ], [ -97.9555, 33.93818 ], [ -97.95715, 33.91445 ], [ -97.97998, 33.9114 ], [ -97.98436, 33.89802 ], [ -97.95705, 33.87876 ], [ -97.93966, 33.87944 ], [ -97.87817, 33.85053 ], [ -97.8335, 33.85809 ], [ -97.80173, 33.89514 ], [ -97.78465, 33.89063 ], [ -97.78612, 33.91342 ], [ -97.75939, 33.91881 ], [ -97.76303, 33.93414 ], [ -97.73221, 33.93668 ], [ -97.70953, 33.95488 ], [ -97.68768, 33.98717 ], [ -97.66148, 33.99081 ], [ -97.60908, 33.96809 ], [ -97.58882, 33.95188 ], [ -97.59697, 33.92022 ], [ -97.58924, 33.90392 ], [ -97.55826, 33.89709 ], [ -97.50092, 33.91953 ], [ -97.46141, 33.90522 ], [ -97.45105, 33.89167 ], [ -97.45217, 33.86895 ], [ -97.46319, 33.84308 ], [ -97.44487, 33.82404 ], [ -97.42679, 33.81864 ], [ -97.37468, 33.81855 ], [ -97.35732, 33.83136 ], [ -97.33187, 33.88448 ], [ -97.32872, 33.85543 ], [ -97.31424, 33.86698 ], [ -97.30762, 33.88801 ], [ -97.27286, 33.86167 ], [ -97.25563, 33.8637 ], [ -97.24504, 33.90321 ], [ -97.21259, 33.91589 ], [ -97.18545, 33.90069 ], [ -97.16681, 33.84039 ], [ -97.19467, 33.83119 ], [ -97.20482, 33.7999 ], [ -97.19039, 33.78115 ], [ -97.19296, 33.76078 ], [ -97.15436, 33.72409 ], [ -97.12357, 33.71704 ], [ -97.09563, 33.72922 ], [ -97.08518, 33.76473 ], [ -97.09264, 33.80419 ], [ -97.04831, 33.81726 ], [ -97.05759, 33.8365 ], [ -97.09011, 33.84396 ], [ -97.06953, 33.86036 ], [ -97.04103, 33.83761 ], [ -97.02143, 33.84637 ], [ -96.99708, 33.87101 ], [ -96.98381, 33.89318 ], [ -96.99624, 33.94266 ], [ -96.97941, 33.95617 ], [ -96.9738, 33.93569 ], [ -96.92426, 33.95915 ], [ -96.90524, 33.94721 ], [ -96.89572, 33.89641 ], [ -96.883, 33.86801 ], [ -96.85058, 33.84721 ], [ -96.83215, 33.87483 ], [ -96.79427, 33.86888 ], [ -96.77958, 33.85793 ], [ -96.76937, 33.82747 ], [ -96.76158, 33.8244 ], [ -96.71372, 33.83132 ], [ -96.6907, 33.84995 ], [ -96.67344, 33.91227 ], [ -96.65989, 33.91666 ], [ -96.62828, 33.89447 ], [ -96.59216, 33.89551 ], [ -96.58535, 33.88894 ], [ -96.62974, 33.85086 ], [ -96.62314, 33.84149 ], [ -96.57314, 33.81918 ], [ -96.53248, 33.82302 ], [ -96.51741, 33.80584 ], [ -96.51657, 33.78827 ], [ -96.50097, 33.7728 ], [ -96.43021, 33.77865 ], [ -96.41291, 33.75691 ], [ -96.37084, 33.71799 ], [ -96.35936, 33.68943 ], [ -96.34685, 33.68621 ], [ -96.31875, 33.69675 ], [ -96.30635, 33.72306 ], [ -96.30607, 33.7443 ], [ -96.29035, 33.77083 ], [ -96.26379, 33.76752 ], [ -96.22051, 33.74738 ], [ -96.17984, 33.75961 ], [ -96.16978, 33.76915 ], [ -96.14922, 33.83709 ], [ -96.12294, 33.83996 ], [ -96.09935, 33.83046 ], [ -96.10146, 33.8467 ], [ -96.04882, 33.83646 ], [ -96.02696, 33.85747 ], [ -96.02061, 33.84062 ], [ -95.99834, 33.85104 ], [ -96.00292, 33.87358 ], [ -95.98492, 33.8658 ], [ -95.98485, 33.85249 ], [ -95.94248, 33.86096 ], [ -95.92477, 33.88484 ], [ -95.86718, 33.85128 ], [ -95.8304, 33.83478 ], [ -95.81571, 33.85981 ], [ -95.79487, 33.85961 ], [ -95.77023, 33.8452 ], [ -95.75141, 33.86068 ], [ -95.76151, 33.87311 ], [ -95.7566, 33.89202 ], [ -95.73317, 33.89644 ], [ -95.71217, 33.88551 ], [ -95.68887, 33.88848 ], [ -95.66862, 33.90699 ], [ -95.62731, 33.9078 ], [ -95.61636, 33.92762 ], [ -95.59751, 33.94234 ], [ -95.5577, 33.93035 ], [ -95.54791, 33.90014 ], [ -95.55121, 33.88971 ], [ -95.53379, 33.88115 ], [ -95.51143, 33.89729 ], [ -95.50577, 33.87639 ], [ -95.49203, 33.87494 ], [ -95.45972, 33.88665 ], [ -95.46333, 33.87239 ], [ -95.43864, 33.86628 ], [ -95.3632, 33.86681 ], [ -95.33569, 33.87425 ], [ -95.32993, 33.88633 ], [ -95.29413, 33.87276 ], [ -95.28072, 33.87549 ], [ -95.28552, 33.90365 ], [ -95.26975, 33.91146 ], [ -95.26135, 33.88772 ], [ -95.24762, 33.91474 ], [ -95.25088, 33.93606 ], [ -95.21667, 33.96265 ], [ -95.17163, 33.94676 ], [ -95.15714, 33.93672 ], [ -95.12956, 33.93671 ], [ -95.13163, 33.91602 ], [ -95.11314, 33.90449 ], [ -95.08244, 33.92174 ], [ -95.07973, 33.90859 ], [ -95.09999, 33.89679 ], [ -95.0824, 33.87988 ], [ -95.07557, 33.90122 ], [ -95.0601, 33.90187 ], [ -95.04902, 33.86408 ], [ -94.99215, 33.85203 ], [ -94.96888, 33.86091 ], [ -94.96439, 33.83702 ], [ -94.94388, 33.83022 ], [ -94.95351, 33.81647 ], [ -94.94221, 33.80577 ], [ -94.92328, 33.80874 ], [ -94.92656, 33.82633 ], [ -94.91103, 33.81502 ], [ -94.92234, 33.79353 ], [ -94.89819, 33.76902 ], [ -94.88692, 33.76906 ], [ -94.87466, 33.74916 ], [ -94.8493, 33.73958 ], [ -94.82794, 33.74088 ], [ -94.82338, 33.76917 ], [ -94.80224, 33.73278 ], [ -94.78006, 33.74446 ], [ -94.77134, 33.76064 ], [ -94.75812, 33.75653 ], [ -94.78863, 33.73566 ], [ -94.77312, 33.72718 ], [ -94.75136, 33.73372 ], [ -94.75773, 33.71781 ], [ -94.7368, 33.69233 ], [ -94.71952, 33.68885 ], [ -94.71962, 33.70392 ], [ -94.70601, 33.70629 ], [ -94.71833, 33.68866 ], [ -94.68479, 33.68435 ], [ -94.66784, 33.6946 ], [ -94.64533, 33.67364 ], [ -94.66864, 33.66384 ], [ -94.63919, 33.66373 ], [ -94.62683, 33.68203 ], [ -94.60115, 33.66276 ], [ -94.58792, 33.68625 ], [ -94.58077, 33.66639 ], [ -94.56119, 33.6685 ], [ -94.59082, 33.64556 ], [ -94.58004, 33.64449 ], [ -94.54963, 33.66067 ], [ -94.54543, 33.64622 ], [ -94.56855, 33.63691 ], [ -94.56407, 33.62626 ], [ -94.52812, 33.64124 ], [ -94.51852, 33.63756 ], [ -94.5348, 33.62133 ], [ -94.52035, 33.61745 ], [ -94.51746, 33.63305 ], [ -94.50565, 33.62066 ], [ -94.48589, 33.63785 ], [ -94.47262, 34.10297 ], [ -94.46787, 34.28743 ], [ -94.45746, 34.63477 ], [ -94.44974, 34.87319 ], [ -94.43543, 35.28336 ], [ -94.431, 35.39316 ], [ -94.44953, 35.49803 ], [ -94.51049, 35.86249 ], [ -94.58056, 36.2659 ], [ -94.61785, 36.49942 ], [ -94.61846, 36.81627 ], [ -94.61795, 36.9989 ] ] ] } },
{ "type": "Feature", "properties": { "fid": 38, "ZoneCode": "410001", "AbrvFull": "OR", "NameFull": "Oregon", "ZoneNum": 1, "AbrvPart": null, "NamePart": null, "ZoneType": "Statewide", "StateAbrv": "OR", "StateName": "Oregon", "ProjAbrv": "LC1", "ProjType": "Lambert Conformal Conic, one parallel", "LatOrigin": "44°09'N", "LonOriginE": "239°30'E", "LonOriginW": "120°30'W", "Lat0_deg": 44.15, "Lon0_E_deg": 239.5, "Lon0_W_deg": -120.5, "ProjScale": 0.9998, "SkewAz_deg": -9999, "FalseN_m": 457200.0, "FalseE_m": 1066800.0, "FalseN_ift": 1500000.0, "FalseE_ift": 3500000.0, "DesignBy": "NGS", "Ref_frame": "NATRF2022" }, "geometry": { "type": "Polygon", "coordinates": [ [ [ -116.91605, 45.99535 ], [ -117.12613, 45.99789 ], [ -117.33789, 45.99857 ], [ -117.47973, 45.99778 ], [ -117.61431, 45.99921 ], [ -118.00658, 46.00057 ], [ -118.77581, 46.0011 ], [ -118.98724, 45.99985 ], [ -119.00863, 45.97922 ], [ -119.09328, 45.94272 ], [ -119.12631, 45.93278 ], [ -119.1955, 45.9279 ], [ -119.25706, 45.93986 ], [ -119.32256, 45.93307 ], [ -119.36448, 45.92154 ], [ -119.45038, 45.91738 ], [ -119.48807, 45.90636 ], [ -119.5245, 45.90856 ], [ -119.57159, 45.92547 ], [ -119.60053, 45.91954 ], [ -119.62361, 45.9056 ], [ -119.66996, 45.8569 ], [ -119.77284, 45.84572 ], [ -119.80269, 45.84763 ], [ -119.90723, 45.82817 ], [ -119.96576, 45.82437 ], [ -120.07022, 45.78515 ], [ -120.14146, 45.7732 ], [ -120.17059, 45.76198 ], [ -120.21076, 45.72591 ], [ -120.28341, 45.72116 ], [ -120.32632, 45.71142 ], [ -120.40363, 45.69944 ], [ -120.4826, 45.6944 ], [ -120.50573, 45.69994 ], [ -120.55927, 45.73831 ], [ -120.59113, 45.7465 ], [ -120.63503, 45.74571 ], [ -120.68952, 45.71572 ], [ -120.78856, 45.68642 ], [ -120.8554, 45.67172 ], [ -120.89581, 45.64292 ], [ -120.91359, 45.63999 ], [ -120.944, 45.65639 ], [ -120.98348, 45.64835 ], [ -121.00735, 45.65319 ], [ -121.06444, 45.65249 ], [ -121.08485, 45.64793 ], [ -121.13182, 45.60975 ], [ -121.18367, 45.60645 ], [ -121.19644, 45.61661 ], [ -121.20033, 45.64983 ], [ -121.21575, 45.67122 ], [ -121.28728, 45.68686 ], [ -121.31228, 45.69983 ], [ -121.3377, 45.70483 ], [ -121.37256, 45.70303 ], [ -121.40172, 45.69289 ], [ -121.46278, 45.70128 ], [ -121.49908, 45.72074 ], [ -121.53292, 45.7265 ], [ -121.63131, 45.70469 ], [ -121.66839, 45.70511 ], [ -121.70728, 45.69483 ], [ -121.73506, 45.694 ], [ -121.81117, 45.70671 ], [ -121.867, 45.69339 ], [ -121.90173, 45.67066 ], [ -121.90812, 45.65455 ], [ -121.95576, 45.64358 ], [ -121.96306, 45.63289 ], [ -122.00354, 45.61594 ], [ -122.04428, 45.60953 ], [ -122.10173, 45.58316 ], [ -122.1416, 45.584 ], [ -122.18285, 45.57678 ], [ -122.20077, 45.56511 ], [ -122.24898, 45.54774 ], [ -122.29658, 45.54364 ], [ -122.33149, 45.54824 ], [ -122.35279, 45.56944 ], [ -122.38029, 45.57594 ], [ -122.43866, 45.56358 ], [ -122.47504, 45.57846 ], [ -122.54586, 45.59619 ], [ -122.60769, 45.60814 ], [ -122.64389, 45.60974 ], [ -122.67498, 45.61802 ], [ -122.71329, 45.63743 ], [ -122.76379, 45.65713 ], [ -122.77449, 45.68043 ], [ -122.76009, 45.73441 ], [ -122.76951, 45.78058 ], [ -122.79559, 45.81 ], [ -122.78568, 45.84421 ], [ -122.78501, 45.8677 ], [ -122.81148, 45.91272 ], [ -122.80617, 45.93241 ], [ -122.81398, 45.96098 ], [ -122.83762, 45.98082 ], [ -122.85614, 46.01447 ], [ -122.87807, 46.03128 ], [ -122.88446, 46.06028 ], [ -122.9041, 46.08373 ], [ -122.96266, 46.10481 ], [ -123.00422, 46.13382 ], [ -123.105, 46.17767 ], [ -123.11589, 46.18526 ], [ -123.1664, 46.18898 ], [ -123.28015, 46.14484 ], [ -123.37142, 46.14637 ], [ -123.43097, 46.18157 ], [ -123.42761, 46.22934 ], [ -123.44757, 46.24983 ], [ -123.47963, 46.26913 ], [ -123.50123, 46.27099 ], [ -123.53807, 46.26061 ], [ -123.58694, 46.25589 ], [ -123.64876, 46.2588 ], [ -123.6881, 46.2501 ], [ -123.74143, 46.26915 ], [ -123.77811, 46.25425 ], [ -123.81512, 46.24982 ], [ -123.87185, 46.23495 ], [ -123.93046, 46.2388 ], [ -123.97626, 46.2699 ], [ -124.00124, 46.27401 ], [ -124.01486, 46.29316 ], [ -124.03558, 46.29684 ], [ -124.03593, 46.26418 ], [ -124.15953, 46.26113 ], [ -124.14701, 46.22885 ], [ -124.1234, 46.20273 ], [ -124.0673, 46.18385 ], [ -124.05064, 46.16391 ], [ -124.02305, 46.11627 ], [ -124.00978, 46.08197 ], [ -124.00277, 46.02754 ], [ -124.00811, 46.00994 ], [ -124.03953, 45.98593 ], [ -124.0708, 45.97394 ], [ -124.08488, 45.96013 ], [ -124.09242, 45.93426 ], [ -124.08649, 45.91632 ], [ -124.0664, 45.89812 ], [ -124.0458, 45.89059 ], [ -124.03769, 45.84161 ], [ -124.05563, 45.81648 ], [ -124.0541, 45.79753 ], [ -124.07038, 45.76274 ], [ -124.06, 45.73954 ], [ -124.01079, 45.70828 ], [ -124.01663, 45.63212 ], [ -124.02931, 45.61246 ], [ -124.03621, 45.56303 ], [ -124.02664, 45.53787 ], [ -124.0531, 45.51422 ], [ -124.05476, 45.4887 ], [ -124.06453, 45.46756 ], [ -124.05893, 45.442 ], [ -124.0358, 45.42205 ], [ -124.04329, 45.38406 ], [ -124.06018, 45.37482 ], [ -124.07696, 45.34184 ], [ -124.07381, 45.31751 ], [ -124.04653, 45.29316 ], [ -124.04024, 45.26882 ], [ -124.04434, 45.24272 ], [ -124.05947, 45.20665 ], [ -124.04506, 45.17979 ], [ -124.05011, 45.14068 ], [ -124.08141, 45.08545 ], [ -124.09354, 45.05416 ], [ -124.09746, 45.02735 ], [ -124.08619, 45.00286 ], [ -124.09791, 44.92965 ], [ -124.11656, 44.86633 ], [ -124.13619, 44.84924 ], [ -124.14762, 44.76911 ], [ -124.14819, 44.73559 ], [ -124.1391, 44.71053 ], [ -124.15102, 44.69032 ], [ -124.15199, 44.6632 ], [ -124.13742, 44.641 ], [ -124.15082, 44.62025 ], [ -124.1512, 44.60291 ], [ -124.1343, 44.58318 ], [ -124.14607, 44.54022 ], [ -124.1626, 44.51291 ], [ -124.1639, 44.4884 ], [ -124.15341, 44.46503 ], [ -124.1635, 44.37484 ], [ -124.18763, 44.28856 ], [ -124.18618, 44.21625 ], [ -124.18899, 44.16422 ], [ -124.19982, 44.14553 ], [ -124.19536, 44.09746 ], [ -124.20516, 44.04063 ], [ -124.2127, 44.02456 ], [ -124.20879, 43.99984 ], [ -124.21514, 43.95377 ], [ -124.23968, 43.81105 ], [ -124.26569, 43.70155 ], [ -124.28528, 43.67272 ], [ -124.28032, 43.64839 ], [ -124.29675, 43.58595 ], [ -124.34382, 43.46501 ], [ -124.38026, 43.40284 ], [ -124.42563, 43.38588 ], [ -124.44668, 43.35815 ], [ -124.47693, 43.32937 ], [ -124.47483, 43.28856 ], [ -124.45548, 43.26823 ], [ -124.47031, 43.24549 ], [ -124.46522, 43.2003 ], [ -124.4816, 43.15944 ], [ -124.50595, 43.14338 ], [ -124.51582, 43.12483 ], [ -124.51634, 43.10254 ], [ -124.50531, 43.06795 ], [ -124.53059, 42.99983 ], [ -124.5535, 42.95171 ], [ -124.57234, 42.92251 ], [ -124.59182, 42.91471 ], [ -124.61594, 42.89288 ], [ -124.62211, 42.87719 ], [ -124.64514, 42.86189 ], [ -124.65511, 42.84002 ], [ -124.67175, 42.82558 ], [ -124.68062, 42.80425 ], [ -124.70027, 42.78402 ], [ -124.70033, 42.75252 ], [ -124.6824, 42.73018 ], [ -124.64211, 42.71611 ], [ -124.58467, 42.7193 ], [ -124.56122, 42.69275 ], [ -124.54411, 42.68381 ], [ -124.54057, 42.64449 ], [ -124.50848, 42.61956 ], [ -124.47354, 42.61473 ], [ -124.47941, 42.57395 ], [ -124.46533, 42.55303 ], [ -124.48982, 42.5429 ], [ -124.51867, 42.51107 ], [ -124.5475, 42.49983 ], [ -124.5672, 42.47779 ], [ -124.56534, 42.44356 ], [ -124.53256, 42.40839 ], [ -124.49414, 42.39608 ], [ -124.50082, 42.37613 ], [ -124.48653, 42.33827 ], [ -124.49405, 42.32587 ], [ -124.49032, 42.29064 ], [ -124.47824, 42.278 ], [ -124.48567, 42.24983 ], [ -124.47134, 42.20372 ], [ -124.4335, 42.16483 ], [ -124.43244, 42.13184 ], [ -124.41974, 42.08528 ], [ -124.4093, 42.06407 ], [ -124.37503, 42.02923 ], [ -124.34916, 42.01638 ], [ -124.32882, 41.99833 ], [ -124.21159, 41.99846 ], [ -124.10036, 41.99671 ], [ -123.83447, 41.99605 ], [ -123.72815, 41.99705 ], [ -123.6572, 41.99509 ], [ -123.62401, 41.99977 ], [ -123.44595, 42.00062 ], [ -123.34743, 41.99927 ], [ -123.18391, 42.00579 ], [ -123.14572, 42.00876 ], [ -123.04398, 42.00308 ], [ -122.72137, 42.00412 ], [ -122.51528, 42.00805 ], [ -122.37803, 42.0095 ], [ -122.16455, 42.0073 ], [ -121.99611, 42.00388 ], [ -121.85792, 42.00291 ], [ -121.3449, 41.99621 ], [ -121.18855, 41.99738 ], [ -121.01908, 41.99338 ], [ -120.7981, 41.99395 ], [ -120.58336, 41.99297 ], [ -120.48792, 41.99361 ], [ -120.32637, 41.99258 ], [ -120.17891, 41.99455 ], [ -119.99922, 41.99494 ], [ -119.94864, 41.99673 ], [ -119.4555, 41.99571 ], [ -119.33676, 41.99395 ], [ -119.00104, 41.99355 ], [ -118.67648, 41.99215 ], [ -118.56971, 41.99445 ], [ -118.22317, 41.99724 ], [ -117.8124, 41.99841 ], [ -117.626, 41.99809 ], [ -117.13365, 42.00043 ], [ -117.02618, 42.00019 ], [ -117.02665, 42.62487 ], [ -117.02626, 42.97227 ], [ -117.02663, 43.19898 ], [ -117.02662, 43.80811 ], [ -117.03227, 43.82876 ], [ -117.01282, 43.84 ], [ -117.01932, 43.85941 ], [ -116.98233, 43.86884 ], [ -116.9761, 43.89475 ], [ -116.98053, 43.91483 ], [ -116.96152, 43.91838 ], [ -116.96856, 43.93605 ], [ -116.96046, 43.96341 ], [ -116.97603, 43.97505 ], [ -116.9385, 43.98503 ], [ -116.94487, 44.00359 ], [ -116.93448, 44.02121 ], [ -116.94335, 44.03564 ], [ -116.97317, 44.04942 ], [ -116.97594, 44.0829 ], [ -116.93369, 44.10004 ], [ -116.9112, 44.13999 ], [ -116.89592, 44.15429 ], [ -116.90359, 44.17998 ], [ -116.93543, 44.19396 ], [ -116.96724, 44.19458 ], [ -116.97537, 44.24239 ], [ -117.03185, 44.24863 ], [ -117.04613, 44.23066 ], [ -117.09092, 44.26031 ], [ -117.10419, 44.27994 ], [ -117.11985, 44.27827 ], [ -117.14125, 44.25851 ], [ -117.17033, 44.25888 ], [ -117.20037, 44.27544 ], [ -117.22272, 44.29832 ], [ -117.18983, 44.335 ], [ -117.19613, 44.34636 ], [ -117.2351, 44.37385 ], [ -117.24266, 44.39654 ], [ -117.22724, 44.40523 ], [ -117.21506, 44.42716 ], [ -117.22409, 44.48373 ], [ -117.20022, 44.49202 ], [ -117.18157, 44.52296 ], [ -117.16102, 44.52516 ], [ -117.14415, 44.54564 ], [ -117.14602, 44.5686 ], [ -117.12474, 44.58383 ], [ -117.12051, 44.61465 ], [ -117.09821, 44.64068 ], [ -117.09585, 44.66473 ], [ -117.08078, 44.67376 ], [ -117.0791, 44.69217 ], [ -117.06381, 44.70362 ], [ -117.06226, 44.72714 ], [ -117.0442, 44.74514 ], [ -117.00029, 44.75608 ], [ -116.96679, 44.77518 ], [ -116.93468, 44.78388 ], [ -116.93218, 44.80278 ], [ -116.89657, 44.84654 ], [ -116.8986, 44.85374 ], [ -116.86532, 44.8706 ], [ -116.85241, 44.88757 ], [ -116.83197, 44.933 ], [ -116.85753, 44.98256 ], [ -116.84461, 45.00143 ], [ -116.84793, 45.0226 ], [ -116.79731, 45.06026 ], [ -116.78369, 45.07697 ], [ -116.77483, 45.10553 ], [ -116.75463, 45.11397 ], [ -116.74552, 45.13303 ], [ -116.72874, 45.14438 ], [ -116.72419, 45.1715 ], [ -116.70952, 45.20301 ], [ -116.70368, 45.24009 ], [ -116.69137, 45.26373 ], [ -116.67471, 45.27584 ], [ -116.67463, 45.31508 ], [ -116.65524, 45.34886 ], [ -116.62337, 45.39396 ], [ -116.59743, 45.41277 ], [ -116.58818, 45.44292 ], [ -116.55481, 45.46293 ], [ -116.55601, 45.50701 ], [ -116.53632, 45.52393 ], [ -116.52416, 45.54856 ], [ -116.48193, 45.57789 ], [ -116.46362, 45.60278 ], [ -116.46349, 45.61578 ], [ -116.48279, 45.63359 ], [ -116.4888, 45.65079 ], [ -116.5351, 45.69127 ], [ -116.53568, 45.73423 ], [ -116.59419, 45.77908 ], [ -116.63202, 45.78497 ], [ -116.66525, 45.78205 ], [ -116.69718, 45.82013 ], [ -116.73453, 45.82652 ], [ -116.76339, 45.81658 ], [ -116.78831, 45.83192 ], [ -116.79644, 45.86122 ], [ -116.81411, 45.87764 ], [ -116.84435, 45.89296 ], [ -116.86653, 45.91695 ], [ -116.87596, 45.95477 ], [ -116.89128, 45.96032 ], [ -116.89284, 45.97637 ], [ -116.91605, 45.99535 ] ] ] } },
{ "type": "Feature", "properties": { "fid": 39, "ZoneCode": "420001", "AbrvFull": "PA", "NameFull": "Pennsylvania", "ZoneNum": 1, "AbrvPart": null, "NamePart": null, "ZoneType": "Statewide", "StateAbrv": "PA", "StateName": "Pennsylvania", "ProjAbrv": "LC1", "ProjType": "Lambert Conformal Conic, one parallel", "LatOrigin": "40°57'N", "LonOriginE": "282°30'E", "LonOriginW": "77°30'W", "Lat0_deg": 40.95, "Lon0_E_deg": 282.5, "Lon0_W_deg": -77.5, "ProjScale": 0.99993, "SkewAz_deg": -9999, "FalseN_m": 304800.0, "FalseE_m": 762000.0, "FalseN_ift": 1000000.0, "FalseE_ift": 2500000.0, "DesignBy": "NGS", "Ref_frame": "NATRF2022" }, "geometry": { "type": "Polygon", "coordinates": [ [ [ -75.78859, 39.72219 ], [ -75.77378, 39.72219 ], [ -75.75405, 39.75617 ], [ -75.7195, 39.79036 ], [ -75.6666, 39.81995 ], [ -75.64234, 39.82821 ], [ -75.58311, 39.83863 ], [ -75.53497, 39.83852 ], [ -75.48103, 39.82931 ], [ -75.41506, 39.80191 ], [ -75.3544, 39.83991 ], [ -75.33043, 39.849 ], [ -75.2722, 39.84907 ], [ -75.22137, 39.86153 ], [ -75.19273, 39.879 ], [ -75.15065, 39.8835 ], [ -75.13729, 39.88996 ], [ -75.12825, 39.91316 ], [ -75.13523, 39.95067 ], [ -75.11949, 39.96536 ], [ -75.0756, 39.97803 ], [ -75.04709, 40.00993 ], [ -75.01323, 40.02029 ], [ -74.96689, 40.05271 ], [ -74.93504, 40.06783 ], [ -74.90731, 40.07079 ], [ -74.85972, 40.0853 ], [ -74.83586, 40.10346 ], [ -74.81547, 40.12769 ], [ -74.78155, 40.12145 ], [ -74.74118, 40.13516 ], [ -74.72436, 40.1464 ], [ -74.72232, 40.16072 ], [ -74.7556, 40.1867 ], [ -74.7714, 40.21514 ], [ -74.8423, 40.2505 ], [ -74.8682, 40.2952 ], [ -74.93971, 40.338 ], [ -74.96749, 40.3988 ], [ -74.99586, 40.41038 ], [ -75.03177, 40.4048 ], [ -75.06091, 40.42173 ], [ -75.0706, 40.45619 ], [ -75.06276, 40.48002 ], [ -75.06858, 40.54218 ], [ -75.09982, 40.56739 ], [ -75.13499, 40.57565 ], [ -75.17287, 40.56441 ], [ -75.19549, 40.57862 ], [ -75.18969, 40.58766 ], [ -75.20134, 40.61462 ], [ -75.18859, 40.62363 ], [ -75.20045, 40.64921 ], [ -75.17729, 40.67739 ], [ -75.20392, 40.69149 ], [ -75.1828, 40.73364 ], [ -75.19653, 40.75162 ], [ -75.17158, 40.77774 ], [ -75.1391, 40.7736 ], [ -75.1085, 40.79109 ], [ -75.08392, 40.82446 ], [ -75.09757, 40.84096 ], [ -75.09096, 40.84918 ], [ -75.06432, 40.84833 ], [ -75.05366, 40.87365 ], [ -75.07598, 40.89568 ], [ -75.07929, 40.91387 ], [ -75.09552, 40.92414 ], [ -75.13552, 40.97686 ], [ -75.13057, 40.99108 ], [ -75.08449, 41.01591 ], [ -75.02684, 41.03972 ], [ -75.01346, 41.06593 ], [ -74.96912, 41.08679 ], [ -74.96746, 41.09532 ], [ -74.99201, 41.09039 ], [ -74.97998, 41.1105 ], [ -74.96323, 41.11467 ], [ -74.92446, 41.13752 ], [ -74.88233, 41.18081 ], [ -74.85947, 41.21876 ], [ -74.86743, 41.22741 ], [ -74.83778, 41.278 ], [ -74.79192, 41.3112 ], [ -74.79158, 41.32301 ], [ -74.77265, 41.32477 ], [ -74.75239, 41.34653 ], [ -74.72595, 41.34618 ], [ -74.69558, 41.3576 ], [ -74.6941, 41.3701 ], [ -74.71948, 41.39452 ], [ -74.73601, 41.39832 ], [ -74.74145, 41.43114 ], [ -74.76156, 41.42317 ], [ -74.79423, 41.42284 ], [ -74.81248, 41.44279 ], [ -74.83585, 41.43109 ], [ -74.86314, 41.44438 ], [ -74.89642, 41.4409 ], [ -74.8903, 41.4558 ], [ -74.90954, 41.47323 ], [ -74.94341, 41.48367 ], [ -74.95823, 41.47657 ], [ -74.9818, 41.47994 ], [ -74.98749, 41.50881 ], [ -75.00368, 41.5085 ], [ -75.00321, 41.52347 ], [ -75.0247, 41.54012 ], [ -75.01646, 41.54334 ], [ -75.02843, 41.56459 ], [ -75.07435, 41.6059 ], [ -75.04427, 41.61763 ], [ -75.0502, 41.66252 ], [ -75.05957, 41.67273 ], [ -75.05262, 41.6881 ], [ -75.06891, 41.70978 ], [ -75.04984, 41.71306 ], [ -75.05319, 41.75242 ], [ -75.07577, 41.77166 ], [ -75.10019, 41.769 ], [ -75.10221, 41.78642 ], [ -75.07907, 41.79703 ], [ -75.07224, 41.81412 ], [ -75.08988, 41.81169 ], [ -75.11267, 41.82239 ], [ -75.11333, 41.84166 ], [ -75.13987, 41.85205 ], [ -75.15765, 41.84868 ], [ -75.17631, 41.87241 ], [ -75.18535, 41.86005 ], [ -75.19917, 41.86915 ], [ -75.22316, 41.85791 ], [ -75.24114, 41.86724 ], [ -75.25758, 41.86195 ], [ -75.25746, 41.87683 ], [ -75.27136, 41.8875 ], [ -75.26773, 41.90786 ], [ -75.2787, 41.93851 ], [ -75.29256, 41.95386 ], [ -75.31753, 41.95357 ], [ -75.34159, 41.97221 ], [ -75.34107, 41.99285 ], [ -75.35964, 41.99954 ], [ -75.76468, 41.99785 ], [ -75.98308, 41.99903 ], [ -76.3041, 41.99831 ], [ -76.44289, 41.99875 ], [ -76.74967, 42.00168 ], [ -76.88875, 42.00187 ], [ -77.10325, 41.99982 ], [ -77.51196, 42.00007 ], [ -77.8298, 41.99828 ], [ -78.12213, 42.00035 ], [ -78.27289, 41.9991 ], [ -78.62287, 41.99997 ], [ -78.85735, 41.9977 ], [ -79.05246, 41.99938 ], [ -79.51099, 41.99836 ], [ -79.76195, 41.99883 ], [ -79.76241, 42.51606 ], [ -80.08022, 42.39415 ], [ -80.51984, 42.32712 ], [ -80.51921, 41.91927 ], [ -80.51898, 40.63879 ], [ -80.51934, 39.72139 ], [ -80.07594, 39.72134 ], [ -79.94067, 39.72066 ], [ -79.47666, 39.72107 ], [ -79.04554, 39.72287 ], [ -78.31441, 39.72285 ], [ -77.92948, 39.72232 ], [ -77.50282, 39.71988 ], [ -77.05791, 39.71994 ], [ -76.58387, 39.72129 ], [ -76.13548, 39.72114 ], [ -75.78859, 39.72219 ] ] ] } },
{ "type": "Feature", "properties": { "fid": 40, "ZoneCode": "440001", "AbrvFull": "RI", "NameFull": "Rhode Island", "ZoneNum": 1, "AbrvPart": null, "NamePart": null, "ZoneType": "Statewide", "StateAbrv": "RI", "StateName": "Rhode Island", "ProjAbrv": "TM", "ProjType": "Transverse Mercator", "LatOrigin": "40°45'N", "LonOriginE": "288°33'E", "LonOriginW": "71°27'W", "Lat0_deg": 40.75, "Lon0_E_deg": 288.55, "Lon0_W_deg": -71.45, "ProjScale": 1.0, "SkewAz_deg": -9999, "FalseN_m": 0.0, "FalseE_m": 190500.0, "FalseN_ift": 0.0, "FalseE_ift": 625000.0, "DesignBy": "NGS", "Ref_frame": "NATRF2022" }, "geometry": { "type": "MultiPolygon", "coordinates": [ [ [ [ -71.6788, 41.1589 ], [ -71.66834, 41.12824 ], [ -71.6303, 41.10345 ], [ -71.61167, 41.0974 ], [ -71.5693, 41.09717 ], [ -71.52816, 41.1031 ], [ -71.49143, 41.12509 ], [ -71.47692, 41.16815 ], [ -71.48984, 41.19469 ], [ -71.48458, 41.21748 ], [ -71.49219, 41.24087 ], [ -71.51635, 41.27154 ], [ -71.55757, 41.29401 ], [ -71.59159, 41.28931 ], [ -71.6245, 41.27412 ], [ -71.64084, 41.25009 ], [ -71.64301, 41.23131 ], [ -71.67049, 41.19449 ], [ -71.6788, 41.1589 ] ] ], [ [ [ -71.08857, 41.43131 ], [ -71.12111, 41.49278 ], [ -71.13162, 41.59371 ], [ -71.1403, 41.60484 ], [ -71.13255, 41.66035 ], [ -71.19548, 41.67508 ], [ -71.26106, 41.75207 ], [ -71.32847, 41.78068 ], [ -71.34754, 41.82324 ], [ -71.33404, 41.86259 ], [ -71.33878, 41.89858 ], [ -71.38146, 41.89354 ], [ -71.3814, 42.01879 ], [ -71.49826, 42.01726 ], [ -71.52757, 42.01509 ], [ -71.79918, 42.00804 ], [ -71.79788, 41.931 ], [ -71.78724, 41.65606 ], [ -71.79774, 41.41682 ], [ -71.82033, 41.41937 ], [ -71.84203, 41.4107 ], [ -71.83259, 41.38638 ], [ -71.83763, 41.36549 ], [ -71.82936, 41.34242 ], [ -71.85745, 41.32078 ], [ -71.89206, 41.33007 ], [ -71.90725, 41.30447 ], [ -71.79097, 41.18409 ], [ -71.79148, 41.27216 ], [ -71.73956, 41.27544 ], [ -71.67259, 41.28907 ], [ -71.65956, 41.29664 ], [ -71.57525, 41.32095 ], [ -71.52659, 41.30879 ], [ -71.4948, 41.30735 ], [ -71.37449, 41.339 ], [ -71.24996, 41.3777 ], [ -71.12459, 41.41146 ], [ -71.08857, 41.43131 ] ] ] ] } },
{ "type": "Feature", "properties": { "fid": 41, "ZoneCode": "450001", "AbrvFull": "SC", "NameFull": "South Carolina", "ZoneNum": 1, "AbrvPart": null, "NamePart": null, "ZoneType": "Statewide", "StateAbrv": "SC", "StateName": "South Carolina", "ProjAbrv": "LC1", "ProjType": "Lambert Conformal Conic, one parallel", "LatOrigin": "33°36'N", "LonOriginE": "279°00'E", "LonOriginW": "81°00'W", "Lat0_deg": 33.6, "Lon0_E_deg": 279.0, "Lon0_W_deg": -81.0, "ProjScale": 0.99986, "SkewAz_deg": -9999, "FalseN_m": 342900.0, "FalseE_m": 762000.0, "FalseN_ift": 1125000.0, "FalseE_ift": 2500000.0, "DesignBy": "NGS", "Ref_frame": "NATRF2022" }, "geometry": { "type": "Polygon", "coordinates": [ [ [ -78.4993, 33.81284 ], [ -78.54108, 33.85111 ], [ -78.73483, 34.01602 ], [ -79.24906, 34.44937 ], [ -79.39084, 34.57328 ], [ -79.67649, 34.80506 ], [ -79.93125, 34.8067 ], [ -80.21378, 34.81249 ], [ -80.472, 34.81659 ], [ -80.79748, 34.8198 ], [ -80.78192, 34.93584 ], [ -80.89321, 35.06273 ], [ -80.93473, 35.10731 ], [ -81.04149, 35.04471 ], [ -81.05767, 35.06186 ], [ -81.05698, 35.08644 ], [ -81.0336, 35.10569 ], [ -81.03876, 35.12544 ], [ -81.05188, 35.13449 ], [ -81.03426, 35.14925 ], [ -81.14751, 35.15595 ], [ -81.30954, 35.16293 ], [ -81.76336, 35.18048 ], [ -82.16141, 35.19341 ], [ -82.29107, 35.20008 ], [ -82.3231, 35.18517 ], [ -82.35964, 35.19248 ], [ -82.36924, 35.18064 ], [ -82.38081, 35.18745 ], [ -82.38392, 35.21084 ], [ -82.41915, 35.19941 ], [ -82.4346, 35.16797 ], [ -82.45731, 35.16392 ], [ -82.45993, 35.178 ], [ -82.48632, 35.17417 ], [ -82.53591, 35.15447 ], [ -82.54588, 35.16421 ], [ -82.56808, 35.1457 ], [ -82.61171, 35.13999 ], [ -82.62759, 35.12634 ], [ -82.67513, 35.11802 ], [ -82.68727, 35.12529 ], [ -82.69853, 35.09532 ], [ -82.72775, 35.09416 ], [ -82.75651, 35.06735 ], [ -82.78173, 35.0653 ], [ -82.78374, 35.08554 ], [ -83.10856, 35.00135 ], [ -83.10861, 35.00065 ], [ -83.09882, 34.99195 ], [ -83.12677, 34.95472 ], [ -83.11175, 34.93496 ], [ -83.12691, 34.93856 ], [ -83.14151, 34.92451 ], [ -83.15896, 34.92913 ], [ -83.20625, 34.87967 ], [ -83.2432, 34.87706 ], [ -83.25098, 34.84433 ], [ -83.26719, 34.84846 ], [ -83.27053, 34.81886 ], [ -83.28864, 34.82467 ], [ -83.30297, 34.8023 ], [ -83.32414, 34.78747 ], [ -83.31902, 34.77109 ], [ -83.3263, 34.75083 ], [ -83.34907, 34.73663 ], [ -83.35269, 34.7169 ], [ -83.33889, 34.68003 ], [ -83.30463, 34.66955 ], [ -83.29318, 34.65429 ], [ -83.25527, 34.63769 ], [ -83.24337, 34.61799 ], [ -83.19737, 34.60319 ], [ -83.17257, 34.60779 ], [ -83.14317, 34.57339 ], [ -83.12637, 34.56189 ], [ -83.10304, 34.53296 ], [ -83.0779, 34.52377 ], [ -83.08677, 34.51576 ], [ -83.05869, 34.50358 ], [ -83.03456, 34.48356 ], [ -82.99919, 34.47244 ], [ -82.99068, 34.47996 ], [ -82.92591, 34.48152 ], [ -82.90155, 34.48676 ], [ -82.86439, 34.45978 ], [ -82.83597, 34.3809 ], [ -82.83357, 34.36409 ], [ -82.7943, 34.34012 ], [ -82.78212, 34.29827 ], [ -82.74681, 34.26658 ], [ -82.74058, 34.20726 ], [ -82.71745, 34.15054 ], [ -82.67521, 34.12977 ], [ -82.65872, 34.10377 ], [ -82.64016, 34.08732 ], [ -82.64552, 34.07606 ], [ -82.6279, 34.06418 ], [ -82.59388, 34.0281 ], [ -82.59531, 34.01522 ], [ -82.57533, 33.99055 ], [ -82.57955, 33.97968 ], [ -82.55676, 33.94532 ], [ -82.52451, 33.94335 ], [ -82.49481, 33.91171 ], [ -82.4551, 33.88164 ], [ -82.4228, 33.86375 ], [ -82.40835, 33.86631 ], [ -82.3691, 33.84237 ], [ -82.34693, 33.83429 ], [ -82.30021, 33.80062 ], [ -82.29939, 33.78503 ], [ -82.24747, 33.75258 ], [ -82.23431, 33.69983 ], [ -82.20016, 33.66201 ], [ -82.19658, 33.63058 ], [ -82.17435, 33.61311 ], [ -82.15833, 33.6097 ], [ -82.13352, 33.59053 ], [ -82.10623, 33.59563 ], [ -82.09201, 33.58186 ], [ -82.04633, 33.56382 ], [ -82.00982, 33.53031 ], [ -81.98593, 33.48653 ], [ -81.93413, 33.46833 ], [ -81.91312, 33.43833 ], [ -81.93138, 33.42847 ], [ -81.91022, 33.41456 ], [ -81.94447, 33.40367 ], [ -81.92497, 33.37513 ], [ -81.94613, 33.37093 ], [ -81.90612, 33.32161 ], [ -81.90095, 33.33544 ], [ -81.88143, 33.30284 ], [ -81.86653, 33.31374 ], [ -81.84603, 33.30484 ], [ -81.86333, 33.28984 ], [ -81.84653, 33.28444 ], [ -81.83573, 33.26264 ], [ -81.85282, 33.24854 ], [ -81.80523, 33.21143 ], [ -81.76793, 33.21634 ], [ -81.75693, 33.19784 ], [ -81.76773, 33.18464 ], [ -81.76273, 33.15884 ], [ -81.74383, 33.14144 ], [ -81.70463, 33.11644 ], [ -81.67943, 33.11174 ], [ -81.64543, 33.09404 ], [ -81.61499, 33.09554 ], [ -81.60329, 33.07508 ], [ -81.57833, 33.05893 ], [ -81.51058, 33.0258 ], [ -81.49189, 33.00669 ], [ -81.49876, 33.00015 ], [ -81.49982, 32.96381 ], [ -81.51115, 32.96798 ], [ -81.50271, 32.93868 ], [ -81.48319, 32.9218 ], [ -81.47944, 32.88108 ], [ -81.45135, 32.86858 ], [ -81.45706, 32.85038 ], [ -81.42647, 32.84077 ], [ -81.42061, 32.83122 ], [ -81.42814, 32.80152 ], [ -81.42333, 32.77851 ], [ -81.43193, 32.7689 ], [ -81.41183, 32.76214 ], [ -81.40586, 32.74914 ], [ -81.41854, 32.73258 ], [ -81.41667, 32.71228 ], [ -81.42708, 32.70103 ], [ -81.41054, 32.69251 ], [ -81.39303, 32.65154 ], [ -81.41865, 32.62939 ], [ -81.37888, 32.58891 ], [ -81.35803, 32.5822 ], [ -81.35592, 32.5716 ], [ -81.31912, 32.55959 ], [ -81.28986, 32.56208 ], [ -81.2749, 32.54475 ], [ -81.27951, 32.53622 ], [ -81.25106, 32.5178 ], [ -81.23341, 32.51796 ], [ -81.23311, 32.49806 ], [ -81.2004, 32.46831 ], [ -81.1886, 32.4653 ], [ -81.20847, 32.43618 ], [ -81.20557, 32.42389 ], [ -81.17828, 32.39298 ], [ -81.17379, 32.36268 ], [ -81.14132, 32.35008 ], [ -81.13162, 32.33573 ], [ -81.133, 32.30851 ], [ -81.12263, 32.30698 ], [ -81.11978, 32.28636 ], [ -81.14643, 32.26317 ], [ -81.15576, 32.24579 ], [ -81.11823, 32.1892 ], [ -81.12975, 32.16583 ], [ -81.11733, 32.1462 ], [ -81.11722, 32.1176 ], [ -81.09551, 32.11189 ], [ -81.08826, 32.09992 ], [ -81.03812, 32.08373 ], [ -81.0043, 32.10236 ], [ -80.9835, 32.07954 ], [ -80.95403, 32.07028 ], [ -80.92508, 32.04193 ], [ -80.89027, 32.03555 ], [ -80.85023, 32.04141 ], [ -80.81557, 32.02991 ], [ -80.78295, 31.99595 ], [ -80.78069, 32.01136 ], [ -80.75202, 32.03255 ], [ -80.74167, 32.06437 ], [ -80.7482, 32.08448 ], [ -80.70522, 32.10518 ], [ -80.66471, 32.1426 ], [ -80.63695, 32.14427 ], [ -80.60845, 32.16229 ], [ -80.58498, 32.16258 ], [ -80.54893, 32.19205 ], [ -80.54454, 32.21121 ], [ -80.52382, 32.23459 ], [ -80.45933, 32.26221 ], [ -80.43154, 32.26138 ], [ -80.39232, 32.28031 ], [ -80.37283, 32.3134 ], [ -80.37482, 32.34245 ], [ -80.35746, 32.35053 ], [ -80.33671, 32.38075 ], [ -80.30616, 32.39709 ], [ -80.29407, 32.41851 ], [ -80.26364, 32.42957 ], [ -80.24982, 32.4449 ], [ -80.24307, 32.47244 ], [ -80.19883, 32.49623 ], [ -80.16695, 32.49108 ], [ -80.12145, 32.49919 ], [ -80.09499, 32.52386 ], [ -80.08887, 32.54902 ], [ -80.03077, 32.55995 ], [ -80.00572, 32.55438 ], [ -79.979, 32.55807 ], [ -79.91834, 32.60726 ], [ -79.85506, 32.63638 ], [ -79.82805, 32.66477 ], [ -79.79825, 32.67563 ], [ -79.76659, 32.71153 ], [ -79.76007, 32.73825 ], [ -79.69189, 32.75923 ], [ -79.66225, 32.78311 ], [ -79.63782, 32.81637 ], [ -79.61227, 32.82296 ], [ -79.58539, 32.85085 ], [ -79.53468, 32.87001 ], [ -79.49594, 32.93157 ], [ -79.45937, 32.9405 ], [ -79.44018, 32.95891 ], [ -79.41524, 32.95085 ], [ -79.37129, 32.94571 ], [ -79.32225, 32.95607 ], [ -79.30231, 32.98004 ], [ -79.2995, 33.00016 ], [ -79.27898, 33.02845 ], [ -79.27337, 33.04655 ], [ -79.24196, 33.06117 ], [ -79.21553, 33.06424 ], [ -79.18515, 33.09285 ], [ -79.18087, 33.10752 ], [ -79.14051, 33.13961 ], [ -79.11586, 33.14327 ], [ -79.09161, 33.15905 ], [ -79.0776, 33.18865 ], [ -79.08658, 33.2153 ], [ -79.12021, 33.24693 ], [ -79.10892, 33.28315 ], [ -79.09331, 33.30495 ], [ -79.08758, 33.36928 ], [ -79.07123, 33.40096 ], [ -79.03449, 33.45683 ], [ -78.99303, 33.48898 ], [ -78.95699, 33.53871 ], [ -78.88741, 33.61197 ], [ -78.82205, 33.67023 ], [ -78.77241, 33.70796 ], [ -78.69138, 33.75528 ], [ -78.63572, 33.77667 ], [ -78.56484, 33.79661 ], [ -78.53319, 33.79948 ], [ -78.4993, 33.81284 ] ] ] } },
{ "type": "Feature", "properties": { "fid": 42, "ZoneCode": "460001", "AbrvFull": "SD", "NameFull": "South Dakota", "ZoneNum": 1, "AbrvPart": null, "NamePart": null, "ZoneType": "Statewide", "StateAbrv": "SD", "StateName": "South Dakota", "ProjAbrv": "LC1", "ProjType": "Lambert Conformal Conic, one parallel", "LatOrigin": "44°15'N", "LonOriginE": "259°45'E", "LonOriginW": "100°15'W", "Lat0_deg": 44.25, "Lon0_E_deg": 259.75, "Lon0_W_deg": -100.25, "ProjScale": 0.99996, "SkewAz_deg": -9999, "FalseN_m": 342900.0, "FalseE_m": 876300.0, "FalseN_ift": 1125000.0, "FalseE_ift": 2875000.0, "DesignBy": "NGS", "Ref_frame": "NATRF2022" }, "geometry": { "type": "Polygon", "coordinates": [ [ [ -96.56366, 45.93524 ], [ -96.71615, 45.93597 ], [ -97.16869, 45.93564 ], [ -97.43087, 45.93599 ], [ -97.48253, 45.93508 ], [ -98.41431, 45.93649 ], [ -98.70435, 45.93864 ], [ -99.04725, 45.93991 ], [ -99.76062, 45.9408 ], [ -100.30815, 45.94325 ], [ -100.72182, 45.94401 ], [ -101.04112, 45.94345 ], [ -101.10722, 45.94406 ], [ -101.78609, 45.94433 ], [ -102.64219, 45.9452 ], [ -102.94206, 45.94499 ], [ -103.5573, 45.94536 ], [ -104.04553, 45.9453 ], [ -104.04258, 45.74994 ], [ -104.0408, 45.4626 ], [ -104.03968, 44.99806 ], [ -104.05787, 44.9976 ], [ -104.0559, 44.87498 ], [ -104.056, 44.59158 ], [ -104.05538, 44.24998 ], [ -104.05447, 44.18037 ], [ -104.05547, 43.85347 ], [ -104.05478, 43.41641 ], [ -104.05301, 43.00058 ], [ -103.65267, 43.0014 ], [ -103.60338, 43.00061 ], [ -103.08427, 43.00078 ], [ -102.86788, 42.99997 ], [ -102.12541, 42.99919 ], [ -101.86275, 42.99937 ], [ -101.71201, 42.99652 ], [ -101.14079, 42.99789 ], [ -100.61394, 42.99819 ], [ -100.51557, 42.99933 ], [ -100.03419, 42.99814 ], [ -99.63592, 42.99783 ], [ -98.49854, 42.99855 ], [ -98.49047, 42.97794 ], [ -98.46734, 42.94755 ], [ -98.43973, 42.92819 ], [ -98.42073, 42.93192 ], [ -98.3424, 42.90084 ], [ -98.32585, 42.88649 ], [ -98.28, 42.87499 ], [ -98.25826, 42.87438 ], [ -98.21981, 42.85315 ], [ -98.1711, 42.83711 ], [ -98.1471, 42.83962 ], [ -98.12921, 42.82105 ], [ -98.06299, 42.78099 ], [ -98.06035, 42.77333 ], [ -98.01306, 42.76221 ], [ -97.94718, 42.7707 ], [ -97.90505, 42.79879 ], [ -97.88864, 42.81717 ], [ -97.87552, 42.85865 ], [ -97.83138, 42.86895 ], [ -97.77437, 42.84973 ], [ -97.68647, 42.84221 ], [ -97.64679, 42.84737 ], [ -97.60375, 42.85832 ], [ -97.56192, 42.84755 ], [ -97.50484, 42.85847 ], [ -97.48374, 42.85024 ], [ -97.4391, 42.8471 ], [ -97.41705, 42.86591 ], [ -97.37668, 42.86519 ], [ -97.36177, 42.85512 ], [ -97.34117, 42.85588 ], [ -97.30667, 42.8676 ], [ -97.28985, 42.85549 ], [ -97.24854, 42.85538 ], [ -97.21803, 42.84511 ], [ -97.21265, 42.81206 ], [ -97.20042, 42.80548 ], [ -97.15075, 42.79556 ], [ -97.13025, 42.77153 ], [ -97.07184, 42.7723 ], [ -97.02838, 42.76304 ], [ -96.97911, 42.76008 ], [ -96.96174, 42.74167 ], [ -96.96352, 42.72064 ], [ -96.93758, 42.71959 ], [ -96.90791, 42.73385 ], [ -96.8062, 42.70415 ], [ -96.80217, 42.67223 ], [ -96.76405, 42.66198 ], [ -96.72802, 42.66687 ], [ -96.69763, 42.65913 ], [ -96.68907, 42.64407 ], [ -96.70728, 42.62531 ], [ -96.71099, 42.60812 ], [ -96.68699, 42.57922 ], [ -96.63802, 42.55195 ], [ -96.62595, 42.51357 ], [ -96.60346, 42.50445 ], [ -96.55776, 42.52037 ], [ -96.52508, 42.51018 ], [ -96.50131, 42.48274 ], [ -96.47557, 42.48019 ], [ -96.44547, 42.49062 ], [ -96.47636, 42.49004 ], [ -96.47332, 42.50353 ], [ -96.49356, 42.51562 ], [ -96.47994, 42.52424 ], [ -96.47695, 42.55596 ], [ -96.49725, 42.55697 ], [ -96.48613, 42.57314 ], [ -96.49601, 42.58037 ], [ -96.51513, 42.62822 ], [ -96.53799, 42.6469 ], [ -96.53796, 42.65597 ], [ -96.60942, 42.70241 ], [ -96.61918, 42.6998 ], [ -96.62468, 42.72562 ], [ -96.63874, 42.73749 ], [ -96.62559, 42.75443 ], [ -96.63648, 42.76485 ], [ -96.61984, 42.78378 ], [ -96.605, 42.783 ], [ -96.57441, 42.83797 ], [ -96.56303, 42.82829 ], [ -96.55602, 42.84876 ], [ -96.54482, 42.85019 ], [ -96.5364, 42.9231 ], [ -96.49897, 42.95776 ], [ -96.52081, 42.97992 ], [ -96.49197, 43.01019 ], [ -96.51394, 43.03007 ], [ -96.51084, 43.04976 ], [ -96.48919, 43.05149 ], [ -96.46073, 43.06433 ], [ -96.46266, 43.08965 ], [ -96.43656, 43.11981 ], [ -96.45059, 43.14251 ], [ -96.46954, 43.15835 ], [ -96.47672, 43.22198 ], [ -96.5214, 43.21849 ], [ -96.55527, 43.22666 ], [ -96.5714, 43.23907 ], [ -96.54952, 43.24836 ], [ -96.58651, 43.27371 ], [ -96.57453, 43.29906 ], [ -96.55307, 43.29283 ], [ -96.53068, 43.29971 ], [ -96.52451, 43.31206 ], [ -96.53318, 43.32871 ], [ -96.52436, 43.34713 ], [ -96.53095, 43.36843 ], [ -96.52134, 43.37569 ], [ -96.52523, 43.39606 ], [ -96.54558, 43.39743 ], [ -96.56825, 43.4169 ], [ -96.57432, 43.43111 ], [ -96.59313, 43.43304 ], [ -96.60254, 43.44924 ], [ -96.58239, 43.46673 ], [ -96.58485, 43.48968 ], [ -96.59918, 43.50045 ], [ -96.45325, 43.50038 ], [ -96.45339, 44.02542 ], [ -96.45226, 44.30211 ], [ -96.45143, 44.80635 ], [ -96.45309, 45.30074 ], [ -96.48905, 45.35706 ], [ -96.52178, 45.37564 ], [ -96.54596, 45.38104 ], [ -96.61974, 45.40888 ], [ -96.68044, 45.41049 ], [ -96.69737, 45.4215 ], [ -96.73138, 45.45701 ], [ -96.76342, 45.52 ], [ -96.85682, 45.60537 ], [ -96.83864, 45.6475 ], [ -96.7593, 45.68874 ], [ -96.75034, 45.69877 ], [ -96.67265, 45.73233 ], [ -96.65221, 45.7468 ], [ -96.63921, 45.77209 ], [ -96.58307, 45.82002 ], [ -96.57451, 45.84404 ], [ -96.56366, 45.93524 ] ] ] } },
{ "type": "Feature", "properties": { "fid": 43, "ZoneCode": "470001", "AbrvFull": "TN", "NameFull": "Tennessee", "ZoneNum": 1, "AbrvPart": null, "NamePart": null, "ZoneType": "Statewide", "StateAbrv": "TN", "StateName": "Tennessee", "ProjAbrv": "LC1", "ProjType": "Lambert Conformal Conic, one parallel", "LatOrigin": "35°50'N", "LonOriginE": "274°00'E", "LonOriginW": "86°00'W", "Lat0_deg": 35.833333333299997, "Lon0_E_deg": 274.0, "Lon0_W_deg": -86.0, "ProjScale": 0.99999, "SkewAz_deg": -9999, "FalseN_m": 266700.0, "FalseE_m": 800100.0, "FalseN_ift": 875000.0, "FalseE_ift": 2625000.0, "DesignBy": "NGS", "Ref_frame": "NATRF2022" }, "geometry": { "type": "Polygon", "coordinates": [ [ [ -83.67539, 36.60078 ], [ -83.69078, 36.58259 ], [ -83.87403, 36.58593 ], [ -83.99994, 36.58985 ], [ -84.10215, 36.59131 ], [ -84.27154, 36.5917 ], [ -84.40654, 36.59535 ], [ -84.54047, 36.5963 ], [ -84.68544, 36.60136 ], [ -84.83003, 36.60453 ], [ -84.99163, 36.61703 ], [ -85.10923, 36.62288 ], [ -85.27686, 36.62682 ], [ -85.30041, 36.62444 ], [ -85.5015, 36.61485 ], [ -85.83242, 36.62209 ], [ -86.02481, 36.63029 ], [ -86.2931, 36.64529 ], [ -86.33212, 36.64869 ], [ -86.50777, 36.65237 ], [ -86.5639, 36.63355 ], [ -86.5899, 36.65244 ], [ -86.7342, 36.64889 ], [ -86.90105, 36.64648 ], [ -87.07048, 36.64272 ], [ -87.33597, 36.64165 ], [ -87.64774, 36.63802 ], [ -87.85331, 36.63315 ], [ -87.84954, 36.66369 ], [ -88.0122, 36.67718 ], [ -88.07053, 36.67825 ], [ -88.04485, 36.60306 ], [ -88.03267, 36.53698 ], [ -88.03982, 36.50943 ], [ -88.05329, 36.49705 ], [ -88.18324, 36.49943 ], [ -88.77157, 36.50272 ], [ -88.95974, 36.50207 ], [ -89.13705, 36.50393 ], [ -89.30101, 36.50723 ], [ -89.41727, 36.499 ], [ -89.45351, 36.46178 ], [ -89.47663, 36.45839 ], [ -89.49411, 36.47626 ], [ -89.48542, 36.49748 ], [ -89.53922, 36.49793 ], [ -89.52063, 36.47866 ], [ -89.52727, 36.45154 ], [ -89.5434, 36.43876 ], [ -89.54233, 36.4201 ], [ -89.50971, 36.37362 ], [ -89.51899, 36.34859 ], [ -89.53181, 36.33924 ], [ -89.61068, 36.34044 ], [ -89.62025, 36.323 ], [ -89.61181, 36.30908 ], [ -89.57848, 36.28831 ], [ -89.53643, 36.27282 ], [ -89.53467, 36.25276 ], [ -89.56412, 36.25047 ], [ -89.58732, 36.23948 ], [ -89.61114, 36.23926 ], [ -89.6514, 36.25068 ], [ -89.69523, 36.25276 ], [ -89.70524, 36.23656 ], [ -89.69262, 36.22495 ], [ -89.607, 36.17117 ], [ -89.5922, 36.15011 ], [ -89.59306, 36.12969 ], [ -89.6283, 36.10685 ], [ -89.66659, 36.0958 ], [ -89.68002, 36.08249 ], [ -89.68725, 36.03404 ], [ -89.70692, 36.00097 ], [ -89.73305, 36.0008 ], [ -89.714, 35.95981 ], [ -89.65026, 35.92766 ], [ -89.64099, 35.90355 ], [ -89.64561, 35.88583 ], [ -89.67637, 35.87669 ], [ -89.71634, 35.90705 ], [ -89.74454, 35.91069 ], [ -89.76523, 35.8931 ], [ -89.77426, 35.87081 ], [ -89.76791, 35.86001 ], [ -89.6947, 35.83476 ], [ -89.69649, 35.82058 ], [ -89.72816, 35.80269 ], [ -89.75669, 35.81001 ], [ -89.78165, 35.80522 ], [ -89.79956, 35.78832 ], [ -89.79894, 35.75935 ], [ -89.83871, 35.74212 ], [ -89.85235, 35.75542 ], [ -89.89283, 35.75058 ], [ -89.90745, 35.75928 ], [ -89.93868, 35.74347 ], [ -89.95879, 35.72558 ], [ -89.95583, 35.69039 ], [ -89.93446, 35.66494 ], [ -89.90857, 35.65173 ], [ -89.85831, 35.66872 ], [ -89.85072, 35.65073 ], [ -89.8561, 35.63501 ], [ -89.89025, 35.61641 ], [ -89.91127, 35.61759 ], [ -89.95658, 35.59062 ], [ -89.94224, 35.55714 ], [ -89.91418, 35.5496 ], [ -89.904, 35.53531 ], [ -89.90893, 35.51423 ], [ -89.92653, 35.5116 ], [ -89.95874, 35.52383 ], [ -89.95971, 35.54266 ], [ -89.98966, 35.56021 ], [ -90.02358, 35.55636 ], [ -90.03987, 35.54741 ], [ -90.0502, 35.51638 ], [ -90.03602, 35.48355 ], [ -90.0072, 35.45424 ], [ -90.00266, 35.42998 ], [ -90.04808, 35.41173 ], [ -90.05431, 35.38927 ], [ -90.06952, 35.40813 ], [ -90.06201, 35.41517 ], [ -90.07412, 35.43956 ], [ -90.06723, 35.46094 ], [ -90.079, 35.47687 ], [ -90.10783, 35.47683 ], [ -90.12943, 35.44211 ], [ -90.16887, 35.42187 ], [ -90.17933, 35.38531 ], [ -90.16527, 35.37398 ], [ -90.13567, 35.37669 ], [ -90.14535, 35.39259 ], [ -90.14074, 35.40944 ], [ -90.11456, 35.41125 ], [ -90.08086, 35.386 ], [ -90.07825, 35.37492 ], [ -90.09617, 35.34885 ], [ -90.10996, 35.30498 ], [ -90.16205, 35.29825 ], [ -90.16891, 35.2797 ], [ -90.15526, 35.25897 ], [ -90.13971, 35.25229 ], [ -90.11645, 35.25586 ], [ -90.09433, 35.24878 ], [ -90.07615, 35.22147 ], [ -90.09724, 35.19482 ], [ -90.11615, 35.19846 ], [ -90.11645, 35.18626 ], [ -90.09809, 35.169 ], [ -90.06823, 35.15566 ], [ -90.06654, 35.13684 ], [ -90.08966, 35.11805 ], [ -90.14085, 35.1329 ], [ -90.16735, 35.12358 ], [ -90.18137, 35.09401 ], [ -90.17524, 35.07355 ], [ -90.18115, 35.05394 ], [ -90.20699, 35.02584 ], [ -90.26435, 35.04029 ], [ -90.29696, 35.03817 ], [ -90.30992, 35.00788 ], [ -90.30835, 34.99569 ], [ -89.87836, 34.99432 ], [ -89.61797, 34.99521 ], [ -89.48669, 34.99397 ], [ -88.92523, 34.99484 ], [ -88.46406, 34.99609 ], [ -88.20006, 34.99563 ], [ -88.20295, 35.00802 ], [ -88.00002, 35.00594 ], [ -87.8678, 35.00568 ], [ -87.66225, 35.00353 ], [ -87.42996, 35.00278 ], [ -87.30361, 35.00097 ], [ -86.8363, 34.99189 ], [ -86.70313, 34.99212 ], [ -86.46793, 34.99048 ], [ -86.37431, 34.99169 ], [ -86.24801, 34.99041 ], [ -85.82402, 34.98812 ], [ -85.60516, 34.98467 ], [ -85.4665, 34.98296 ], [ -84.95277, 34.98794 ], [ -84.32181, 34.9884 ], [ -84.29021, 35.22543 ], [ -84.24299, 35.2532 ], [ -84.22748, 35.26792 ], [ -84.21139, 35.26561 ], [ -84.19921, 35.24366 ], [ -84.12521, 35.24986 ], [ -84.0975, 35.24759 ], [ -84.08085, 35.26124 ], [ -84.05559, 35.26849 ], [ -84.02149, 35.30108 ], [ -84.03582, 35.31579 ], [ -84.02928, 35.33325 ], [ -84.03838, 35.35092 ], [ -84.02371, 35.35408 ], [ -84.00739, 35.37164 ], [ -84.00829, 35.38972 ], [ -84.02305, 35.41193 ], [ -84.00168, 35.42302 ], [ -83.99177, 35.44067 ], [ -83.96107, 35.46413 ], [ -83.91187, 35.47606 ], [ -83.90146, 35.49654 ], [ -83.88031, 35.51877 ], [ -83.82556, 35.5243 ], [ -83.77058, 35.56174 ], [ -83.72253, 35.56235 ], [ -83.69504, 35.57023 ], [ -83.62946, 35.56816 ], [ -83.60849, 35.58 ], [ -83.58437, 35.56269 ], [ -83.52197, 35.56559 ], [ -83.49854, 35.56288 ], [ -83.44567, 35.61174 ], [ -83.42203, 35.61104 ], [ -83.3677, 35.63795 ], [ -83.35098, 35.66044 ], [ -83.33465, 35.66565 ], [ -83.31237, 35.6547 ], [ -83.25443, 35.6953 ], [ -83.25414, 35.71753 ], [ -83.24082, 35.72685 ], [ -83.20083, 35.72505 ], [ -83.18513, 35.73075 ], [ -83.16505, 35.7595 ], [ -83.09675, 35.77634 ], [ -83.07874, 35.78958 ], [ -83.03648, 35.78748 ], [ -82.99584, 35.77308 ], [ -82.96281, 35.79564 ], [ -82.93406, 35.83665 ], [ -82.91656, 35.84148 ], [ -82.92082, 35.86817 ], [ -82.89677, 35.87825 ], [ -82.91436, 35.91522 ], [ -82.89904, 35.92961 ], [ -82.89818, 35.94522 ], [ -82.87449, 35.95276 ], [ -82.85202, 35.94932 ], [ -82.82194, 35.92182 ], [ -82.78734, 35.95249 ], [ -82.77503, 35.97196 ], [ -82.78568, 35.97783 ], [ -82.77566, 36.00106 ], [ -82.75444, 36.00438 ], [ -82.68958, 36.03815 ], [ -82.68407, 36.04579 ], [ -82.63722, 36.06581 ], [ -82.61854, 36.04714 ], [ -82.59099, 36.03157 ], [ -82.61382, 36.00491 ], [ -82.60441, 35.98746 ], [ -82.6107, 35.9672 ], [ -82.58046, 35.96524 ], [ -82.55858, 35.95388 ], [ -82.54997, 35.96383 ], [ -82.50518, 35.97754 ], [ -82.46058, 36.00772 ], [ -82.41019, 36.08254 ], [ -82.35568, 36.11513 ], [ -82.33648, 36.11462 ], [ -82.28857, 36.13572 ], [ -82.26392, 36.12729 ], [ -82.24538, 36.13119 ], [ -82.21389, 36.15903 ], [ -82.18351, 36.14382 ], [ -82.14858, 36.14985 ], [ -82.12839, 36.10401 ], [ -82.08002, 36.10643 ], [ -82.05401, 36.12667 ], [ -82.03383, 36.12047 ], [ -81.90816, 36.30196 ], [ -81.87685, 36.31563 ], [ -81.84119, 36.34335 ], [ -81.79308, 36.3624 ], [ -81.79013, 36.34884 ], [ -81.76495, 36.33871 ], [ -81.7362, 36.3429 ], [ -81.70747, 36.33522 ], [ -81.73468, 36.37984 ], [ -81.74159, 36.41258 ], [ -81.72087, 36.42246 ], [ -81.71542, 36.45763 ], [ -81.6946, 36.47336 ], [ -81.69713, 36.50603 ], [ -81.70787, 36.536 ], [ -81.69979, 36.53672 ], [ -81.69012, 36.56871 ], [ -81.6773, 36.57049 ], [ -81.67748, 36.58813 ], [ -81.64689, 36.61191 ], [ -81.73693, 36.61237 ], [ -81.92264, 36.61621 ], [ -81.93414, 36.59421 ], [ -82.17378, 36.5946 ], [ -82.21419, 36.59584 ], [ -82.46657, 36.59447 ], [ -82.48723, 36.59581 ], [ -82.6226, 36.59379 ], [ -82.88794, 36.59345 ], [ -83.26109, 36.59388 ], [ -83.27629, 36.59818 ], [ -83.4999, 36.59723 ], [ -83.62206, 36.59798 ], [ -83.67539, 36.60078 ] ] ] } },
{ "type": "Feature", "properties": { "fid": 44, "ZoneCode": "480001", "AbrvFull": "TX", "NameFull": "Texas", "ZoneNum": 1, "AbrvPart": null, "NamePart": null, "ZoneType": "Statewide", "StateAbrv": "TX", "StateName": "Texas", "ProjAbrv": "LC1", "ProjType": "Lambert Conformal Conic, one parallel", "LatOrigin": "31°12'N", "LonOriginE": "260°00'E", "LonOriginW": "100°00'W", "Lat0_deg": 31.2, "Lon0_E_deg": 260.0, "Lon0_W_deg": -100.0, "ProjScale": 0.998, "SkewAz_deg": -9999, "FalseN_m": 723900.0, "FalseE_m": 2057400.0, "FalseN_ift": 2375000.0, "FalseE_ift": 6750000.0, "DesignBy": "NGS", "Ref_frame": "NATRF2022" }, "geometry": { "type": "Polygon", "coordinates": [ [ [ -94.48589, 33.63785 ], [ -94.50565, 33.62066 ], [ -94.51746, 33.63305 ], [ -94.52035, 33.61745 ], [ -94.5348, 33.62133 ], [ -94.51852, 33.63756 ], [ -94.52812, 33.64124 ], [ -94.56407, 33.62626 ], [ -94.56855, 33.63691 ], [ -94.54543, 33.64622 ], [ -94.54963, 33.66067 ], [ -94.58004, 33.64449 ], [ -94.59082, 33.64556 ], [ -94.56119, 33.6685 ], [ -94.58077, 33.66639 ], [ -94.58792, 33.68625 ], [ -94.60115, 33.66276 ], [ -94.62683, 33.68203 ], [ -94.63919, 33.66373 ], [ -94.66864, 33.66384 ], [ -94.64533, 33.67364 ], [ -94.66784, 33.6946 ], [ -94.68479, 33.68435 ], [ -94.71833, 33.68866 ], [ -94.70601, 33.70629 ], [ -94.71962, 33.70392 ], [ -94.71952, 33.68885 ], [ -94.7368, 33.69233 ], [ -94.75773, 33.71781 ], [ -94.75136, 33.73372 ], [ -94.77312, 33.72718 ], [ -94.78863, 33.73566 ], [ -94.75812, 33.75653 ], [ -94.77134, 33.76064 ], [ -94.78006, 33.74446 ], [ -94.80224, 33.73278 ], [ -94.82338, 33.76917 ], [ -94.82794, 33.74088 ], [ -94.8493, 33.73958 ], [ -94.87466, 33.74916 ], [ -94.88692, 33.76906 ], [ -94.89819, 33.76902 ], [ -94.92234, 33.79353 ], [ -94.91103, 33.81502 ], [ -94.92656, 33.82633 ], [ -94.92328, 33.80874 ], [ -94.94221, 33.80577 ], [ -94.95351, 33.81647 ], [ -94.94388, 33.83022 ], [ -94.96439, 33.83702 ], [ -94.96888, 33.86091 ], [ -94.99215, 33.85203 ], [ -95.04902, 33.86408 ], [ -95.0601, 33.90187 ], [ -95.07557, 33.90122 ], [ -95.0824, 33.87988 ], [ -95.09999, 33.89679 ], [ -95.07973, 33.90859 ], [ -95.08244, 33.92174 ], [ -95.11314, 33.90449 ], [ -95.13163, 33.91602 ], [ -95.12956, 33.93671 ], [ -95.15714, 33.93672 ], [ -95.17163, 33.94676 ], [ -95.21667, 33.96265 ], [ -95.25088, 33.93606 ], [ -95.24762, 33.91474 ], [ -95.26135, 33.88772 ], [ -95.26975, 33.91146 ], [ -95.28552, 33.90365 ], [ -95.28072, 33.87549 ], [ -95.29413, 33.87276 ], [ -95.32993, 33.88633 ], [ -95.33569, 33.87425 ], [ -95.3632, 33.86681 ], [ -95.43864, 33.86628 ], [ -95.46333, 33.87239 ], [ -95.45972, 33.88665 ], [ -95.49203, 33.87494 ], [ -95.50577, 33.87639 ], [ -95.51143, 33.89729 ], [ -95.53379, 33.88115 ], [ -95.55121, 33.88971 ], [ -95.54791, 33.90014 ], [ -95.5577, 33.93035 ], [ -95.59751, 33.94234 ], [ -95.61636, 33.92762 ], [ -95.62731, 33.9078 ], [ -95.66862, 33.90699 ], [ -95.68887, 33.88848 ], [ -95.71217, 33.88551 ], [ -95.73317, 33.89644 ], [ -95.7566, 33.89202 ], [ -95.76151, 33.87311 ], [ -95.75141, 33.86068 ], [ -95.77023, 33.8452 ], [ -95.79487, 33.85961 ], [ -95.81571, 33.85981 ], [ -95.8304, 33.83478 ], [ -95.86718, 33.85128 ], [ -95.92477, 33.88484 ], [ -95.94248, 33.86096 ], [ -95.98485, 33.85249 ], [ -95.98492, 33.8658 ], [ -96.00292, 33.87358 ], [ -95.99834, 33.85104 ], [ -96.02061, 33.84062 ], [ -96.02696, 33.85747 ], [ -96.04882, 33.83646 ], [ -96.10146, 33.8467 ], [ -96.09935, 33.83046 ], [ -96.12294, 33.83996 ], [ -96.14922, 33.83709 ], [ -96.16978, 33.76915 ], [ -96.17984, 33.75961 ], [ -96.22051, 33.74738 ], [ -96.26379, 33.76752 ], [ -96.29035, 33.77083 ], [ -96.30607, 33.7443 ], [ -96.30635, 33.72306 ], [ -96.31875, 33.69675 ], [ -96.34685, 33.68621 ], [ -96.35936, 33.68943 ], [ -96.37084, 33.71799 ], [ -96.41291, 33.75691 ], [ -96.43021, 33.77865 ], [ -96.50097, 33.7728 ], [ -96.51657, 33.78827 ], [ -96.51741, 33.80584 ], [ -96.53248, 33.82302 ], [ -96.57314, 33.81918 ], [ -96.62314, 33.84149 ], [ -96.62974, 33.85086 ], [ -96.58535, 33.88894 ], [ -96.59216, 33.89551 ], [ -96.62828, 33.89447 ], [ -96.65989, 33.91666 ], [ -96.67344, 33.91227 ], [ -96.6907, 33.84995 ], [ -96.71372, 33.83132 ], [ -96.76158, 33.8244 ], [ -96.76937, 33.82747 ], [ -96.77958, 33.85793 ], [ -96.79427, 33.86888 ], [ -96.83215, 33.87483 ], [ -96.85058, 33.84721 ], [ -96.883, 33.86801 ], [ -96.89572, 33.89641 ], [ -96.90524, 33.94721 ], [ -96.92426, 33.95915 ], [ -96.9738, 33.93569 ], [ -96.97941, 33.95617 ], [ -96.99624, 33.94266 ], [ -96.98381, 33.89318 ], [ -96.99708, 33.87101 ], [ -97.02143, 33.84637 ], [ -97.04103, 33.83761 ], [ -97.06953, 33.86036 ], [ -97.09011, 33.84396 ], [ -97.05759, 33.8365 ], [ -97.04831, 33.81726 ], [ -97.09264, 33.80419 ], [ -97.08518, 33.76473 ], [ -97.09563, 33.72922 ], [ -97.12357, 33.71704 ], [ -97.15436, 33.72409 ], [ -97.19296, 33.76078 ], [ -97.19039, 33.78115 ], [ -97.20482, 33.7999 ], [ -97.19467, 33.83119 ], [ -97.16681, 33.84039 ], [ -97.18545, 33.90069 ], [ -97.21259, 33.91589 ], [ -97.24504, 33.90321 ], [ -97.25563, 33.8637 ], [ -97.27286, 33.86167 ], [ -97.30762, 33.88801 ], [ -97.31424, 33.86698 ], [ -97.32872, 33.85543 ], [ -97.33187, 33.88448 ], [ -97.35732, 33.83136 ], [ -97.37468, 33.81855 ], [ -97.42679, 33.81864 ], [ -97.44487, 33.82404 ], [ -97.46319, 33.84308 ], [ -97.45217, 33.86895 ], [ -97.45105, 33.89167 ], [ -97.46141, 33.90522 ], [ -97.50092, 33.91953 ], [ -97.55826, 33.89709 ], [ -97.58924, 33.90392 ], [ -97.59697, 33.92022 ], [ -97.58882, 33.95188 ], [ -97.60908, 33.96809 ], [ -97.66148, 33.99081 ], [ -97.68768, 33.98717 ], [ -97.70953, 33.95488 ], [ -97.73221, 33.93668 ], [ -97.76303, 33.93414 ], [ -97.75939, 33.91881 ], [ -97.78612, 33.91342 ], [ -97.78465, 33.89063 ], [ -97.80173, 33.89514 ], [ -97.8335, 33.85809 ], [ -97.87817, 33.85053 ], [ -97.93966, 33.87944 ], [ -97.95705, 33.87876 ], [ -97.98436, 33.89802 ], [ -97.97998, 33.9114 ], [ -97.95715, 33.91445 ], [ -97.9555, 33.93818 ], [ -97.97117, 33.93712 ], [ -97.96103, 33.9511 ], [ -97.94679, 33.99089 ], [ -97.97416, 34.00671 ], [ -97.98738, 33.99982 ], [ -98.04111, 33.99345 ], [ -98.08442, 34.00289 ], [ -98.08401, 34.01436 ], [ -98.10361, 34.0292 ], [ -98.08383, 34.04171 ], [ -98.10062, 34.04998 ], [ -98.1202, 34.07212 ], [ -98.08974, 34.12821 ], [ -98.10193, 34.14682 ], [ -98.12337, 34.15453 ], [ -98.16878, 34.11426 ], [ -98.20006, 34.11678 ], [ -98.23246, 34.13464 ], [ -98.25646, 34.12948 ], [ -98.3002, 34.13457 ], [ -98.32257, 34.14971 ], [ -98.36401, 34.1571 ], [ -98.38707, 34.14091 ], [ -98.37975, 34.13117 ], [ -98.39843, 34.12845 ], [ -98.39838, 34.10456 ], [ -98.41879, 34.08265 ], [ -98.4428, 34.08314 ], [ -98.48632, 34.06259 ], [ -98.50414, 34.07228 ], [ -98.53625, 34.10734 ], [ -98.56097, 34.12392 ], [ -98.57735, 34.14909 ], [ -98.60309, 34.1605 ], [ -98.61934, 34.15666 ], [ -98.64806, 34.16444 ], [ -98.69006, 34.13315 ], [ -98.73546, 34.1352 ], [ -98.75744, 34.12471 ], [ -98.76666, 34.13683 ], [ -98.8311, 34.16215 ], [ -98.85731, 34.16109 ], [ -98.86011, 34.14991 ], [ -98.8871, 34.16825 ], [ -98.92069, 34.18343 ], [ -98.95127, 34.21218 ], [ -98.96573, 34.20146 ], [ -98.99169, 34.22142 ], [ -99.01295, 34.20319 ], [ -99.03733, 34.20644 ], [ -99.04335, 34.19824 ], [ -99.06632, 34.20842 ], [ -99.09526, 34.21184 ], [ -99.12099, 34.20184 ], [ -99.13754, 34.21934 ], [ -99.15656, 34.20716 ], [ -99.18977, 34.21435 ], [ -99.19924, 34.26079 ], [ -99.19554, 34.28128 ], [ -99.20776, 34.28382 ], [ -99.21315, 34.30847 ], [ -99.21071, 34.33733 ], [ -99.23429, 34.34045 ], [ -99.24284, 34.37267 ], [ -99.27529, 34.38613 ], [ -99.26126, 34.4035 ], [ -99.27882, 34.40026 ], [ -99.2879, 34.41402 ], [ -99.32006, 34.40926 ], [ -99.32869, 34.42238 ], [ -99.35689, 34.44208 ], [ -99.35896, 34.4558 ], [ -99.37554, 34.45878 ], [ -99.39518, 34.44202 ], [ -99.39674, 34.4172 ], [ -99.38717, 34.41084 ], [ -99.39872, 34.37583 ], [ -99.42749, 34.38513 ], [ -99.43345, 34.37022 ], [ -99.46637, 34.39589 ], [ -99.48721, 34.39795 ], [ -99.51761, 34.41449 ], [ -99.57975, 34.41692 ], [ -99.5862, 34.3874 ], [ -99.60002, 34.37468 ], [ -99.62419, 34.37357 ], [ -99.64813, 34.38231 ], [ -99.66394, 34.37367 ], [ -99.69452, 34.37821 ], [ -99.72702, 34.41055 ], [ -99.75344, 34.42085 ], [ -99.76559, 34.43748 ], [ -99.78375, 34.445 ], [ -99.8143, 34.4762 ], [ -99.81671, 34.48971 ], [ -99.85304, 34.51158 ], [ -99.88873, 34.55045 ], [ -99.9232, 34.57455 ], [ -99.95381, 34.57852 ], [ -99.971, 34.5625 ], [ -100.00027, 34.56044 ], [ -100.0004, 36.4997 ], [ -100.2767, 36.49988 ], [ -100.49519, 36.49928 ], [ -100.97382, 36.49989 ], [ -101.37543, 36.49934 ], [ -102.03232, 36.50026 ], [ -103.00235, 36.50055 ], [ -103.0417, 36.50043 ], [ -103.04085, 35.95727 ], [ -103.04251, 35.21432 ], [ -103.04268, 34.91395 ], [ -103.04386, 34.22126 ], [ -103.04364, 34.00363 ], [ -103.06461, 32.99989 ], [ -103.0645, 32.00042 ], [ -104.10097, 31.99997 ], [ -104.75454, 32.00052 ], [ -104.77209, 31.99748 ], [ -104.84773, 32.00041 ], [ -105.24518, 32.0002 ], [ -106.08288, 32.00265 ], [ -106.61847, 32.00049 ], [ -106.63952, 31.98034 ], [ -106.61956, 31.97157 ], [ -106.62211, 31.93662 ], [ -106.62973, 31.92656 ], [ -106.61285, 31.92037 ], [ -106.64005, 31.90527 ], [ -106.63067, 31.8864 ], [ -106.63591, 31.86623 ], [ -106.61478, 31.84641 ], [ -106.60168, 31.84437 ], [ -106.60529, 31.82772 ], [ -106.57723, 31.8104 ], [ -106.54713, 31.80729 ], [ -106.52804, 31.78389 ], [ -106.49054, 31.74892 ], [ -106.4732, 31.75049 ], [ -106.45142, 31.76442 ], [ -106.41728, 31.75159 ], [ -106.38106, 31.73208 ], [ -106.37402, 31.71484 ], [ -106.34955, 31.69671 ], [ -106.33471, 31.6641 ], [ -106.30793, 31.62951 ], [ -106.28013, 31.56146 ], [ -106.24484, 31.53796 ], [ -106.21961, 31.48156 ], [ -106.20011, 31.46241 ], [ -106.17238, 31.45307 ], [ -106.13228, 31.42508 ], [ -106.1101, 31.42301 ], [ -106.0753, 31.39761 ], [ -106.00691, 31.39282 ], [ -105.96927, 31.36569 ], [ -105.95353, 31.3645 ], [ -105.94751, 31.33897 ], [ -105.93157, 31.31278 ], [ -105.90862, 31.31274 ], [ -105.8951, 31.2913 ], [ -105.86928, 31.28895 ], [ -105.83474, 31.24591 ], [ -105.79428, 31.20228 ], [ -105.7833, 31.1981 ], [ -105.77402, 31.16847 ], [ -105.74127, 31.1642 ], [ -105.70839, 31.13593 ], [ -105.64883, 31.11587 ], [ -105.64267, 31.09958 ], [ -105.60643, 31.08527 ], [ -105.58498, 31.05696 ], [ -105.57738, 31.01967 ], [ -105.55721, 30.98967 ], [ -105.53266, 30.98469 ], [ -105.51557, 30.96486 ], [ -105.50229, 30.96789 ], [ -105.49897, 30.95082 ], [ -105.45141, 30.92468 ], [ -105.44183, 30.90886 ], [ -105.41379, 30.89956 ], [ -105.39362, 30.87638 ], [ -105.39588, 30.84929 ], [ -105.36203, 30.85054 ], [ -105.3514, 30.83562 ], [ -105.33915, 30.8404 ], [ -105.31905, 30.8289 ], [ -105.30614, 30.80983 ], [ -105.28979, 30.82469 ], [ -105.25793, 30.7947 ], [ -105.2151, 30.80593 ], [ -105.21168, 30.78176 ], [ -105.19599, 30.79197 ], [ -105.1743, 30.76736 ], [ -105.15611, 30.76958 ], [ -105.1615, 30.7522 ], [ -105.11828, 30.74972 ], [ -105.09817, 30.71647 ], [ -105.06822, 30.7037 ], [ -105.06247, 30.68653 ], [ -105.03195, 30.68099 ], [ -105.00778, 30.68622 ], [ -104.9861, 30.66276 ], [ -104.98382, 30.6348 ], [ -104.9714, 30.60984 ], [ -104.92992, 30.5992 ], [ -104.89904, 30.57076 ], [ -104.88769, 30.54672 ], [ -104.86021, 30.43991 ], [ -104.86129, 30.42612 ], [ -104.84762, 30.41397 ], [ -104.85939, 30.39112 ], [ -104.83743, 30.37384 ], [ -104.81641, 30.37518 ], [ -104.81139, 30.3327 ], [ -104.79725, 30.33034 ], [ -104.76143, 30.30081 ], [ -104.76015, 30.27166 ], [ -104.73371, 30.26139 ], [ -104.70624, 30.23481 ], [ -104.71032, 30.22129 ], [ -104.68706, 30.17934 ], [ -104.69657, 30.13487 ], [ -104.69437, 30.10188 ], [ -104.68582, 30.08206 ], [ -104.70724, 30.05013 ], [ -104.69566, 30.03766 ], [ -104.68065, 29.9772 ], [ -104.68519, 29.95722 ], [ -104.67317, 29.95455 ], [ -104.68326, 29.9291 ], [ -104.67486, 29.91093 ], [ -104.65715, 29.90603 ], [ -104.64586, 29.87831 ], [ -104.63392, 29.8712 ], [ -104.62224, 29.84188 ], [ -104.60952, 29.83986 ], [ -104.59508, 29.80546 ], [ -104.56592, 29.77146 ], [ -104.5691, 29.75165 ], [ -104.55005, 29.73823 ], [ -104.55166, 29.71641 ], [ -104.54382, 29.69629 ], [ -104.53061, 29.69107 ], [ -104.54419, 29.68127 ], [ -104.52497, 29.66597 ], [ -104.50765, 29.63227 ], [ -104.49799, 29.63969 ], [ -104.47732, 29.62861 ], [ -104.46674, 29.60938 ], [ -104.39891, 29.57189 ], [ -104.39487, 29.55628 ], [ -104.33819, 29.52018 ], [ -104.31106, 29.52314 ], [ -104.26216, 29.5135 ], [ -104.23499, 29.49577 ], [ -104.23069, 29.47866 ], [ -104.20891, 29.48073 ], [ -104.21116, 29.44975 ], [ -104.19463, 29.44199 ], [ -104.1694, 29.40779 ], [ -104.14115, 29.37782 ], [ -104.10686, 29.37344 ], [ -104.08225, 29.34606 ], [ -104.02021, 29.31204 ], [ -103.9758, 29.29624 ], [ -103.96805, 29.29999 ], [ -103.91888, 29.28484 ], [ -103.89859, 29.28707 ], [ -103.81336, 29.27396 ], [ -103.79935, 29.25843 ], [ -103.78279, 29.26404 ], [ -103.77506, 29.24795 ], [ -103.78202, 29.22726 ], [ -103.76958, 29.2204 ], [ -103.74325, 29.22215 ], [ -103.74253, 29.20901 ], [ -103.71855, 29.18082 ], [ -103.70372, 29.18441 ], [ -103.6567, 29.16936 ], [ -103.64755, 29.1571 ], [ -103.61123, 29.16536 ], [ -103.59627, 29.15191 ], [ -103.55686, 29.1555 ], [ -103.5232, 29.13577 ], [ -103.52384, 29.12124 ], [ -103.50092, 29.11653 ], [ -103.46993, 29.08531 ], [ -103.4701, 29.06619 ], [ -103.44992, 29.07271 ], [ -103.43131, 29.04305 ], [ -103.38773, 29.03302 ], [ -103.38649, 29.02164 ], [ -103.35389, 29.02222 ], [ -103.34489, 29.04516 ], [ -103.32724, 29.03272 ], [ -103.342, 29.02843 ], [ -103.32635, 29.01631 ], [ -103.28615, 29.00025 ], [ -103.27933, 28.977 ], [ -103.26572, 28.99567 ], [ -103.25041, 28.98043 ], [ -103.22788, 28.99185 ], [ -103.17081, 28.98057 ], [ -103.15389, 28.9716 ], [ -103.1185, 28.98371 ], [ -103.11747, 28.99777 ], [ -103.09784, 29.02703 ], [ -103.1065, 29.03817 ], [ -103.10012, 29.06067 ], [ -103.07651, 29.07913 ], [ -103.08017, 29.08743 ], [ -103.05388, 29.10074 ], [ -103.03387, 29.10097 ], [ -103.03565, 29.11422 ], [ -103.01176, 29.12692 ], [ -102.99789, 29.17511 ], [ -102.97356, 29.1858 ], [ -102.95278, 29.17394 ], [ -102.93296, 29.1945 ], [ -102.91781, 29.19088 ], [ -102.90932, 29.21979 ], [ -102.89948, 29.20946 ], [ -102.86746, 29.22388 ], [ -102.87102, 29.2407 ], [ -102.90637, 29.26205 ], [ -102.90234, 29.28012 ], [ -102.88817, 29.29335 ], [ -102.89296, 29.30915 ], [ -102.87772, 29.3548 ], [ -102.83936, 29.35892 ], [ -102.84518, 29.37366 ], [ -102.8256, 29.39694 ], [ -102.83067, 29.44477 ], [ -102.8072, 29.49405 ], [ -102.80818, 29.52311 ], [ -102.79243, 29.54177 ], [ -102.7711, 29.54903 ], [ -102.77386, 29.57312 ], [ -102.76218, 29.5801 ], [ -102.76863, 29.59468 ], [ -102.74014, 29.59817 ], [ -102.7345, 29.64214 ], [ -102.69353, 29.67695 ], [ -102.69943, 29.68499 ], [ -102.68902, 29.70503 ], [ -102.69136, 29.72137 ], [ -102.6687, 29.7461 ], [ -102.66404, 29.73666 ], [ -102.62278, 29.73633 ], [ -102.61495, 29.74665 ], [ -102.57208, 29.75747 ], [ -102.56569, 29.77092 ], [ -102.54797, 29.74464 ], [ -102.51299, 29.76656 ], [ -102.51493, 29.78429 ], [ -102.48724, 29.78658 ], [ -102.48092, 29.77617 ], [ -102.43422, 29.77694 ], [ -102.38753, 29.7613 ], [ -102.38966, 29.7826 ], [ -102.36292, 29.83148 ], [ -102.36466, 29.84444 ], [ -102.3416, 29.86905 ], [ -102.3227, 29.86566 ], [ -102.32026, 29.8793 ], [ -102.29999, 29.87736 ], [ -102.27707, 29.86278 ], [ -102.2494, 29.86381 ], [ -102.2453, 29.85039 ], [ -102.19925, 29.83668 ], [ -102.18893, 29.8488 ], [ -102.18133, 29.83082 ], [ -102.14356, 29.80332 ], [ -102.11974, 29.80247 ], [ -102.11671, 29.79303 ], [ -102.08437, 29.79506 ], [ -102.04901, 29.78567 ], [ -102.03581, 29.80406 ], [ -102.01445, 29.79764 ], [ -102.00065, 29.80519 ], [ -101.98429, 29.79926 ], [ -101.98156, 29.81502 ], [ -101.95547, 29.79533 ], [ -101.94588, 29.80175 ], [ -101.9249, 29.78403 ], [ -101.91047, 29.79829 ], [ -101.87576, 29.79379 ], [ -101.84982, 29.80727 ], [ -101.83758, 29.79336 ], [ -101.81868, 29.7915 ], [ -101.82505, 29.80825 ], [ -101.8036, 29.80344 ], [ -101.8108, 29.78362 ], [ -101.78852, 29.77927 ], [ -101.78276, 29.78932 ], [ -101.73334, 29.77118 ], [ -101.71972, 29.77573 ], [ -101.71205, 29.76277 ], [ -101.6901, 29.77105 ], [ -101.68143, 29.76078 ], [ -101.66298, 29.77106 ], [ -101.64693, 29.75456 ], [ -101.62965, 29.76917 ], [ -101.60664, 29.77411 ], [ -101.5758, 29.76931 ], [ -101.56774, 29.79872 ], [ -101.54189, 29.81078 ], [ -101.535, 29.79767 ], [ -101.53918, 29.76177 ], [ -101.50038, 29.76586 ], [ -101.47885, 29.78408 ], [ -101.45579, 29.78804 ], [ -101.44887, 29.75069 ], [ -101.41092, 29.77015 ], [ -101.40014, 29.76008 ], [ -101.41557, 29.74653 ], [ -101.397, 29.73396 ], [ -101.39835, 29.717 ], [ -101.37538, 29.7018 ], [ -101.36321, 29.65263 ], [ -101.34785, 29.6622 ], [ -101.31412, 29.65905 ], [ -101.30002, 29.6407 ], [ -101.3117, 29.61537 ], [ -101.31163, 29.58512 ], [ -101.29095, 29.57153 ], [ -101.27787, 29.59081 ], [ -101.27875, 29.61946 ], [ -101.26222, 29.6306 ], [ -101.24732, 29.61848 ], [ -101.25229, 29.60416 ], [ -101.24102, 29.56502 ], [ -101.26117, 29.53677 ], [ -101.25488, 29.52034 ], [ -101.23526, 29.52485 ], [ -101.17381, 29.51456 ], [ -101.15187, 29.477 ], [ -101.13003, 29.47842 ], [ -101.11524, 29.46845 ], [ -101.08714, 29.46941 ], [ -101.06014, 29.45866 ], [ -101.05695, 29.44077 ], [ -101.04335, 29.42988 ], [ -101.03659, 29.4061 ], [ -101.02025, 29.39225 ], [ -101.00394, 29.3647 ], [ -100.95072, 29.34771 ], [ -100.94125, 29.33392 ], [ -100.90641, 29.31303 ], [ -100.88683, 29.30784 ], [ -100.87812, 29.28086 ], [ -100.85638, 29.27575 ], [ -100.79471, 29.24228 ], [ -100.76599, 29.18584 ], [ -100.77589, 29.17334 ], [ -100.73778, 29.13907 ], [ -100.67519, 29.10074 ], [ -100.66401, 29.07416 ], [ -100.6632, 29.04804 ], [ -100.64588, 28.98642 ], [ -100.65153, 28.94557 ], [ -100.62347, 28.9096 ], [ -100.60074, 28.90007 ], [ -100.60383, 28.88839 ], [ -100.59103, 28.86305 ], [ -100.57298, 28.84846 ], [ -100.57047, 28.82603 ], [ -100.54657, 28.82492 ], [ -100.53242, 28.79106 ], [ -100.53354, 28.76107 ], [ -100.5076, 28.74059 ], [ -100.51052, 28.69266 ], [ -100.50034, 28.66196 ], [ -100.46206, 28.6411 ], [ -100.44574, 28.64062 ], [ -100.44759, 28.61006 ], [ -100.43186, 28.59784 ], [ -100.39845, 28.58516 ], [ -100.41138, 28.55196 ], [ -100.38695, 28.51402 ], [ -100.33473, 28.50026 ], [ -100.34417, 28.48624 ], [ -100.36819, 28.47891 ], [ -100.34152, 28.44957 ], [ -100.33618, 28.43018 ], [ -100.34944, 28.40371 ], [ -100.34186, 28.38495 ], [ -100.28863, 28.31697 ], [ -100.29346, 28.27847 ], [ -100.25778, 28.24034 ], [ -100.22362, 28.23522 ], [ -100.2113, 28.19389 ], [ -100.1744, 28.17944 ], [ -100.15918, 28.16764 ], [ -100.14109, 28.16814 ], [ -100.11962, 28.15558 ], [ -100.08689, 28.14678 ], [ -100.05311, 28.08473 ], [ -100.01894, 28.06644 ], [ -100.00614, 28.01841 ], [ -99.98975, 27.99287 ], [ -99.96276, 27.98353 ], [ -99.9318, 27.98096 ], [ -99.93713, 27.94053 ], [ -99.91745, 27.91797 ], [ -99.90007, 27.91214 ], [ -99.89408, 27.89296 ], [ -99.90148, 27.86416 ], [ -99.88132, 27.84955 ], [ -99.87228, 27.79525 ], [ -99.84965, 27.79246 ], [ -99.83304, 27.76289 ], [ -99.81311, 27.77399 ], [ -99.80164, 27.74177 ], [ -99.79152, 27.73185 ], [ -99.77073, 27.73213 ], [ -99.73845, 27.6931 ], [ -99.72151, 27.66615 ], [ -99.70459, 27.65495 ], [ -99.69124, 27.66873 ], [ -99.65806, 27.648 ], [ -99.6661, 27.63608 ], [ -99.63892, 27.62675 ], [ -99.62139, 27.64376 ], [ -99.59403, 27.63857 ], [ -99.57763, 27.61859 ], [ -99.57862, 27.60228 ], [ -99.55494, 27.61445 ], [ -99.54188, 27.606 ], [ -99.5297, 27.57976 ], [ -99.51104, 27.5645 ], [ -99.52191, 27.54409 ], [ -99.52838, 27.49855 ], [ -99.49682, 27.5001 ], [ -99.47924, 27.47863 ], [ -99.49509, 27.45151 ], [ -99.48776, 27.41339 ], [ -99.49213, 27.38051 ], [ -99.50797, 27.35301 ], [ -99.50439, 27.33989 ], [ -99.53803, 27.31709 ], [ -99.52964, 27.30605 ], [ -99.49501, 27.30393 ], [ -99.48779, 27.28869 ], [ -99.49649, 27.27338 ], [ -99.48038, 27.26014 ], [ -99.46582, 27.26797 ], [ -99.44154, 27.24991 ], [ -99.44328, 27.21941 ], [ -99.43258, 27.20969 ], [ -99.42641, 27.17828 ], [ -99.43983, 27.15158 ], [ -99.43066, 27.1253 ], [ -99.44203, 27.10596 ], [ -99.43027, 27.09487 ], [ -99.43446, 27.07851 ], [ -99.45103, 27.06676 ], [ -99.44611, 27.02304 ], [ -99.43017, 27.01054 ], [ -99.41547, 27.01724 ], [ -99.40368, 26.99735 ], [ -99.3773, 26.97381 ], [ -99.39294, 26.9638 ], [ -99.38824, 26.94421 ], [ -99.36704, 26.92903 ], [ -99.33729, 26.92275 ], [ -99.32181, 26.90684 ], [ -99.32889, 26.88022 ], [ -99.31674, 26.86583 ], [ -99.29514, 26.86544 ], [ -99.2686, 26.84321 ], [ -99.2622, 26.81566 ], [ -99.24243, 26.78826 ], [ -99.24001, 26.74585 ], [ -99.2089, 26.72476 ], [ -99.20994, 26.69393 ], [ -99.20023, 26.65582 ], [ -99.17805, 26.62054 ], [ -99.16735, 26.55926 ], [ -99.16673, 26.53608 ], [ -99.12837, 26.5255 ], [ -99.10484, 26.50038 ], [ -99.09197, 26.47237 ], [ -99.11084, 26.42628 ], [ -99.082, 26.39666 ], [ -99.0621, 26.39738 ], [ -99.03705, 26.4136 ], [ -99.01063, 26.39213 ], [ -98.98719, 26.39219 ], [ -98.97415, 26.40114 ], [ -98.95296, 26.39092 ], [ -98.95584, 26.37698 ], [ -98.93615, 26.37153 ], [ -98.92927, 26.39336 ], [ -98.91737, 26.37447 ], [ -98.90167, 26.37123 ], [ -98.89568, 26.35349 ], [ -98.8619, 26.36599 ], [ -98.84155, 26.35894 ], [ -98.82044, 26.371 ], [ -98.7982, 26.36016 ], [ -98.78895, 26.33043 ], [ -98.74946, 26.32998 ], [ -98.73846, 26.3037 ], [ -98.71821, 26.28725 ], [ -98.70176, 26.28614 ], [ -98.7184, 26.27141 ], [ -98.68503, 26.26462 ], [ -98.67655, 26.24156 ], [ -98.66462, 26.23535 ], [ -98.58387, 26.257 ], [ -98.57984, 26.23477 ], [ -98.56738, 26.24162 ], [ -98.56454, 26.22688 ], [ -98.54654, 26.23551 ], [ -98.52427, 26.22124 ], [ -98.50107, 26.22134 ], [ -98.50376, 26.2088 ], [ -98.4843, 26.21171 ], [ -98.4627, 26.2258 ], [ -98.44521, 26.22457 ], [ -98.44227, 26.19891 ], [ -98.40442, 26.18256 ], [ -98.38668, 26.15787 ], [ -98.36859, 26.15708 ], [ -98.36064, 26.17254 ], [ -98.3531, 26.15139 ], [ -98.34752, 26.164 ], [ -98.32486, 26.1223 ], [ -98.30944, 26.113 ], [ -98.26689, 26.12086 ], [ -98.26993, 26.10749 ], [ -98.28853, 26.10531 ], [ -98.24873, 26.07204 ], [ -98.22121, 26.07661 ], [ -98.1923, 26.05345 ], [ -98.17589, 26.07491 ], [ -98.14777, 26.04963 ], [ -98.13017, 26.07431 ], [ -98.12686, 26.06185 ], [ -98.1038, 26.06709 ], [ -98.09442, 26.05862 ], [ -98.07908, 26.07051 ], [ -98.06508, 26.04483 ], [ -98.03923, 26.04127 ], [ -98.03148, 26.06421 ], [ -98.01119, 26.05658 ], [ -97.98729, 26.06572 ], [ -97.96606, 26.05193 ], [ -97.95117, 26.06195 ], [ -97.93791, 26.05352 ], [ -97.89364, 26.06017 ], [ -97.88764, 26.06643 ], [ -97.86049, 26.05291 ], [ -97.78989, 26.05117 ], [ -97.79725, 26.03944 ], [ -97.77727, 26.02932 ], [ -97.76261, 26.04062 ], [ -97.76157, 26.02579 ], [ -97.73489, 26.03201 ], [ -97.7095, 26.02636 ], [ -97.70929, 26.03472 ], [ -97.65104, 26.01621 ], [ -97.60764, 25.97588 ], [ -97.59905, 25.95678 ], [ -97.58174, 25.96159 ], [ -97.5661, 25.94541 ], [ -97.58399, 25.93555 ], [ -97.55977, 25.92614 ], [ -97.54666, 25.93454 ], [ -97.5208, 25.886 ], [ -97.49888, 25.89872 ], [ -97.49735, 25.88009 ], [ -97.47081, 25.88835 ], [ -97.42678, 25.8413 ], [ -97.37318, 25.83995 ], [ -97.37555, 25.85399 ], [ -97.35936, 25.86921 ], [ -97.35739, 25.88682 ], [ -97.37416, 25.90592 ], [ -97.3489, 25.9308 ], [ -97.32464, 25.91859 ], [ -97.30458, 25.93515 ], [ -97.27669, 25.93534 ], [ -97.28963, 25.95402 ], [ -97.247, 25.94823 ], [ -97.20995, 25.96345 ], [ -97.19031, 25.95386 ], [ -97.17708, 25.96534 ], [ -97.09111, 25.97384 ], [ -97.09785, 26.03862 ], [ -97.08998, 26.07534 ], [ -97.10829, 26.10451 ], [ -97.11014, 26.14058 ], [ -97.12611, 26.25035 ], [ -97.15649, 26.37534 ], [ -97.18456, 26.47585 ], [ -97.21254, 26.56165 ], [ -97.21405, 26.57676 ], [ -97.2517, 26.66186 ], [ -97.28272, 26.76342 ], [ -97.30041, 26.83461 ], [ -97.31594, 26.92928 ], [ -97.32321, 27.01025 ], [ -97.31981, 27.11002 ], [ -97.30935, 27.1961 ], [ -97.29656, 27.25032 ], [ -97.25025, 27.3923 ], [ -97.19981, 27.50031 ], [ -97.12526, 27.64059 ], [ -97.05021, 27.7503 ], [ -97.02185, 27.78336 ], [ -96.98427, 27.80378 ], [ -96.95949, 27.8753 ], [ -96.87525, 27.96992 ], [ -96.84419, 28.00029 ], [ -96.74624, 28.07962 ], [ -96.61878, 28.16952 ], [ -96.53099, 28.22116 ], [ -96.37524, 28.29076 ], [ -96.35268, 28.31292 ], [ -96.34128, 28.34069 ], [ -96.32075, 28.36286 ], [ -96.29417, 28.3683 ], [ -96.27176, 28.38293 ], [ -96.25818, 28.40787 ], [ -96.18223, 28.45203 ], [ -96.07832, 28.5 ], [ -95.87523, 28.58278 ], [ -95.75023, 28.63841 ], [ -95.53201, 28.75025 ], [ -95.49388, 28.76534 ], [ -95.42006, 28.80562 ], [ -95.40169, 28.80591 ], [ -95.35346, 28.81786 ], [ -95.3221, 28.83444 ], [ -95.30811, 28.85883 ], [ -95.22722, 28.91037 ], [ -95.1805, 28.94924 ], [ -95.13946, 28.99169 ], [ -95.10544, 29.01604 ], [ -95.09433, 29.03224 ], [ -95.08639, 29.06824 ], [ -95.00019, 29.10445 ], [ -94.91212, 29.15931 ], [ -94.84014, 29.19834 ], [ -94.77268, 29.23171 ], [ -94.7133, 29.28252 ], [ -94.6923, 29.27705 ], [ -94.66621, 29.28104 ], [ -94.64241, 29.30013 ], [ -94.62389, 29.34314 ], [ -94.63604, 29.37063 ], [ -94.6503, 29.38282 ], [ -94.62518, 29.39766 ], [ -94.49944, 29.45233 ], [ -94.37586, 29.49977 ], [ -94.37034, 29.50023 ], [ -94.12517, 29.59555 ], [ -94.03356, 29.625 ], [ -93.90603, 29.625 ], [ -93.875, 29.62142 ], [ -93.84858, 29.60026 ], [ -93.81434, 29.59657 ], [ -93.8374, 29.68988 ], [ -93.87001, 29.73548 ], [ -93.88881, 29.74223 ], [ -93.89846, 29.77157 ], [ -93.9224, 29.78504 ], [ -93.9288, 29.79707 ], [ -93.92274, 29.8188 ], [ -93.90357, 29.83499 ], [ -93.85989, 29.85992 ], [ -93.83037, 29.89435 ], [ -93.81728, 29.91842 ], [ -93.80654, 29.95744 ], [ -93.79008, 29.98656 ], [ -93.77157, 29.99592 ], [ -93.73973, 30.02398 ], [ -93.7367, 30.03838 ], [ -93.71376, 30.06568 ], [ -93.73276, 30.08286 ], [ -93.70425, 30.11065 ], [ -93.70125, 30.13737 ], [ -93.69284, 30.13521 ], [ -93.71053, 30.17972 ], [ -93.71418, 30.20865 ], [ -93.70458, 30.28994 ], [ -93.74202, 30.30094 ], [ -93.76584, 30.3331 ], [ -93.75485, 30.36609 ], [ -93.7574, 30.39081 ], [ -93.69813, 30.43887 ], [ -93.71706, 30.49444 ], [ -93.71431, 30.51856 ], [ -93.74024, 30.53956 ], [ -93.72917, 30.54485 ], [ -93.72747, 30.57472 ], [ -93.71377, 30.58758 ], [ -93.67865, 30.59409 ], [ -93.68309, 30.64076 ], [ -93.65496, 30.67018 ], [ -93.63134, 30.67787 ], [ -93.62043, 30.69414 ], [ -93.61722, 30.71857 ], [ -93.60538, 30.71715 ], [ -93.61912, 30.74199 ], [ -93.61434, 30.76019 ], [ -93.59209, 30.76367 ], [ -93.58222, 30.80311 ], [ -93.56297, 30.806 ], [ -93.55362, 30.83513 ], [ -93.56858, 30.84364 ], [ -93.55849, 30.8679 ], [ -93.57407, 30.88452 ], [ -93.54919, 30.89743 ], [ -93.55837, 30.91353 ], [ -93.532, 30.92375 ], [ -93.526, 30.93753 ], [ -93.53175, 30.95821 ], [ -93.57432, 30.9737 ], [ -93.56542, 30.99057 ], [ -93.5782, 30.99999 ], [ -93.56562, 31.01315 ], [ -93.55592, 31.00374 ], [ -93.53918, 31.00821 ], [ -93.50828, 31.03235 ], [ -93.52473, 31.039 ], [ -93.52764, 31.0745 ], [ -93.5522, 31.07893 ], [ -93.56317, 31.09698 ], [ -93.53936, 31.1152 ], [ -93.54869, 31.15583 ], [ -93.53427, 31.18542 ], [ -93.54892, 31.1866 ], [ -93.58911, 31.16588 ], [ -93.60231, 31.18174 ], [ -93.60728, 31.2054 ], [ -93.59838, 31.23109 ], [ -93.61825, 31.2331 ], [ -93.61393, 31.25937 ], [ -93.62082, 31.27129 ], [ -93.63969, 31.26916 ], [ -93.6875, 31.31081 ], [ -93.67383, 31.32385 ], [ -93.66843, 31.35301 ], [ -93.64763, 31.35809 ], [ -93.63925, 31.37153 ], [ -93.67099, 31.36622 ], [ -93.67411, 31.39768 ], [ -93.70487, 31.41088 ], [ -93.69262, 31.43719 ], [ -93.74947, 31.46868 ], [ -93.74514, 31.48563 ], [ -93.72259, 31.49276 ], [ -93.71248, 31.51336 ], [ -93.73737, 31.51386 ], [ -93.74722, 31.53061 ], [ -93.78502, 31.52596 ], [ -93.81857, 31.55482 ], [ -93.83941, 31.59919 ], [ -93.81871, 31.61455 ], [ -93.82171, 31.67395 ], [ -93.80687, 31.68157 ], [ -93.79454, 31.70207 ], [ -93.81691, 31.70876 ], [ -93.81547, 31.72977 ], [ -93.83688, 31.75017 ], [ -93.82259, 31.77355 ], [ -93.83768, 31.78081 ], [ -93.83933, 31.80032 ], [ -93.87483, 31.82231 ], [ -93.87295, 31.83598 ], [ -93.88918, 31.85681 ], [ -93.88189, 31.86483 ], [ -93.90062, 31.87386 ], [ -93.90061, 31.89678 ], [ -93.92208, 31.886 ], [ -93.93213, 31.89367 ], [ -93.92989, 31.91271 ], [ -93.95354, 31.91056 ], [ -93.97082, 31.91996 ], [ -93.98231, 31.93976 ], [ -94.01651, 31.98117 ], [ -94.01851, 31.99243 ], [ -94.04271, 31.99927 ], [ -94.04315, 32.64177 ], [ -94.04301, 33.01926 ], [ -94.0433, 33.55158 ], [ -94.07303, 33.57219 ], [ -94.09624, 33.57398 ], [ -94.12066, 33.56698 ], [ -94.13082, 33.55204 ], [ -94.16247, 33.58893 ], [ -94.1844, 33.59438 ], [ -94.1954, 33.58183 ], [ -94.19544, 33.55516 ], [ -94.20854, 33.56656 ], [ -94.22375, 33.55348 ], [ -94.25129, 33.55771 ], [ -94.23821, 33.57716 ], [ -94.24446, 33.58949 ], [ -94.26344, 33.57662 ], [ -94.27423, 33.55875 ], [ -94.29045, 33.55834 ], [ -94.28273, 33.58128 ], [ -94.3016, 33.5721 ], [ -94.30929, 33.55174 ], [ -94.33226, 33.55373 ], [ -94.33849, 33.56727 ], [ -94.35276, 33.56089 ], [ -94.35651, 33.54298 ], [ -94.38678, 33.54512 ], [ -94.40058, 33.55679 ], [ -94.37891, 33.57016 ], [ -94.38284, 33.58334 ], [ -94.41244, 33.56901 ], [ -94.42802, 33.59003 ], [ -94.45347, 33.59196 ], [ -94.46905, 33.60764 ], [ -94.45397, 33.61576 ], [ -94.46274, 33.63079 ], [ -94.44677, 33.64017 ], [ -94.48589, 33.63785 ] ] ] } },
{ "type": "Feature", "properties": { "fid": 45, "ZoneCode": "490001", "AbrvFull": "UT", "NameFull": "Utah", "ZoneNum": 1, "AbrvPart": null, "NamePart": null, "ZoneType": "Statewide", "StateAbrv": "UT", "StateName": "Utah", "ProjAbrv": "TM", "ProjType": "Transverse Mercator", "LatOrigin": "35°30'N", "LonOriginE": "248°21'E", "LonOriginW": "111°39'W", "Lat0_deg": 35.5, "Lon0_E_deg": 248.35, "Lon0_W_deg": -111.65, "ProjScale": 1.0, "SkewAz_deg": -9999, "FalseN_m": 0.0, "FalseE_m": 952500.0, "FalseN_ift": 0.0, "FalseE_ift": 3125000.0, "DesignBy": "NGS", "Ref_frame": "NATRF2022" }, "geometry": { "type": "Polygon", "coordinates": [ [ [ -111.0467, 42.0017 ], [ -111.31101, 42.00122 ], [ -111.4835, 41.99954 ], [ -111.75075, 41.99932 ], [ -112.15383, 41.99722 ], [ -112.17313, 42.00151 ], [ -112.70097, 42.00016 ], [ -113.23739, 41.99608 ], [ -113.90156, 41.98855 ], [ -114.04146, 41.99387 ], [ -114.04016, 41.9488 ], [ -114.03945, 41.71917 ], [ -114.04121, 41.15368 ], [ -114.04286, 40.79507 ], [ -114.04608, 40.40184 ], [ -114.04754, 39.62494 ], [ -114.05028, 38.4243 ], [ -114.04931, 38.26606 ], [ -114.05049, 37.95334 ], [ -114.0496, 37.82354 ], [ -114.05164, 37.75149 ], [ -114.05279, 37.59391 ], [ -114.0516, 37.18415 ], [ -114.0523, 37.09846 ], [ -114.05004, 37.00019 ], [ -113.06494, 37.00004 ], [ -112.49002, 37.00094 ], [ -111.30859, 37.00147 ], [ -111.15056, 37.00095 ], [ -111.06494, 37.00234 ], [ -110.848, 37.00245 ], [ -110.49029, 37.00362 ], [ -110.46972, 36.99765 ], [ -110.18436, 36.99824 ], [ -109.62431, 36.99824 ], [ -109.53068, 36.99918 ], [ -109.04516, 36.99897 ], [ -109.04587, 37.1873 ], [ -109.04517, 37.40623 ], [ -109.04156, 37.56213 ], [ -109.04282, 38.16626 ], [ -109.06017, 38.27552 ], [ -109.05976, 38.71759 ], [ -109.05411, 38.87353 ], [ -109.05115, 39.1426 ], [ -109.05139, 39.51817 ], [ -109.05079, 40.37496 ], [ -109.05008, 40.52919 ], [ -109.048, 40.58097 ], [ -109.04907, 40.7145 ], [ -109.04844, 40.82608 ], [ -109.05001, 41.00069 ], [ -109.24999, 41.00104 ], [ -109.51087, 40.99905 ], [ -109.80689, 40.99769 ], [ -110.09952, 40.99704 ], [ -110.2741, 40.99481 ], [ -110.50506, 40.9948 ], [ -110.54586, 40.99633 ], [ -110.68136, 40.99623 ], [ -111.0468, 40.99787 ], [ -111.04678, 41.24668 ], [ -111.04578, 41.50606 ], [ -111.0467, 42.0017 ] ] ] } },
{ "type": "Feature", "properties": { "fid": 46, "ZoneCode": "500001", "AbrvFull": "VT", "NameFull": "Vermont", "ZoneNum": 1, "AbrvPart": null, "NamePart": null, "ZoneType": "Statewide", "StateAbrv": "VT", "StateName": "Vermont", "ProjAbrv": "TM", "ProjType": "Transverse Mercator", "LatOrigin": "42°00'N", "LonOriginE": "287°24'E", "LonOriginW": "72°36'W", "Lat0_deg": 42.0, "Lon0_E_deg": 287.4, "Lon0_W_deg": -72.6, "ProjScale": 1.000015, "SkewAz_deg": -9999, "FalseN_m": 0.0, "FalseE_m": 685800.0, "FalseN_ift": 0.0, "FalseE_ift": 2250000.0, "DesignBy": "NGS", "Ref_frame": "NATRF2022" }, "geometry": { "type": "Polygon", "coordinates": [ [ [ -71.50108, 45.01343 ], [ -71.75411, 45.01133 ], [ -71.91397, 45.0076 ], [ -72.15106, 45.00601 ], [ -72.31194, 45.00378 ], [ -72.45043, 45.00855 ], [ -72.55538, 45.00801 ], [ -72.63466, 45.01468 ], [ -72.84698, 45.01665 ], [ -72.96686, 45.01413 ], [ -73.06535, 45.01595 ], [ -73.34317, 45.0107 ], [ -73.35463, 44.98734 ], [ -73.33824, 44.96474 ], [ -73.33862, 44.91936 ], [ -73.35621, 44.90448 ], [ -73.3691, 44.86667 ], [ -73.37982, 44.85703 ], [ -73.37945, 44.838 ], [ -73.33504, 44.8041 ], [ -73.33315, 44.78958 ], [ -73.36379, 44.74524 ], [ -73.37058, 44.66251 ], [ -73.38397, 44.6476 ], [ -73.38982, 44.6172 ], [ -73.37684, 44.59959 ], [ -73.38184, 44.58931 ], [ -73.35678, 44.55791 ], [ -73.34293, 44.5519 ], [ -73.32084, 44.51362 ], [ -73.30671, 44.50033 ], [ -73.29989, 44.47664 ], [ -73.29605, 44.42832 ], [ -73.31504, 44.38852 ], [ -73.33361, 44.37229 ], [ -73.32402, 44.33383 ], [ -73.32419, 44.31002 ], [ -73.31091, 44.27429 ], [ -73.3196, 44.2499 ], [ -73.34337, 44.23818 ], [ -73.36339, 44.20773 ], [ -73.39062, 44.19106 ], [ -73.40304, 44.14497 ], [ -73.41613, 44.13235 ], [ -73.41122, 44.11376 ], [ -73.42921, 44.07982 ], [ -73.4379, 44.04512 ], [ -73.41038, 44.02649 ], [ -73.406, 44.01141 ], [ -73.41251, 43.98221 ], [ -73.40706, 43.96816 ], [ -73.40885, 43.9345 ], [ -73.39617, 43.90325 ], [ -73.3741, 43.87529 ], [ -73.38218, 43.85701 ], [ -73.37258, 43.84534 ], [ -73.39101, 43.8184 ], [ -73.35752, 43.78555 ], [ -73.35126, 43.76981 ], [ -73.36994, 43.74385 ], [ -73.37061, 43.72532 ], [ -73.4029, 43.69249 ], [ -73.40806, 43.66943 ], [ -73.42791, 43.63442 ], [ -73.41832, 43.62332 ], [ -73.42863, 43.58398 ], [ -73.39812, 43.56806 ], [ -73.38433, 43.57539 ], [ -73.3869, 43.59076 ], [ -73.37237, 43.606 ], [ -73.37189, 43.62448 ], [ -73.30255, 43.6257 ], [ -73.29101, 43.59923 ], [ -73.29725, 43.57968 ], [ -73.28129, 43.57757 ], [ -73.24864, 43.55385 ], [ -73.24148, 43.53261 ], [ -73.24684, 43.51724 ], [ -73.25647, 43.26008 ], [ -73.27417, 42.94902 ], [ -73.27867, 42.8334 ], [ -73.29094, 42.80191 ], [ -73.27642, 42.74601 ], [ -73.26482, 42.74584 ], [ -72.80911, 42.73657 ], [ -72.45841, 42.72692 ], [ -72.49054, 42.77274 ], [ -72.51342, 42.76419 ], [ -72.50866, 42.77642 ], [ -72.54151, 42.80708 ], [ -72.54708, 42.83853 ], [ -72.55694, 42.85236 ], [ -72.55262, 42.88503 ], [ -72.53133, 42.89818 ], [ -72.5246, 42.91486 ], [ -72.53202, 42.95493 ], [ -72.51836, 42.96313 ], [ -72.47307, 42.97252 ], [ -72.45931, 43.00056 ], [ -72.44367, 43.00991 ], [ -72.46262, 43.02578 ], [ -72.46744, 43.05372 ], [ -72.43451, 43.08661 ], [ -72.44297, 43.10043 ], [ -72.43347, 43.11058 ], [ -72.4408, 43.13662 ], [ -72.45305, 43.1394 ], [ -72.4505, 43.1926 ], [ -72.43885, 43.20118 ], [ -72.43416, 43.2319 ], [ -72.43714, 43.25605 ], [ -72.42192, 43.26314 ], [ -72.39531, 43.31269 ], [ -72.41056, 43.33111 ], [ -72.38982, 43.35601 ], [ -72.41527, 43.36592 ], [ -72.40351, 43.39157 ], [ -72.39257, 43.46687 ], [ -72.38014, 43.49222 ], [ -72.39887, 43.51264 ], [ -72.38048, 43.54118 ], [ -72.38298, 43.56341 ], [ -72.3738, 43.57911 ], [ -72.32848, 43.6009 ], [ -72.33514, 43.61615 ], [ -72.32875, 43.63589 ], [ -72.31595, 43.64072 ], [ -72.30344, 43.66797 ], [ -72.30513, 43.69531 ], [ -72.2711, 43.73391 ], [ -72.23532, 43.74534 ], [ -72.20523, 43.77092 ], [ -72.20553, 43.78457 ], [ -72.18338, 43.81012 ], [ -72.18441, 43.86446 ], [ -72.15013, 43.9024 ], [ -72.12211, 43.91806 ], [ -72.11927, 43.94374 ], [ -72.0922, 43.96705 ], [ -72.11437, 43.96804 ], [ -72.11668, 43.99475 ], [ -72.10528, 44.01305 ], [ -72.07481, 44.0324 ], [ -72.07935, 44.04138 ], [ -72.04824, 44.07035 ], [ -72.03162, 44.07915 ], [ -72.04438, 44.08599 ], [ -72.03065, 44.09876 ], [ -72.05271, 44.10144 ], [ -72.05314, 44.1195 ], [ -72.03709, 44.12504 ], [ -72.03892, 44.15632 ], [ -72.06585, 44.18932 ], [ -72.04795, 44.23784 ], [ -72.06821, 44.27245 ], [ -72.05863, 44.28649 ], [ -72.03287, 44.30216 ], [ -72.029, 44.32237 ], [ -71.98887, 44.32973 ], [ -71.98142, 44.33736 ], [ -71.92937, 44.33747 ], [ -71.90535, 44.34821 ], [ -71.87305, 44.33675 ], [ -71.81299, 44.35571 ], [ -71.81442, 44.38191 ], [ -71.79367, 44.39945 ], [ -71.76738, 44.40572 ], [ -71.74172, 44.40201 ], [ -71.71428, 44.40954 ], [ -71.6589, 44.44262 ], [ -71.64632, 44.47387 ], [ -71.62455, 44.47517 ], [ -71.57974, 44.50149 ], [ -71.59403, 44.52185 ], [ -71.57226, 44.53868 ], [ -71.59751, 44.55405 ], [ -71.59117, 44.56534 ], [ -71.56823, 44.56275 ], [ -71.54772, 44.57137 ], [ -71.53791, 44.59386 ], [ -71.55501, 44.59322 ], [ -71.55518, 44.62513 ], [ -71.5628, 44.65235 ], [ -71.5799, 44.65224 ], [ -71.5816, 44.67237 ], [ -71.59676, 44.67878 ], [ -71.59457, 44.69702 ], [ -71.6172, 44.72876 ], [ -71.62609, 44.72853 ], [ -71.62992, 44.75357 ], [ -71.61772, 44.75582 ], [ -71.57864, 44.78543 ], [ -71.56838, 44.80703 ], [ -71.57678, 44.81322 ], [ -71.55111, 44.83696 ], [ -71.55548, 44.84953 ], [ -71.51079, 44.89019 ], [ -71.49842, 44.91094 ], [ -71.51972, 44.93674 ], [ -71.515, 44.95859 ], [ -71.54131, 44.98529 ], [ -71.53049, 44.99926 ], [ -71.50467, 45.00831 ], [ -71.48828, 45.00073 ], [ -71.46505, 45.01363 ], [ -71.49997, 45.01332 ], [ -71.50108, 45.01343 ] ] ] } },
{ "type": "Feature", "properties": { "fid": 47, "ZoneCode": "510001", "AbrvFull": "VA", "NameFull": "Virginia", "ZoneNum": 1, "AbrvPart": null, "NamePart": null, "ZoneType": "Statewide", "StateAbrv": "VA", "StateName": "Virginia", "ProjAbrv": "LC1", "ProjType": "Lambert Conformal Conic, one parallel", "LatOrigin": "37°51'N", "LonOriginE": "280°30'E", "LonOriginW": "79°30'W", "Lat0_deg": 37.85, "Lon0_E_deg": 280.5, "Lon0_W_deg": -79.5, "ProjScale": 0.99992, "SkewAz_deg": -9999, "FalseN_m": 381000.0, "FalseE_m": 990600.0, "FalseN_ift": 1250000.0, "FalseE_ift": 3250000.0, "DesignBy": "NGS", "Ref_frame": "NATRF2022" }, "geometry": { "type": "Polygon", "coordinates": [ [ [ -81.67748, 36.58813 ], [ -81.60045, 36.58694 ], [ -81.52145, 36.58059 ], [ -81.36214, 36.57448 ], [ -81.30743, 36.57495 ], [ -80.83754, 36.55916 ], [ -80.72995, 36.56234 ], [ -80.56338, 36.55635 ], [ -80.29477, 36.54405 ], [ -80.12217, 36.54264 ], [ -79.86815, 36.54262 ], [ -79.54338, 36.54085 ], [ -78.93353, 36.54218 ], [ -78.67184, 36.54216 ], [ -78.51089, 36.54104 ], [ -78.46473, 36.54244 ], [ -78.24971, 36.54448 ], [ -78.04537, 36.54354 ], [ -77.74985, 36.54544 ], [ -77.31269, 36.54489 ], [ -76.91597, 36.54388 ], [ -76.91589, 36.55214 ], [ -76.74895, 36.55074 ], [ -76.27245, 36.55051 ], [ -75.79749, 36.55091 ], [ -75.81982, 36.62515 ], [ -75.87464, 36.7443 ], [ -75.92684, 36.93645 ], [ -75.88967, 37.05451 ], [ -75.85454, 37.07934 ], [ -75.82414, 37.11011 ], [ -75.8059, 37.11605 ], [ -75.78158, 37.13711 ], [ -75.74463, 37.18234 ], [ -75.72927, 37.21689 ], [ -75.73228, 37.24569 ], [ -75.71551, 37.27568 ], [ -75.67896, 37.31257 ], [ -75.65659, 37.32391 ], [ -75.64438, 37.34226 ], [ -75.64345, 37.37286 ], [ -75.60402, 37.42202 ], [ -75.59564, 37.46558 ], [ -75.55506, 37.52667 ], [ -75.52842, 37.5613 ], [ -75.53109, 37.59181 ], [ -75.54177, 37.60614 ], [ -75.51626, 37.65702 ], [ -75.51596, 37.67153 ], [ -75.46093, 37.77135 ], [ -75.41707, 37.82104 ], [ -75.36685, 37.80978 ], [ -75.33797, 37.81522 ], [ -75.296, 37.84574 ], [ -75.23807, 37.93538 ], [ -75.16643, 38.02783 ], [ -75.2496, 38.02671 ], [ -75.62444, 37.99419 ], [ -75.64822, 37.96676 ], [ -75.6476, 37.94702 ], [ -75.69132, 37.95549 ], [ -75.76164, 37.94136 ], [ -75.80124, 37.91217 ], [ -75.88293, 37.91133 ], [ -75.95267, 37.90682 ], [ -75.94369, 37.94612 ], [ -75.99333, 37.95348 ], [ -76.05202, 37.95357 ], [ -76.12466, 37.9287 ], [ -76.23341, 37.88763 ], [ -76.25752, 37.90573 ], [ -76.33861, 37.94528 ], [ -76.41293, 37.96632 ], [ -76.465, 38.01321 ], [ -76.5166, 38.02677 ], [ -76.51616, 38.04491 ], [ -76.5354, 38.07362 ], [ -76.59612, 38.10688 ], [ -76.61038, 38.14851 ], [ -76.70089, 38.16135 ], [ -76.80019, 38.16887 ], [ -76.83936, 38.1636 ], [ -76.87849, 38.17376 ], [ -76.91586, 38.19959 ], [ -76.94902, 38.20841 ], [ -76.96225, 38.22988 ], [ -76.96203, 38.25688 ], [ -76.98148, 38.2746 ], [ -77.00114, 38.28017 ], [ -77.03068, 38.31161 ], [ -77.01479, 38.33236 ], [ -77.0115, 38.37455 ], [ -77.0415, 38.40068 ], [ -77.05342, 38.3988 ], [ -77.08667, 38.36792 ], [ -77.13773, 38.36801 ], [ -77.16321, 38.34581 ], [ -77.20469, 38.34109 ], [ -77.2352, 38.33253 ], [ -77.26529, 38.33316 ], [ -77.28379, 38.34285 ], [ -77.28797, 38.35892 ], [ -77.30493, 38.37526 ], [ -77.32291, 38.43262 ], [ -77.31854, 38.47443 ], [ -77.27633, 38.53944 ], [ -77.25652, 38.56048 ], [ -77.24636, 38.59343 ], [ -77.20369, 38.61816 ], [ -77.12968, 38.6347 ], [ -77.13629, 38.64722 ], [ -77.13243, 38.67413 ], [ -77.12263, 38.68525 ], [ -77.08161, 38.70792 ], [ -77.05301, 38.70992 ], [ -77.04333, 38.71846 ], [ -77.039, 38.79164 ], [ -77.03284, 38.85502 ], [ -77.04022, 38.8709 ], [ -77.0592, 38.88098 ], [ -77.06774, 38.89953 ], [ -77.10305, 38.91274 ], [ -77.11975, 38.93433 ], [ -77.14508, 38.96314 ], [ -77.19777, 38.96673 ], [ -77.24506, 38.98277 ], [ -77.25575, 39.00198 ], [ -77.24509, 39.02214 ], [ -77.30466, 39.05136 ], [ -77.34014, 39.0629 ], [ -77.38681, 39.06223 ], [ -77.4606, 39.07483 ], [ -77.48101, 39.10568 ], [ -77.51844, 39.11977 ], [ -77.52732, 39.14695 ], [ -77.50755, 39.18136 ], [ -77.4812, 39.1879 ], [ -77.47415, 39.20775 ], [ -77.45771, 39.22497 ], [ -77.48473, 39.24604 ], [ -77.54084, 39.26526 ], [ -77.56158, 39.28799 ], [ -77.56875, 39.30644 ], [ -77.58877, 39.30158 ], [ -77.64408, 39.30874 ], [ -77.67546, 39.32435 ], [ -77.71951, 39.32131 ], [ -77.74758, 39.29483 ], [ -77.77136, 39.23648 ], [ -77.79815, 39.20069 ], [ -77.80658, 39.17108 ], [ -77.82829, 39.13242 ], [ -78.0306, 39.26304 ], [ -78.15819, 39.34338 ], [ -78.26281, 39.41433 ], [ -78.34708, 39.466 ], [ -78.34671, 39.42761 ], [ -78.35991, 39.40902 ], [ -78.34321, 39.3888 ], [ -78.36686, 39.35928 ], [ -78.33928, 39.3486 ], [ -78.36724, 39.31014 ], [ -78.41942, 39.25747 ], [ -78.39966, 39.24387 ], [ -78.40545, 39.23169 ], [ -78.43869, 39.19808 ], [ -78.40369, 39.16744 ], [ -78.42729, 39.15272 ], [ -78.45986, 39.11334 ], [ -78.47959, 39.1095 ], [ -78.51647, 39.08179 ], [ -78.5719, 39.03199 ], [ -78.55046, 39.01806 ], [ -78.56902, 39.00294 ], [ -78.60165, 38.96459 ], [ -78.62045, 38.98259 ], [ -78.64658, 38.96813 ], [ -78.68045, 38.9253 ], [ -78.71991, 38.90607 ], [ -78.72105, 38.93221 ], [ -78.73914, 38.92713 ], [ -78.75908, 38.90052 ], [ -78.78803, 38.88511 ], [ -78.83165, 38.81489 ], [ -78.86926, 38.76297 ], [ -78.99376, 38.85001 ], [ -79.00795, 38.8223 ], [ -79.01953, 38.8179 ], [ -79.02925, 38.791 ], [ -79.04734, 38.7918 ], [ -79.05155, 38.7726 ], [ -79.07255, 38.7475 ], [ -79.09295, 38.70199 ], [ -79.08429, 38.6865 ], [ -79.09265, 38.66041 ], [ -79.13105, 38.65321 ], [ -79.15145, 38.62021 ], [ -79.15825, 38.59311 ], [ -79.18385, 38.55181 ], [ -79.20585, 38.52451 ], [ -79.21059, 38.4929 ], [ -79.23988, 38.47007 ], [ -79.26632, 38.43943 ], [ -79.31227, 38.41187 ], [ -79.47663, 38.45722 ], [ -79.52146, 38.53391 ], [ -79.53686, 38.55091 ], [ -79.64907, 38.59151 ], [ -79.66287, 38.57041 ], [ -79.67297, 38.52871 ], [ -79.66207, 38.51551 ], [ -79.68037, 38.51061 ], [ -79.69947, 38.47452 ], [ -79.68887, 38.45868 ], [ -79.68966, 38.43145 ], [ -79.70663, 38.41572 ], [ -79.73166, 38.37413 ], [ -79.72705, 38.36222 ], [ -79.74277, 38.35336 ], [ -79.76417, 38.35663 ], [ -79.77308, 38.33552 ], [ -79.79668, 38.32329 ], [ -79.80993, 38.30467 ], [ -79.79544, 38.29022 ], [ -79.78894, 38.2687 ], [ -79.81486, 38.25156 ], [ -79.83071, 38.24971 ], [ -79.89733, 38.19337 ], [ -79.92102, 38.17995 ], [ -79.91488, 38.16752 ], [ -79.92903, 38.13976 ], [ -79.94518, 38.13198 ], [ -79.93894, 38.11162 ], [ -79.92632, 38.10714 ], [ -79.95351, 38.08147 ], [ -79.97842, 38.02907 ], [ -80.00888, 37.99082 ], [ -80.0369, 37.9659 ], [ -80.06943, 37.94546 ], [ -80.14152, 37.88243 ], [ -80.14873, 37.88695 ], [ -80.17674, 37.85275 ], [ -80.17939, 37.83974 ], [ -80.21861, 37.80978 ], [ -80.22948, 37.79232 ], [ -80.21717, 37.7765 ], [ -80.24838, 37.76824 ], [ -80.26276, 37.73833 ], [ -80.25814, 37.7206 ], [ -80.29607, 37.69172 ], [ -80.27937, 37.65707 ], [ -80.2675, 37.64615 ], [ -80.22098, 37.62776 ], [ -80.25891, 37.59549 ], [ -80.3285, 37.56431 ], [ -80.31236, 37.54622 ], [ -80.33036, 37.53626 ], [ -80.30934, 37.52737 ], [ -80.28239, 37.53351 ], [ -80.29978, 37.50826 ], [ -80.33203, 37.49374 ], [ -80.36683, 37.48487 ], [ -80.36317, 37.47999 ], [ -80.4756, 37.42294 ], [ -80.49485, 37.43506 ], [ -80.49298, 37.45774 ], [ -80.51139, 37.48166 ], [ -80.55203, 37.47356 ], [ -80.63236, 37.43212 ], [ -80.64589, 37.42214 ], [ -80.7052, 37.39461 ], [ -80.77008, 37.37236 ], [ -80.78418, 37.39458 ], [ -80.83767, 37.42565 ], [ -80.85945, 37.42948 ], [ -80.863, 37.41151 ], [ -80.88324, 37.38393 ], [ -80.84945, 37.3469 ], [ -80.89804, 37.31677 ], [ -80.95101, 37.29496 ], [ -80.97388, 37.29144 ], [ -80.98731, 37.30135 ], [ -81.03613, 37.29024 ], [ -81.10414, 37.2806 ], [ -81.16702, 37.26287 ], [ -81.2251, 37.23487 ], [ -81.3201, 37.29932 ], [ -81.36215, 37.33768 ], [ -81.37941, 37.31756 ], [ -81.39428, 37.3164 ], [ -81.41666, 37.27321 ], [ -81.46055, 37.26533 ], [ -81.48355, 37.2506 ], [ -81.49803, 37.25808 ], [ -81.50686, 37.23494 ], [ -81.56063, 37.20666 ], [ -81.67822, 37.20153 ], [ -81.68401, 37.21109 ], [ -81.71572, 37.22876 ], [ -81.72265, 37.24014 ], [ -81.74012, 37.23774 ], [ -81.74603, 37.26339 ], [ -81.78929, 37.28441 ], [ -81.81962, 37.2794 ], [ -81.85355, 37.2877 ], [ -81.85445, 37.30656 ], [ -81.87486, 37.32814 ], [ -81.89793, 37.33366 ], [ -81.91764, 37.34915 ], [ -81.93587, 37.37855 ], [ -81.92522, 37.4118 ], [ -81.93787, 37.42008 ], [ -81.93561, 37.43839 ], [ -81.98552, 37.45432 ], [ -81.99657, 37.4767 ], [ -81.97759, 37.4846 ], [ -81.93998, 37.51258 ], [ -81.94757, 37.52679 ], [ -81.96801, 37.53803 ], [ -82.1234, 37.42843 ], [ -82.31623, 37.29465 ], [ -82.32472, 37.28303 ], [ -82.34382, 37.28074 ], [ -82.34872, 37.26822 ], [ -82.4865, 37.2312 ], [ -82.5331, 37.20659 ], [ -82.55008, 37.20459 ], [ -82.6236, 37.16443 ], [ -82.72668, 37.11479 ], [ -82.72243, 37.04494 ], [ -82.74275, 37.04279 ], [ -82.74781, 37.02453 ], [ -82.75897, 37.02745 ], [ -82.78286, 37.00781 ], [ -82.82225, 37.00415 ], [ -82.87098, 36.96848 ], [ -82.85591, 36.953 ], [ -82.85764, 36.92884 ], [ -82.87737, 36.90846 ], [ -82.87907, 36.88925 ], [ -82.96924, 36.85801 ], [ -82.99858, 36.85656 ], [ -83.00657, 36.84764 ], [ -83.0263, 36.85541 ], [ -83.07283, 36.85445 ], [ -83.07525, 36.84069 ], [ -83.0999, 36.83114 ], [ -83.09847, 36.81351 ], [ -83.11892, 36.78968 ], [ -83.13322, 36.78458 ], [ -83.12856, 36.75971 ], [ -83.13511, 36.74262 ], [ -83.19425, 36.73951 ], [ -83.28829, 36.7137 ], [ -83.34763, 36.70019 ], [ -83.3868, 36.68661 ], [ -83.41868, 36.66872 ], [ -83.45368, 36.66479 ], [ -83.4928, 36.67018 ], [ -83.5324, 36.66468 ], [ -83.5776, 36.64138 ], [ -83.61389, 36.63484 ], [ -83.64808, 36.62283 ], [ -83.67539, 36.60078 ], [ -83.62206, 36.59798 ], [ -83.4999, 36.59723 ], [ -83.27629, 36.59818 ], [ -83.26109, 36.59388 ], [ -82.88794, 36.59345 ], [ -82.6226, 36.59379 ], [ -82.48723, 36.59581 ], [ -82.46657, 36.59447 ], [ -82.21419, 36.59584 ], [ -82.17378, 36.5946 ], [ -81.93414, 36.59421 ], [ -81.92264, 36.61621 ], [ -81.73693, 36.61237 ], [ -81.64689, 36.61191 ], [ -81.67748, 36.58813 ] ] ] } },
{ "type": "Feature", "properties": { "fid": 48, "ZoneCode": "530001", "AbrvFull": "WA", "NameFull": "Washington", "ZoneNum": 1, "AbrvPart": null, "NamePart": null, "ZoneType": "Statewide", "StateAbrv": "WA", "StateName": "Washington", "ProjAbrv": "LC1", "ProjType": "Lambert Conformal Conic, one parallel", "LatOrigin": "47°15'N", "LonOriginE": "239°15'E", "LonOriginW": "120°45'W", "Lat0_deg": 47.25, "Lon0_E_deg": 239.25, "Lon0_W_deg": -120.75, "ProjScale": 0.99995, "SkewAz_deg": -9999, "FalseN_m": 342900.0, "FalseE_m": 876300.0, "FalseN_ift": 1125000.0, "FalseE_ift": 2875000.0, "DesignBy": "NGS", "Ref_frame": "NATRF2022" }, "geometry": { "type": "Polygon", "coordinates": [ [ [ -124.15953, 46.26113 ], [ -124.03593, 46.26418 ], [ -124.03558, 46.29684 ], [ -124.01486, 46.29316 ], [ -124.00124, 46.27401 ], [ -123.97626, 46.2699 ], [ -123.93046, 46.2388 ], [ -123.87185, 46.23495 ], [ -123.81512, 46.24982 ], [ -123.77811, 46.25425 ], [ -123.74143, 46.26915 ], [ -123.6881, 46.2501 ], [ -123.64876, 46.2588 ], [ -123.58694, 46.25589 ], [ -123.53807, 46.26061 ], [ -123.50123, 46.27099 ], [ -123.47963, 46.26913 ], [ -123.44757, 46.24983 ], [ -123.42761, 46.22934 ], [ -123.43097, 46.18157 ], [ -123.37142, 46.14637 ], [ -123.28015, 46.14484 ], [ -123.1664, 46.18898 ], [ -123.11589, 46.18526 ], [ -123.105, 46.17767 ], [ -123.00422, 46.13382 ], [ -122.96266, 46.10481 ], [ -122.9041, 46.08373 ], [ -122.88446, 46.06028 ], [ -122.87807, 46.03128 ], [ -122.85614, 46.01447 ], [ -122.83762, 45.98082 ], [ -122.81398, 45.96098 ], [ -122.80617, 45.93241 ], [ -122.81148, 45.91272 ], [ -122.78501, 45.8677 ], [ -122.78568, 45.84421 ], [ -122.79559, 45.81 ], [ -122.76951, 45.78058 ], [ -122.76009, 45.73441 ], [ -122.77449, 45.68043 ], [ -122.76379, 45.65713 ], [ -122.71329, 45.63743 ], [ -122.67498, 45.61802 ], [ -122.64389, 45.60974 ], [ -122.60769, 45.60814 ], [ -122.54586, 45.59619 ], [ -122.47504, 45.57846 ], [ -122.43866, 45.56358 ], [ -122.38029, 45.57594 ], [ -122.35279, 45.56944 ], [ -122.33149, 45.54824 ], [ -122.29658, 45.54364 ], [ -122.24898, 45.54774 ], [ -122.20077, 45.56511 ], [ -122.18285, 45.57678 ], [ -122.1416, 45.584 ], [ -122.10173, 45.58316 ], [ -122.04428, 45.60953 ], [ -122.00354, 45.61594 ], [ -121.96306, 45.63289 ], [ -121.95576, 45.64358 ], [ -121.90812, 45.65455 ], [ -121.90173, 45.67066 ], [ -121.867, 45.69339 ], [ -121.81117, 45.70671 ], [ -121.73506, 45.694 ], [ -121.70728, 45.69483 ], [ -121.66839, 45.70511 ], [ -121.63131, 45.70469 ], [ -121.53292, 45.7265 ], [ -121.49908, 45.72074 ], [ -121.46278, 45.70128 ], [ -121.40172, 45.69289 ], [ -121.37256, 45.70303 ], [ -121.3377, 45.70483 ], [ -121.31228, 45.69983 ], [ -121.28728, 45.68686 ], [ -121.21575, 45.67122 ], [ -121.20033, 45.64983 ], [ -121.19644, 45.61661 ], [ -121.18367, 45.60645 ], [ -121.13182, 45.60975 ], [ -121.08485, 45.64793 ], [ -121.06444, 45.65249 ], [ -121.00735, 45.65319 ], [ -120.98348, 45.64835 ], [ -120.944, 45.65639 ], [ -120.91359, 45.63999 ], [ -120.89581, 45.64292 ], [ -120.8554, 45.67172 ], [ -120.78856, 45.68642 ], [ -120.68952, 45.71572 ], [ -120.63503, 45.74571 ], [ -120.59113, 45.7465 ], [ -120.55927, 45.73831 ], [ -120.50573, 45.69994 ], [ -120.4826, 45.6944 ], [ -120.40363, 45.69944 ], [ -120.32632, 45.71142 ], [ -120.28341, 45.72116 ], [ -120.21076, 45.72591 ], [ -120.17059, 45.76198 ], [ -120.14146, 45.7732 ], [ -120.07022, 45.78515 ], [ -119.96576, 45.82437 ], [ -119.90723, 45.82817 ], [ -119.80269, 45.84763 ], [ -119.77284, 45.84572 ], [ -119.66996, 45.8569 ], [ -119.62361, 45.9056 ], [ -119.60053, 45.91954 ], [ -119.57159, 45.92547 ], [ -119.5245, 45.90856 ], [ -119.48807, 45.90636 ], [ -119.45038, 45.91738 ], [ -119.36448, 45.92154 ], [ -119.32256, 45.93307 ], [ -119.25706, 45.93986 ], [ -119.1955, 45.9279 ], [ -119.12631, 45.93278 ], [ -119.09328, 45.94272 ], [ -119.00863, 45.97922 ], [ -118.98724, 45.99985 ], [ -118.77581, 46.0011 ], [ -118.00658, 46.00057 ], [ -117.61431, 45.99921 ], [ -117.47973, 45.99778 ], [ -117.33789, 45.99857 ], [ -117.12613, 45.99789 ], [ -116.91605, 45.99535 ], [ -116.94278, 46.06111 ], [ -116.95785, 46.07545 ], [ -116.97934, 46.08048 ], [ -116.98245, 46.09193 ], [ -116.95968, 46.09901 ], [ -116.95035, 46.12337 ], [ -116.9353, 46.13641 ], [ -116.93459, 46.15415 ], [ -116.92133, 46.16451 ], [ -116.96629, 46.20919 ], [ -116.95773, 46.23919 ], [ -116.97479, 46.26549 ], [ -116.99081, 46.2762 ], [ -116.98479, 46.29308 ], [ -117.02056, 46.31478 ], [ -117.02291, 46.33462 ], [ -117.05663, 46.34581 ], [ -117.06276, 46.36517 ], [ -117.04821, 46.37767 ], [ -117.03461, 46.41784 ], [ -117.03975, 46.42588 ], [ -117.03992, 46.74928 ], [ -117.03939, 46.91717 ], [ -117.03978, 47.45434 ], [ -117.04212, 47.7582 ], [ -117.0421, 48.03114 ], [ -117.03507, 48.38521 ], [ -117.03541, 48.49991 ], [ -117.03209, 48.87492 ], [ -117.03233, 48.9992 ], [ -117.13488, 48.9988 ], [ -117.35151, 49.00031 ], [ -117.63747, 49.00073 ], [ -118.1732, 49.00006 ], [ -119.73106, 49.0001 ], [ -120.03727, 48.99944 ], [ -120.29971, 49.0003 ], [ -121.09493, 49.00021 ], [ -121.33483, 49.00091 ], [ -121.75955, 48.99729 ], [ -122.09803, 49.00241 ], [ -123.32222, 49.00207 ], [ -123.00847, 48.83121 ], [ -123.00847, 48.76709 ], [ -123.26786, 48.69399 ], [ -123.21891, 48.5487 ], [ -123.15986, 48.4535 ], [ -123.11512, 48.42283 ], [ -123.24842, 48.28401 ], [ -123.5412, 48.22455 ], [ -123.67905, 48.23999 ], [ -124.01204, 48.29667 ], [ -124.29499, 48.37523 ], [ -124.74972, 48.49978 ], [ -124.77207, 48.48611 ], [ -124.76526, 48.46056 ], [ -124.74618, 48.44544 ], [ -124.78854, 48.43216 ], [ -124.80771, 48.41755 ], [ -124.81697, 48.38547 ], [ -124.79662, 48.34412 ], [ -124.77042, 48.32353 ], [ -124.76137, 48.29568 ], [ -124.78639, 48.27229 ], [ -124.79091, 48.24978 ], [ -124.78049, 48.22858 ], [ -124.82766, 48.21383 ], [ -124.84565, 48.19489 ], [ -124.84852, 48.174 ], [ -124.82403, 48.1293 ], [ -124.80389, 48.11428 ], [ -124.78517, 48.08711 ], [ -124.78608, 48.06133 ], [ -124.80114, 48.03781 ], [ -124.80275, 47.99979 ], [ -124.79114, 47.9617 ], [ -124.75817, 47.94397 ], [ -124.75378, 47.91052 ], [ -124.72084, 47.8883 ], [ -124.69705, 47.84853 ], [ -124.64182, 47.81942 ], [ -124.5928, 47.76608 ], [ -124.57589, 47.75642 ], [ -124.54028, 47.71644 ], [ -124.56563, 47.68367 ], [ -124.56614, 47.664 ], [ -124.54783, 47.63845 ], [ -124.52676, 47.62712 ], [ -124.49723, 47.62136 ], [ -124.46138, 47.62496 ], [ -124.45378, 47.58842 ], [ -124.44, 47.56904 ], [ -124.41704, 47.48153 ], [ -124.42054, 47.45597 ], [ -124.40652, 47.42802 ], [ -124.41937, 47.41446 ], [ -124.42171, 47.39329 ], [ -124.41353, 47.36873 ], [ -124.39134, 47.32976 ], [ -124.35963, 47.30933 ], [ -124.35128, 47.27639 ], [ -124.33603, 47.2616 ], [ -124.30635, 47.24808 ], [ -124.29584, 47.2125 ], [ -124.27247, 47.16083 ], [ -124.27364, 47.14813 ], [ -124.25127, 47.09658 ], [ -124.24411, 47.05864 ], [ -124.24152, 46.9998 ], [ -124.24969, 46.95628 ], [ -124.24662, 46.91781 ], [ -124.23438, 46.89118 ], [ -124.20945, 46.87481 ], [ -124.19456, 46.84409 ], [ -124.18119, 46.79373 ], [ -124.17511, 46.79373 ], [ -124.16794, 46.72871 ], [ -124.14524, 46.67047 ], [ -124.14936, 46.64747 ], [ -124.14327, 46.63116 ], [ -124.13707, 46.55799 ], [ -124.12994, 46.42696 ], [ -124.13519, 46.34936 ], [ -124.16253, 46.27172 ], [ -124.15953, 46.26113 ] ] ] } },
{ "type": "Feature", "properties": { "fid": 49, "ZoneCode": "540001", "AbrvFull": "WV", "NameFull": "West Virginia", "ZoneNum": 1, "AbrvPart": null, "NamePart": null, "ZoneType": "Statewide", "StateAbrv": "WV", "StateName": "West Virginia", "ProjAbrv": "OMC", "ProjType": "Hotine Oblique Mercator, center", "LatOrigin": "39°15'N", "LonOriginE": "279°48'E", "LonOriginW": "80°12'W", "Lat0_deg": 39.25, "Lon0_E_deg": 279.8, "Lon0_W_deg": -80.2, "ProjScale": 0.99997, "SkewAz_deg": 50, "FalseN_m": 342900.0, "FalseE_m": 800100.0, "FalseN_ift": 1125000.0, "FalseE_ift": 2625000.0, "DesignBy": "NGS", "Ref_frame": "NATRF2022" }, "geometry": { "type": "Polygon", "coordinates": [ [ [ -79.47666, 39.72107 ], [ -79.94067, 39.72066 ], [ -80.07594, 39.72134 ], [ -80.51934, 39.72139 ], [ -80.51898, 40.63879 ], [ -80.584, 40.61571 ], [ -80.60263, 40.62528 ], [ -80.62644, 40.62017 ], [ -80.66353, 40.59076 ], [ -80.66437, 40.57001 ], [ -80.6275, 40.53578 ], [ -80.618, 40.50204 ], [ -80.59466, 40.47138 ], [ -80.61287, 40.42946 ], [ -80.61232, 40.40275 ], [ -80.63219, 40.39366 ], [ -80.60758, 40.36955 ], [ -80.61279, 40.34766 ], [ -80.59989, 40.31766 ], [ -80.61488, 40.29196 ], [ -80.6225, 40.26176 ], [ -80.6446, 40.25127 ], [ -80.66153, 40.2298 ], [ -80.66808, 40.19968 ], [ -80.70524, 40.15415 ], [ -80.71321, 40.09703 ], [ -80.73922, 40.07494 ], [ -80.73102, 40.04428 ], [ -80.74211, 40.00887 ], [ -80.74013, 39.97079 ], [ -80.76298, 39.95378 ], [ -80.76001, 39.90875 ], [ -80.79559, 39.91971 ], [ -80.80956, 39.90565 ], [ -80.79318, 39.88106 ], [ -80.79312, 39.86374 ], [ -80.82696, 39.84165 ], [ -80.82607, 39.79858 ], [ -80.86058, 39.7769 ], [ -80.87032, 39.76318 ], [ -80.82972, 39.71403 ], [ -80.83388, 39.70349 ], [ -80.8658, 39.68648 ], [ -80.86664, 39.65261 ], [ -80.88035, 39.6207 ], [ -80.93329, 39.6148 ], [ -81.02389, 39.5523 ], [ -81.09243, 39.49607 ], [ -81.13443, 39.44507 ], [ -81.18514, 39.43147 ], [ -81.21083, 39.40355 ], [ -81.21731, 39.38758 ], [ -81.26841, 39.38631 ], [ -81.29537, 39.37528 ], [ -81.34492, 39.34679 ], [ -81.38455, 39.34344 ], [ -81.39588, 39.35554 ], [ -81.40668, 39.38808 ], [ -81.4287, 39.4054 ], [ -81.45614, 39.40927 ], [ -81.49878, 39.37611 ], [ -81.54234, 39.35287 ], [ -81.55754, 39.33877 ], [ -81.56524, 39.27617 ], [ -81.57388, 39.26706 ], [ -81.6084, 39.27603 ], [ -81.67018, 39.27595 ], [ -81.69661, 39.25613 ], [ -81.69133, 39.22794 ], [ -81.72562, 39.2159 ], [ -81.73999, 39.18992 ], [ -81.75628, 39.17699 ], [ -81.7458, 39.14993 ], [ -81.74585, 39.09727 ], [ -81.77685, 39.07817 ], [ -81.80705, 39.08407 ], [ -81.81235, 39.06127 ], [ -81.80335, 39.04767 ], [ -81.76405, 39.01417 ], [ -81.78181, 38.96493 ], [ -81.75612, 38.93354 ], [ -81.7741, 38.92296 ], [ -81.81423, 38.94616 ], [ -81.83151, 38.94369 ], [ -81.84448, 38.92874 ], [ -81.84531, 38.91008 ], [ -81.85891, 38.89018 ], [ -81.89089, 38.87391 ], [ -81.91031, 38.87929 ], [ -81.92666, 38.9013 ], [ -81.89995, 38.9254 ], [ -81.90059, 38.93766 ], [ -81.93318, 38.98765 ], [ -81.95144, 38.99602 ], [ -81.98115, 38.99434 ], [ -81.98705, 39.01197 ], [ -82.00598, 39.02938 ], [ -82.03774, 39.02386 ], [ -82.05206, 38.99397 ], [ -82.09016, 38.97527 ], [ -82.12916, 38.90817 ], [ -82.14255, 38.89898 ], [ -82.13927, 38.8664 ], [ -82.14416, 38.84187 ], [ -82.16359, 38.82342 ], [ -82.18929, 38.81576 ], [ -82.22156, 38.78718 ], [ -82.21661, 38.76834 ], [ -82.19999, 38.75905 ], [ -82.18286, 38.70547 ], [ -82.19086, 38.68038 ], [ -82.17196, 38.62538 ], [ -82.18116, 38.59978 ], [ -82.22146, 38.59128 ], [ -82.24746, 38.59868 ], [ -82.27146, 38.59538 ], [ -82.29346, 38.57538 ], [ -82.29566, 38.53848 ], [ -82.30366, 38.49912 ], [ -82.32399, 38.44926 ], [ -82.34063, 38.44094 ], [ -82.38974, 38.43435 ], [ -82.40488, 38.43934 ], [ -82.53768, 38.40415 ], [ -82.57161, 38.40513 ], [ -82.59347, 38.42181 ], [ -82.59919, 38.3927 ], [ -82.59283, 38.37506 ], [ -82.59811, 38.34593 ], [ -82.57671, 38.32851 ], [ -82.57192, 38.31334 ], [ -82.58303, 38.2968 ], [ -82.57451, 38.2645 ], [ -82.58572, 38.24572 ], [ -82.6039, 38.24763 ], [ -82.61238, 38.23432 ], [ -82.59829, 38.21735 ], [ -82.59941, 38.19657 ], [ -82.61159, 38.17133 ], [ -82.64444, 38.16655 ], [ -82.63698, 38.13871 ], [ -82.62238, 38.13373 ], [ -82.58534, 38.10663 ], [ -82.58335, 38.09002 ], [ -82.54923, 38.06794 ], [ -82.53916, 38.03934 ], [ -82.5258, 38.02589 ], [ -82.51895, 38.00215 ], [ -82.48865, 37.9989 ], [ -82.48425, 37.97138 ], [ -82.47182, 37.96028 ], [ -82.50219, 37.93304 ], [ -82.48028, 37.92561 ], [ -82.48738, 37.91667 ], [ -82.46838, 37.9032 ], [ -82.46796, 37.91392 ], [ -82.42048, 37.88544 ], [ -82.42059, 37.84785 ], [ -82.39907, 37.82871 ], [ -82.40214, 37.81088 ], [ -82.38902, 37.8174 ], [ -82.37616, 37.80202 ], [ -82.33746, 37.77491 ], [ -82.32851, 37.76211 ], [ -82.31297, 37.76512 ], [ -82.33417, 37.74276 ], [ -82.31956, 37.73423 ], [ -82.30767, 37.708 ], [ -82.29621, 37.70069 ], [ -82.30406, 37.6783 ], [ -82.28218, 37.67574 ], [ -82.25806, 37.65688 ], [ -82.24089, 37.66152 ], [ -82.21676, 37.64049 ], [ -82.21449, 37.62539 ], [ -82.18592, 37.62955 ], [ -82.19075, 37.64513 ], [ -82.17507, 37.64782 ], [ -82.17698, 37.61818 ], [ -82.16434, 37.61925 ], [ -82.15629, 37.59236 ], [ -82.13228, 37.59332 ], [ -82.12445, 37.57651 ], [ -82.14176, 37.57108 ], [ -82.1341, 37.55362 ], [ -82.07564, 37.55591 ], [ -82.06483, 37.53719 ], [ -82.00557, 37.53491 ], [ -81.97009, 37.54672 ], [ -81.96801, 37.53803 ], [ -81.94757, 37.52679 ], [ -81.93998, 37.51258 ], [ -81.97759, 37.4846 ], [ -81.99657, 37.4767 ], [ -81.98552, 37.45432 ], [ -81.93561, 37.43839 ], [ -81.93787, 37.42008 ], [ -81.92522, 37.4118 ], [ -81.93587, 37.37855 ], [ -81.91764, 37.34915 ], [ -81.89793, 37.33366 ], [ -81.87486, 37.32814 ], [ -81.85445, 37.30656 ], [ -81.85355, 37.2877 ], [ -81.81962, 37.2794 ], [ -81.78929, 37.28441 ], [ -81.74603, 37.26339 ], [ -81.74012, 37.23774 ], [ -81.72265, 37.24014 ], [ -81.71572, 37.22876 ], [ -81.68401, 37.21109 ], [ -81.67822, 37.20153 ], [ -81.56063, 37.20666 ], [ -81.50686, 37.23494 ], [ -81.49803, 37.25808 ], [ -81.48355, 37.2506 ], [ -81.46055, 37.26533 ], [ -81.41666, 37.27321 ], [ -81.39428, 37.3164 ], [ -81.37941, 37.31756 ], [ -81.36215, 37.33768 ], [ -81.3201, 37.29932 ], [ -81.2251, 37.23487 ], [ -81.16702, 37.26287 ], [ -81.10414, 37.2806 ], [ -81.03613, 37.29024 ], [ -80.98731, 37.30135 ], [ -80.97388, 37.29144 ], [ -80.95101, 37.29496 ], [ -80.89804, 37.31677 ], [ -80.84945, 37.3469 ], [ -80.88324, 37.38393 ], [ -80.863, 37.41151 ], [ -80.85945, 37.42948 ], [ -80.83767, 37.42565 ], [ -80.78418, 37.39458 ], [ -80.77008, 37.37236 ], [ -80.7052, 37.39461 ], [ -80.64589, 37.42214 ], [ -80.63236, 37.43212 ], [ -80.55203, 37.47356 ], [ -80.51139, 37.48166 ], [ -80.49298, 37.45774 ], [ -80.49485, 37.43506 ], [ -80.4756, 37.42294 ], [ -80.36317, 37.47999 ], [ -80.36683, 37.48487 ], [ -80.33203, 37.49374 ], [ -80.29978, 37.50826 ], [ -80.28239, 37.53351 ], [ -80.30934, 37.52737 ], [ -80.33036, 37.53626 ], [ -80.31236, 37.54622 ], [ -80.3285, 37.56431 ], [ -80.25891, 37.59549 ], [ -80.22098, 37.62776 ], [ -80.2675, 37.64615 ], [ -80.27937, 37.65707 ], [ -80.29607, 37.69172 ], [ -80.25814, 37.7206 ], [ -80.26276, 37.73833 ], [ -80.24838, 37.76824 ], [ -80.21717, 37.7765 ], [ -80.22948, 37.79232 ], [ -80.21861, 37.80978 ], [ -80.17939, 37.83974 ], [ -80.17674, 37.85275 ], [ -80.14873, 37.88695 ], [ -80.14152, 37.88243 ], [ -80.06943, 37.94546 ], [ -80.0369, 37.9659 ], [ -80.00888, 37.99082 ], [ -79.97842, 38.02907 ], [ -79.95351, 38.08147 ], [ -79.92632, 38.10714 ], [ -79.93894, 38.11162 ], [ -79.94518, 38.13198 ], [ -79.92903, 38.13976 ], [ -79.91488, 38.16752 ], [ -79.92102, 38.17995 ], [ -79.89733, 38.19337 ], [ -79.83071, 38.24971 ], [ -79.81486, 38.25156 ], [ -79.78894, 38.2687 ], [ -79.79544, 38.29022 ], [ -79.80993, 38.30467 ], [ -79.79668, 38.32329 ], [ -79.77308, 38.33552 ], [ -79.76417, 38.35663 ], [ -79.74277, 38.35336 ], [ -79.72705, 38.36222 ], [ -79.73166, 38.37413 ], [ -79.70663, 38.41572 ], [ -79.68966, 38.43145 ], [ -79.68887, 38.45868 ], [ -79.69947, 38.47452 ], [ -79.68037, 38.51061 ], [ -79.66207, 38.51551 ], [ -79.67297, 38.52871 ], [ -79.66287, 38.57041 ], [ -79.64907, 38.59151 ], [ -79.53686, 38.55091 ], [ -79.52146, 38.53391 ], [ -79.47663, 38.45722 ], [ -79.31227, 38.41187 ], [ -79.26632, 38.43943 ], [ -79.23988, 38.47007 ], [ -79.21059, 38.4929 ], [ -79.20585, 38.52451 ], [ -79.18385, 38.55181 ], [ -79.15825, 38.59311 ], [ -79.15145, 38.62021 ], [ -79.13105, 38.65321 ], [ -79.09265, 38.66041 ], [ -79.08429, 38.6865 ], [ -79.09295, 38.70199 ], [ -79.07255, 38.7475 ], [ -79.05155, 38.7726 ], [ -79.04734, 38.7918 ], [ -79.02925, 38.791 ], [ -79.01953, 38.8179 ], [ -79.00795, 38.8223 ], [ -78.99376, 38.85001 ], [ -78.86926, 38.76297 ], [ -78.83165, 38.81489 ], [ -78.78803, 38.88511 ], [ -78.75908, 38.90052 ], [ -78.73914, 38.92713 ], [ -78.72105, 38.93221 ], [ -78.71991, 38.90607 ], [ -78.68045, 38.9253 ], [ -78.64658, 38.96813 ], [ -78.62045, 38.98259 ], [ -78.60165, 38.96459 ], [ -78.56902, 39.00294 ], [ -78.55046, 39.01806 ], [ -78.5719, 39.03199 ], [ -78.51647, 39.08179 ], [ -78.47959, 39.1095 ], [ -78.45986, 39.11334 ], [ -78.42729, 39.15272 ], [ -78.40369, 39.16744 ], [ -78.43869, 39.19808 ], [ -78.40545, 39.23169 ], [ -78.39966, 39.24387 ], [ -78.41942, 39.25747 ], [ -78.36724, 39.31014 ], [ -78.33928, 39.3486 ], [ -78.36686, 39.35928 ], [ -78.34321, 39.3888 ], [ -78.35991, 39.40902 ], [ -78.34671, 39.42761 ], [ -78.34708, 39.466 ], [ -78.26281, 39.41433 ], [ -78.15819, 39.34338 ], [ -78.0306, 39.26304 ], [ -77.82829, 39.13242 ], [ -77.80658, 39.17108 ], [ -77.79815, 39.20069 ], [ -77.77136, 39.23648 ], [ -77.74758, 39.29483 ], [ -77.71951, 39.32131 ], [ -77.75572, 39.33393 ], [ -77.74609, 39.35314 ], [ -77.75298, 39.37901 ], [ -77.73586, 39.39116 ], [ -77.75372, 39.4239 ], [ -77.78633, 39.42887 ], [ -77.80326, 39.43798 ], [ -77.78524, 39.44622 ], [ -77.79839, 39.45632 ], [ -77.7803, 39.46465 ], [ -77.79775, 39.47916 ], [ -77.76727, 39.49126 ], [ -77.78215, 39.49903 ], [ -77.79725, 39.48946 ], [ -77.84532, 39.49809 ], [ -77.82798, 39.5149 ], [ -77.83696, 39.5321 ], [ -77.84194, 39.51842 ], [ -77.86117, 39.51428 ], [ -77.86527, 39.5384 ], [ -77.88691, 39.55996 ], [ -77.83567, 39.56715 ], [ -77.82983, 39.58689 ], [ -77.8406, 39.60677 ], [ -77.8868, 39.61461 ], [ -77.88913, 39.59744 ], [ -77.92378, 39.60527 ], [ -77.93361, 39.61813 ], [ -77.9443, 39.58448 ], [ -77.95871, 39.60885 ], [ -77.97761, 39.5996 ], [ -78.00671, 39.60147 ], [ -78.0374, 39.63704 ], [ -78.07581, 39.66777 ], [ -78.10443, 39.68143 ], [ -78.18187, 39.69531 ], [ -78.2011, 39.67757 ], [ -78.23334, 39.67204 ], [ -78.22366, 39.66273 ], [ -78.25425, 39.63997 ], [ -78.26664, 39.61894 ], [ -78.35532, 39.64065 ], [ -78.35893, 39.62528 ], [ -78.38062, 39.62921 ], [ -78.37854, 39.60795 ], [ -78.42477, 39.62453 ], [ -78.43146, 39.61451 ], [ -78.39703, 39.59022 ], [ -78.40786, 39.57862 ], [ -78.44545, 39.59144 ], [ -78.45736, 39.58691 ], [ -78.44987, 39.57061 ], [ -78.42631, 39.55921 ], [ -78.42129, 39.54501 ], [ -78.43909, 39.55176 ], [ -78.46296, 39.53339 ], [ -78.46892, 39.51647 ], [ -78.52733, 39.52479 ], [ -78.56611, 39.51936 ], [ -78.6199, 39.53923 ], [ -78.65469, 39.5346 ], [ -78.6898, 39.54595 ], [ -78.7237, 39.56348 ], [ -78.73315, 39.5862 ], [ -78.75562, 39.58065 ], [ -78.77824, 39.60189 ], [ -78.73357, 39.61377 ], [ -78.74889, 39.62655 ], [ -78.77827, 39.62269 ], [ -78.76475, 39.6447 ], [ -78.79077, 39.63827 ], [ -78.80122, 39.62569 ], [ -78.79526, 39.61069 ], [ -78.80837, 39.6082 ], [ -78.82572, 39.58917 ], [ -78.81327, 39.56686 ], [ -78.83759, 39.56713 ], [ -78.87874, 39.52127 ], [ -78.91671, 39.48631 ], [ -78.93429, 39.48628 ], [ -78.95753, 39.46389 ], [ -78.95551, 39.4417 ], [ -79.03371, 39.46697 ], [ -79.04821, 39.48349 ], [ -79.08136, 39.47173 ], [ -79.10019, 39.47699 ], [ -79.10281, 39.45047 ], [ -79.12744, 39.41817 ], [ -79.1603, 39.41591 ], [ -79.16518, 39.38714 ], [ -79.17737, 39.39673 ], [ -79.19755, 39.38845 ], [ -79.21444, 39.3634 ], [ -79.25688, 39.35545 ], [ -79.25387, 39.33709 ], [ -79.28213, 39.32326 ], [ -79.29001, 39.29986 ], [ -79.31286, 39.30462 ], [ -79.34628, 39.29381 ], [ -79.35403, 39.278 ], [ -79.39328, 39.26162 ], [ -79.42422, 39.22683 ], [ -79.47321, 39.2021 ], [ -79.48687, 39.20589 ], [ -79.48607, 39.34429 ], [ -79.48437, 39.34429 ], [ -79.48236, 39.53168 ], [ -79.47886, 39.53168 ], [ -79.47666, 39.72107 ] ] ] } },
{ "type": "Feature", "properties": { "fid": 50, "ZoneCode": "550001", "AbrvFull": "WI", "NameFull": "Wisconsin", "ZoneNum": 1, "AbrvPart": null, "NamePart": null, "ZoneType": "Statewide", "StateAbrv": "WI", "StateName": "Wisconsin", "ProjAbrv": "TM", "ProjType": "Transverse Mercator", "LatOrigin": "37°15'N", "LonOriginE": "270°00'E", "LonOriginW": "90°00'W", "Lat0_deg": 37.25, "Lon0_E_deg": 270.0, "Lon0_W_deg": -90.0, "ProjScale": 0.99975, "SkewAz_deg": -9999, "FalseN_m": 0.0, "FalseE_m": 266700.0, "FalseN_ift": 0.0, "FalseE_ift": 875000.0, "DesignBy": "NGS", "Ref_frame": "NATRF2022" }, "geometry": { "type": "Polygon", "coordinates": [ [ [ -87.01993, 42.49349 ], [ -87.09187, 43.00001 ], [ -87.10839, 43.125 ], [ -87.12506, 43.22773 ], [ -87.14716, 43.37985 ], [ -87.12507, 43.67044 ], [ -87.11409, 43.7341 ], [ -87.04884, 43.99999 ], [ -87.04624, 43.99999 ], [ -87.01323, 44.1319 ], [ -87.00007, 44.15481 ], [ -86.84769, 44.50033 ], [ -86.85518, 44.50033 ], [ -86.75009, 44.73949 ], [ -86.68628, 44.88099 ], [ -86.49992, 45.08079 ], [ -86.43312, 45.12498 ], [ -86.25009, 45.23573 ], [ -86.2823, 45.24997 ], [ -86.58571, 45.37498 ], [ -86.75423, 45.4436 ], [ -87.10112, 45.44422 ], [ -87.17116, 45.35253 ], [ -87.31541, 45.24065 ], [ -87.40568, 45.20196 ], [ -87.4425, 45.07643 ], [ -87.6612, 45.10827 ], [ -87.68389, 45.14413 ], [ -87.7179, 45.16118 ], [ -87.73527, 45.17656 ], [ -87.74179, 45.19704 ], [ -87.72619, 45.20938 ], [ -87.72533, 45.23084 ], [ -87.71106, 45.24094 ], [ -87.70586, 45.26573 ], [ -87.68772, 45.29748 ], [ -87.64776, 45.34055 ], [ -87.65817, 45.36947 ], [ -87.69395, 45.38988 ], [ -87.71888, 45.37745 ], [ -87.75409, 45.34943 ], [ -87.79038, 45.35344 ], [ -87.85041, 45.34748 ], [ -87.86984, 45.35675 ], [ -87.88804, 45.35469 ], [ -87.85941, 45.38822 ], [ -87.84966, 45.40951 ], [ -87.86169, 45.43446 ], [ -87.81287, 45.46432 ], [ -87.79321, 45.50502 ], [ -87.80223, 45.51305 ], [ -87.80338, 45.53826 ], [ -87.83296, 45.55945 ], [ -87.83168, 45.56803 ], [ -87.79753, 45.56212 ], [ -87.77719, 45.58849 ], [ -87.78084, 45.61459 ], [ -87.79587, 45.61884 ], [ -87.82438, 45.6477 ], [ -87.82418, 45.66204 ], [ -87.781, 45.67393 ], [ -87.80498, 45.69579 ], [ -87.81233, 45.71129 ], [ -87.83939, 45.71781 ], [ -87.8798, 45.75483 ], [ -87.92986, 45.76028 ], [ -87.96344, 45.75821 ], [ -87.98642, 45.76959 ], [ -87.99453, 45.79563 ], [ -88.03972, 45.78962 ], [ -88.05063, 45.78099 ], [ -88.09474, 45.78575 ], [ -88.10874, 45.8036 ], [ -88.12867, 45.80885 ], [ -88.13245, 45.82415 ], [ -88.07735, 45.86375 ], [ -88.07047, 45.87432 ], [ -88.10175, 45.88318 ], [ -88.1057, 45.9052 ], [ -88.09518, 45.9161 ], [ -88.12664, 45.92178 ], [ -88.14812, 45.93754 ], [ -88.17008, 45.93948 ], [ -88.19712, 45.9532 ], [ -88.20959, 45.94428 ], [ -88.2371, 45.94827 ], [ -88.24579, 45.96301 ], [ -88.29172, 45.95115 ], [ -88.32803, 45.96353 ], [ -88.38088, 45.9918 ], [ -88.38895, 45.98251 ], [ -88.41702, 45.97517 ], [ -88.45431, 45.99765 ], [ -88.49797, 45.99579 ], [ -88.50635, 46.0176 ], [ -88.53416, 46.02026 ], [ -88.56512, 46.01572 ], [ -88.58826, 46.00509 ], [ -88.59711, 46.01712 ], [ -88.61257, 46.00419 ], [ -88.61646, 45.98772 ], [ -88.65864, 45.98928 ], [ -88.67886, 46.01359 ], [ -88.72183, 46.01708 ], [ -88.73966, 46.02741 ], [ -88.78206, 46.01618 ], [ -88.81602, 46.02058 ], [ -88.85112, 46.04044 ], [ -89.09163, 46.13844 ], [ -89.76449, 46.26807 ], [ -90.12056, 46.33703 ], [ -90.11881, 46.35952 ], [ -90.15305, 46.40115 ], [ -90.16331, 46.43476 ], [ -90.1777, 46.44008 ], [ -90.17803, 46.45591 ], [ -90.20299, 46.477 ], [ -90.21616, 46.50126 ], [ -90.22959, 46.50841 ], [ -90.26154, 46.50255 ], [ -90.28445, 46.51871 ], [ -90.31654, 46.51689 ], [ -90.30943, 46.53728 ], [ -90.33164, 46.55308 ], [ -90.35067, 46.54032 ], [ -90.39325, 46.53242 ], [ -90.41838, 46.56609 ], [ -90.38151, 46.62494 ], [ -90.00013, 47.21496 ], [ -89.95709, 47.29109 ], [ -90.12513, 47.2966 ], [ -90.65465, 47.30981 ], [ -91.00017, 47.14976 ], [ -91.31963, 46.99992 ], [ -91.50017, 46.91331 ], [ -91.59213, 46.87493 ], [ -91.87518, 46.76329 ], [ -91.98133, 46.72308 ], [ -92.02028, 46.70403 ], [ -92.03398, 46.70893 ], [ -92.08948, 46.74923 ], [ -92.11658, 46.74863 ], [ -92.14328, 46.73463 ], [ -92.14628, 46.71602 ], [ -92.18908, 46.71753 ], [ -92.20518, 46.69833 ], [ -92.18299, 46.69564 ], [ -92.18135, 46.68023 ], [ -92.20548, 46.66473 ], [ -92.21238, 46.64993 ], [ -92.24248, 46.64923 ], [ -92.25454, 46.65844 ], [ -92.27058, 46.65073 ], [ -92.29218, 46.66603 ], [ -92.29157, 46.63408 ], [ -92.29402, 46.07437 ], [ -92.33532, 46.05941 ], [ -92.3504, 46.01636 ], [ -92.37271, 46.01419 ], [ -92.41, 46.02724 ], [ -92.44225, 46.01617 ], [ -92.46113, 45.98021 ], [ -92.47275, 45.97294 ], [ -92.52518, 45.98385 ], [ -92.5498, 45.96798 ], [ -92.55118, 45.95223 ], [ -92.63993, 45.93353 ], [ -92.67573, 45.90747 ], [ -92.70636, 45.89544 ], [ -92.73843, 45.86136 ], [ -92.73998, 45.84628 ], [ -92.76567, 45.82724 ], [ -92.75794, 45.81121 ], [ -92.77205, 45.79522 ], [ -92.78461, 45.76419 ], [ -92.80983, 45.74416 ], [ -92.86918, 45.71756 ], [ -92.87892, 45.6656 ], [ -92.88897, 45.64247 ], [ -92.88252, 45.61021 ], [ -92.88374, 45.57548 ], [ -92.8722, 45.56801 ], [ -92.8233, 45.56093 ], [ -92.7734, 45.56823 ], [ -92.72607, 45.5411 ], [ -92.72667, 45.51445 ], [ -92.71285, 45.50484 ], [ -92.68022, 45.46434 ], [ -92.65269, 45.45452 ], [ -92.64659, 45.44163 ], [ -92.65027, 45.39876 ], [ -92.70404, 45.35365 ], [ -92.69896, 45.33637 ], [ -92.73711, 45.30045 ], [ -92.76199, 45.28821 ], [ -92.75191, 45.26587 ], [ -92.76024, 45.24959 ], [ -92.7517, 45.21866 ], [ -92.7668, 45.18546 ], [ -92.7532, 45.17476 ], [ -92.75219, 45.14249 ], [ -92.73952, 45.11651 ], [ -92.74493, 45.1083 ], [ -92.79033, 45.08055 ], [ -92.8029, 45.0654 ], [ -92.7879, 45.04351 ], [ -92.76194, 45.02209 ], [ -92.77122, 45.00137 ], [ -92.76943, 44.97214 ], [ -92.75459, 44.95576 ], [ -92.75063, 44.93729 ], [ -92.75955, 44.90785 ], [ -92.77309, 44.90136 ], [ -92.76341, 44.87286 ], [ -92.76566, 44.841 ], [ -92.7876, 44.7892 ], [ -92.80555, 44.76838 ], [ -92.8084, 44.7516 ], [ -92.79233, 44.73935 ], [ -92.73203, 44.71434 ], [ -92.6647, 44.66337 ], [ -92.62184, 44.63901 ], [ -92.62253, 44.61605 ], [ -92.5847, 44.59985 ], [ -92.56894, 44.60336 ], [ -92.5399, 44.56745 ], [ -92.51869, 44.57522 ], [ -92.48221, 44.56851 ], [ -92.43648, 44.55288 ], [ -92.41566, 44.5605 ], [ -92.34756, 44.55714 ], [ -92.31735, 44.5425 ], [ -92.30246, 44.51648 ], [ -92.29847, 44.49461 ], [ -92.28235, 44.4777 ], [ -92.22107, 44.44038 ], [ -92.12367, 44.42183 ], [ -92.11287, 44.41456 ], [ -92.05354, 44.40137 ], [ -92.03814, 44.38872 ], [ -91.95999, 44.35979 ], [ -91.92821, 44.33547 ], [ -91.91435, 44.30822 ], [ -91.92027, 44.28649 ], [ -91.89695, 44.27566 ], [ -91.88718, 44.25251 ], [ -91.89295, 44.23514 ], [ -91.87515, 44.20057 ], [ -91.82916, 44.17834 ], [ -91.81729, 44.16423 ], [ -91.75174, 44.13478 ], [ -91.73064, 44.13289 ], [ -91.71059, 44.12047 ], [ -91.70748, 44.1039 ], [ -91.68152, 44.09739 ], [ -91.64644, 44.06333 ], [ -91.605, 44.0453 ], [ -91.58259, 44.02737 ], [ -91.50711, 44.01897 ], [ -91.48086, 44.00814 ], [ -91.44053, 44.00151 ], [ -91.406, 43.96392 ], [ -91.36471, 43.93487 ], [ -91.35673, 43.91656 ], [ -91.3153, 43.8818 ], [ -91.31126, 43.86782 ], [ -91.28413, 43.84706 ], [ -91.26242, 43.79216 ], [ -91.24413, 43.77466 ], [ -91.25515, 43.73199 ], [ -91.26845, 43.70982 ], [ -91.27174, 43.65492 ], [ -91.26385, 43.64765 ], [ -91.26874, 43.61534 ], [ -91.23666, 43.58765 ], [ -91.2328, 43.56483 ], [ -91.24381, 43.54912 ], [ -91.2177, 43.50054 ], [ -91.21527, 43.48479 ], [ -91.23223, 43.46001 ], [ -91.22874, 43.44553 ], [ -91.20313, 43.4198 ], [ -91.19766, 43.39533 ], [ -91.21476, 43.36587 ], [ -91.20184, 43.3491 ], [ -91.18111, 43.34592 ], [ -91.12911, 43.32634 ], [ -91.10723, 43.31364 ], [ -91.0579, 43.25396 ], [ -91.07927, 43.22825 ], [ -91.11911, 43.20036 ], [ -91.15619, 43.14294 ], [ -91.17524, 43.13466 ], [ -91.17937, 43.06862 ], [ -91.17468, 43.03871 ], [ -91.14654, 42.96334 ], [ -91.14977, 42.94024 ], [ -91.14348, 42.90469 ], [ -91.10056, 42.88307 ], [ -91.09158, 42.84866 ], [ -91.09405, 42.83081 ], [ -91.07866, 42.82767 ], [ -91.07856, 42.80962 ], [ -91.06467, 42.75091 ], [ -91.05127, 42.73699 ], [ -90.99553, 42.7137 ], [ -90.98057, 42.69892 ], [ -90.95241, 42.68677 ], [ -90.92115, 42.6854 ], [ -90.88742, 42.67246 ], [ -90.76949, 42.65144 ], [ -90.7202, 42.64075 ], [ -90.70266, 42.63075 ], [ -90.68697, 42.59177 ], [ -90.66152, 42.56799 ], [ -90.64402, 42.53985 ], [ -90.63598, 42.5154 ], [ -90.64283, 42.50847 ], [ -90.40592, 42.50688 ], [ -90.1574, 42.50832 ], [ -90.03179, 42.5077 ], [ -89.95523, 42.50564 ], [ -89.66981, 42.50504 ], [ -89.56158, 42.50255 ], [ -89.26266, 42.49818 ], [ -88.9916, 42.496 ], [ -88.77658, 42.49191 ], [ -88.65604, 42.49484 ], [ -88.38999, 42.49451 ], [ -88.08339, 42.49563 ], [ -87.80321, 42.49256 ], [ -87.37505, 42.49381 ], [ -87.01993, 42.49349 ] ] ] } },
{ "type": "Feature", "properties": { "fid": 51, "ZoneCode": "560001", "AbrvFull": "WY", "NameFull": "Wyoming", "ZoneNum": 1, "AbrvPart": null, "NamePart": null, "ZoneType": "Statewide", "StateAbrv": "WY", "StateName": "Wyoming", "ProjAbrv": "LC1", "ProjType": "Lambert Conformal Conic, one parallel", "LatOrigin": "43°06'N", "LonOriginE": "252°30'E", "LonOriginW": "107°30'W", "Lat0_deg": 43.1, "Lon0_E_deg": 252.5, "Lon0_W_deg": -107.5, "ProjScale": 1.0, "SkewAz_deg": -9999, "FalseN_m": 457200.0, "FalseE_m": 1066800.0, "FalseN_ift": 1500000.0, "FalseE_ift": 3500000.0, "DesignBy": "NGS", "Ref_frame": "NATRF2022" }, "geometry": { "type": "Polygon", "coordinates": [ [ [ -109.05001, 41.00069 ], [ -108.88412, 41.00009 ], [ -108.25064, 41.00011 ], [ -108.04653, 41.00206 ], [ -107.75061, 41.00197 ], [ -107.00311, 41.00342 ], [ -106.85776, 41.00266 ], [ -106.43955, 41.00197 ], [ -106.218, 40.99773 ], [ -105.75054, 40.99689 ], [ -105.25052, 40.99825 ], [ -104.88244, 40.99818 ], [ -104.62551, 41.00142 ], [ -104.17342, 41.00176 ], [ -104.05324, 41.0014 ], [ -104.0535, 41.15725 ], [ -104.05223, 41.39806 ], [ -104.05285, 41.59225 ], [ -104.05253, 42.16679 ], [ -104.05301, 43.00058 ], [ -104.05478, 43.41641 ], [ -104.05547, 43.85347 ], [ -104.05447, 44.18037 ], [ -104.05538, 44.24998 ], [ -104.056, 44.59158 ], [ -104.0559, 44.87498 ], [ -104.05787, 44.9976 ], [ -104.59231, 44.99865 ], [ -104.88915, 45.00002 ], [ -105.64521, 45.00042 ], [ -105.91314, 45.00023 ], [ -105.92816, 44.99348 ], [ -106.12619, 44.99326 ], [ -107.08487, 44.99659 ], [ -107.1274, 44.99983 ], [ -107.48373, 45.00142 ], [ -107.6132, 45.00061 ], [ -108.2295, 45.00041 ], [ -108.51403, 44.99964 ], [ -108.59808, 45.00039 ], [ -109.08308, 44.99955 ], [ -109.10321, 45.00581 ], [ -109.32682, 45.00528 ], [ -109.78608, 45.00179 ], [ -109.82565, 45.00322 ], [ -110.10576, 45.00353 ], [ -110.18321, 44.99695 ], [ -110.4071, 44.99949 ], [ -110.44573, 44.99368 ], [ -110.50696, 44.99251 ], [ -110.70446, 44.99217 ], [ -110.7901, 45.00088 ], [ -111.05454, 45.00095 ], [ -111.05397, 44.72624 ], [ -111.05242, 44.47841 ], [ -111.04896, 44.47407 ], [ -111.04968, 44.35362 ], [ -111.04733, 43.99992 ], [ -111.04656, 43.73967 ], [ -111.04541, 43.62212 ], [ -111.04488, 43.31326 ], [ -111.044, 43.23336 ], [ -111.04353, 42.7195 ], [ -111.046, 42.58272 ], [ -111.04731, 42.39264 ], [ -111.0467, 42.0017 ], [ -111.04578, 41.50606 ], [ -111.04678, 41.24668 ], [ -111.0468, 40.99787 ], [ -110.68136, 40.99623 ], [ -110.54586, 40.99633 ], [ -110.50506, 40.9948 ], [ -110.2741, 40.99481 ], [ -110.09952, 40.99704 ], [ -109.80689, 40.99769 ], [ -109.51087, 40.99905 ], [ -109.24999, 41.00104 ], [ -109.05001, 41.00069 ] ] ] } },
{ "type": "Feature", "properties": { "fid": 52, "ZoneCode": "600001", "AbrvFull": "AS", "NameFull": "American Samoa", "ZoneNum": 1, "AbrvPart": null, "NamePart": null, "ZoneType": "Statewide", "StateAbrv": "AS", "StateName": "American Samoa", "ProjAbrv": "LC1", "ProjType": "Lambert Conformal Conic, one parallel", "LatOrigin": "14°15'S", "LonOriginE": "189°45'E", "LonOriginW": "170°15'W", "Lat0_deg": -14.25, "Lon0_E_deg": 189.75, "Lon0_W_deg": -170.25, "ProjScale": 1.000015, "SkewAz_deg": -9999, "FalseN_m": 190500.0, "FalseE_m": 304800.0, "FalseN_ift": 625000.0, "FalseE_ift": 1000000.0, "DesignBy": "NGS", "Ref_frame": "PATRF2022" }, "geometry": { "type": "MultiPolygon", "coordinates": [ [ [ [ -170.55954, -14.33805 ], [ -170.50944, -14.32876 ], [ -170.4915, -14.30169 ], [ -170.49472, -14.26596 ], [ -170.50528, -14.25628 ], [ -170.5106, -14.23213 ], [ -170.53678, -14.20434 ], [ -170.58166, -14.1964 ], [ -170.60223, -14.20037 ], [ -170.64166, -14.17694 ], [ -170.68709, -14.18224 ], [ -170.70392, -14.20337 ], [ -170.75, -14.24117 ], [ -170.81678, -14.24765 ], [ -170.85045, -14.26471 ], [ -170.875, -14.2876 ], [ -170.89029, -14.31719 ], [ -170.8837, -14.34269 ], [ -170.85233, -14.36635 ], [ -170.8231, -14.37179 ], [ -170.80396, -14.39575 ], [ -170.77434, -14.41314 ], [ -170.73902, -14.41995 ], [ -170.72575, -14.41594 ], [ -170.66923, -14.37806 ], [ -170.64279, -14.34032 ], [ -170.5865, -14.33103 ], [ -170.55954, -14.33805 ] ] ], [ [ [ -169.48269, -14.31725 ], [ -169.44597, -14.30483 ], [ -169.4195, -14.31141 ], [ -169.3974, -14.30718 ], [ -169.38024, -14.29482 ], [ -169.36752, -14.2613 ], [ -169.3669, -14.20207 ], [ -169.3772, -14.18126 ], [ -169.39518, -14.17001 ], [ -169.43045, -14.17127 ], [ -169.50606, -14.16687 ], [ -169.54255, -14.17978 ], [ -169.56237, -14.125 ], [ -169.59924, -14.10539 ], [ -169.63049, -14.11371 ], [ -169.66149, -14.1089 ], [ -169.70232, -14.12034 ], [ -169.71732, -14.13331 ], [ -169.7258, -14.18097 ], [ -169.71419, -14.20073 ], [ -169.68035, -14.2306 ], [ -169.66061, -14.23383 ], [ -169.63135, -14.22797 ], [ -169.62281, -14.23569 ], [ -169.58833, -14.23377 ], [ -169.56685, -14.22148 ], [ -169.56381, -14.25 ], [ -169.53919, -14.269 ], [ -169.5134, -14.30778 ], [ -169.48269, -14.31725 ] ] ] ] } },
{ "type": "Feature", "properties": { "fid": 53, "ZoneCode": "660001", "AbrvFull": "GUMP", "NameFull": "Guam and Northern Mariana Islands", "ZoneNum": 1, "AbrvPart": null, "NamePart": null, "ZoneType": "Statewide", "StateAbrv": "GUMP", "StateName": "Guam and Northern Mariana Islands", "ProjAbrv": "TM", "ProjType": "Transverse Mercator", "LatOrigin": "12°00'N", "LonOriginE": "145°15'E", "LonOriginW": "214°45'W", "Lat0_deg": 12.0, "Lon0_E_deg": 145.25, "Lon0_W_deg": -214.75, "ProjScale": 0.99999, "SkewAz_deg": -9999, "FalseN_m": 0.0, "FalseE_m": 1066800.0, "FalseN_ift": 0.0, "FalseE_ift": 3500000.0, "DesignBy": "NGS", "Ref_frame": "MATRF2022" }, "geometry": { "type": "MultiPolygon", "coordinates": [ [ [ [ 145.00644, 13.60743 ], [ 144.98158, 13.64121 ], [ 144.94051, 13.65057 ], [ 144.91709, 13.67859 ], [ 144.875, 13.70333 ], [ 144.84529, 13.70509 ], [ 144.81192, 13.68443 ], [ 144.78733, 13.6487 ], [ 144.77743, 13.59862 ], [ 144.75, 13.55189 ], [ 144.72547, 13.53174 ], [ 144.69301, 13.52902 ], [ 144.66312, 13.51523 ], [ 144.64384, 13.51778 ], [ 144.61115, 13.51024 ], [ 144.5888, 13.4938 ], [ 144.56634, 13.46369 ], [ 144.56691, 13.42563 ], [ 144.59304, 13.39242 ], [ 144.57759, 13.34404 ], [ 144.58473, 13.31251 ], [ 144.60299, 13.29515 ], [ 144.60838, 13.27061 ], [ 144.59087, 13.23933 ], [ 144.5912, 13.21969 ], [ 144.6064, 13.19565 ], [ 144.64157, 13.18241 ], [ 144.68833, 13.19104 ], [ 144.74056, 13.19519 ], [ 144.77074, 13.21573 ], [ 144.80273, 13.25118 ], [ 144.81893, 13.28279 ], [ 144.82082, 13.33365 ], [ 144.82659, 13.38145 ], [ 144.85708, 13.40383 ], [ 144.93228, 13.46936 ], [ 144.95804, 13.48251 ], [ 144.97204, 13.5 ], [ 144.98947, 13.54719 ], [ 145.0067, 13.58089 ], [ 145.00644, 13.60743 ] ] ], [ [ [ 145.27659, 14.25431 ], [ 145.26381, 14.2662 ], [ 145.23563, 14.2666 ], [ 145.20139, 14.25375 ], [ 145.17833, 14.23502 ], [ 145.14309, 14.23132 ], [ 145.11431, 14.21691 ], [ 145.09194, 14.19363 ], [ 145.09146, 14.16874 ], [ 145.07524, 14.15911 ], [ 145.05897, 14.125 ], [ 145.06541, 14.07863 ], [ 145.09691, 14.04705 ], [ 145.13334, 14.03935 ], [ 145.15973, 14.04303 ], [ 145.17799, 14.03657 ], [ 145.21956, 14.05598 ], [ 145.26074, 14.05866 ], [ 145.28456, 14.07111 ], [ 145.29914, 14.09194 ], [ 145.32556, 14.0989 ], [ 145.35149, 14.125 ], [ 145.34918, 14.13641 ], [ 145.37141, 14.17013 ], [ 145.37448, 14.20083 ], [ 145.3517, 14.24441 ], [ 145.30453, 14.25629 ], [ 145.27659, 14.25431 ] ] ], [ [ [ 145.75007, 15.0666 ], [ 145.79602, 15.07359 ], [ 145.83389, 15.10194 ], [ 145.83741, 15.12007 ], [ 145.85976, 15.12376 ], [ 145.87598, 15.13544 ], [ 145.88294, 15.19735 ], [ 145.90937, 15.27408 ], [ 145.89635, 15.30873 ], [ 145.87598, 15.3345 ], [ 145.85282, 15.35189 ], [ 145.80285, 15.35783 ], [ 145.78182, 15.34835 ], [ 145.73543, 15.31266 ], [ 145.70851, 15.27527 ], [ 145.68745, 15.23224 ], [ 145.68697, 15.19737 ], [ 145.6693, 15.16196 ], [ 145.64831, 15.13867 ], [ 145.5726, 15.12502 ], [ 145.53508, 15.08928 ], [ 145.51832, 15.05628 ], [ 145.51322, 15.0 ], [ 145.52477, 14.97146 ], [ 145.55224, 14.93272 ], [ 145.48935, 14.8987 ], [ 145.4702, 14.86488 ], [ 145.46785, 14.83709 ], [ 145.48268, 14.79921 ], [ 145.50773, 14.77938 ], [ 145.53263, 14.77269 ], [ 145.59172, 14.78143 ], [ 145.61647, 14.80084 ], [ 145.64137, 14.83233 ], [ 145.65313, 14.85737 ], [ 145.68374, 14.86423 ], [ 145.73076, 14.9173 ], [ 145.74775, 14.97122 ], [ 145.74307, 15.0 ], [ 145.75007, 15.0666 ] ] ], [ [ [ 146.08816, 15.95296 ], [ 146.13316, 15.98102 ], [ 146.15067, 16.00632 ], [ 146.15192, 16.05187 ], [ 146.125, 16.08548 ], [ 146.09403, 16.09728 ], [ 146.05078, 16.09337 ], [ 146.01425, 16.05744 ], [ 146.00199, 16.02878 ], [ 146.01071, 15.97067 ], [ 146.04444, 15.94789 ], [ 146.08816, 15.95296 ] ] ], [ [ [ 145.6932, 16.274 ], [ 145.73291, 16.29331 ], [ 145.76764, 16.32397 ], [ 145.78282, 16.35992 ], [ 145.77088, 16.41228 ], [ 145.75, 16.43765 ], [ 145.72075, 16.44828 ], [ 145.65461, 16.4511 ], [ 145.625, 16.4425 ], [ 145.57133, 16.40199 ], [ 145.55884, 16.37415 ], [ 145.56008, 16.34125 ], [ 145.57507, 16.30582 ], [ 145.6038, 16.28936 ], [ 145.64991, 16.27377 ], [ 145.6932, 16.274 ] ] ], [ [ [ 145.78123, 16.63047 ], [ 145.82191, 16.63707 ], [ 145.85494, 16.66013 ], [ 145.86763, 16.69052 ], [ 145.8679, 16.74176 ], [ 145.82319, 16.78212 ], [ 145.79239, 16.79197 ], [ 145.76977, 16.78775 ], [ 145.73074, 16.76988 ], [ 145.7083, 16.75 ], [ 145.70003, 16.7109 ], [ 145.71175, 16.66568 ], [ 145.73831, 16.64095 ], [ 145.78123, 16.63047 ] ] ], [ [ [ 145.89641, 17.38839 ], [ 145.85054, 17.40119 ], [ 145.80157, 17.38699 ], [ 145.77438, 17.35982 ], [ 145.76131, 17.33631 ], [ 145.76605, 17.29062 ], [ 145.77421, 17.27308 ], [ 145.80548, 17.2411 ], [ 145.84682, 17.22527 ], [ 145.89072, 17.24331 ], [ 145.92319, 17.2886 ], [ 145.92601, 17.33329 ], [ 145.93656, 17.34037 ], [ 145.9161, 17.37208 ], [ 145.89641, 17.38839 ] ] ], [ [ [ 145.83236, 17.51292 ], [ 145.86766, 17.51772 ], [ 145.89666, 17.53354 ], [ 145.91833, 17.56724 ], [ 145.92445, 17.59912 ], [ 145.9177, 17.65463 ], [ 145.89394, 17.6803 ], [ 145.85687, 17.69055 ], [ 145.82812, 17.69082 ], [ 145.80011, 17.68409 ], [ 145.78544, 17.66852 ], [ 145.74666, 17.59937 ], [ 145.75, 17.56426 ], [ 145.77673, 17.53597 ], [ 145.80113, 17.52051 ], [ 145.83236, 17.51292 ] ] ], [ [ [ 145.79405, 18.24307 ], [ 145.75952, 18.24109 ], [ 145.70003, 18.19974 ], [ 145.68478, 18.17112 ], [ 145.68549, 18.15362 ], [ 145.66032, 18.1192 ], [ 145.64375, 18.05795 ], [ 145.66402, 18.00925 ], [ 145.69539, 17.98984 ], [ 145.7441, 17.98604 ], [ 145.77786, 18.00343 ], [ 145.80925, 18.02952 ], [ 145.84424, 18.04554 ], [ 145.86422, 18.06863 ], [ 145.88347, 18.10933 ], [ 145.89065, 18.15507 ], [ 145.88029, 18.18637 ], [ 145.85599, 18.2232 ], [ 145.84002, 18.23383 ], [ 145.79405, 18.24307 ] ] ], [ [ [ 145.68462, 18.65784 ], [ 145.73662, 18.68791 ], [ 145.76433, 18.73163 ], [ 145.76981, 18.75 ], [ 145.76492, 18.79557 ], [ 145.75, 18.8271 ], [ 145.72572, 18.85983 ], [ 145.70419, 18.875 ], [ 145.67609, 18.88055 ], [ 145.625, 18.875 ], [ 145.5981, 18.85684 ], [ 145.5754, 18.82043 ], [ 145.56313, 18.77869 ], [ 145.57689, 18.72965 ], [ 145.60861, 18.68228 ], [ 145.65444, 18.66041 ], [ 145.68462, 18.65784 ] ] ], [ [ [ 145.4275, 19.59096 ], [ 145.45498, 19.60488 ], [ 145.48841, 19.65698 ], [ 145.49562, 19.67992 ], [ 145.48984, 19.70358 ], [ 145.47271, 19.72673 ], [ 145.43528, 19.75562 ], [ 145.38497, 19.76412 ], [ 145.35969, 19.75641 ], [ 145.3159, 19.71404 ], [ 145.30487, 19.68453 ], [ 145.31296, 19.65369 ], [ 145.33033, 19.615 ], [ 145.375, 19.59479 ], [ 145.40002, 19.58843 ], [ 145.4275, 19.59096 ] ] ], [ [ [ 145.2481, 19.94806 ], [ 145.29254, 19.9793 ], [ 145.31497, 20.03296 ], [ 145.29972, 20.06584 ], [ 145.26515, 20.09536 ], [ 145.23361, 20.10267 ], [ 145.17865, 20.09651 ], [ 145.14617, 20.07639 ], [ 145.13189, 20.03956 ], [ 145.1426, 19.98626 ], [ 145.18312, 19.95191 ], [ 145.2481, 19.94806 ] ] ], [ [ [ 144.88711, 20.46291 ], [ 144.92643, 20.47009 ], [ 144.96385, 20.5 ], [ 144.97915, 20.52586 ], [ 144.97749, 20.56226 ], [ 144.97109, 20.58119 ], [ 144.94141, 20.60832 ], [ 144.89913, 20.61656 ], [ 144.86329, 20.613 ], [ 144.83343, 20.59514 ], [ 144.82107, 20.5781 ], [ 144.81334, 20.54476 ], [ 144.81604, 20.5233 ], [ 144.8314, 20.4849 ], [ 144.86247, 20.4671 ], [ 144.88711, 20.46291 ] ] ] ] } },
{ "type": "Feature", "properties": { "fid": 54, "ZoneCode": "720001", "AbrvFull": "PRVI", "NameFull": "Puerto Rico and US Virgin Islands", "ZoneNum": 1, "AbrvPart": null, "NamePart": null, "ZoneType": "Statewide", "StateAbrv": "PRVI", "StateName": "Puerto Rico and US Virgin Islands", "ProjAbrv": "LC1", "ProjType": "Lambert Conformal Conic, one parallel", "LatOrigin": "18°09'N", "LonOriginE": "293°45'E", "LonOriginW": "66°15'W", "Lat0_deg": 18.15, "Lon0_E_deg": 293.75, "Lon0_W_deg": -66.25, "ProjScale": 1.0, "SkewAz_deg": -9999, "FalseN_m": 190500.0, "FalseE_m": 495300.0, "FalseN_ift": 625000.0, "FalseE_ift": 1625000.0, "DesignBy": "NGS", "Ref_frame": "CATRF2022" }, "geometry": { "type": "MultiPolygon", "coordinates": [ [ [ [ -64.52982, 17.793 ], [ -64.58354, 17.83307 ], [ -64.61519, 17.84398 ], [ -64.63888, 17.84487 ], [ -64.66811, 17.83522 ], [ -64.70053, 17.80919 ], [ -64.71851, 17.82592 ], [ -64.74959, 17.83518 ], [ -64.81941, 17.82809 ], [ -64.84122, 17.81508 ], [ -64.86157, 17.82099 ], [ -64.8993, 17.81546 ], [ -64.9342, 17.78468 ], [ -64.94681, 17.74802 ], [ -64.93894, 17.71753 ], [ -64.9518, 17.69928 ], [ -64.95649, 17.67233 ], [ -64.93517, 17.63518 ], [ -64.91592, 17.62523 ], [ -64.88541, 17.62595 ], [ -64.86556, 17.63533 ], [ -64.81153, 17.62568 ], [ -64.75644, 17.63064 ], [ -64.70814, 17.64753 ], [ -64.64684, 17.66023 ], [ -64.57699, 17.69451 ], [ -64.53978, 17.70871 ], [ -64.52472, 17.7227 ], [ -64.51274, 17.75235 ], [ -64.52982, 17.793 ] ] ], [ [ [ -67.89493, 18.16667 ], [ -67.91617, 18.2001 ], [ -67.93694, 18.20936 ], [ -67.97366, 18.2036 ], [ -67.99451, 18.18504 ], [ -67.99869, 18.17077 ], [ -67.99514, 18.1292 ], [ -67.98615, 18.11919 ], [ -67.9983, 18.08376 ], [ -67.99342, 18.0624 ], [ -67.97614, 18.03959 ], [ -67.94583, 18.01753 ], [ -67.90089, 17.99948 ], [ -67.87139, 18.00031 ], [ -67.82244, 18.02643 ], [ -67.79734, 18.05865 ], [ -67.79199, 18.10745 ], [ -67.81126, 18.14388 ], [ -67.83441, 18.16365 ], [ -67.85244, 18.17011 ], [ -67.89493, 18.16667 ] ] ], [ [ [ -67.49426, 18.32789 ], [ -67.454, 18.33126 ], [ -67.42562, 18.35451 ], [ -67.41863, 18.38996 ], [ -67.4341, 18.41716 ], [ -67.46203, 18.43574 ], [ -67.50687, 18.43247 ], [ -67.53749, 18.40633 ], [ -67.54303, 18.38612 ], [ -67.53599, 18.35827 ], [ -67.49426, 18.32789 ] ] ], [ [ [ -64.89103, 18.46216 ], [ -64.92105, 18.4638 ], [ -64.95046, 18.44629 ], [ -64.97493, 18.45127 ], [ -65.00777, 18.4407 ], [ -65.04152, 18.4591 ], [ -65.06067, 18.45974 ], [ -65.10041, 18.43954 ], [ -65.11222, 18.41882 ], [ -65.11743, 18.38023 ], [ -65.13993, 18.33629 ], [ -65.13769, 18.32055 ], [ -65.1507, 18.30284 ], [ -65.15412, 18.27742 ], [ -65.14262, 18.25078 ], [ -65.11727, 18.23477 ], [ -65.08433, 18.23537 ], [ -65.06773, 18.2439 ], [ -65.05019, 18.26912 ], [ -65.01982, 18.25235 ], [ -64.94647, 18.25722 ], [ -64.93372, 18.23797 ], [ -64.90615, 18.22419 ], [ -64.8864, 18.19141 ], [ -64.85804, 18.17958 ], [ -64.83335, 18.18345 ], [ -64.80689, 18.20516 ], [ -64.80129, 18.2451 ], [ -64.77342, 18.2605 ], [ -64.74874, 18.26305 ], [ -64.72018, 18.25069 ], [ -64.67823, 18.25231 ], [ -64.6613, 18.26735 ], [ -64.66386, 18.28537 ], [ -64.63774, 18.31975 ], [ -64.64044, 18.36399 ], [ -64.70161, 18.37063 ], [ -64.72983, 18.37794 ], [ -64.75692, 18.37668 ], [ -64.77801, 18.3862 ], [ -64.785, 18.4038 ], [ -64.80033, 18.40759 ], [ -64.83062, 18.3952 ], [ -64.86498, 18.39592 ], [ -64.87459, 18.41069 ], [ -64.89103, 18.46216 ] ] ], [ [ [ -66.9081, 18.53329 ], [ -66.96866, 18.54299 ], [ -67.01709, 18.56264 ], [ -67.10484, 18.56658 ], [ -67.16047, 18.55254 ], [ -67.20574, 18.51712 ], [ -67.22163, 18.49799 ], [ -67.22134, 18.47615 ], [ -67.20794, 18.44228 ], [ -67.24963, 18.41857 ], [ -67.30272, 18.40156 ], [ -67.31869, 18.38103 ], [ -67.31991, 18.34318 ], [ -67.28596, 18.28216 ], [ -67.26133, 18.25604 ], [ -67.23047, 18.24656 ], [ -67.21424, 18.21135 ], [ -67.23003, 18.19028 ], [ -67.23725, 18.16765 ], [ -67.23537, 18.12014 ], [ -67.25338, 18.10465 ], [ -67.2606, 18.07521 ], [ -67.25537, 18.05767 ], [ -67.26657, 17.99034 ], [ -67.26664, 17.94982 ], [ -67.26068, 17.92854 ], [ -67.23348, 17.89951 ], [ -67.1945, 17.88174 ], [ -67.16283, 17.8861 ], [ -67.14279, 17.90057 ], [ -67.12991, 17.89715 ], [ -67.00602, 17.88579 ], [ -66.97692, 17.87873 ], [ -66.9178, 17.87548 ], [ -66.88145, 17.8913 ], [ -66.82531, 17.90045 ], [ -66.78815, 17.91606 ], [ -66.7619, 17.91788 ], [ -66.7134, 17.91285 ], [ -66.67219, 17.8969 ], [ -66.64167, 17.91197 ], [ -66.61427, 17.91531 ], [ -66.59167, 17.90872 ], [ -66.57407, 17.91314 ], [ -66.58691, 17.87643 ], [ -66.5713, 17.84548 ], [ -66.54856, 17.83325 ], [ -66.51331, 17.83541 ], [ -66.4794, 17.85202 ], [ -66.46174, 17.86967 ], [ -66.42449, 17.88199 ], [ -66.39415, 17.86953 ], [ -66.30309, 17.88211 ], [ -66.24331, 17.86256 ], [ -66.21327, 17.86451 ], [ -66.17971, 17.88256 ], [ -66.1485, 17.87792 ], [ -66.11414, 17.88262 ], [ -66.07672, 17.91067 ], [ -66.0498, 17.89774 ], [ -66.00281, 17.89809 ], [ -65.97288, 17.92324 ], [ -65.94461, 17.92057 ], [ -65.89932, 17.92798 ], [ -65.85253, 17.94148 ], [ -65.82785, 17.9624 ], [ -65.79764, 17.97698 ], [ -65.78221, 18.00297 ], [ -65.78238, 18.01899 ], [ -65.74857, 18.04094 ], [ -65.73911, 18.07077 ], [ -65.72687, 18.08043 ], [ -65.7161, 18.10626 ], [ -65.68942, 18.1264 ], [ -65.66653, 18.12773 ], [ -65.61805, 18.15418 ], [ -65.63039, 18.12896 ], [ -65.62749, 18.08341 ], [ -65.61053, 18.05808 ], [ -65.58862, 18.04108 ], [ -65.5497, 18.02845 ], [ -65.51461, 18.03248 ], [ -65.49586, 18.04202 ], [ -65.44796, 18.03592 ], [ -65.3746, 18.05559 ], [ -65.33391, 18.06219 ], [ -65.31223, 18.07114 ], [ -65.2496, 18.0843 ], [ -65.22325, 18.10522 ], [ -65.21509, 18.13625 ], [ -65.23201, 18.17084 ], [ -65.27832, 18.19791 ], [ -65.32879, 18.19993 ], [ -65.39474, 18.21174 ], [ -65.4315, 18.20867 ], [ -65.46443, 18.22221 ], [ -65.52424, 18.20851 ], [ -65.55464, 18.18476 ], [ -65.53384, 18.21836 ], [ -65.48938, 18.2253 ], [ -65.46537, 18.24367 ], [ -65.45656, 18.27516 ], [ -65.46154, 18.2933 ], [ -65.42377, 18.29137 ], [ -65.3604, 18.25343 ], [ -65.32594, 18.2446 ], [ -65.30665, 18.23008 ], [ -65.28668, 18.22599 ], [ -65.25293, 18.23802 ], [ -65.22758, 18.23577 ], [ -65.19113, 18.25888 ], [ -65.16883, 18.30351 ], [ -65.17163, 18.33344 ], [ -65.18176, 18.35772 ], [ -65.20848, 18.38937 ], [ -65.23583, 18.39773 ], [ -65.30292, 18.3875 ], [ -65.32263, 18.40329 ], [ -65.36257, 18.41947 ], [ -65.3929, 18.41894 ], [ -65.42433, 18.39086 ], [ -65.46398, 18.39348 ], [ -65.58668, 18.44333 ], [ -65.62461, 18.45126 ], [ -65.64608, 18.44222 ], [ -65.67861, 18.41853 ], [ -65.70981, 18.43843 ], [ -65.72366, 18.45444 ], [ -65.7572, 18.4732 ], [ -65.85772, 18.48724 ], [ -65.87699, 18.49955 ], [ -65.91611, 18.50517 ], [ -65.93259, 18.50104 ], [ -65.9934, 18.51659 ], [ -66.02585, 18.51205 ], [ -66.04599, 18.51766 ], [ -66.10765, 18.5192 ], [ -66.12935, 18.52451 ], [ -66.19407, 18.52651 ], [ -66.21211, 18.52184 ], [ -66.26007, 18.52944 ], [ -66.31325, 18.53069 ], [ -66.34299, 18.54086 ], [ -66.41598, 18.54362 ], [ -66.45295, 18.53896 ], [ -66.47856, 18.52442 ], [ -66.5566, 18.54025 ], [ -66.64233, 18.54353 ], [ -66.68021, 18.53926 ], [ -66.73461, 18.52601 ], [ -66.77044, 18.54002 ], [ -66.80422, 18.54378 ], [ -66.83669, 18.5402 ], [ -66.88387, 18.54166 ], [ -66.9081, 18.53329 ] ] ] ] } }
]
}
