{
"type": "FeatureCollection",
"name": "Statewide",
"features": [
{ "type": "Feature", "properties": { "fid": 1, "ZoneCode": "010001", "AbrvFull": "AL", "NameFull": "Alabama", "ZoneNum": 1, "AbrvPart": null, "NamePart": null, "ZoneType": "Statewide", "StateAbrv": "AL", "StateName": "Alabama", "ProjAbrv": "TM", "ProjType": "Transverse Mercator", "LatOrigin": "28°12'N", "LonOriginE": "273°18'E", "LonOriginW": "86°42'W", "Lat0_deg": 28.2, "Lon0_E_deg": 273.3, "Lon0_W_deg": -86.7, "ProjScale": 0.99986, "SkewAz_deg": -9999, "FalseN_m": 0.0, "FalseE_m": 1219200.0, "FalseN_ift": 0.0, "FalseE_ift": 4000000.0, "DesignBy": "NGS", "Ref_frame": "NATRF2022" }, "geometry": { "type": "Polygon", "coordinates": [ [ [ -85.0025, 31.00069 ], [ -84.99943, 31.01384 ], [ -85.01139, 31.05355 ], [ -85.02857, 31.07458 ], [ -85.03706, 31.10975 ], [ -85.05287, 31.11949 ], [ -85.0778, 31.15789 ], [ -85.10053, 31.16599 ], [ -85.10696, 31.20269 ], [ -85.09684, 31.22524 ], [ -85.11171, 31.25802 ], [ -85.11036, 31.28175 ], [ -85.09033, 31.29361 ], [ -85.08383, 31.32697 ], [ -85.09217, 31.36458 ], [ -85.07733, 31.40085 ], [ -85.07605, 31.42436 ], [ -85.06641, 31.4295 ], [ -85.07162, 31.46838 ], [ -85.04456, 31.52091 ], [ -85.04143, 31.53929 ], [ -85.05796, 31.57084 ], [ -85.05747, 31.61862 ], [ -85.08703, 31.64097 ], [ -85.08043, 31.65597 ], [ -85.09243, 31.65997 ], [ -85.12593, 31.69627 ], [ -85.11913, 31.73096 ], [ -85.12633, 31.76886 ], [ -85.14183, 31.78236 ], [ -85.13293, 31.79236 ], [ -85.13213, 31.82796 ], [ -85.14073, 31.85746 ], [ -85.12883, 31.87636 ], [ -85.13293, 31.89306 ], [ -85.11703, 31.89286 ], [ -85.11313, 31.91186 ], [ -85.07893, 31.94016 ], [ -85.08683, 31.95776 ], [ -85.06593, 31.97116 ], [ -85.07093, 31.98166 ], [ -85.04887, 32.02301 ], [ -85.05803, 32.03361 ], [ -85.05323, 32.0806 ], [ -85.04506, 32.08806 ], [ -85.06206, 32.13249 ], [ -85.04559, 32.14376 ], [ -85.00922, 32.18165 ], [ -84.96173, 32.19855 ], [ -84.98023, 32.20775 ], [ -84.97333, 32.21765 ], [ -84.92953, 32.21925 ], [ -84.90723, 32.24905 ], [ -84.88852, 32.26087 ], [ -84.9338, 32.29826 ], [ -85.00279, 32.32243 ], [ -85.00458, 32.3452 ], [ -84.98387, 32.36239 ], [ -84.97943, 32.41224 ], [ -84.96343, 32.42254 ], [ -84.97183, 32.44284 ], [ -84.99353, 32.45074 ], [ -85.00153, 32.51474 ], [ -85.02131, 32.54308 ], [ -85.0672, 32.57931 ], [ -85.08224, 32.61626 ], [ -85.08274, 32.63404 ], [ -85.10543, 32.64493 ], [ -85.08848, 32.65776 ], [ -85.11234, 32.68323 ], [ -85.12274, 32.71603 ], [ -85.11317, 32.73281 ], [ -85.13314, 32.74463 ], [ -85.14298, 32.76165 ], [ -85.12233, 32.77438 ], [ -85.16794, 32.81161 ], [ -85.16853, 32.82714 ], [ -85.15458, 32.83981 ], [ -85.16231, 32.85648 ], [ -85.18399, 32.86049 ], [ -85.18474, 32.87051 ], [ -85.23311, 33.11171 ], [ -85.30444, 33.48288 ], [ -85.40675, 34.00231 ], [ -85.43638, 34.15808 ], [ -85.47045, 34.32824 ], [ -85.52726, 34.58868 ], [ -85.56142, 34.75008 ], [ -85.59697, 34.93377 ], [ -85.60516, 34.98468 ], [ -85.82402, 34.98813 ], [ -86.24802, 34.99042 ], [ -86.37432, 34.9917 ], [ -86.46794, 34.99049 ], [ -86.70313, 34.99212 ], [ -86.83631, 34.9919 ], [ -87.30362, 35.00098 ], [ -87.42997, 35.00279 ], [ -87.66226, 35.00354 ], [ -87.86781, 35.00568 ], [ -88.00003, 35.00594 ], [ -88.20296, 35.00803 ], [ -88.20006, 34.99563 ], [ -88.17254, 34.9569 ], [ -88.15241, 34.91974 ], [ -88.12822, 34.90309 ], [ -88.09789, 34.8922 ], [ -88.11841, 34.72429 ], [ -88.1352, 34.61588 ], [ -88.15629, 34.46321 ], [ -88.16558, 34.38394 ], [ -88.21074, 34.0292 ], [ -88.25225, 33.71959 ], [ -88.31523, 33.20332 ], [ -88.35429, 32.87513 ], [ -88.39218, 32.54838 ], [ -88.42821, 32.25103 ], [ -88.47323, 31.89386 ], [ -88.46491, 31.70548 ], [ -88.45157, 31.48153 ], [ -88.42543, 30.99832 ], [ -88.41173, 30.7227 ], [ -88.40734, 30.61391 ], [ -88.38443, 30.15854 ], [ -88.34772, 30.19009 ], [ -88.3103, 30.17782 ], [ -88.27794, 30.18007 ], [ -88.16202, 30.20009 ], [ -88.13161, 30.17362 ], [ -88.10342, 30.16638 ], [ -88.07487, 30.14715 ], [ -88.0461, 30.14469 ], [ -88.02804, 30.15038 ], [ -88.00362, 30.17342 ], [ -87.92576, 30.17956 ], [ -87.80715, 30.17738 ], [ -87.718, 30.19176 ], [ -87.64782, 30.19921 ], [ -87.51835, 30.22951 ], [ -87.51838, 30.2839 ], [ -87.45238, 30.3002 ], [ -87.45008, 30.3111 ], [ -87.48368, 30.3048 ], [ -87.50558, 30.3111 ], [ -87.49998, 30.32896 ], [ -87.46108, 30.3353 ], [ -87.45078, 30.347 ], [ -87.44068, 30.3915 ], [ -87.42438, 30.4098 ], [ -87.40778, 30.4089 ], [ -87.36938, 30.43195 ], [ -87.37077, 30.44687 ], [ -87.41468, 30.4573 ], [ -87.43558, 30.4805 ], [ -87.42858, 30.4897 ], [ -87.4477, 30.51046 ], [ -87.43488, 30.54943 ], [ -87.41793, 30.5624 ], [ -87.39329, 30.62722 ], [ -87.40636, 30.67444 ], [ -87.45131, 30.69959 ], [ -87.46808, 30.70021 ], [ -87.4819, 30.71731 ], [ -87.5015, 30.72109 ], [ -87.53256, 30.7432 ], [ -87.55131, 30.78569 ], [ -87.57722, 30.80878 ], [ -87.60079, 30.82129 ], [ -87.62622, 30.84666 ], [ -87.63479, 30.86671 ], [ -87.62027, 30.8874 ], [ -87.58886, 30.96579 ], [ -87.59883, 30.99746 ], [ -87.31195, 30.99844 ], [ -87.23768, 30.99639 ], [ -87.14075, 30.99953 ], [ -86.72358, 30.99657 ], [ -86.70448, 30.99467 ], [ -86.56344, 30.99522 ], [ -86.5202, 30.99326 ], [ -86.4051, 30.99442 ], [ -86.18082, 30.99401 ], [ -86.12154, 30.99288 ], [ -85.87493, 30.99362 ], [ -85.74962, 30.99529 ], [ -85.49799, 30.99693 ], [ -85.24363, 31.00088 ], [ -85.0025, 31.00069 ] ] ] } },
{ "type": "Feature", "properties": { "fid": 2, "ZoneCode": "020001", "AbrvFull": "AK", "NameFull": "Alaska", "ZoneNum": 1, "AbrvPart": null, "NamePart": null, "ZoneType": "Statewide", "StateAbrv": "AK", "StateName": "Alaska", "ProjAbrv": "LC1", "ProjType": "Lambert Conformal Conic, one parallel", "LatOrigin": "62°00'N", "LonOriginE": "205°00'E", "LonOriginW": "155°00'W", "Lat0_deg": 62.0, "Lon0_E_deg": 205.0, "Lon0_W_deg": -155.0, "ProjScale": 0.993, "SkewAz_deg": -9999, "FalseN_m": 1295400.0, "FalseE_m": 4876800.0, "FalseN_ift": 4250000.0, "FalseE_ift": 16000000.0, "DesignBy": "NGS", "Ref_frame": "NATRF2022" }, "geometry": { "type": "MultiPolygon", "coordinates": [ [ [ [ -179.18366, 51.33849 ], [ -179.20765, 51.32094 ], [ -179.22569, 51.29927 ], [ -179.23109, 51.26753 ], [ -179.22056, 51.22799 ], [ -179.20788, 51.20272 ], [ -179.18382, 51.18378 ], [ -179.13694, 51.17509 ], [ -179.0736, 51.17904 ], [ -179.02419, 51.20983 ], [ -178.97484, 51.25538 ], [ -178.9286, 51.27044 ], [ -178.89958, 51.29338 ], [ -178.85649, 51.3049 ], [ -178.83281, 51.32359 ], [ -178.82402, 51.35807 ], [ -178.83522, 51.39081 ], [ -178.87316, 51.42479 ], [ -178.91391, 51.44422 ], [ -178.96942, 51.45711 ], [ -179.00504, 51.45265 ], [ -179.04987, 51.42844 ], [ -179.07755, 51.399 ], [ -179.09324, 51.39094 ], [ -179.1076, 51.35368 ], [ -179.15025, 51.35063 ], [ -179.18366, 51.33849 ] ] ], [ [ [ -178.35998, 51.53748 ], [ -178.40515, 51.52238 ], [ -178.42294, 51.509 ], [ -178.43088, 51.47658 ], [ -178.40981, 51.44936 ], [ -178.38741, 51.43681 ], [ -178.33182, 51.43081 ], [ -178.30434, 51.42134 ], [ -178.24865, 51.42317 ], [ -178.21813, 51.43149 ], [ -178.19841, 51.44365 ], [ -178.18762, 51.48223 ], [ -178.20227, 51.5039 ], [ -178.23862, 51.52989 ], [ -178.27258, 51.54101 ], [ -178.35998, 51.53748 ] ] ], [ [ [ -179.05603, 51.64597 ], [ -179.11334, 51.63239 ], [ -179.14987, 51.59536 ], [ -179.14889, 51.55423 ], [ -179.11993, 51.51907 ], [ -179.08675, 51.51026 ], [ -179.05412, 51.5114 ], [ -179.00236, 51.52164 ], [ -178.97978, 51.53111 ], [ -178.94862, 51.56088 ], [ -178.92561, 51.53808 ], [ -178.90027, 51.52228 ], [ -178.86889, 51.5131 ], [ -178.83642, 51.49204 ], [ -178.80019, 51.48586 ], [ -178.7148, 51.49381 ], [ -178.69081, 51.50074 ], [ -178.66527, 51.51801 ], [ -178.63642, 51.52479 ], [ -178.57446, 51.50753 ], [ -178.55019, 51.50848 ], [ -178.49648, 51.53247 ], [ -178.45616, 51.54339 ], [ -178.42668, 51.5618 ], [ -178.42168, 51.58728 ], [ -178.45221, 51.621 ], [ -178.50447, 51.63353 ], [ -178.53981, 51.65234 ], [ -178.57811, 51.65948 ], [ -178.59298, 51.65622 ], [ -178.6343, 51.66648 ], [ -178.66012, 51.66588 ], [ -178.72589, 51.65266 ], [ -178.74182, 51.64412 ], [ -178.76829, 51.61661 ], [ -178.84458, 51.63763 ], [ -178.89076, 51.62853 ], [ -178.94417, 51.59605 ], [ -178.98833, 51.62458 ], [ -179.02005, 51.63929 ], [ -179.05603, 51.64597 ] ] ], [ [ [ -178.91532, 51.85808 ], [ -178.93955, 51.83361 ], [ -178.95728, 51.7808 ], [ -178.94995, 51.76024 ], [ -178.86849, 51.71169 ], [ -178.82802, 51.69478 ], [ -178.77131, 51.69604 ], [ -178.72459, 51.70663 ], [ -178.7009, 51.71654 ], [ -178.66349, 51.74736 ], [ -178.6468, 51.7903 ], [ -178.69033, 51.84953 ], [ -178.72885, 51.86967 ], [ -178.78653, 51.88788 ], [ -178.8451, 51.88794 ], [ -178.89036, 51.87311 ], [ -178.91532, 51.85808 ] ] ], [ [ [ -177.49364, 51.97464 ], [ -177.54292, 51.93513 ], [ -177.55198, 51.90815 ], [ -177.54649, 51.88937 ], [ -177.52369, 51.86619 ], [ -177.48673, 51.84365 ], [ -177.43954, 51.84035 ], [ -177.40322, 51.84723 ], [ -177.36193, 51.86428 ], [ -177.33633, 51.88898 ], [ -177.33643, 51.92156 ], [ -177.35621, 51.95035 ], [ -177.37437, 51.96262 ], [ -177.42219, 51.97645 ], [ -177.45955, 51.98288 ], [ -177.49364, 51.97464 ] ] ], [ [ [ -178.24738, 51.95017 ], [ -178.29885, 51.90371 ], [ -178.30779, 51.88161 ], [ -178.30705, 51.85844 ], [ -178.29765, 51.84523 ], [ -178.25605, 51.81202 ], [ -178.22531, 51.79906 ], [ -178.1603, 51.77889 ], [ -178.13205, 51.75786 ], [ -178.16448, 51.74688 ], [ -178.19234, 51.72085 ], [ -178.20372, 51.69251 ], [ -178.2032, 51.66132 ], [ -178.18937, 51.63367 ], [ -178.13177, 51.60991 ], [ -178.09023, 51.60374 ], [ -178.05071, 51.57991 ], [ -178.01082, 51.57582 ], [ -177.97129, 51.55239 ], [ -177.92826, 51.5419 ], [ -177.87826, 51.54332 ], [ -177.84381, 51.55856 ], [ -177.82049, 51.58442 ], [ -177.81869, 51.61874 ], [ -177.8249, 51.63106 ], [ -177.7834, 51.64786 ], [ -177.75195, 51.63736 ], [ -177.72771, 51.61096 ], [ -177.69966, 51.60231 ], [ -177.64677, 51.59904 ], [ -177.60243, 51.607 ], [ -177.56272, 51.62292 ], [ -177.55378, 51.63977 ], [ -177.51286, 51.63192 ], [ -177.481, 51.63216 ], [ -177.45203, 51.6402 ], [ -177.40298, 51.67038 ], [ -177.37229, 51.64157 ], [ -177.35028, 51.63504 ], [ -177.31763, 51.63604 ], [ -177.2811, 51.62761 ], [ -177.22864, 51.63203 ], [ -177.18365, 51.64858 ], [ -177.12686, 51.65337 ], [ -177.07998, 51.67423 ], [ -177.03409, 51.73274 ], [ -177.02762, 51.76705 ], [ -177.0366, 51.80739 ], [ -176.98304, 51.82576 ], [ -177.00147, 51.8027 ], [ -177.00416, 51.78778 ], [ -176.9943, 51.76224 ], [ -176.96837, 51.7481 ], [ -177.01266, 51.71454 ], [ -177.03394, 51.70398 ], [ -177.06375, 51.66466 ], [ -177.07433, 51.62091 ], [ -177.06865, 51.59279 ], [ -177.04256, 51.56609 ], [ -176.99803, 51.54547 ], [ -176.96961, 51.53899 ], [ -176.91789, 51.53847 ], [ -176.89399, 51.54682 ], [ -176.86215, 51.5704 ], [ -176.82972, 51.55878 ], [ -176.8014, 51.55941 ], [ -176.75678, 51.57265 ], [ -176.69873, 51.57843 ], [ -176.65124, 51.60391 ], [ -176.62475, 51.6049 ], [ -176.57828, 51.62235 ], [ -176.53977, 51.64844 ], [ -176.51526, 51.6478 ], [ -176.45654, 51.67643 ], [ -176.40314, 51.68391 ], [ -176.36874, 51.67886 ], [ -176.31781, 51.68139 ], [ -176.25519, 51.69538 ], [ -176.21817, 51.72234 ], [ -176.21134, 51.73314 ], [ -176.16302, 51.71998 ], [ -176.11557, 51.72673 ], [ -176.0906, 51.74091 ], [ -176.05834, 51.7447 ], [ -176.04184, 51.75585 ], [ -176.00263, 51.74845 ], [ -175.96471, 51.75543 ], [ -175.9266, 51.77603 ], [ -175.91303, 51.80035 ], [ -175.88198, 51.79391 ], [ -175.84975, 51.79549 ], [ -175.81463, 51.81527 ], [ -175.79864, 51.83908 ], [ -175.80594, 51.86646 ], [ -175.75256, 51.86383 ], [ -175.71194, 51.87321 ], [ -175.69216, 51.88584 ], [ -175.6556, 51.89769 ], [ -175.63593, 51.91117 ], [ -175.61525, 51.9043 ], [ -175.58537, 51.9049 ], [ -175.52568, 51.91535 ], [ -175.51308, 51.9268 ], [ -175.46995, 51.9218 ], [ -175.44624, 51.93059 ], [ -175.40998, 51.93018 ], [ -175.37284, 51.94651 ], [ -175.34872, 51.96259 ], [ -175.30686, 51.95234 ], [ -175.25626, 51.96141 ], [ -175.20389, 51.9552 ], [ -175.14642, 51.95695 ], [ -175.10015, 51.94903 ], [ -175.05636, 51.94816 ], [ -175.00033, 51.95449 ], [ -174.93331, 51.97529 ], [ -174.8693, 51.9891 ], [ -174.86126, 51.98005 ], [ -174.83248, 51.97271 ], [ -174.8058, 51.97299 ], [ -174.74507, 51.95565 ], [ -174.68793, 51.95753 ], [ -174.64606, 51.96921 ], [ -174.59428, 51.97841 ], [ -174.57556, 51.96878 ], [ -174.53366, 51.95802 ], [ -174.48089, 51.9525 ], [ -174.4425, 51.96388 ], [ -174.42306, 51.96184 ], [ -174.37856, 51.96852 ], [ -174.35039, 51.98034 ], [ -174.32333, 52.01016 ], [ -174.31397, 52.03623 ], [ -174.27715, 52.0454 ], [ -174.25033, 52.03932 ], [ -174.18114, 52.04738 ], [ -174.15099, 52.04321 ], [ -174.0565, 52.05163 ], [ -174.02638, 52.04721 ], [ -174.00216, 52.02874 ], [ -173.97068, 52.01423 ], [ -173.93516, 52.00444 ], [ -173.85395, 51.99126 ], [ -173.81523, 51.98981 ], [ -173.77366, 52.00288 ], [ -173.73487, 51.99888 ], [ -173.71003, 52.00684 ], [ -173.68019, 52.00088 ], [ -173.61741, 52.00095 ], [ -173.58491, 51.98246 ], [ -173.5186, 51.97165 ], [ -173.48732, 51.97118 ], [ -173.42786, 51.98487 ], [ -173.39314, 51.9797 ], [ -173.34422, 51.98339 ], [ -173.30452, 52.00543 ], [ -173.23887, 52.00868 ], [ -173.23717, 51.98834 ], [ -173.20357, 51.96032 ], [ -173.1667, 51.94671 ], [ -173.12926, 51.95051 ], [ -173.10323, 51.95947 ], [ -173.08516, 51.97493 ], [ -173.07811, 51.99346 ], [ -173.07967, 52.01792 ], [ -173.07, 52.02599 ], [ -173.04876, 52.02242 ], [ -173.00327, 52.02798 ], [ -172.97603, 52.02028 ], [ -172.92306, 52.02416 ], [ -172.8847, 52.04335 ], [ -172.83923, 52.07156 ], [ -172.82025, 52.10027 ], [ -172.8288, 52.12344 ], [ -172.86664, 52.14893 ], [ -172.89487, 52.1555 ], [ -172.92517, 52.15521 ], [ -172.94368, 52.14659 ], [ -173.07306, 52.15495 ], [ -173.12371, 52.16045 ], [ -173.17782, 52.16181 ], [ -173.2256, 52.15568 ], [ -173.28316, 52.16126 ], [ -173.30977, 52.155 ], [ -173.34297, 52.16653 ], [ -173.44076, 52.16876 ], [ -173.4557, 52.19168 ], [ -173.47899, 52.20711 ], [ -173.5063, 52.21314 ], [ -173.56514, 52.20366 ], [ -173.58733, 52.21222 ], [ -173.63857, 52.20607 ], [ -173.7321, 52.18325 ], [ -173.78507, 52.18555 ], [ -173.8406, 52.20133 ], [ -173.89858, 52.19901 ], [ -173.93639, 52.18456 ], [ -173.99047, 52.18314 ], [ -173.98049, 52.21162 ], [ -173.95559, 52.23996 ], [ -173.92178, 52.26784 ], [ -173.90463, 52.29366 ], [ -173.90283, 52.31923 ], [ -173.92178, 52.34745 ], [ -173.92292, 52.37807 ], [ -173.94023, 52.39626 ], [ -173.98594, 52.41212 ], [ -173.9954, 52.42432 ], [ -174.03087, 52.43938 ], [ -174.06575, 52.44565 ], [ -174.11058, 52.46832 ], [ -174.13277, 52.47227 ], [ -174.18642, 52.47166 ], [ -174.245, 52.45484 ], [ -174.31273, 52.45671 ], [ -174.32885, 52.4507 ], [ -174.35573, 52.42647 ], [ -174.37581, 52.42177 ], [ -174.40639, 52.39079 ], [ -174.4107, 52.37644 ], [ -174.46883, 52.37294 ], [ -174.49471, 52.36695 ], [ -174.52486, 52.34817 ], [ -174.53765, 52.31704 ], [ -174.51781, 52.2845 ], [ -174.49439, 52.26533 ], [ -174.52458, 52.26763 ], [ -174.55348, 52.25949 ], [ -174.589, 52.22873 ], [ -174.61776, 52.23337 ], [ -174.66851, 52.2252 ], [ -174.69613, 52.20936 ], [ -174.73156, 52.17145 ], [ -174.75982, 52.16715 ], [ -174.7947, 52.15022 ], [ -174.82711, 52.15982 ], [ -174.84985, 52.15543 ], [ -174.86609, 52.16564 ], [ -174.92523, 52.16391 ], [ -174.96454, 52.15433 ], [ -174.99321, 52.13641 ], [ -175.05942, 52.13661 ], [ -175.08393, 52.12568 ], [ -175.10236, 52.10862 ], [ -175.15513, 52.10946 ], [ -175.1931, 52.10436 ], [ -175.23162, 52.0902 ], [ -175.29662, 52.08882 ], [ -175.32668, 52.07583 ], [ -175.34102, 52.0775 ], [ -175.38433, 52.0633 ], [ -175.41243, 52.03599 ], [ -175.44121, 52.04313 ], [ -175.47036, 52.04284 ], [ -175.51769, 52.02838 ], [ -175.54913, 52.00988 ], [ -175.59887, 52.01253 ], [ -175.64768, 52.02215 ], [ -175.67758, 52.0193 ], [ -175.7132, 52.0263 ], [ -175.73933, 52.0213 ], [ -175.77824, 52.04012 ], [ -175.812, 52.04795 ], [ -175.83028, 52.08539 ], [ -175.85366, 52.09653 ], [ -175.8952, 52.09693 ], [ -175.92777, 52.09107 ], [ -175.93533, 52.10492 ], [ -175.96686, 52.12142 ], [ -175.97708, 52.14129 ], [ -176.02774, 52.16018 ], [ -176.08059, 52.15904 ], [ -176.14838, 52.17147 ], [ -176.16913, 52.16958 ], [ -176.22443, 52.15313 ], [ -176.27824, 52.10354 ], [ -176.29313, 52.06543 ], [ -176.28107, 52.04336 ], [ -176.27991, 52.02341 ], [ -176.26553, 51.98732 ], [ -176.24713, 51.96533 ], [ -176.25296, 51.95798 ], [ -176.24286, 51.92674 ], [ -176.26931, 51.91897 ], [ -176.32598, 51.92237 ], [ -176.42914, 51.91535 ], [ -176.45277, 51.90793 ], [ -176.45282, 51.94401 ], [ -176.47291, 51.96357 ], [ -176.46955, 51.98122 ], [ -176.48149, 52.01819 ], [ -176.51006, 52.03936 ], [ -176.54119, 52.05088 ], [ -176.60128, 52.05656 ], [ -176.66192, 52.04009 ], [ -176.69149, 52.01772 ], [ -176.73863, 52.0208 ], [ -176.80247, 52.01667 ], [ -176.84782, 51.99552 ], [ -176.87553, 51.95967 ], [ -176.89741, 51.90701 ], [ -176.91887, 51.88213 ], [ -176.9387, 51.88275 ], [ -176.97099, 51.86111 ], [ -176.96724, 51.88946 ], [ -176.97005, 51.92451 ], [ -177.0169, 51.96503 ], [ -177.03988, 51.97488 ], [ -177.09646, 51.99015 ], [ -177.16806, 51.99951 ], [ -177.20621, 51.99311 ], [ -177.24893, 51.97347 ], [ -177.26746, 51.95963 ], [ -177.28436, 51.91315 ], [ -177.28289, 51.86307 ], [ -177.2983, 51.85621 ], [ -177.30889, 51.83679 ], [ -177.34164, 51.83225 ], [ -177.36373, 51.83804 ], [ -177.40621, 51.83624 ], [ -177.4457, 51.80949 ], [ -177.48871, 51.80487 ], [ -177.51532, 51.79197 ], [ -177.54205, 51.78827 ], [ -177.5643, 51.79598 ], [ -177.53827, 51.82093 ], [ -177.53308, 51.84235 ], [ -177.53837, 51.87313 ], [ -177.57707, 51.90119 ], [ -177.61491, 51.905 ], [ -177.70393, 51.89717 ], [ -177.73543, 51.88841 ], [ -177.75936, 51.89479 ], [ -177.82681, 51.89641 ], [ -177.8345, 51.91407 ], [ -177.86553, 51.92577 ], [ -177.88993, 51.95258 ], [ -177.91325, 51.96436 ], [ -177.947, 51.97131 ], [ -178.00225, 51.96567 ], [ -178.03243, 51.97265 ], [ -178.06496, 51.96477 ], [ -178.10724, 51.97651 ], [ -178.22844, 51.95687 ], [ -178.24738, 51.95017 ] ] ], [ [ [ -175.49205, 52.23758 ], [ -175.53279, 52.23661 ], [ -175.5793, 52.22024 ], [ -175.60402, 52.19868 ], [ -175.60911, 52.1674 ], [ -175.59865, 52.14668 ], [ -175.56125, 52.12257 ], [ -175.51236, 52.10737 ], [ -175.48574, 52.10939 ], [ -175.43701, 52.13281 ], [ -175.40427, 52.17164 ], [ -175.41907, 52.20547 ], [ -175.45646, 52.22748 ], [ -175.49205, 52.23758 ] ] ], [ [ [ -175.1198, 52.28054 ], [ -175.1751, 52.27157 ], [ -175.20464, 52.25911 ], [ -175.22482, 52.23297 ], [ -175.20531, 52.19123 ], [ -175.17653, 52.17065 ], [ -175.15254, 52.16298 ], [ -175.10232, 52.16801 ], [ -175.06419, 52.1861 ], [ -175.03633, 52.21763 ], [ -175.05357, 52.25131 ], [ -175.0959, 52.27429 ], [ -175.1198, 52.28054 ] ] ], [ [ [ -172.63324, 52.38786 ], [ -172.71434, 52.29475 ], [ -172.72069, 52.26436 ], [ -172.7075, 52.23423 ], [ -172.67601, 52.21058 ], [ -172.61616, 52.19909 ], [ -172.57599, 52.2022 ], [ -172.54438, 52.19805 ], [ -172.5106, 52.19995 ], [ -172.47493, 52.21509 ], [ -172.4272, 52.22542 ], [ -172.37791, 52.22836 ], [ -172.335, 52.2523 ], [ -172.28771, 52.26565 ], [ -172.26604, 52.28183 ], [ -172.22844, 52.29619 ], [ -172.21071, 52.31627 ], [ -172.2263, 52.35491 ], [ -172.22433, 52.36943 ], [ -172.24966, 52.39345 ], [ -172.29654, 52.41387 ], [ -172.33237, 52.41993 ], [ -172.37949, 52.44128 ], [ -172.44831, 52.4431 ], [ -172.48398, 52.43665 ], [ -172.54771, 52.413 ], [ -172.60608, 52.3994 ], [ -172.63324, 52.38786 ] ] ], [ [ [ -171.31242, 52.57075 ], [ -171.37443, 52.53712 ], [ -171.38707, 52.51482 ], [ -171.39372, 52.46813 ], [ -171.37726, 52.43138 ], [ -171.35835, 52.41255 ], [ -171.29431, 52.39313 ], [ -171.26431, 52.39123 ], [ -171.20626, 52.39889 ], [ -171.17315, 52.41516 ], [ -171.1365, 52.44567 ], [ -171.11486, 52.48278 ], [ -171.11184, 52.50756 ], [ -171.0646, 52.52125 ], [ -171.03356, 52.54852 ], [ -171.01882, 52.5858 ], [ -171.02243, 52.60372 ], [ -171.06973, 52.62706 ], [ -171.14023, 52.63963 ], [ -171.17916, 52.63866 ], [ -171.20594, 52.62493 ], [ -171.24856, 52.58086 ], [ -171.28047, 52.5798 ], [ -171.31242, 52.57075 ] ] ], [ [ [ -170.86545, 52.66906 ], [ -170.88891, 52.64927 ], [ -170.92351, 52.57499 ], [ -170.92739, 52.54989 ], [ -170.91292, 52.53029 ], [ -170.88759, 52.51383 ], [ -170.84843, 52.50517 ], [ -170.82832, 52.49193 ], [ -170.79377, 52.4871 ], [ -170.76383, 52.48981 ], [ -170.73823, 52.50011 ], [ -170.67443, 52.53988 ], [ -170.65201, 52.54063 ], [ -170.57568, 52.55487 ], [ -170.53613, 52.57385 ], [ -170.50919, 52.59774 ], [ -170.47402, 52.63839 ], [ -170.47471, 52.6738 ], [ -170.48099, 52.69041 ], [ -170.50831, 52.72117 ], [ -170.56411, 52.74221 ], [ -170.6304, 52.75159 ], [ -170.68045, 52.74959 ], [ -170.73205, 52.72978 ], [ -170.77039, 52.72109 ], [ -170.81875, 52.68848 ], [ -170.86545, 52.66906 ] ] ], [ [ [ -170.23319, 52.80013 ], [ -170.24702, 52.77888 ], [ -170.26728, 52.76425 ], [ -170.27491, 52.73763 ], [ -170.26359, 52.69733 ], [ -170.25006, 52.68109 ], [ -170.2134, 52.66903 ], [ -170.17375, 52.66289 ], [ -170.08658, 52.66262 ], [ -170.03259, 52.67574 ], [ -169.9818, 52.71202 ], [ -169.97555, 52.73812 ], [ -169.90385, 52.74057 ], [ -169.87631, 52.74673 ], [ -169.84875, 52.76311 ], [ -169.81731, 52.75798 ], [ -169.78499, 52.73673 ], [ -169.73804, 52.72099 ], [ -169.70306, 52.7161 ], [ -169.65972, 52.72623 ], [ -169.63909, 52.73676 ], [ -169.61706, 52.77595 ], [ -169.58861, 52.80056 ], [ -169.59289, 52.83155 ], [ -169.58786, 52.87289 ], [ -169.59339, 52.88952 ], [ -169.62782, 52.92674 ], [ -169.6071, 52.95957 ], [ -169.58748, 52.96996 ], [ -169.57524, 52.99371 ], [ -169.58064, 53.03217 ], [ -169.60445, 53.06203 ], [ -169.63104, 53.0775 ], [ -169.66423, 53.08569 ], [ -169.68986, 53.11206 ], [ -169.75915, 53.13405 ], [ -169.81409, 53.12664 ], [ -169.86075, 53.10501 ], [ -169.87296, 53.08919 ], [ -169.88321, 53.04519 ], [ -169.86508, 53.02437 ], [ -169.83295, 53.00997 ], [ -169.84289, 52.96952 ], [ -169.81774, 52.93736 ], [ -169.88549, 52.93258 ], [ -169.90816, 52.92255 ], [ -169.91049, 52.93522 ], [ -169.94175, 52.95878 ], [ -170.00227, 52.96475 ], [ -170.04611, 52.97312 ], [ -170.08658, 52.97121 ], [ -170.11652, 52.96313 ], [ -170.17689, 52.93514 ], [ -170.19859, 52.91643 ], [ -170.20338, 52.89765 ], [ -170.19013, 52.86283 ], [ -170.15533, 52.83711 ], [ -170.20676, 52.82276 ], [ -170.23319, 52.80013 ] ] ], [ [ [ -170.4496, 57.24933 ], [ -170.49009, 57.22554 ], [ -170.52271, 57.19337 ], [ -170.5108, 57.17426 ], [ -170.51947, 57.16218 ], [ -170.49526, 57.12831 ], [ -170.47066, 57.11365 ], [ -170.4148, 57.10473 ], [ -170.44267, 57.10226 ], [ -170.49204, 57.08018 ], [ -170.50837, 57.06237 ], [ -170.50849, 57.0464 ], [ -170.48728, 57.01252 ], [ -170.44414, 56.99613 ], [ -170.39946, 56.99577 ], [ -170.35413, 57.00232 ], [ -170.3061, 57.02952 ], [ -170.30537, 57.05674 ], [ -170.25892, 57.06213 ], [ -170.22325, 57.0766 ], [ -170.18053, 57.10478 ], [ -170.11178, 57.13671 ], [ -170.07831, 57.16946 ], [ -170.0808, 57.19227 ], [ -170.06386, 57.19762 ], [ -170.02977, 57.22086 ], [ -170.01236, 57.25409 ], [ -170.01651, 57.26658 ], [ -170.06538, 57.29793 ], [ -170.10948, 57.30527 ], [ -170.15889, 57.30437 ], [ -170.19102, 57.29735 ], [ -170.22184, 57.27866 ], [ -170.2617, 57.26413 ], [ -170.29081, 57.27059 ], [ -170.33446, 57.27237 ], [ -170.36406, 57.26874 ], [ -170.39533, 57.25795 ], [ -170.42305, 57.25751 ], [ -170.4496, 57.24933 ] ] ], [ [ [ -169.96041, 57.23742 ], [ -170.00798, 57.2253 ], [ -170.04222, 57.20505 ], [ -170.0505, 57.18688 ], [ -170.04401, 57.16505 ], [ -170.02246, 57.14433 ], [ -169.98907, 57.13041 ], [ -169.95559, 57.12823 ], [ -169.88687, 57.14544 ], [ -169.84903, 57.17617 ], [ -169.84931, 57.19001 ], [ -169.87123, 57.22154 ], [ -169.90975, 57.2363 ], [ -169.96041, 57.23742 ] ] ], [ [ [ -172.77359, 60.25549 ], [ -172.86701, 60.22214 ], [ -172.88569, 60.2088 ], [ -172.89036, 60.18212 ], [ -172.88102, 60.16879 ], [ -172.84832, 60.14878 ], [ -172.79954, 60.1388 ], [ -172.76179, 60.14068 ], [ -172.69419, 60.15461 ], [ -172.6557, 60.17848 ], [ -172.63432, 60.20074 ], [ -172.64922, 60.2369 ], [ -172.69857, 60.25837 ], [ -172.73155, 60.26216 ], [ -172.77359, 60.25549 ] ] ], [ [ [ -173.15863, 60.72877 ], [ -173.19083, 60.70688 ], [ -173.19083, 60.68937 ], [ -173.21843, 60.67623 ], [ -173.23683, 60.64558 ], [ -173.23223, 60.63683 ], [ -173.18163, 60.60618 ], [ -173.14022, 60.57553 ], [ -173.15402, 60.56459 ], [ -173.16322, 60.53832 ], [ -173.15646, 60.52214 ], [ -173.17052, 60.49648 ], [ -173.16782, 60.48108 ], [ -173.14487, 60.4571 ], [ -173.09529, 60.4418 ], [ -173.06739, 60.43991 ], [ -172.9859, 60.41185 ], [ -172.93145, 60.38968 ], [ -172.92536, 60.35258 ], [ -172.91023, 60.33962 ], [ -172.84795, 60.31838 ], [ -172.80238, 60.31865 ], [ -172.74442, 60.30103 ], [ -172.71537, 60.29622 ], [ -172.67936, 60.27803 ], [ -172.59612, 60.25862 ], [ -172.56501, 60.25809 ], [ -172.52296, 60.2711 ], [ -172.49604, 60.27422 ], [ -172.45384, 60.27061 ], [ -172.40753, 60.27876 ], [ -172.3884, 60.2755 ], [ -172.37919, 60.26071 ], [ -172.33311, 60.24453 ], [ -172.29551, 60.23883 ], [ -172.26753, 60.2445 ], [ -172.24671, 60.24123 ], [ -172.18949, 60.25082 ], [ -172.14352, 60.27145 ], [ -172.12038, 60.28734 ], [ -172.10909, 60.31401 ], [ -172.12202, 60.32701 ], [ -172.16805, 60.34891 ], [ -172.22328, 60.36424 ], [ -172.27851, 60.38833 ], [ -172.31993, 60.4168 ], [ -172.34754, 60.42775 ], [ -172.39357, 60.43651 ], [ -172.4626, 60.43869 ], [ -172.49948, 60.43211 ], [ -172.53002, 60.43574 ], [ -172.68784, 60.48012 ], [ -172.76025, 60.51418 ], [ -172.79575, 60.53865 ], [ -172.81533, 60.55785 ], [ -172.81964, 60.61349 ], [ -172.83804, 60.62881 ], [ -172.88865, 60.64414 ], [ -172.94385, 60.6507 ], [ -172.95305, 60.69448 ], [ -172.96225, 60.70981 ], [ -172.98976, 60.73181 ], [ -173.01247, 60.74037 ], [ -173.05907, 60.74775 ], [ -173.10041, 60.74517 ], [ -173.15863, 60.72877 ] ] ], [ [ [ -171.89003, 63.65581 ], [ -171.90495, 63.63924 ], [ -171.90992, 63.61795 ], [ -171.92484, 63.61085 ], [ -171.94473, 63.57062 ], [ -171.96532, 63.47287 ], [ -171.94423, 63.45471 ], [ -171.93111, 63.42563 ], [ -171.88489, 63.37759 ], [ -171.85572, 63.36118 ], [ -171.83924, 63.34268 ], [ -171.77228, 63.31533 ], [ -171.74427, 63.31318 ], [ -171.69112, 63.29801 ], [ -171.65155, 63.29104 ], [ -171.62201, 63.27715 ], [ -171.56019, 63.26511 ], [ -171.53356, 63.26664 ], [ -171.48193, 63.25453 ], [ -171.4356, 63.25267 ], [ -171.39889, 63.25764 ], [ -171.32623, 63.2827 ], [ -171.28055, 63.28565 ], [ -171.2514, 63.29257 ], [ -171.17359, 63.33643 ], [ -171.16605, 63.34816 ], [ -171.10052, 63.35651 ], [ -171.06684, 63.37111 ], [ -170.99359, 63.37484 ], [ -170.90825, 63.36995 ], [ -170.8166, 63.35498 ], [ -170.59689, 63.31162 ], [ -170.51528, 63.28791 ], [ -170.43907, 63.2516 ], [ -170.38345, 63.21075 ], [ -170.40088, 63.19368 ], [ -170.39436, 63.17106 ], [ -170.35942, 63.14774 ], [ -170.32802, 63.13872 ], [ -170.24857, 63.13203 ], [ -170.20184, 63.1312 ], [ -170.14013, 63.12426 ], [ -170.11542, 63.12725 ], [ -170.08116, 63.1113 ], [ -170.0318, 63.09552 ], [ -169.95276, 63.06407 ], [ -169.90141, 63.03737 ], [ -169.88378, 63.02007 ], [ -169.87773, 62.99714 ], [ -169.86326, 62.98014 ], [ -169.8646, 62.9447 ], [ -169.83895, 62.92589 ], [ -169.81481, 62.9174 ], [ -169.72789, 62.89633 ], [ -169.6388, 62.88491 ], [ -169.59104, 62.88787 ], [ -169.5521, 62.90291 ], [ -169.52534, 62.92466 ], [ -169.46155, 62.93284 ], [ -169.43632, 62.94744 ], [ -169.41986, 62.97386 ], [ -169.42726, 63.00026 ], [ -169.45108, 63.03855 ], [ -169.40652, 63.04751 ], [ -169.36797, 63.06108 ], [ -169.32436, 63.08574 ], [ -169.28233, 63.11441 ], [ -169.23064, 63.1235 ], [ -169.14255, 63.1278 ], [ -169.06671, 63.12821 ], [ -169.02779, 63.12453 ], [ -168.92278, 63.09957 ], [ -168.94661, 63.07445 ], [ -168.94036, 63.04633 ], [ -168.91749, 63.03112 ], [ -168.86855, 63.01979 ], [ -168.80323, 63.01765 ], [ -168.76409, 63.02762 ], [ -168.70073, 63.05693 ], [ -168.68279, 63.08467 ], [ -168.69666, 63.10922 ], [ -168.73346, 63.13155 ], [ -168.69277, 63.15894 ], [ -168.66659, 63.18597 ], [ -168.63597, 63.20464 ], [ -168.60926, 63.22936 ], [ -168.60428, 63.25159 ], [ -168.58669, 63.27247 ], [ -168.57862, 63.30867 ], [ -168.58772, 63.32523 ], [ -168.64277, 63.34488 ], [ -168.7047, 63.35471 ], [ -168.88361, 63.37436 ], [ -169.035, 63.38745 ], [ -169.23455, 63.39073 ], [ -169.37217, 63.4071 ], [ -169.45554, 63.41502 ], [ -169.4838, 63.43563 ], [ -169.56942, 63.47286 ], [ -169.60228, 63.48064 ], [ -169.73692, 63.48624 ], [ -169.79299, 63.49074 ], [ -169.8486, 63.50752 ], [ -169.9266, 63.52674 ], [ -169.96415, 63.58212 ], [ -169.98563, 63.62296 ], [ -170.02856, 63.64847 ], [ -170.10368, 63.68418 ], [ -170.16807, 63.71989 ], [ -170.2432, 63.74539 ], [ -170.29685, 63.75557 ], [ -170.46848, 63.75556 ], [ -170.50403, 63.7534 ], [ -170.61993, 63.72346 ], [ -170.6567, 63.72355 ], [ -170.70515, 63.71308 ], [ -170.84717, 63.66613 ], [ -170.91094, 63.63787 ], [ -170.95915, 63.62589 ], [ -171.16504, 63.65899 ], [ -171.25132, 63.66744 ], [ -171.5356, 63.72188 ], [ -171.52068, 63.75024 ], [ -171.52703, 63.77652 ], [ -171.54883, 63.80046 ], [ -171.6175, 63.83364 ], [ -171.67473, 63.84368 ], [ -171.71467, 63.83606 ], [ -171.77637, 63.83772 ], [ -171.81615, 63.82116 ], [ -171.84598, 63.79987 ], [ -171.85593, 63.78567 ], [ -171.84031, 63.76939 ], [ -171.83533, 63.74336 ], [ -171.86517, 63.7055 ], [ -171.8602, 63.67474 ], [ -171.89003, 63.65581 ] ] ], [ [ [ -165.93034, 53.81887 ], [ -165.92267, 53.84596 ], [ -165.93801, 53.88421 ], [ -165.96109, 53.91624 ], [ -165.88688, 53.97026 ], [ -165.82807, 53.97823 ], [ -165.78897, 54.01624 ], [ -165.75011, 54.01661 ], [ -165.70267, 54.03414 ], [ -165.65717, 54.03634 ], [ -165.63229, 53.99756 ], [ -165.60671, 53.97684 ], [ -165.56324, 53.96728 ], [ -165.51977, 53.97206 ], [ -165.46862, 53.9864 ], [ -165.40559, 54.0123 ], [ -165.38096, 54.01644 ], [ -165.30288, 53.98074 ], [ -165.26963, 53.98073 ], [ -165.18446, 54.01701 ], [ -165.13715, 54.01855 ], [ -165.08213, 54.01183 ], [ -165.02726, 54.01294 ], [ -164.95066, 54.02703 ], [ -164.9228, 54.02848 ], [ -164.88105, 54.04343 ], [ -164.86556, 54.07529 ], [ -164.84605, 54.08325 ], [ -164.82194, 54.13081 ], [ -164.77619, 54.13586 ], [ -164.75396, 54.15489 ], [ -164.71448, 54.16612 ], [ -164.69206, 54.18219 ], [ -164.68238, 54.20186 ], [ -164.68064, 54.23217 ], [ -164.68775, 54.25012 ], [ -164.70891, 54.26402 ], [ -164.75853, 54.27818 ], [ -164.80537, 54.28239 ], [ -164.91124, 54.25469 ], [ -164.9662, 54.22643 ], [ -164.97497, 54.21488 ], [ -165.03151, 54.20888 ], [ -165.06687, 54.18009 ], [ -165.15026, 54.18052 ], [ -165.20394, 54.16596 ], [ -165.24382, 54.15929 ], [ -165.27117, 54.14413 ], [ -165.32097, 54.14453 ], [ -165.27913, 54.15841 ], [ -165.24282, 54.17787 ], [ -165.23204, 54.1957 ], [ -165.23207, 54.21652 ], [ -165.26302, 54.23654 ], [ -165.34518, 54.25103 ], [ -165.38848, 54.28813 ], [ -165.40677, 54.32668 ], [ -165.43133, 54.34069 ], [ -165.46249, 54.34682 ], [ -165.54202, 54.34872 ], [ -165.57868, 54.34144 ], [ -165.62403, 54.34936 ], [ -165.65555, 54.34705 ], [ -165.69617, 54.33223 ], [ -165.74335, 54.28889 ], [ -165.76731, 54.25523 ], [ -165.769, 54.23918 ], [ -165.78915, 54.23914 ], [ -165.83664, 54.25822 ], [ -165.93722, 54.27699 ], [ -165.98766, 54.2708 ], [ -166.03394, 54.26095 ], [ -166.06846, 54.23992 ], [ -166.12066, 54.22314 ], [ -166.16512, 54.19509 ], [ -166.18413, 54.15093 ], [ -166.19907, 54.13554 ], [ -166.19901, 54.10351 ], [ -166.17225, 54.07519 ], [ -166.14053, 54.05713 ], [ -166.14083, 54.04693 ], [ -166.18079, 54.05088 ], [ -166.20807, 54.04797 ], [ -166.24322, 54.03023 ], [ -166.28728, 54.03822 ], [ -166.30507, 54.05106 ], [ -166.37558, 54.0618 ], [ -166.46253, 54.06072 ], [ -166.51115, 54.05779 ], [ -166.69242, 54.06729 ], [ -166.7558, 54.06882 ], [ -166.78519, 54.06598 ], [ -166.8202, 54.04804 ], [ -166.88004, 54.04499 ], [ -166.91041, 54.04002 ], [ -166.93653, 54.02716 ], [ -166.98868, 54.02395 ], [ -167.0091, 54.01505 ], [ -167.05399, 54.00861 ], [ -167.07664, 53.99832 ], [ -167.0957, 53.97585 ], [ -167.14463, 53.96321 ], [ -167.16074, 53.9539 ], [ -167.17417, 53.93212 ], [ -167.1763, 53.91185 ], [ -167.21207, 53.90058 ], [ -167.23008, 53.88825 ], [ -167.24289, 53.85467 ], [ -167.23407, 53.81424 ], [ -167.21808, 53.80178 ], [ -167.16488, 53.77384 ], [ -167.1382, 53.70942 ], [ -167.1502, 53.69958 ], [ -167.15568, 53.67834 ], [ -167.21523, 53.6582 ], [ -167.23385, 53.64411 ], [ -167.24703, 53.61469 ], [ -167.23038, 53.56673 ], [ -167.29628, 53.53973 ], [ -167.34115, 53.5436 ], [ -167.39267, 53.52826 ], [ -167.42239, 53.49813 ], [ -167.44415, 53.49333 ], [ -167.50266, 53.49532 ], [ -167.54209, 53.47853 ], [ -167.5552, 53.46542 ], [ -167.60802, 53.45806 ], [ -167.64812, 53.44209 ], [ -167.72772, 53.43403 ], [ -167.75243, 53.42151 ], [ -167.76123, 53.43161 ], [ -167.73062, 53.45087 ], [ -167.70114, 53.48763 ], [ -167.69821, 53.52422 ], [ -167.71823, 53.54862 ], [ -167.76231, 53.56802 ], [ -167.80424, 53.57181 ], [ -167.87504, 53.56905 ], [ -167.92564, 53.60195 ], [ -167.95988, 53.61281 ], [ -167.99235, 53.61496 ], [ -168.04033, 53.61028 ], [ -168.06276, 53.61862 ], [ -168.09035, 53.61967 ], [ -168.15152, 53.60393 ], [ -168.1854, 53.59865 ], [ -168.25028, 53.5777 ], [ -168.28401, 53.57114 ], [ -168.30913, 53.55561 ], [ -168.31817, 53.53951 ], [ -168.33443, 53.53867 ], [ -168.39637, 53.51941 ], [ -168.41526, 53.50945 ], [ -168.42524, 53.48631 ], [ -168.47667, 53.4506 ], [ -168.49636, 53.42108 ], [ -168.4776, 53.37869 ], [ -168.5043, 53.36289 ], [ -168.61943, 53.32716 ], [ -168.65582, 53.31975 ], [ -168.68934, 53.30327 ], [ -168.69905, 53.28037 ], [ -168.7176, 53.27985 ], [ -168.74941, 53.2665 ], [ -168.78137, 53.24065 ], [ -168.80646, 53.23061 ], [ -168.85945, 53.18815 ], [ -168.88307, 53.15017 ], [ -168.8907, 53.10855 ], [ -168.87278, 53.08172 ], [ -168.90559, 53.06553 ], [ -168.92818, 53.06601 ], [ -168.96535, 53.05075 ], [ -168.99215, 53.02409 ], [ -169.00335, 52.99655 ], [ -169.00009, 52.9828 ], [ -169.02334, 52.98705 ], [ -169.06573, 52.98129 ], [ -169.10941, 52.95839 ], [ -169.16402, 52.96537 ], [ -169.19713, 52.96488 ], [ -169.23388, 52.9459 ], [ -169.25408, 52.92429 ], [ -169.25542, 52.8845 ], [ -169.22676, 52.86118 ], [ -169.19468, 52.84933 ], [ -169.26351, 52.82601 ], [ -169.29427, 52.81163 ], [ -169.32055, 52.78372 ], [ -169.32659, 52.75354 ], [ -169.31966, 52.73954 ], [ -169.29146, 52.72265 ], [ -169.26762, 52.71628 ], [ -169.22806, 52.71461 ], [ -169.16201, 52.73268 ], [ -169.09449, 52.76399 ], [ -169.07938, 52.77797 ], [ -169.03006, 52.7794 ], [ -169.00622, 52.78556 ], [ -168.97766, 52.80563 ], [ -168.95138, 52.8075 ], [ -168.90358, 52.82721 ], [ -168.87516, 52.83062 ], [ -168.84946, 52.84092 ], [ -168.82705, 52.85839 ], [ -168.76922, 52.85268 ], [ -168.743, 52.85473 ], [ -168.68999, 52.87574 ], [ -168.67583, 52.89476 ], [ -168.62925, 52.90515 ], [ -168.60248, 52.92341 ], [ -168.60288, 52.93484 ], [ -168.55711, 52.95822 ], [ -168.52203, 52.93373 ], [ -168.47627, 52.91948 ], [ -168.43092, 52.92184 ], [ -168.40268, 52.92925 ], [ -168.33715, 52.95693 ], [ -168.31259, 52.98895 ], [ -168.31927, 53.00924 ], [ -168.34088, 53.03005 ], [ -168.32049, 53.05007 ], [ -168.33399, 53.08319 ], [ -168.31085, 53.09 ], [ -168.25771, 53.1419 ], [ -168.23263, 53.13878 ], [ -168.19615, 53.14686 ], [ -168.1699, 53.1586 ], [ -168.15107, 53.19051 ], [ -168.15696, 53.20431 ], [ -168.13216, 53.21928 ], [ -168.08203, 53.22637 ], [ -168.04405, 53.24419 ], [ -168.02627, 53.22614 ], [ -167.94756, 53.21191 ], [ -167.87079, 53.20593 ], [ -167.82921, 53.19198 ], [ -167.76844, 53.18202 ], [ -167.66928, 53.17205 ], [ -167.59251, 53.17405 ], [ -167.52214, 53.18601 ], [ -167.44858, 53.21392 ], [ -167.39681, 53.25676 ], [ -167.36438, 53.27651 ], [ -167.32817, 53.27159 ], [ -167.28737, 53.27595 ], [ -167.25514, 53.28733 ], [ -167.22572, 53.31083 ], [ -167.21988, 53.32551 ], [ -167.10676, 53.36699 ], [ -167.05503, 53.37242 ], [ -167.03626, 53.38176 ], [ -166.98956, 53.37325 ], [ -166.95593, 53.37526 ], [ -166.92736, 53.38513 ], [ -166.8829, 53.37757 ], [ -166.8201, 53.38481 ], [ -166.78867, 53.38389 ], [ -166.76027, 53.39474 ], [ -166.74122, 53.39172 ], [ -166.70179, 53.40203 ], [ -166.60493, 53.44877 ], [ -166.58118, 53.47254 ], [ -166.54213, 53.48238 ], [ -166.49849, 53.51286 ], [ -166.37865, 53.60214 ], [ -166.34445, 53.61462 ], [ -166.22111, 53.64533 ], [ -166.21012, 53.65464 ], [ -166.17494, 53.65978 ], [ -166.14845, 53.6719 ], [ -166.12474, 53.69101 ], [ -166.10738, 53.6947 ], [ -166.08152, 53.72546 ], [ -166.02795, 53.75259 ], [ -166.00213, 53.75706 ], [ -165.97636, 53.77106 ], [ -165.93034, 53.81887 ] ] ], [ [ [ -168.11097, 53.98156 ], [ -168.13585, 53.94673 ], [ -168.12308, 53.91197 ], [ -168.08304, 53.88296 ], [ -168.02294, 53.87492 ], [ -167.98406, 53.8865 ], [ -167.96319, 53.90134 ], [ -167.95345, 53.92116 ], [ -167.95904, 53.9637 ], [ -167.98956, 53.98931 ], [ -168.02258, 53.99412 ], [ -168.08296, 53.99244 ], [ -168.11097, 53.98156 ] ] ], [ [ [ -162.95846, 54.45641 ], [ -162.95988, 54.42802 ], [ -162.99505, 54.41479 ], [ -163.00845, 54.40017 ], [ -163.01397, 54.36708 ], [ -163.00475, 54.35158 ], [ -162.95263, 54.32573 ], [ -162.89007, 54.33077 ], [ -162.87517, 54.33902 ], [ -162.85073, 54.3225 ], [ -162.81792, 54.31482 ], [ -162.80766, 54.3037 ], [ -162.77997, 54.29322 ], [ -162.7682, 54.27044 ], [ -162.72648, 54.24207 ], [ -162.70008, 54.23797 ], [ -162.65989, 54.24228 ], [ -162.62336, 54.25252 ], [ -162.59183, 54.244 ], [ -162.56315, 54.24358 ], [ -162.52659, 54.25798 ], [ -162.49497, 54.29172 ], [ -162.47706, 54.29892 ], [ -162.42936, 54.29851 ], [ -162.4043, 54.30579 ], [ -162.35896, 54.32852 ], [ -162.33741, 54.32573 ], [ -162.2822, 54.33097 ], [ -162.25016, 54.34674 ], [ -162.23838, 54.36992 ], [ -162.24821, 54.39927 ], [ -162.27775, 54.41937 ], [ -162.35435, 54.45669 ], [ -162.39561, 54.46427 ], [ -162.41167, 54.45913 ], [ -162.44194, 54.47534 ], [ -162.50572, 54.47802 ], [ -162.54518, 54.49703 ], [ -162.58269, 54.50577 ], [ -162.61057, 54.50042 ], [ -162.63595, 54.51182 ], [ -162.66375, 54.51279 ], [ -162.69158, 54.52639 ], [ -162.73309, 54.52659 ], [ -162.77002, 54.53785 ], [ -162.79958, 54.53952 ], [ -162.82449, 54.54925 ], [ -162.88071, 54.55321 ], [ -162.90683, 54.54401 ], [ -162.93884, 54.52115 ], [ -162.94482, 54.50538 ], [ -162.94097, 54.47536 ], [ -162.95846, 54.45641 ] ] ], [ [ [ -159.83703, 54.87029 ], [ -159.88583, 54.84719 ], [ -159.91167, 54.80929 ], [ -159.89962, 54.79431 ], [ -159.85522, 54.7577 ], [ -159.8135, 54.74042 ], [ -159.74679, 54.74267 ], [ -159.68858, 54.7656 ], [ -159.66919, 54.73352 ], [ -159.65243, 54.71778 ], [ -159.62476, 54.70792 ], [ -159.54787, 54.6993 ], [ -159.5029, 54.709 ], [ -159.46929, 54.72097 ], [ -159.44287, 54.7384 ], [ -159.42523, 54.76 ], [ -159.41677, 54.7922 ], [ -159.44065, 54.81754 ], [ -159.4976, 54.85546 ], [ -159.55612, 54.88026 ], [ -159.6019, 54.88189 ], [ -159.6363, 54.8718 ], [ -159.68133, 54.88743 ], [ -159.72929, 54.89416 ], [ -159.76105, 54.89132 ], [ -159.83703, 54.87029 ] ] ], [ [ [ -162.7432, 54.85785 ], [ -162.78074, 54.84774 ], [ -162.80696, 54.82952 ], [ -162.81901, 54.81116 ], [ -162.80741, 54.77987 ], [ -162.78345, 54.76529 ], [ -162.74018, 54.7531 ], [ -162.70676, 54.75499 ], [ -162.6778, 54.76272 ], [ -162.64405, 54.7891 ], [ -162.63718, 54.80479 ], [ -162.67295, 54.84344 ], [ -162.70222, 54.85515 ], [ -162.7432, 54.85785 ] ] ], [ [ [ -161.12895, 55.20655 ], [ -161.17501, 55.18438 ], [ -161.1944, 55.15496 ], [ -161.17701, 55.13065 ], [ -161.15156, 55.11513 ], [ -161.11269, 55.10501 ], [ -161.0844, 55.10477 ], [ -161.01997, 55.12924 ], [ -161.00856, 55.15091 ], [ -161.00749, 55.1706 ], [ -161.03388, 55.19495 ], [ -161.06275, 55.2068 ], [ -161.12895, 55.20655 ] ] ], [ [ [ -163.2715, 55.47702 ], [ -163.25213, 55.45382 ], [ -163.27089, 55.43172 ], [ -163.26237, 55.3942 ], [ -163.23536, 55.36611 ], [ -163.19627, 55.35078 ], [ -163.15394, 55.34312 ], [ -163.10688, 55.34883 ], [ -163.07096, 55.36133 ], [ -163.04921, 55.38195 ], [ -163.02794, 55.42083 ], [ -163.03316, 55.44277 ], [ -163.07601, 55.48869 ], [ -163.13653, 55.52502 ], [ -163.15661, 55.53105 ], [ -163.19042, 55.53056 ], [ -163.24251, 55.51772 ], [ -163.26573, 55.49918 ], [ -163.2715, 55.47702 ] ] ], [ [ [ -156.87804, 56.2233 ], [ -156.90016, 56.19161 ], [ -156.90315, 56.15505 ], [ -156.8836, 56.12284 ], [ -156.85286, 56.10937 ], [ -156.81717, 56.1041 ], [ -156.82008, 56.07056 ], [ -156.83535, 56.06024 ], [ -156.84491, 56.02211 ], [ -156.82641, 56.00758 ], [ -156.83339, 55.98421 ], [ -156.82221, 55.96756 ], [ -156.79307, 55.95579 ], [ -156.764, 55.953 ], [ -156.67543, 55.95677 ], [ -156.64778, 55.9623 ], [ -156.61196, 55.98292 ], [ -156.55332, 56.02708 ], [ -156.54742, 56.04864 ], [ -156.55605, 56.09016 ], [ -156.58933, 56.10928 ], [ -156.60229, 56.12697 ], [ -156.62681, 56.14019 ], [ -156.67196, 56.14835 ], [ -156.65377, 56.16759 ], [ -156.65111, 56.20096 ], [ -156.67325, 56.22408 ], [ -156.69063, 56.25725 ], [ -156.72891, 56.27398 ], [ -156.77023, 56.27979 ], [ -156.81998, 56.27652 ], [ -156.84199, 56.27008 ], [ -156.87223, 56.24702 ], [ -156.87804, 56.2233 ] ] ], [ [ [ -169.85288, 56.65888 ], [ -169.87759, 56.63054 ], [ -169.88024, 56.60203 ], [ -169.86824, 56.58703 ], [ -169.80478, 56.54737 ], [ -169.76373, 56.54072 ], [ -169.72752, 56.51464 ], [ -169.67609, 56.49623 ], [ -169.58126, 56.48323 ], [ -169.52664, 56.49298 ], [ -169.47941, 56.52685 ], [ -169.42047, 56.54926 ], [ -169.37754, 56.58773 ], [ -169.38225, 56.61475 ], [ -169.40164, 56.63655 ], [ -169.43867, 56.6537 ], [ -169.47416, 56.6561 ], [ -169.50926, 56.66747 ], [ -169.53869, 56.66844 ], [ -169.62191, 56.66134 ], [ -169.74735, 56.67504 ], [ -169.80253, 56.67397 ], [ -169.85288, 56.65888 ] ] ], [ [ [ -160.00464, 58.6656 ], [ -160.07488, 58.63989 ], [ -160.09759, 58.59991 ], [ -160.08937, 58.57896 ], [ -160.05905, 58.54783 ], [ -160.00853, 58.53468 ], [ -159.92132, 58.54396 ], [ -159.88046, 58.56297 ], [ -159.86345, 58.57869 ], [ -159.86768, 58.61052 ], [ -159.89462, 58.63993 ], [ -159.9142, 58.65023 ], [ -160.00464, 58.6656 ] ] ], [ [ [ -160.52579, 58.73024 ], [ -160.52542, 58.70857 ], [ -160.53749, 58.70027 ], [ -160.54432, 58.67433 ], [ -160.52874, 58.65416 ], [ -160.47534, 58.62719 ], [ -160.4331, 58.62225 ], [ -160.38763, 58.62765 ], [ -160.41429, 58.58693 ], [ -160.39686, 58.55392 ], [ -160.36762, 58.54199 ], [ -160.33361, 58.53568 ], [ -160.30103, 58.53576 ], [ -160.25876, 58.54457 ], [ -160.2256, 58.56554 ], [ -160.21216, 58.59505 ], [ -160.17982, 58.61002 ], [ -160.15409, 58.63711 ], [ -160.15273, 58.6582 ], [ -160.12255, 58.67283 ], [ -160.09697, 58.69728 ], [ -160.10191, 58.72481 ], [ -160.13762, 58.7489 ], [ -160.18767, 58.75628 ], [ -160.21408, 58.75548 ], [ -160.2377, 58.76605 ], [ -160.28239, 58.77497 ], [ -160.32324, 58.77506 ], [ -160.36764, 58.7941 ], [ -160.41604, 58.79845 ], [ -160.45223, 58.79185 ], [ -160.49037, 58.77363 ], [ -160.52579, 58.73024 ] ] ], [ [ [ -167.50807, 60.26311 ], [ -167.5508, 60.24055 ], [ -167.5603, 60.20596 ], [ -167.53635, 60.17825 ], [ -167.49243, 60.15202 ], [ -167.47324, 60.14891 ], [ -167.46458, 60.12465 ], [ -167.43645, 60.10876 ], [ -167.44297, 60.09545 ], [ -167.44077, 60.05646 ], [ -167.41799, 60.03416 ], [ -167.38558, 60.02121 ], [ -167.32415, 60.01846 ], [ -167.2934, 59.99919 ], [ -167.22273, 59.99385 ], [ -167.13784, 59.94403 ], [ -167.10291, 59.93695 ], [ -167.04204, 59.93576 ], [ -166.94062, 59.91191 ], [ -166.90461, 59.89805 ], [ -166.85085, 59.87106 ], [ -166.8289, 59.85233 ], [ -166.78651, 59.84266 ], [ -166.73678, 59.8383 ], [ -166.65434, 59.80239 ], [ -166.62613, 59.79706 ], [ -166.56422, 59.79611 ], [ -166.50797, 59.79875 ], [ -166.46171, 59.79593 ], [ -166.42967, 59.80164 ], [ -166.36639, 59.77966 ], [ -166.32185, 59.77314 ], [ -166.30058, 59.76007 ], [ -166.27387, 59.73385 ], [ -166.24211, 59.7171 ], [ -166.19661, 59.70338 ], [ -166.09972, 59.69405 ], [ -166.05789, 59.69554 ], [ -166.01245, 59.70538 ], [ -165.96482, 59.72297 ], [ -165.82486, 59.80675 ], [ -165.77327, 59.82047 ], [ -165.73902, 59.84135 ], [ -165.69903, 59.83508 ], [ -165.65782, 59.83626 ], [ -165.62526, 59.8464 ], [ -165.56038, 59.85287 ], [ -165.49547, 59.87018 ], [ -165.46091, 59.89501 ], [ -165.43913, 59.93604 ], [ -165.412, 59.95414 ], [ -165.40246, 59.97045 ], [ -165.45188, 59.99042 ], [ -165.46236, 60.00959 ], [ -165.4975, 60.02789 ], [ -165.53936, 60.03498 ], [ -165.57317, 60.07506 ], [ -165.55746, 60.09919 ], [ -165.55968, 60.13333 ], [ -165.57715, 60.15079 ], [ -165.5885, 60.17888 ], [ -165.57037, 60.19786 ], [ -165.5666, 60.21565 ], [ -165.5883, 60.24141 ], [ -165.57071, 60.25896 ], [ -165.57437, 60.2733 ], [ -165.56152, 60.30173 ], [ -165.57451, 60.3212 ], [ -165.6002, 60.33893 ], [ -165.64948, 60.34882 ], [ -165.65393, 60.37176 ], [ -165.69308, 60.39315 ], [ -165.73846, 60.40561 ], [ -165.78246, 60.40487 ], [ -165.82845, 60.39005 ], [ -165.84774, 60.39857 ], [ -165.89938, 60.4032 ], [ -165.9495, 60.39378 ], [ -165.98137, 60.37409 ], [ -166.00953, 60.3877 ], [ -165.99831, 60.4004 ], [ -166.0058, 60.41957 ], [ -166.03069, 60.43894 ], [ -166.05419, 60.46949 ], [ -166.08488, 60.48594 ], [ -166.15243, 60.51075 ], [ -166.20859, 60.50519 ], [ -166.24933, 60.49113 ], [ -166.27093, 60.47862 ], [ -166.27633, 60.45161 ], [ -166.29763, 60.44743 ], [ -166.34982, 60.41775 ], [ -166.40287, 60.4262 ], [ -166.44362, 60.44448 ], [ -166.47801, 60.44876 ], [ -166.52884, 60.44427 ], [ -166.57019, 60.42292 ], [ -166.62012, 60.41295 ], [ -166.66631, 60.38579 ], [ -166.73934, 60.38786 ], [ -166.80052, 60.36276 ], [ -166.8126, 60.35058 ], [ -166.84468, 60.34503 ], [ -166.87341, 60.3312 ], [ -166.88595, 60.31756 ], [ -166.92976, 60.2955 ], [ -166.94378, 60.2781 ], [ -166.96798, 60.2775 ], [ -167.01806, 60.26624 ], [ -167.06995, 60.28475 ], [ -167.12055, 60.29123 ], [ -167.15346, 60.28243 ], [ -167.22595, 60.28797 ], [ -167.25511, 60.28382 ], [ -167.30983, 60.29072 ], [ -167.33672, 60.28743 ], [ -167.37112, 60.27569 ], [ -167.41178, 60.27159 ], [ -167.4377, 60.26285 ], [ -167.50807, 60.26311 ] ] ], [ [ [ -161.75849, 63.65452 ], [ -161.81452, 63.64667 ], [ -161.85585, 63.62163 ], [ -161.85703, 63.58798 ], [ -161.83922, 63.57036 ], [ -161.78447, 63.55379 ], [ -161.72105, 63.55374 ], [ -161.67522, 63.56634 ], [ -161.64154, 63.5885 ], [ -161.63957, 63.61775 ], [ -161.66114, 63.63538 ], [ -161.69639, 63.64899 ], [ -161.75849, 63.65452 ] ] ], [ [ [ -161.22355, 64.17643 ], [ -161.31036, 64.18937 ], [ -161.35571, 64.18378 ], [ -161.4202, 64.15842 ], [ -161.43692, 64.13355 ], [ -161.43242, 64.10534 ], [ -161.41444, 64.08677 ], [ -161.37318, 64.06974 ], [ -161.30603, 64.06197 ], [ -161.25227, 64.06596 ], [ -161.22175, 64.07529 ], [ -161.18448, 64.10616 ], [ -161.17666, 64.14686 ], [ -161.19702, 64.16398 ], [ -161.22355, 64.17643 ] ] ], [ [ [ -168.15616, 65.02917 ], [ -168.20791, 65.00329 ], [ -168.21396, 64.98432 ], [ -168.21011, 64.95137 ], [ -168.18703, 64.9349 ], [ -168.13703, 64.91843 ], [ -168.09088, 64.91111 ], [ -168.03703, 64.90928 ], [ -167.97615, 64.92287 ], [ -167.95309, 64.93299 ], [ -167.91383, 64.96994 ], [ -167.9243, 65.00273 ], [ -167.95308, 65.02348 ], [ -168.00487, 65.0389 ], [ -168.07611, 65.04329 ], [ -168.15616, 65.02917 ] ] ], [ [ [ -168.79462, 65.67122 ], [ -168.82007, 65.66519 ], [ -168.85674, 65.6406 ], [ -168.86923, 65.62085 ], [ -168.86592, 65.60692 ], [ -168.84605, 65.59251 ], [ -168.80835, 65.57853 ], [ -168.7661, 65.57148 ], [ -168.73316, 65.57224 ], [ -168.67347, 65.58417 ], [ -168.63368, 65.60136 ], [ -168.62681, 65.61237 ], [ -168.63791, 65.63986 ], [ -168.67763, 65.66415 ], [ -168.71059, 65.67314 ], [ -168.79462, 65.67122 ] ] ], [ [ [ -168.92696, 65.82226 ], [ -168.97103, 65.81463 ], [ -168.9719, 65.68877 ], [ -168.91806, 65.68433 ], [ -168.85609, 65.69124 ], [ -168.78549, 65.71632 ], [ -168.76735, 65.73075 ], [ -168.76247, 65.75117 ], [ -168.78088, 65.76447 ], [ -168.78706, 65.78462 ], [ -168.80098, 65.79517 ], [ -168.861, 65.81781 ], [ -168.92696, 65.82226 ] ] ], [ [ [ 178.60729, 51.71652 ], [ 178.55949, 51.70165 ], [ 178.54674, 51.68807 ], [ 178.53181, 51.64969 ], [ 178.53062, 51.62473 ], [ 178.55177, 51.59986 ], [ 178.56321, 51.59983 ], [ 178.59349, 51.57825 ], [ 178.62456, 51.56904 ], [ 178.66723, 51.54274 ], [ 178.708, 51.53739 ], [ 178.74074, 51.52354 ], [ 178.79024, 51.49246 ], [ 178.82354, 51.48759 ], [ 178.89601, 51.49254 ], [ 178.94542, 51.46063 ], [ 178.95022, 51.44506 ], [ 178.96936, 51.42877 ], [ 178.9957, 51.42204 ], [ 179.03273, 51.39943 ], [ 179.10194, 51.3661 ], [ 179.12203, 51.3532 ], [ 179.12999, 51.3334 ], [ 179.15066, 51.31634 ], [ 179.2182, 51.29499 ], [ 179.25552, 51.29368 ], [ 179.29678, 51.3067 ], [ 179.40308, 51.30685 ], [ 179.45939, 51.31603 ], [ 179.51087, 51.30827 ], [ 179.54368, 51.31915 ], [ 179.57841, 51.35434 ], [ 179.57691, 51.37681 ], [ 179.55319, 51.40001 ], [ 179.52252, 51.41915 ], [ 179.47778, 51.43133 ], [ 179.45214, 51.45068 ], [ 179.42522, 51.46282 ], [ 179.37108, 51.46519 ], [ 179.35557, 51.45813 ], [ 179.33189, 51.46677 ], [ 179.28707, 51.46982 ], [ 179.26457, 51.4923 ], [ 179.22682, 51.51293 ], [ 179.17033, 51.52303 ], [ 179.11648, 51.56917 ], [ 179.08744, 51.58353 ], [ 179.08886, 51.6062 ], [ 179.06062, 51.63251 ], [ 179.01517, 51.64558 ], [ 178.97243, 51.64644 ], [ 178.92207, 51.66863 ], [ 178.86567, 51.67561 ], [ 178.82703, 51.687 ], [ 178.76993, 51.69781 ], [ 178.73702, 51.69494 ], [ 178.69878, 51.70957 ], [ 178.60729, 51.71652 ] ] ], [ [ [ 178.22008, 51.88873 ], [ 178.17583, 51.88459 ], [ 178.13158, 51.85583 ], [ 178.12093, 51.83252 ], [ 178.12506, 51.81401 ], [ 178.14053, 51.79653 ], [ 178.18481, 51.77019 ], [ 178.19729, 51.76733 ], [ 178.20712, 51.74674 ], [ 178.24988, 51.72447 ], [ 178.32837, 51.71923 ], [ 178.37043, 51.70404 ], [ 178.40046, 51.70361 ], [ 178.46922, 51.71871 ], [ 178.49635, 51.74452 ], [ 178.49799, 51.76373 ], [ 178.47904, 51.78997 ], [ 178.44135, 51.80932 ], [ 178.43115, 51.82697 ], [ 178.36843, 51.86054 ], [ 178.29345, 51.87858 ], [ 178.27008, 51.87764 ], [ 178.22008, 51.88873 ] ] ], [ [ [ 177.97441, 51.91463 ], [ 177.94554, 51.89562 ], [ 177.93428, 51.87577 ], [ 177.93904, 51.85492 ], [ 177.96401, 51.83487 ], [ 177.99718, 51.82203 ], [ 178.04488, 51.8215 ], [ 178.08404, 51.83534 ], [ 178.09795, 51.85069 ], [ 178.10045, 51.87549 ], [ 178.09371, 51.8945 ], [ 178.06899, 51.91448 ], [ 178.03435, 51.92261 ], [ 177.99698, 51.92203 ], [ 177.97441, 51.91463 ] ] ], [ [ [ 179.45032, 52.03132 ], [ 179.4296, 52.02358 ], [ 179.40873, 52.00536 ], [ 179.40456, 51.96836 ], [ 179.38874, 51.94192 ], [ 179.38969, 51.92379 ], [ 179.42354, 51.88581 ], [ 179.4568, 51.85989 ], [ 179.48461, 51.84803 ], [ 179.54837, 51.83607 ], [ 179.57487, 51.82682 ], [ 179.62321, 51.81899 ], [ 179.67167, 51.82566 ], [ 179.71748, 51.84096 ], [ 179.73526, 51.85497 ], [ 179.78507, 51.86264 ], [ 179.82502, 51.89202 ], [ 179.85102, 51.93588 ], [ 179.85968, 51.96037 ], [ 179.84708, 51.99247 ], [ 179.81921, 52.01 ], [ 179.79028, 52.01837 ], [ 179.78219, 52.03343 ], [ 179.75344, 52.04715 ], [ 179.71845, 52.05337 ], [ 179.67904, 52.07531 ], [ 179.65838, 52.07827 ], [ 179.54087, 52.06417 ], [ 179.50831, 52.03971 ], [ 179.45032, 52.03132 ] ] ], [ [ [ 177.22459, 51.9698 ], [ 177.16596, 51.94903 ], [ 177.13962, 51.93559 ], [ 177.12134, 51.91787 ], [ 177.11198, 51.89054 ], [ 177.11961, 51.85873 ], [ 177.15834, 51.83359 ], [ 177.20032, 51.82441 ], [ 177.2308, 51.79839 ], [ 177.30872, 51.75963 ], [ 177.34532, 51.75774 ], [ 177.37162, 51.76186 ], [ 177.41521, 51.79104 ], [ 177.41935, 51.82674 ], [ 177.41004, 51.83371 ], [ 177.41624, 51.87122 ], [ 177.47563, 51.8604 ], [ 177.51925, 51.86692 ], [ 177.54641, 51.86162 ], [ 177.5986, 51.8732 ], [ 177.63547, 51.8707 ], [ 177.65491, 51.87516 ], [ 177.68726, 51.89543 ], [ 177.73597, 51.90213 ], [ 177.7906, 51.8924 ], [ 177.83708, 51.90227 ], [ 177.86082, 51.92228 ], [ 177.874, 51.9561 ], [ 177.84571, 51.98378 ], [ 177.81156, 51.99531 ], [ 177.77054, 52.00146 ], [ 177.74176, 51.99554 ], [ 177.70316, 52.00704 ], [ 177.7261, 52.03253 ], [ 177.76043, 52.06117 ], [ 177.76962, 52.10638 ], [ 177.74566, 52.1416 ], [ 177.70378, 52.16303 ], [ 177.64399, 52.18443 ], [ 177.60777, 52.18944 ], [ 177.57325, 52.18716 ], [ 177.51078, 52.1611 ], [ 177.46918, 52.12402 ], [ 177.45905, 52.09856 ], [ 177.42599, 52.07778 ], [ 177.41424, 52.05319 ], [ 177.41643, 52.03813 ], [ 177.38208, 52.02925 ], [ 177.34829, 52.02839 ], [ 177.28743, 52.00546 ], [ 177.26002, 51.97872 ], [ 177.22459, 51.9698 ] ] ], [ [ [ 178.16272, 52.10665 ], [ 178.12198, 52.10742 ], [ 178.0769, 52.1 ], [ 178.04623, 52.0886 ], [ 178.02057, 52.07186 ], [ 178.00345, 52.04959 ], [ 178.0004, 52.03332 ], [ 178.01507, 52.01504 ], [ 178.01631, 51.9787 ], [ 178.05968, 51.94811 ], [ 178.10057, 51.9399 ], [ 178.14281, 51.93933 ], [ 178.19587, 51.94884 ], [ 178.26054, 51.91016 ], [ 178.28926, 51.90085 ], [ 178.33092, 51.89855 ], [ 178.37109, 51.90684 ], [ 178.38381, 51.89102 ], [ 178.41299, 51.87537 ], [ 178.4773, 51.85221 ], [ 178.53159, 51.84672 ], [ 178.58073, 51.85955 ], [ 178.62568, 51.88844 ], [ 178.6669, 51.93025 ], [ 178.67131, 51.95988 ], [ 178.66395, 51.98285 ], [ 178.61658, 52.00938 ], [ 178.51241, 52.04344 ], [ 178.4688, 52.04118 ], [ 178.40266, 52.0217 ], [ 178.37846, 52.02888 ], [ 178.26716, 52.03745 ], [ 178.24737, 52.06753 ], [ 178.18884, 52.09868 ], [ 178.16272, 52.10665 ] ] ], [ [ [ 177.31541, 52.16098 ], [ 177.28883, 52.14419 ], [ 177.28016, 52.12758 ], [ 177.2906, 52.10215 ], [ 177.33263, 52.07521 ], [ 177.35522, 52.0714 ], [ 177.38681, 52.0752 ], [ 177.4288, 52.09174 ], [ 177.44302, 52.10526 ], [ 177.44598, 52.13513 ], [ 177.40884, 52.16763 ], [ 177.36736, 52.1753 ], [ 177.31541, 52.16098 ] ] ], [ [ [ 175.84191, 52.44029 ], [ 175.81133, 52.43266 ], [ 175.78252, 52.41724 ], [ 175.76348, 52.38074 ], [ 175.78991, 52.34801 ], [ 175.83139, 52.30558 ], [ 175.8544, 52.29311 ], [ 175.89661, 52.28126 ], [ 175.97089, 52.28869 ], [ 176.00993, 52.29955 ], [ 176.05402, 52.33675 ], [ 176.06452, 52.36338 ], [ 176.04918, 52.38564 ], [ 176.00491, 52.4095 ], [ 175.9179, 52.43434 ], [ 175.89857, 52.43194 ], [ 175.87478, 52.43971 ], [ 175.84191, 52.44029 ] ] ], [ [ [ 173.31594, 52.46464 ], [ 173.27441, 52.41663 ], [ 173.27768, 52.38197 ], [ 173.30405, 52.35645 ], [ 173.34912, 52.34917 ], [ 173.37955, 52.33814 ], [ 173.43575, 52.33465 ], [ 173.48159, 52.32667 ], [ 173.5337, 52.33177 ], [ 173.58108, 52.31915 ], [ 173.59743, 52.308 ], [ 173.63863, 52.29425 ], [ 173.66613, 52.29199 ], [ 173.6924, 52.30188 ], [ 173.7308, 52.29757 ], [ 173.76656, 52.30674 ], [ 173.79427, 52.32501 ], [ 173.81407, 52.35335 ], [ 173.80174, 52.37809 ], [ 173.79459, 52.43328 ], [ 173.78101, 52.45047 ], [ 173.81244, 52.46279 ], [ 173.84461, 52.48887 ], [ 173.85492, 52.51385 ], [ 173.84777, 52.53719 ], [ 173.80416, 52.56098 ], [ 173.77813, 52.5661 ], [ 173.69223, 52.5614 ], [ 173.65671, 52.56411 ], [ 173.63909, 52.55687 ], [ 173.60825, 52.55987 ], [ 173.55903, 52.5471 ], [ 173.53474, 52.52834 ], [ 173.4987, 52.51692 ], [ 173.48049, 52.50257 ], [ 173.43129, 52.50866 ], [ 173.39366, 52.49975 ], [ 173.37001, 52.48295 ], [ 173.33669, 52.47615 ], [ 173.31594, 52.46464 ] ] ], [ [ [ 173.87064, 52.83479 ], [ 173.80201, 52.81966 ], [ 173.77607, 52.79175 ], [ 173.7732, 52.77336 ], [ 173.78871, 52.74972 ], [ 173.83796, 52.71602 ], [ 173.8715, 52.70563 ], [ 173.91615, 52.69968 ], [ 173.95158, 52.68572 ], [ 174.01798, 52.67184 ], [ 174.05716, 52.67169 ], [ 174.07932, 52.66332 ], [ 174.11424, 52.66376 ], [ 174.16251, 52.65674 ], [ 174.19724, 52.66786 ], [ 174.22401, 52.68342 ], [ 174.23783, 52.70326 ], [ 174.23834, 52.73882 ], [ 174.23273, 52.75729 ], [ 174.19928, 52.78028 ], [ 174.11444, 52.80335 ], [ 174.05015, 52.78908 ], [ 174.03787, 52.79661 ], [ 173.98059, 52.81397 ], [ 173.96478, 52.81153 ], [ 173.90613, 52.83133 ], [ 173.87064, 52.83479 ] ] ], [ [ [ 172.42778, 52.97154 ], [ 172.37641, 52.95962 ], [ 172.35389, 52.9358 ], [ 172.34785, 52.90669 ], [ 172.36259, 52.88702 ], [ 172.41938, 52.85975 ], [ 172.45044, 52.85245 ], [ 172.47908, 52.85523 ], [ 172.61014, 52.79823 ], [ 172.68015, 52.74862 ], [ 172.73695, 52.72789 ], [ 172.7877, 52.72709 ], [ 172.81438, 52.73084 ], [ 172.83561, 52.70997 ], [ 172.86762, 52.69025 ], [ 172.90147, 52.6816 ], [ 172.94309, 52.68885 ], [ 173.03602, 52.72846 ], [ 173.04624, 52.74755 ], [ 173.10331, 52.72979 ], [ 173.13276, 52.73022 ], [ 173.20963, 52.73965 ], [ 173.2677, 52.71997 ], [ 173.28742, 52.70672 ], [ 173.33024, 52.69283 ], [ 173.36197, 52.69576 ], [ 173.39853, 52.71047 ], [ 173.41434, 52.72815 ], [ 173.42169, 52.75561 ], [ 173.40338, 52.77756 ], [ 173.44827, 52.78124 ], [ 173.46875, 52.77499 ], [ 173.52606, 52.77448 ], [ 173.55135, 52.78488 ], [ 173.58065, 52.81549 ], [ 173.56762, 52.84187 ], [ 173.53752, 52.86679 ], [ 173.51616, 52.87398 ], [ 173.50255, 52.89155 ], [ 173.47408, 52.90762 ], [ 173.43165, 52.91749 ], [ 173.39064, 52.90913 ], [ 173.38383, 52.94115 ], [ 173.37141, 52.96035 ], [ 173.32194, 52.99212 ], [ 173.27891, 53.00172 ], [ 173.23836, 52.99976 ], [ 173.21589, 53.02036 ], [ 173.13221, 53.04396 ], [ 173.06184, 53.0418 ], [ 173.01872, 53.04746 ], [ 172.98182, 53.04689 ], [ 172.95416, 53.03895 ], [ 172.88835, 53.05413 ], [ 172.83659, 53.05103 ], [ 172.78795, 53.063 ], [ 172.73442, 53.06365 ], [ 172.68279, 53.05493 ], [ 172.62315, 53.05315 ], [ 172.58617, 53.04387 ], [ 172.56228, 53.03063 ], [ 172.52773, 53.02332 ], [ 172.48382, 52.99892 ], [ 172.44534, 52.98404 ], [ 172.42778, 52.97154 ] ] ], [ [ [ -155.6341, 55.92547 ], [ -155.67676, 55.90766 ], [ -155.75146, 55.85424 ], [ -155.80476, 55.83644 ], [ -155.8368, 55.80082 ], [ -155.82624, 55.75927 ], [ -155.79435, 55.72959 ], [ -155.71982, 55.71179 ], [ -155.58137, 55.69991 ], [ -155.52809, 55.70585 ], [ -155.47475, 55.74146 ], [ -155.47467, 55.77707 ], [ -155.48522, 55.81862 ], [ -155.4745, 55.8483 ], [ -155.45312, 55.88392 ], [ -155.47435, 55.91359 ], [ -155.58114, 55.93068 ], [ -155.6341, 55.92547 ] ] ], [ [ [ -154.88863, 57.38192 ], [ -154.91556, 57.34987 ], [ -154.91033, 57.33506 ], [ -154.92646, 57.31642 ], [ -154.93122, 57.28237 ], [ -154.91403, 57.26673 ], [ -154.8311, 57.23064 ], [ -154.79861, 57.22753 ], [ -154.76708, 57.21451 ], [ -154.68577, 57.21422 ], [ -154.67976, 57.19808 ], [ -154.61978, 57.16236 ], [ -154.60113, 57.03638 ], [ -154.62854, 57.00201 ], [ -154.60861, 56.97028 ], [ -154.57748, 56.95277 ], [ -154.50244, 56.94079 ], [ -154.44006, 56.9236 ], [ -154.38772, 56.89562 ], [ -154.3932, 56.84903 ], [ -154.38552, 56.83027 ], [ -154.31607, 56.78613 ], [ -154.21783, 56.72047 ], [ -154.2393, 56.69286 ], [ -154.23667, 56.66757 ], [ -154.27685, 56.66002 ], [ -154.36011, 56.63352 ], [ -154.42998, 56.65463 ], [ -154.45894, 56.65308 ], [ -154.50752, 56.65884 ], [ -154.5405, 56.65584 ], [ -154.59748, 56.63603 ], [ -154.6687, 56.59783 ], [ -154.75811, 56.55982 ], [ -154.81237, 56.52383 ], [ -154.8209, 56.51154 ], [ -154.85457, 56.48699 ], [ -154.89385, 56.44472 ], [ -154.89309, 56.42286 ], [ -154.8817, 56.4014 ], [ -154.86294, 56.38385 ], [ -154.79493, 56.35929 ], [ -154.72573, 56.35522 ], [ -154.68904, 56.3627 ], [ -154.62888, 56.38609 ], [ -154.58199, 56.42681 ], [ -154.49821, 56.45578 ], [ -154.4526, 56.44324 ], [ -154.40318, 56.44167 ], [ -154.35601, 56.45395 ], [ -154.34056, 56.4644 ], [ -154.27504, 56.44663 ], [ -154.23361, 56.44347 ], [ -154.18819, 56.44896 ], [ -154.15334, 56.46005 ], [ -154.1054, 56.45008 ], [ -153.99716, 56.45009 ], [ -153.93628, 56.45346 ], [ -153.90467, 56.46198 ], [ -153.88121, 56.47748 ], [ -153.84885, 56.48605 ], [ -153.8066, 56.50936 ], [ -153.76243, 56.55675 ], [ -153.76494, 56.58808 ], [ -153.7909, 56.61011 ], [ -153.84211, 56.62057 ], [ -153.91508, 56.61284 ], [ -153.98212, 56.60901 ], [ -153.99976, 56.63495 ], [ -153.95705, 56.63332 ], [ -153.91992, 56.64254 ], [ -153.89007, 56.67171 ], [ -153.87188, 56.67271 ], [ -153.83495, 56.68805 ], [ -153.80043, 56.68993 ], [ -153.76979, 56.71181 ], [ -153.74755, 56.74504 ], [ -153.76042, 56.77647 ], [ -153.71909, 56.77871 ], [ -153.66604, 56.79484 ], [ -153.62774, 56.82039 ], [ -153.61518, 56.83439 ], [ -153.54454, 56.84237 ], [ -153.50132, 56.85667 ], [ -153.47633, 56.87254 ], [ -153.45095, 56.90034 ], [ -153.45462, 56.92643 ], [ -153.47686, 56.94132 ], [ -153.46284, 56.94774 ], [ -153.44909, 56.97081 ], [ -153.40453, 56.95077 ], [ -153.35771, 56.94996 ], [ -153.32, 56.94094 ], [ -153.27431, 56.94273 ], [ -153.20555, 56.95322 ], [ -153.18096, 56.96068 ], [ -153.11045, 57.01158 ], [ -153.09829, 57.04031 ], [ -153.02464, 57.05955 ], [ -152.98399, 57.06646 ], [ -152.938, 57.06617 ], [ -152.87686, 57.07884 ], [ -152.83416, 57.09443 ], [ -152.79295, 57.12288 ], [ -152.77738, 57.14145 ], [ -152.77546, 57.17093 ], [ -152.78521, 57.19246 ], [ -152.83563, 57.21737 ], [ -152.77291, 57.2198 ], [ -152.67655, 57.22727 ], [ -152.64272, 57.23537 ], [ -152.53767, 57.30075 ], [ -152.52876, 57.32733 ], [ -152.41558, 57.38447 ], [ -152.40076, 57.37828 ], [ -152.40209, 57.3563 ], [ -152.38315, 57.33541 ], [ -152.36119, 57.32676 ], [ -152.31492, 57.31859 ], [ -152.25848, 57.32343 ], [ -152.22739, 57.33204 ], [ -152.18634, 57.35318 ], [ -152.1597, 57.38041 ], [ -152.15652, 57.40586 ], [ -152.19651, 57.43213 ], [ -152.21649, 57.43823 ], [ -152.22244, 57.4753 ], [ -152.15264, 57.51861 ], [ -152.12512, 57.53136 ], [ -152.0635, 57.57121 ], [ -152.05348, 57.60365 ], [ -152.03101, 57.62863 ], [ -152.03486, 57.65332 ], [ -152.07979, 57.6863 ], [ -152.12409, 57.81173 ], [ -152.13355, 57.82517 ], [ -152.16112, 57.84296 ], [ -152.22655, 57.85732 ], [ -152.25638, 57.86861 ], [ -152.22886, 57.90448 ], [ -152.22021, 57.93022 ], [ -152.23558, 57.94994 ], [ -152.26563, 57.97114 ], [ -152.29709, 57.97238 ], [ -152.31662, 57.9796 ], [ -152.32964, 57.99927 ], [ -152.38017, 58.01845 ], [ -152.41445, 58.03658 ], [ -152.47452, 58.04543 ], [ -152.45335, 58.05929 ], [ -152.40423, 58.05924 ], [ -152.36065, 58.04921 ], [ -152.32525, 58.04792 ], [ -152.2926, 58.05585 ], [ -152.26074, 58.07336 ], [ -152.12747, 58.09202 ], [ -152.05527, 58.10453 ], [ -152.03352, 58.11178 ], [ -151.96639, 58.15374 ], [ -151.94537, 58.13244 ], [ -151.90822, 58.11721 ], [ -151.86105, 58.1106 ], [ -151.80257, 58.12216 ], [ -151.76402, 58.13663 ], [ -151.72574, 58.16443 ], [ -151.7066, 58.18782 ], [ -151.6905, 58.23513 ], [ -151.705, 58.27052 ], [ -151.75518, 58.3034 ], [ -151.70728, 58.33135 ], [ -151.70403, 58.35734 ], [ -151.7128, 58.37398 ], [ -151.75049, 58.39466 ], [ -151.79499, 58.4006 ], [ -151.85453, 58.39145 ], [ -151.89522, 58.37171 ], [ -151.93229, 58.39067 ], [ -152.02426, 58.41262 ], [ -152.07191, 58.44003 ], [ -152.12635, 58.44959 ], [ -152.17328, 58.44973 ], [ -152.17879, 58.4571 ], [ -152.14436, 58.45771 ], [ -152.0911, 58.47173 ], [ -152.06088, 58.50083 ], [ -152.06549, 58.52676 ], [ -152.11348, 58.56166 ], [ -152.15366, 58.57335 ], [ -152.18283, 58.57397 ], [ -152.17903, 58.59344 ], [ -152.18932, 58.62026 ], [ -152.21163, 58.63723 ], [ -152.21294, 58.64863 ], [ -152.24771, 58.68073 ], [ -152.31259, 58.70045 ], [ -152.34263, 58.70138 ], [ -152.3848, 58.69042 ], [ -152.38077, 58.71127 ], [ -152.39299, 58.73046 ], [ -152.43454, 58.75078 ], [ -152.47357, 58.75726 ], [ -152.49731, 58.75532 ], [ -152.54557, 58.74245 ], [ -152.5746, 58.72533 ], [ -152.61001, 58.69228 ], [ -152.69841, 58.64864 ], [ -152.73294, 58.62244 ], [ -152.73463, 58.61109 ], [ -152.76755, 58.5866 ], [ -152.77512, 58.54941 ], [ -152.81969, 58.54268 ], [ -152.86175, 58.52005 ], [ -152.88086, 58.48979 ], [ -152.92228, 58.47219 ], [ -152.9707, 58.43559 ], [ -153.12307, 58.33022 ], [ -153.18532, 58.28297 ], [ -153.20003, 58.26625 ], [ -153.24884, 58.2491 ], [ -153.28821, 58.22553 ], [ -153.31467, 58.19301 ], [ -153.36747, 58.17929 ], [ -153.40642, 58.15146 ], [ -153.43101, 58.12819 ], [ -153.4702, 58.1087 ], [ -153.50013, 58.07956 ], [ -153.50476, 58.04033 ], [ -153.48019, 58.01884 ], [ -153.53895, 58.00737 ], [ -153.63435, 57.97137 ], [ -153.74488, 57.94001 ], [ -153.78662, 57.91771 ], [ -153.82459, 57.92701 ], [ -153.87057, 57.92878 ], [ -153.91713, 57.91656 ], [ -153.9415, 57.90043 ], [ -153.94345, 57.88567 ], [ -153.96859, 57.8749 ], [ -153.97825, 57.86147 ], [ -154.00379, 57.85025 ], [ -154.10589, 57.78857 ], [ -154.12842, 57.77067 ], [ -154.24006, 57.71547 ], [ -154.26624, 57.71595 ], [ -154.32974, 57.69318 ], [ -154.40701, 57.69053 ], [ -154.43909, 57.66849 ], [ -154.48094, 57.63186 ], [ -154.51051, 57.63203 ], [ -154.57273, 57.62059 ], [ -154.60688, 57.60325 ], [ -154.62518, 57.5729 ], [ -154.67157, 57.55715 ], [ -154.70314, 57.54202 ], [ -154.74567, 57.50711 ], [ -154.75278, 57.48718 ], [ -154.79016, 57.46142 ], [ -154.81693, 57.42425 ], [ -154.8154, 57.41279 ], [ -154.88863, 57.38192 ] ] ], [ [ [ -152.43749, 58.94842 ], [ -152.46485, 58.92422 ], [ -152.46543, 58.90634 ], [ -152.45258, 58.88487 ], [ -152.42595, 58.87337 ], [ -152.41375, 58.84761 ], [ -152.38329, 58.82829 ], [ -152.31462, 58.82 ], [ -152.27553, 58.82727 ], [ -152.24964, 58.84067 ], [ -152.19536, 58.84063 ], [ -152.13407, 58.85812 ], [ -152.10858, 58.84461 ], [ -152.06678, 58.83301 ], [ -152.01716, 58.82852 ], [ -151.98158, 58.83728 ], [ -151.95157, 58.85219 ], [ -151.93639, 58.86738 ], [ -151.8918, 58.87639 ], [ -151.85389, 58.90876 ], [ -151.85759, 58.93596 ], [ -151.86778, 58.94641 ], [ -151.93718, 58.9883 ], [ -151.96492, 58.99234 ], [ -152.01955, 59.01092 ], [ -152.05893, 59.012 ], [ -152.08337, 59.00502 ], [ -152.12905, 59.01675 ], [ -152.18822, 59.01614 ], [ -152.24565, 58.99346 ], [ -152.27272, 59.0032 ], [ -152.32345, 59.00746 ], [ -152.35275, 59.00487 ], [ -152.414, 58.99223 ], [ -152.4409, 58.96609 ], [ -152.43749, 58.94842 ] ] ], [ [ [ -146.49367, 59.42072 ], [ -146.50817, 59.39247 ], [ -146.48955, 59.36055 ], [ -146.46081, 59.34713 ], [ -146.40248, 59.33476 ], [ -146.36858, 59.33476 ], [ -146.32233, 59.34491 ], [ -146.27456, 59.35031 ], [ -146.24406, 59.36267 ], [ -146.21853, 59.38352 ], [ -146.18703, 59.39092 ], [ -146.16299, 59.40316 ], [ -146.14704, 59.42224 ], [ -146.14997, 59.44717 ], [ -146.16667, 59.46297 ], [ -146.17113, 59.48217 ], [ -146.21137, 59.5119 ], [ -146.24292, 59.51995 ], [ -146.23721, 59.54371 ], [ -146.26165, 59.57102 ], [ -146.31594, 59.58662 ], [ -146.37154, 59.5839 ], [ -146.40048, 59.57471 ], [ -146.42376, 59.55871 ], [ -146.43267, 59.54111 ], [ -146.42064, 59.51357 ], [ -146.43573, 59.48548 ], [ -146.42783, 59.46667 ], [ -146.45562, 59.45392 ], [ -146.49367, 59.42072 ] ] ], [ [ [ -132.3896, 57.36556 ], [ -132.55368, 57.49651 ], [ -132.65246, 57.60736 ], [ -132.65812, 57.61949 ], [ -132.75681, 57.70509 ], [ -132.86932, 57.84294 ], [ -133.07642, 57.99976 ], [ -133.17644, 58.15015 ], [ -133.17231, 58.15368 ], [ -133.26998, 58.22711 ], [ -133.34543, 58.27633 ], [ -133.4615, 58.38772 ], [ -133.3773, 58.43055 ], [ -133.5578, 58.52313 ], [ -133.70712, 58.61227 ], [ -133.84051, 58.72944 ], [ -133.97222, 58.76727 ], [ -134.25807, 58.86104 ], [ -134.33646, 58.92341 ], [ -134.31373, 58.96222 ], [ -134.40715, 58.97921 ], [ -134.38188, 59.03876 ], [ -134.44712, 59.08922 ], [ -134.48339, 59.1316 ], [ -134.56557, 59.13112 ], [ -134.67912, 59.19228 ], [ -134.70072, 59.24901 ], [ -134.95991, 59.28093 ], [ -135.03052, 59.34635 ], [ -134.98974, 59.38713 ], [ -135.10102, 59.42753 ], [ -135.07728, 59.45177 ], [ -135.02756, 59.47474 ], [ -135.0289, 59.56366 ], [ -135.11783, 59.62307 ], [ -135.15759, 59.62572 ], [ -135.21984, 59.66278 ], [ -135.23367, 59.69614 ], [ -135.25276, 59.69828 ], [ -135.36011, 59.73762 ], [ -135.47916, 59.79804 ], [ -135.95264, 59.66217 ], [ -136.1929, 59.64003 ], [ -136.35394, 59.59983 ], [ -136.23983, 59.55941 ], [ -136.2385, 59.52433 ], [ -136.30502, 59.46452 ], [ -136.37244, 59.44961 ], [ -136.47716, 59.46582 ], [ -136.47738, 59.37623 ], [ -136.46925, 59.28408 ], [ -136.49576, 59.27513 ], [ -136.4884, 59.25929 ], [ -136.58152, 59.16491 ], [ -136.82663, 59.15839 ], [ -136.8639, 59.13847 ], [ -137.26475, 59.00235 ], [ -137.44738, 58.90951 ], [ -137.52642, 58.90683 ], [ -137.5, 58.9854 ], [ -137.54213, 59.10643 ], [ -137.60736, 59.2438 ], [ -138.03071, 59.46484 ], [ -138.6262, 59.76858 ], [ -138.66865, 59.80966 ], [ -138.67946, 59.84537 ], [ -138.70738, 59.90633 ], [ -138.79852, 59.92465 ], [ -139.05367, 59.99484 ], [ -139.19885, 60.0883 ], [ -139.07213, 60.31943 ], [ -139.07482, 60.35251 ], [ -139.69298, 60.33522 ], [ -139.98109, 60.18197 ], [ -140.45821, 60.30809 ], [ -140.52042, 60.21982 ], [ -140.76941, 60.26031 ], [ -140.93074, 60.29345 ], [ -141.00198, 60.30637 ], [ -141.00186, 60.39169 ], [ -141.00211, 61.87468 ], [ -141.0016, 61.90405 ], [ -141.00148, 62.47442 ], [ -141.00131, 65.00008 ], [ -141.00247, 65.83942 ], [ -141.00262, 66.6429 ], [ -141.00269, 68.49836 ], [ -141.0009, 68.49836 ], [ -141.00061, 69.6472 ], [ -141.00278, 69.70365 ], [ -141.13359, 69.72535 ], [ -141.3779, 69.74415 ], [ -141.38384, 69.74998 ], [ -141.45286, 69.77278 ], [ -141.59145, 69.81458 ], [ -141.67688, 69.83524 ], [ -141.74611, 69.84824 ], [ -141.80286, 69.85492 ], [ -141.91402, 69.87204 ], [ -141.99335, 69.89126 ], [ -142.07909, 69.9085 ], [ -142.23979, 69.95474 ], [ -142.25814, 69.96431 ], [ -142.30759, 69.97572 ], [ -142.34951, 69.99447 ], [ -142.42516, 70.01146 ], [ -142.48027, 70.03391 ], [ -142.70629, 70.0882 ], [ -142.76039, 70.09543 ], [ -142.80291, 70.10705 ], [ -142.85824, 70.11427 ], [ -142.8901, 70.12363 ], [ -143.02793, 70.15119 ], [ -143.05027, 70.15983 ], [ -143.10439, 70.16918 ], [ -143.12296, 70.18058 ], [ -143.16788, 70.19349 ], [ -143.22643, 70.202 ], [ -143.29621, 70.2017 ], [ -143.36079, 70.19632 ], [ -143.41145, 70.18357 ], [ -143.44471, 70.18556 ], [ -143.49142, 70.19593 ], [ -143.57566, 70.19943 ], [ -143.83062, 70.17035 ], [ -143.94058, 70.16969 ], [ -144.01159, 70.15671 ], [ -144.05686, 70.13866 ], [ -144.14308, 70.13187 ], [ -144.36696, 70.09228 ], [ -144.43397, 70.09273 ], [ -144.5291, 70.07906 ], [ -144.68147, 70.01577 ], [ -144.84334, 70.03958 ], [ -144.92655, 70.04002 ], [ -144.98609, 70.07031 ], [ -145.06498, 70.08761 ], [ -145.27936, 70.08896 ], [ -145.33551, 70.09871 ], [ -145.36658, 70.11273 ], [ -145.45012, 70.13316 ], [ -145.56455, 70.14455 ], [ -145.74185, 70.19924 ], [ -145.98178, 70.24231 ], [ -146.10401, 70.25329 ], [ -146.20606, 70.25469 ], [ -146.24917, 70.26734 ], [ -146.37792, 70.28375 ], [ -146.45694, 70.28039 ], [ -146.60897, 70.28727 ], [ -146.70896, 70.28243 ], [ -146.74647, 70.29187 ], [ -146.77788, 70.31574 ], [ -146.84148, 70.33496 ], [ -146.92652, 70.35078 ], [ -147.0, 70.35551 ], [ -147.09641, 70.35861 ], [ -147.17191, 70.35016 ], [ -147.18262, 70.36975 ], [ -147.22594, 70.38899 ], [ -147.27733, 70.40252 ], [ -147.32835, 70.40743 ], [ -147.37252, 70.43054 ], [ -147.45516, 70.44571 ], [ -147.56243, 70.44659 ], [ -147.61127, 70.43648 ], [ -147.65248, 70.4597 ], [ -147.70747, 70.46964 ], [ -147.77944, 70.47187 ], [ -147.77847, 70.49166 ], [ -147.81853, 70.52002 ], [ -147.89963, 70.5421 ], [ -148.0035, 70.54558 ], [ -148.05196, 70.53883 ], [ -148.09962, 70.524 ], [ -148.12693, 70.50135 ], [ -148.16907, 70.51774 ], [ -148.21042, 70.51825 ], [ -148.23389, 70.52891 ], [ -148.29251, 70.53746 ], [ -148.4213, 70.53286 ], [ -148.50275, 70.50433 ], [ -148.51548, 70.47748 ], [ -148.48701, 70.45332 ], [ -148.54887, 70.47297 ], [ -148.65177, 70.47817 ], [ -148.71181, 70.50767 ], [ -148.78726, 70.52538 ], [ -148.97494, 70.53371 ], [ -149.09048, 70.56542 ], [ -149.18246, 70.57454 ], [ -149.21735, 70.58293 ], [ -149.29591, 70.58765 ], [ -149.40735, 70.60383 ], [ -149.67987, 70.6215 ], [ -149.71913, 70.62194 ], [ -149.79595, 70.61187 ], [ -149.92951, 70.61476 ], [ -149.9934, 70.6042 ], [ -150.03353, 70.5877 ], [ -150.11787, 70.60618 ], [ -150.24271, 70.60434 ], [ -150.32321, 70.57856 ], [ -150.34524, 70.55323 ], [ -150.43534, 70.55785 ], [ -150.5008, 70.54885 ], [ -150.60152, 70.55129 ], [ -150.65233, 70.54485 ], [ -150.79515, 70.54836 ], [ -150.87115, 70.53554 ], [ -150.92972, 70.51429 ], [ -151.04464, 70.49762 ], [ -151.18984, 70.49292 ], [ -151.31498, 70.46343 ], [ -151.36926, 70.47339 ], [ -151.54889, 70.49109 ], [ -151.54772, 70.50412 ], [ -151.50333, 70.53602 ], [ -151.51678, 70.57136 ], [ -151.54621, 70.58304 ], [ -151.61274, 70.5936 ], [ -152.04636, 70.81316 ], [ -152.05815, 70.84117 ], [ -152.08073, 70.84407 ], [ -152.15185, 70.87513 ], [ -152.34243, 70.90706 ], [ -152.3964, 70.91095 ], [ -152.50976, 70.93473 ], [ -152.67991, 70.93458 ], [ -152.81684, 70.96052 ], [ -152.86249, 70.96418 ], [ -152.93899, 70.96112 ], [ -153.00011, 70.96988 ], [ -153.05275, 70.96772 ], [ -153.13703, 70.97406 ], [ -153.27431, 70.97096 ], [ -153.44508, 70.94086 ], [ -153.5124, 70.93594 ], [ -153.74238, 70.94506 ], [ -153.89917, 70.93622 ], [ -154.43767, 71.02355 ], [ -154.49879, 71.05537 ], [ -154.62627, 71.10072 ], [ -154.82132, 71.15896 ], [ -155.00332, 71.20008 ], [ -155.14647, 71.22348 ], [ -155.30018, 71.23526 ], [ -155.45886, 71.26859 ], [ -155.65793, 71.28704 ], [ -155.75621, 71.28338 ], [ -155.82736, 71.32869 ], [ -155.92643, 71.35769 ], [ -156.24805, 71.40625 ], [ -156.29468, 71.40851 ], [ -156.40063, 71.43541 ], [ -156.48772, 71.43979 ], [ -156.58225, 71.42767 ], [ -156.64226, 71.39614 ], [ -156.76087, 71.37288 ], [ -156.94083, 71.3112 ], [ -157.23958, 71.1571 ], [ -157.34829, 71.08798 ], [ -157.53242, 71.00755 ], [ -157.81524, 70.92727 ], [ -157.93147, 70.90215 ], [ -158.17146, 70.87105 ], [ -158.33354, 70.87203 ], [ -158.45224, 70.88493 ], [ -158.55272, 70.90283 ], [ -158.62077, 70.94557 ], [ -158.67781, 70.95925 ], [ -158.734, 70.96312 ], [ -158.90501, 70.95537 ], [ -159.07944, 70.93276 ], [ -159.23844, 70.92028 ], [ -159.59754, 70.86472 ], [ -159.75547, 70.83053 ], [ -159.87941, 70.77718 ], [ -160.04237, 70.71986 ], [ -160.24456, 70.63598 ], [ -160.30395, 70.60337 ], [ -160.41422, 70.5613 ], [ -160.66515, 70.47644 ], [ -160.90786, 70.41574 ], [ -161.0381, 70.3899 ], [ -161.31513, 70.34726 ], [ -161.50495, 70.35073 ], [ -161.87022, 70.38279 ], [ -161.94866, 70.37474 ], [ -162.0001, 70.35799 ], [ -162.46522, 70.21724 ], [ -162.6059, 70.14685 ], [ -162.81882, 69.99903 ], [ -163.13356, 69.8387 ], [ -163.20627, 69.75703 ], [ -163.28777, 69.63238 ], [ -163.28959, 69.43036 ], [ -163.33319, 69.35932 ], [ -163.38059, 69.32022 ], [ -163.57189, 69.22315 ], [ -163.6508, 69.16869 ], [ -163.79234, 69.10802 ], [ -163.93307, 69.06982 ], [ -164.02036, 69.03315 ], [ -164.27938, 68.97962 ], [ -164.48091, 68.96853 ], [ -164.63867, 68.96644 ], [ -164.79559, 68.94908 ], [ -165.35705, 68.90894 ], [ -165.62086, 68.90371 ], [ -166.20015, 68.93382 ], [ -166.27833, 68.92707 ], [ -166.34743, 68.90039 ], [ -166.36612, 68.86888 ], [ -166.32731, 68.78176 ], [ -166.34128, 68.71305 ], [ -166.3333, 68.69613 ], [ -166.37124, 68.6513 ], [ -166.36147, 68.63459 ], [ -166.36766, 68.57499 ], [ -166.43491, 68.53064 ], [ -166.44392, 68.47849 ], [ -166.45784, 68.46614 ], [ -166.50287, 68.45611 ], [ -166.84998, 68.40164 ], [ -166.91291, 68.38533 ], [ -166.97157, 68.35606 ], [ -166.97211, 68.32245 ], [ -166.94204, 68.30259 ], [ -166.86059, 68.28748 ], [ -166.75963, 68.29456 ], [ -166.65198, 68.28832 ], [ -166.47141, 68.26472 ], [ -166.36478, 68.24427 ], [ -166.2853, 68.22437 ], [ -166.17754, 68.18503 ], [ -166.12925, 68.15463 ], [ -166.09592, 68.11827 ], [ -166.03391, 68.09181 ], [ -165.96604, 68.07249 ], [ -165.86945, 68.05509 ], [ -165.68438, 68.03472 ], [ -165.59605, 68.03473 ], [ -165.54535, 68.02893 ], [ -165.49945, 68.01878 ], [ -164.66492, 67.69822 ], [ -164.65522, 67.69245 ], [ -164.54901, 67.66199 ], [ -164.39534, 67.6206 ], [ -164.28127, 67.59167 ], [ -164.23031, 67.57505 ], [ -164.17543, 67.5476 ], [ -164.11666, 67.49997 ], [ -164.00451, 67.39781 ], [ -163.90565, 67.25344 ], [ -163.88253, 67.21498 ], [ -163.96246, 67.1967 ], [ -164.00272, 67.17255 ], [ -163.99123, 67.14788 ], [ -163.91138, 67.1047 ], [ -163.78152, 67.06976 ], [ -163.61768, 67.04873 ], [ -163.48771, 67.03867 ], [ -163.40435, 67.02976 ], [ -163.34053, 67.02592 ], [ -163.1499, 67.0 ], [ -163.1299, 66.99484 ], [ -163.04947, 66.98661 ], [ -162.87685, 66.94783 ], [ -162.83203, 66.92681 ], [ -162.89309, 66.89974 ], [ -162.97842, 66.87095 ], [ -163.20324, 66.7822 ], [ -163.40354, 66.71032 ], [ -163.62621, 66.62417 ], [ -163.71209, 66.63575 ], [ -163.80509, 66.64129 ], [ -163.90079, 66.64267 ], [ -164.06179, 66.64187 ], [ -164.27431, 66.63686 ], [ -164.4243, 66.63022 ], [ -164.61458, 66.60948 ], [ -164.7519, 66.59255 ], [ -164.88044, 66.57263 ], [ -165.29233, 66.50164 ], [ -165.43444, 66.47523 ], [ -165.60067, 66.43851 ], [ -165.77774, 66.39736 ], [ -166.09397, 66.316 ], [ -166.21276, 66.28092 ], [ -166.31709, 66.25194 ], [ -166.48025, 66.21193 ], [ -166.71947, 66.14805 ], [ -166.8323, 66.11109 ], [ -167.00786, 66.05141 ], [ -167.1784, 65.99957 ], [ -167.2386, 65.97086 ], [ -167.30834, 65.94433 ], [ -167.52082, 65.87815 ], [ -167.71886, 65.83492 ], [ -167.8834, 65.80328 ], [ -167.968, 65.78066 ], [ -168.00425, 65.77455 ], [ -168.07713, 65.75609 ], [ -168.15513, 65.72835 ], [ -168.20014, 65.69937 ], [ -168.22131, 65.67545 ], [ -168.23189, 65.62257 ], [ -168.21865, 65.59612 ], [ -168.1762, 65.56274 ], [ -168.16758, 65.5469 ], [ -168.12664, 65.53053 ], [ -168.06537, 65.52252 ], [ -168.03105, 65.50943 ], [ -167.97106, 65.50013 ], [ -167.93803, 65.4999 ], [ -167.89687, 65.47669 ], [ -167.83088, 65.46584 ], [ -167.75671, 65.44723 ], [ -167.66468, 65.40538 ], [ -167.60639, 65.38563 ], [ -167.48858, 65.36041 ], [ -167.40089, 65.34727 ], [ -167.27218, 65.33815 ], [ -167.1913, 65.33763 ], [ -167.07033, 65.32749 ], [ -166.94893, 65.30791 ], [ -166.97754, 65.29764 ], [ -167.00853, 65.27665 ], [ -167.03925, 65.24339 ], [ -167.07244, 65.19978 ], [ -167.08434, 65.1557 ], [ -167.07298, 65.13839 ], [ -167.04093, 65.10925 ], [ -166.97896, 65.06941 ], [ -166.87816, 65.02995 ], [ -166.82447, 65.01746 ], [ -166.829, 64.99932 ], [ -166.78328, 64.97972 ], [ -166.7619, 64.96349 ], [ -166.58918, 64.90829 ], [ -166.52269, 64.8711 ], [ -166.51721, 64.85738 ], [ -166.5702, 64.83342 ], [ -166.58675, 64.80147 ], [ -166.57757, 64.778 ], [ -166.59016, 64.73895 ], [ -166.50784, 64.63137 ], [ -166.49126, 64.61896 ], [ -166.44011, 64.60326 ], [ -166.35203, 64.56814 ], [ -166.28139, 64.54496 ], [ -166.33091, 64.52585 ], [ -166.35387, 64.50644 ], [ -166.35113, 64.47788 ], [ -166.31453, 64.45436 ], [ -166.27196, 64.43778 ], [ -166.21234, 64.42986 ], [ -166.15386, 64.43297 ], [ -166.13353, 64.43821 ], [ -166.0957, 64.4598 ], [ -166.07087, 64.49016 ], [ -166.07779, 64.52046 ], [ -165.94688, 64.50425 ], [ -165.85021, 64.49388 ], [ -165.68068, 64.48364 ], [ -165.47687, 64.45769 ], [ -165.46076, 64.45774 ], [ -165.33592, 64.44442 ], [ -165.17662, 64.41311 ], [ -165.0322, 64.38799 ], [ -164.90892, 64.39361 ], [ -164.80423, 64.40106 ], [ -164.7548, 64.40782 ], [ -164.61979, 64.44441 ], [ -164.46513, 64.48387 ], [ -164.35535, 64.50845 ], [ -164.26631, 64.51833 ], [ -164.1809, 64.51957 ], [ -163.97622, 64.50832 ], [ -163.85077, 64.5194 ], [ -163.81406, 64.53119 ], [ -163.75039, 64.51964 ], [ -163.65695, 64.52194 ], [ -163.61233, 64.51792 ], [ -163.53617, 64.50358 ], [ -163.45773, 64.48211 ], [ -163.43185, 64.46665 ], [ -163.36375, 64.44564 ], [ -163.34969, 64.43767 ], [ -163.32334, 64.40787 ], [ -163.24193, 64.36074 ], [ -163.21538, 64.35328 ], [ -163.1658, 64.34986 ], [ -162.84215, 64.28317 ], [ -162.7958, 64.27567 ], [ -162.72806, 64.28747 ], [ -162.68498, 64.30435 ], [ -162.63275, 64.33193 ], [ -162.59477, 64.33844 ], [ -162.55792, 64.35579 ], [ -162.51787, 64.38491 ], [ -162.49198, 64.44039 ], [ -162.48669, 64.4709 ], [ -162.47198, 64.48684 ], [ -162.44188, 64.50412 ], [ -162.31349, 64.54279 ], [ -162.2374, 64.52436 ], [ -162.02794, 64.46132 ], [ -162.00213, 64.45879 ], [ -161.76747, 64.38888 ], [ -161.66637, 64.36047 ], [ -161.59084, 64.33554 ], [ -161.55466, 64.32874 ], [ -161.49343, 64.32838 ], [ -161.44317, 64.34009 ], [ -161.4139, 64.35859 ], [ -161.3268, 64.33401 ], [ -161.25343, 64.29887 ], [ -161.17911, 64.25799 ], [ -161.0754, 64.20665 ], [ -161.07648, 64.12747 ], [ -161.06234, 64.11339 ], [ -161.0706, 64.08498 ], [ -161.04566, 64.02247 ], [ -161.01849, 63.99855 ], [ -161.00927, 63.97928 ], [ -160.94464, 63.92153 ], [ -160.92012, 63.85975 ], [ -160.88005, 63.81218 ], [ -160.87698, 63.79688 ], [ -160.8862, 63.7714 ], [ -160.99681, 63.68958 ], [ -161.0242, 63.67179 ], [ -161.09807, 63.65614 ], [ -161.13997, 63.62523 ], [ -161.14254, 63.60418 ], [ -161.20207, 63.58737 ], [ -161.22499, 63.56445 ], [ -161.24869, 63.55211 ], [ -161.27008, 63.53019 ], [ -161.31436, 63.51923 ], [ -161.42434, 63.5161 ], [ -161.51195, 63.51975 ], [ -161.60311, 63.50416 ], [ -161.66018, 63.51439 ], [ -161.7189, 63.51157 ], [ -161.74594, 63.50332 ], [ -161.8404, 63.49329 ], [ -161.89621, 63.50822 ], [ -161.92493, 63.53639 ], [ -161.95696, 63.55721 ], [ -162.0886, 63.57647 ], [ -162.17232, 63.58704 ], [ -162.22274, 63.59691 ], [ -162.22538, 63.60956 ], [ -162.24993, 63.62835 ], [ -162.25462, 63.64647 ], [ -162.30435, 63.67203 ], [ -162.33883, 63.67525 ], [ -162.39436, 63.6883 ], [ -162.45296, 63.68909 ], [ -162.48105, 63.68501 ], [ -162.51452, 63.69304 ], [ -162.58432, 63.69139 ], [ -162.69133, 63.66773 ], [ -162.78617, 63.62407 ], [ -162.81603, 63.60337 ], [ -162.82644, 63.57636 ], [ -162.7729, 63.52975 ], [ -162.71111, 63.50873 ], [ -162.67983, 63.49163 ], [ -162.61075, 63.48303 ], [ -162.57972, 63.48679 ], [ -162.55255, 63.4826 ], [ -162.46832, 63.49426 ], [ -162.43777, 63.49199 ], [ -162.70029, 63.29118 ], [ -162.73952, 63.26893 ], [ -162.80644, 63.26599 ], [ -162.87086, 63.25356 ], [ -162.91691, 63.2308 ], [ -162.9377, 63.2151 ], [ -162.95813, 63.17679 ], [ -162.97786, 63.16592 ], [ -163.02618, 63.15347 ], [ -163.1187, 63.10156 ], [ -163.25248, 63.09245 ], [ -163.34982, 63.12369 ], [ -163.45517, 63.17496 ], [ -163.47758, 63.18234 ], [ -163.58471, 63.2058 ], [ -163.6134, 63.22868 ], [ -163.6581, 63.24972 ], [ -163.73734, 63.2662 ], [ -163.77185, 63.27623 ], [ -163.82362, 63.28384 ], [ -163.87062, 63.28423 ], [ -163.93294, 63.30017 ], [ -164.01576, 63.31396 ], [ -164.05126, 63.31736 ], [ -164.12891, 63.3153 ], [ -164.25005, 63.30345 ], [ -164.39546, 63.27989 ], [ -164.49567, 63.25116 ], [ -164.60928, 63.19952 ], [ -164.74682, 63.1104 ], [ -164.7438, 63.09323 ], [ -164.83032, 63.08225 ], [ -164.88022, 63.06545 ], [ -164.90674, 63.0449 ], [ -164.89297, 63.01914 ], [ -164.91061, 63.00516 ], [ -164.90705, 62.9842 ], [ -164.89663, 62.9795 ], [ -164.90293, 62.957 ], [ -164.89553, 62.94864 ], [ -164.918, 62.92825 ], [ -164.91588, 62.90261 ], [ -164.93927, 62.87752 ], [ -164.99653, 62.86658 ], [ -165.03377, 62.83661 ], [ -165.03814, 62.82065 ], [ -165.01502, 62.8004 ], [ -165.01689, 62.78444 ], [ -164.9867, 62.76074 ], [ -165.02189, 62.75622 ], [ -165.06301, 62.73398 ], [ -165.126, 62.74052 ], [ -165.16525, 62.73594 ], [ -165.22189, 62.72247 ], [ -165.24732, 62.70989 ], [ -165.25901, 62.6922 ], [ -165.2393, 62.63408 ], [ -165.21309, 62.61443 ], [ -165.27697, 62.60921 ], [ -165.31161, 62.59547 ], [ -165.33869, 62.57604 ], [ -165.35077, 62.54779 ], [ -165.34621, 62.5267 ], [ -165.38361, 62.49696 ], [ -165.37958, 62.46961 ], [ -165.41873, 62.44043 ], [ -165.44887, 62.39102 ], [ -165.52588, 62.35344 ], [ -165.62127, 62.29178 ], [ -165.65938, 62.26425 ], [ -165.6689, 62.25081 ], [ -165.72161, 62.22262 ], [ -165.73957, 62.20485 ], [ -165.79247, 62.19032 ], [ -165.8206, 62.16623 ], [ -165.84859, 62.16093 ], [ -165.89259, 62.13815 ], [ -165.90181, 62.11928 ], [ -165.94839, 62.12468 ], [ -166.00577, 62.12344 ], [ -166.04921, 62.10802 ], [ -166.09622, 62.07345 ], [ -166.12605, 62.03872 ], [ -166.12982, 62.0253 ], [ -166.11831, 62.0097 ], [ -166.07595, 61.98305 ], [ -166.09485, 61.94666 ], [ -166.11251, 61.87314 ], [ -166.17176, 61.85217 ], [ -166.19776, 61.83427 ], [ -166.22973, 61.79833 ], [ -166.23755, 61.78057 ], [ -166.23795, 61.74086 ], [ -166.26213, 61.69326 ], [ -166.26024, 61.65873 ], [ -166.27993, 61.62201 ], [ -166.28861, 61.58081 ], [ -166.25409, 61.52225 ], [ -166.19449, 61.45987 ], [ -166.0313, 61.3953 ], [ -166.0326, 61.37844 ], [ -166.01755, 61.35197 ], [ -165.99863, 61.33552 ], [ -165.99039, 61.31644 ], [ -165.95351, 61.29409 ], [ -165.93996, 61.27588 ], [ -165.90327, 61.25695 ], [ -165.83756, 61.23872 ], [ -165.83375, 61.22703 ], [ -165.78688, 61.19812 ], [ -165.74339, 61.12519 ], [ -165.71685, 61.09646 ], [ -165.66365, 61.05781 ], [ -165.60676, 61.04001 ], [ -165.53878, 61.02678 ], [ -165.41667, 61.01248 ], [ -165.3466, 61.01544 ], [ -165.29015, 61.03406 ], [ -165.25838, 61.05064 ], [ -165.23656, 61.05009 ], [ -165.2618, 61.02151 ], [ -165.30114, 60.99024 ], [ -165.30215, 60.96644 ], [ -165.27435, 60.94636 ], [ -165.26303, 60.92313 ], [ -165.22348, 60.89645 ], [ -165.17052, 60.87693 ], [ -165.17749, 60.84797 ], [ -165.15751, 60.8293 ], [ -165.17617, 60.79633 ], [ -165.14097, 60.76618 ], [ -165.13918, 60.75012 ], [ -165.12337, 60.73663 ], [ -165.14675, 60.72545 ], [ -165.16424, 60.70768 ], [ -165.22205, 60.69537 ], [ -165.2459, 60.67501 ], [ -165.29137, 60.66554 ], [ -165.34019, 60.63827 ], [ -165.4107, 60.63217 ], [ -165.44558, 60.62352 ], [ -165.51826, 60.56602 ], [ -165.52039, 60.55197 ], [ -165.50145, 60.52618 ], [ -165.44822, 60.495 ], [ -165.42653, 60.47438 ], [ -165.38752, 60.45951 ], [ -165.33357, 60.45927 ], [ -165.28823, 60.44265 ], [ -165.23956, 60.44323 ], [ -165.23541, 60.42515 ], [ -165.17679, 60.38125 ], [ -165.09866, 60.33471 ], [ -165.00171, 60.29382 ], [ -164.97192, 60.27702 ], [ -164.85113, 60.24899 ], [ -164.74881, 60.24031 ], [ -164.71112, 60.20794 ], [ -164.6586, 60.17553 ], [ -164.59739, 60.15824 ], [ -164.57474, 60.13301 ], [ -164.52145, 60.09197 ], [ -164.48823, 60.05496 ], [ -164.44573, 60.03051 ], [ -164.39007, 60.01085 ], [ -164.34283, 60.00293 ], [ -164.36433, 59.99922 ], [ -164.42027, 59.9781 ], [ -164.44966, 59.95334 ], [ -164.4208, 59.90697 ], [ -164.4157, 59.88487 ], [ -164.34654, 59.84836 ], [ -164.33667, 59.8296 ], [ -164.31315, 59.80629 ], [ -164.27463, 59.77831 ], [ -164.23096, 59.75306 ], [ -164.15084, 59.72238 ], [ -164.12479, 59.71628 ], [ -164.11107, 59.69408 ], [ -164.08078, 59.67051 ], [ -164.0133, 59.63776 ], [ -163.97624, 59.63433 ], [ -163.91972, 59.64046 ], [ -163.84707, 59.61793 ], [ -163.81195, 59.62083 ], [ -163.76096, 59.63972 ], [ -163.73995, 59.66865 ], [ -163.7489, 59.68642 ], [ -163.7878, 59.70919 ], [ -163.81367, 59.71694 ], [ -163.84733, 59.71845 ], [ -163.89689, 59.71464 ], [ -163.95286, 59.73592 ], [ -163.966, 59.74712 ], [ -163.99974, 59.75497 ], [ -163.98239, 59.76147 ], [ -163.78437, 59.74057 ], [ -163.64742, 59.74361 ], [ -163.58202, 59.75164 ], [ -163.42852, 59.76087 ], [ -163.33003, 59.76966 ], [ -163.2278, 59.78585 ], [ -163.14586, 59.79564 ], [ -163.10567, 59.77824 ], [ -163.02559, 59.76754 ], [ -162.97478, 59.77283 ], [ -162.94722, 59.76829 ], [ -162.86866, 59.78038 ], [ -162.82609, 59.80066 ], [ -162.81589, 59.81283 ], [ -162.81805, 59.84028 ], [ -162.76254, 59.85746 ], [ -162.70756, 59.88018 ], [ -162.69837, 59.89182 ], [ -162.60641, 59.8883 ], [ -162.56264, 59.89683 ], [ -162.44985, 59.88462 ], [ -162.44166, 59.84408 ], [ -162.41138, 59.82326 ], [ -162.36434, 59.81087 ], [ -162.29766, 59.81174 ], [ -162.25732, 59.80619 ], [ -162.19443, 59.81219 ], [ -162.18665, 59.81891 ], [ -162.16065, 59.7998 ], [ -162.13851, 59.77239 ], [ -162.10686, 59.75421 ], [ -162.09824, 59.73371 ], [ -162.06832, 59.71643 ], [ -162.06488, 59.70003 ], [ -162.04261, 59.67073 ], [ -162.0127, 59.64565 ], [ -162.00306, 59.64465 ], [ -161.87127, 59.52479 ], [ -161.89478, 59.50757 ], [ -161.91445, 59.46929 ], [ -161.95854, 59.44781 ], [ -162.01402, 59.43213 ], [ -162.05361, 59.40899 ], [ -162.06132, 59.39796 ], [ -162.06475, 59.36003 ], [ -162.11156, 59.33293 ], [ -162.13211, 59.3062 ], [ -162.1666, 59.27508 ], [ -162.17101, 59.24757 ], [ -162.16381, 59.22446 ], [ -162.1022, 59.12875 ], [ -162.04682, 59.07908 ], [ -162.00768, 59.05529 ], [ -162.00113, 59.07023 ], [ -161.95335, 59.0327 ], [ -161.90247, 58.9776 ], [ -161.88176, 58.94415 ], [ -161.88811, 58.89773 ], [ -161.88179, 58.8575 ], [ -161.85753, 58.83043 ], [ -161.8512, 58.80798 ], [ -161.88916, 58.7843 ], [ -161.89784, 58.76204 ], [ -161.92298, 58.75456 ], [ -161.94917, 58.72433 ], [ -162.02082, 58.72633 ], [ -162.038, 58.7221 ], [ -162.09104, 58.72274 ], [ -162.12848, 58.71307 ], [ -162.16852, 58.71028 ], [ -162.21542, 58.69503 ], [ -162.22628, 58.68554 ], [ -162.26898, 58.66756 ], [ -162.28073, 58.6463 ], [ -162.27041, 58.62213 ], [ -162.23029, 58.59855 ], [ -162.19898, 58.58998 ], [ -162.17174, 58.58994 ], [ -162.13222, 58.57138 ], [ -162.08176, 58.5649 ], [ -162.04308, 58.56833 ], [ -161.99861, 58.56108 ], [ -161.97154, 58.56774 ], [ -161.93017, 58.56627 ], [ -161.90905, 58.57274 ], [ -161.86364, 58.56873 ], [ -161.86429, 58.54584 ], [ -161.85504, 58.53217 ], [ -161.81757, 58.50573 ], [ -161.74924, 58.49602 ], [ -161.64025, 58.50233 ], [ -161.58698, 58.51842 ], [ -161.5715, 58.54376 ], [ -161.52135, 58.55164 ], [ -161.48987, 58.5619 ], [ -161.45783, 58.58597 ], [ -161.41836, 58.59599 ], [ -161.35346, 58.60359 ], [ -161.29981, 58.61808 ], [ -161.23398, 58.64345 ], [ -161.17704, 58.60707 ], [ -161.18677, 58.5733 ], [ -161.17734, 58.54257 ], [ -161.15892, 58.51238 ], [ -161.09579, 58.49003 ], [ -161.06753, 58.48981 ], [ -161.0156, 58.50306 ], [ -160.96483, 58.49569 ], [ -160.93344, 58.49611 ], [ -160.87415, 58.51007 ], [ -160.8431, 58.52435 ], [ -160.80177, 58.55143 ], [ -160.78727, 58.58157 ], [ -160.70003, 58.67207 ], [ -160.68914, 58.69026 ], [ -160.62658, 58.76081 ], [ -160.60163, 58.79332 ], [ -160.5935, 58.82173 ], [ -160.60871, 58.84362 ], [ -160.34309, 58.88054 ], [ -160.32693, 58.85842 ], [ -160.33368, 58.84831 ], [ -160.2976, 58.79915 ], [ -160.234, 58.77396 ], [ -160.20876, 58.77012 ], [ -160.15076, 58.772 ], [ -160.11301, 58.78661 ], [ -160.08915, 58.8063 ], [ -160.03825, 58.77037 ], [ -160.01443, 58.75979 ], [ -160.00436, 58.74461 ], [ -159.93908, 58.71791 ], [ -159.89386, 58.71504 ], [ -159.81172, 58.73545 ], [ -159.7481, 58.76031 ], [ -159.71886, 58.77667 ], [ -159.70169, 58.7964 ], [ -159.67565, 58.78948 ], [ -159.61112, 58.78222 ], [ -159.54468, 58.77842 ], [ -159.40473, 58.66596 ], [ -159.15139, 58.41577 ], [ -159.16218, 58.40356 ], [ -159.14839, 58.3703 ], [ -159.10788, 58.34754 ], [ -159.04767, 58.33434 ], [ -159.01872, 58.33414 ], [ -158.96551, 58.35281 ], [ -158.91168, 58.34291 ], [ -158.87667, 58.34193 ], [ -158.81033, 58.34715 ], [ -158.74472, 58.36373 ], [ -158.72011, 58.37606 ], [ -158.68954, 58.40168 ], [ -158.65449, 58.40729 ], [ -158.62473, 58.42203 ], [ -158.60523, 58.45559 ], [ -158.21303, 58.5426 ], [ -158.14787, 58.54378 ], [ -158.06982, 58.49032 ], [ -158.89348, 56.99984 ], [ -158.89358, 56.94506 ], [ -158.9194, 56.93822 ], [ -158.98157, 56.91113 ], [ -159.08157, 56.85289 ], [ -159.17391, 56.81445 ], [ -159.35122, 56.75772 ], [ -159.42574, 56.74019 ], [ -159.50228, 56.7028 ], [ -159.58098, 56.67292 ], [ -159.63713, 56.65851 ], [ -159.67583, 56.64499 ], [ -159.80791, 56.61033 ], [ -159.90514, 56.57818 ], [ -159.96065, 56.54345 ], [ -159.99406, 56.51641 ], [ -160.06914, 56.48028 ], [ -160.11153, 56.4656 ], [ -160.1642, 56.45496 ], [ -160.22542, 56.4336 ], [ -160.26136, 56.40807 ], [ -160.30558, 56.36921 ], [ -160.33015, 56.35574 ], [ -160.41316, 56.32173 ], [ -160.43943, 56.29881 ], [ -160.48383, 56.22954 ], [ -160.51367, 56.20302 ], [ -160.54565, 56.11528 ], [ -160.58404, 56.07939 ], [ -160.61603, 56.06742 ], [ -160.65443, 56.07141 ], [ -160.75041, 56.07141 ], [ -160.86558, 56.07938 ], [ -160.92957, 56.07938 ], [ -161.04474, 56.0714 ], [ -161.15991, 56.0714 ], [ -161.21111, 56.06741 ], [ -161.2623, 56.05545 ], [ -161.37747, 56.02354 ], [ -161.42866, 56.01157 ], [ -161.51223, 56.0011 ], [ -161.52726, 55.9955 ], [ -161.60041, 55.98672 ], [ -161.7295, 55.95487 ], [ -161.82575, 55.94266 ], [ -161.90619, 55.9122 ], [ -161.98102, 55.85942 ], [ -162.00225, 55.84875 ], [ -162.03287, 55.84426 ], [ -162.04358, 55.83204 ], [ -162.12024, 55.81503 ], [ -162.13418, 55.80906 ], [ -162.17227, 55.77353 ], [ -162.28979, 55.72487 ], [ -162.32049, 55.70472 ], [ -162.41509, 55.62661 ], [ -162.50023, 55.57285 ], [ -162.54723, 55.52875 ], [ -162.60835, 55.49778 ], [ -162.64503, 55.4885 ], [ -162.68156, 55.46318 ], [ -162.72697, 55.45887 ], [ -162.78282, 55.44442 ], [ -162.84709, 55.42392 ], [ -162.93516, 55.38205 ], [ -162.94599, 55.3645 ], [ -162.9828, 55.33562 ], [ -163.15045, 55.22951 ], [ -163.20752, 55.21967 ], [ -163.29068, 55.1934 ], [ -163.35638, 55.16568 ], [ -163.45894, 55.12814 ], [ -163.53221, 55.11131 ], [ -163.56795, 55.10016 ], [ -163.63069, 55.09323 ], [ -163.69853, 55.09729 ], [ -163.7703, 55.10883 ], [ -163.80391, 55.10579 ], [ -163.85866, 55.08898 ], [ -163.9127, 55.09058 ], [ -163.95018, 55.07881 ], [ -164.04745, 55.02066 ], [ -164.08559, 55.01565 ], [ -164.15787, 55.01565 ], [ -164.22657, 54.99033 ], [ -164.25498, 54.97074 ], [ -164.30752, 54.95146 ], [ -164.36096, 54.9691 ], [ -164.41815, 54.97956 ], [ -164.47525, 54.97627 ], [ -164.52118, 54.96912 ], [ -164.58248, 54.93452 ], [ -164.61425, 54.92388 ], [ -164.63754, 54.90076 ], [ -164.65118, 54.8442 ], [ -164.69851, 54.80154 ], [ -164.70608, 54.77348 ], [ -164.78278, 54.6917 ], [ -164.83517, 54.68734 ], [ -164.90304, 54.66647 ], [ -164.99948, 54.62625 ], [ -165.01962, 54.6067 ], [ -165.03616, 54.5766 ], [ -165.02697, 54.52077 ], [ -165.00827, 54.49138 ], [ -164.99563, 54.45731 ], [ -164.92489, 54.39166 ], [ -164.9013, 54.37465 ], [ -164.80538, 54.34554 ], [ -164.74062, 54.33726 ], [ -164.70597, 54.3442 ], [ -164.66334, 54.33754 ], [ -164.61711, 54.33887 ], [ -164.5645, 54.35201 ], [ -164.50221, 54.36322 ], [ -164.48706, 54.3696 ], [ -164.45722, 54.364 ], [ -164.41499, 54.36882 ], [ -164.38609, 54.38473 ], [ -164.34687, 54.39657 ], [ -164.27668, 54.43721 ], [ -164.25001, 54.46793 ], [ -164.22786, 54.52366 ], [ -164.15175, 54.54909 ], [ -164.12267, 54.55612 ], [ -164.05617, 54.56365 ], [ -163.87622, 54.57047 ], [ -163.75787, 54.57203 ], [ -163.7128, 54.57019 ], [ -163.67334, 54.56226 ], [ -163.59356, 54.54114 ], [ -163.55206, 54.54135 ], [ -163.52618, 54.55166 ], [ -163.50108, 54.58201 ], [ -163.46621, 54.58687 ], [ -163.43588, 54.60281 ], [ -163.41394, 54.60038 ], [ -163.30612, 54.60794 ], [ -163.2251, 54.61729 ], [ -163.14077, 54.61332 ], [ -163.05914, 54.6062 ], [ -163.02563, 54.61116 ], [ -162.99979, 54.62353 ], [ -162.95478, 54.65982 ], [ -162.96861, 54.7087 ], [ -163.01222, 54.7391 ], [ -163.02824, 54.75722 ], [ -163.0578, 54.77341 ], [ -163.07085, 54.78874 ], [ -163.10493, 54.80939 ], [ -163.14174, 54.82025 ], [ -163.11009, 54.84619 ], [ -163.07939, 54.85384 ], [ -163.0632, 54.87952 ], [ -162.9678, 54.88252 ], [ -162.93074, 54.85911 ], [ -162.8939, 54.84424 ], [ -162.84681, 54.84843 ], [ -162.82206, 54.85659 ], [ -162.79145, 54.87834 ], [ -162.7908, 54.88882 ], [ -162.73259, 54.89576 ], [ -162.6511, 54.92216 ], [ -162.643, 54.93332 ], [ -162.61332, 54.91344 ], [ -162.57889, 54.90852 ], [ -162.6146, 54.8779 ], [ -162.61893, 54.84523 ], [ -162.59998, 54.82681 ], [ -162.56937, 54.81513 ], [ -162.51261, 54.81149 ], [ -162.48308, 54.79272 ], [ -162.53314, 54.77661 ], [ -162.55493, 54.74934 ], [ -162.53936, 54.70721 ], [ -162.50701, 54.6827 ], [ -162.45988, 54.66652 ], [ -162.48363, 54.64006 ], [ -162.49035, 54.62238 ], [ -162.47753, 54.59522 ], [ -162.46417, 54.58752 ], [ -162.47835, 54.57562 ], [ -162.47981, 54.54093 ], [ -162.46513, 54.52485 ], [ -162.42851, 54.50767 ], [ -162.36503, 54.50769 ], [ -162.33781, 54.5178 ], [ -162.31511, 54.54572 ], [ -162.31731, 54.57243 ], [ -162.2794, 54.58235 ], [ -162.2423, 54.61667 ], [ -162.23943, 54.63871 ], [ -162.20592, 54.63497 ], [ -162.18728, 54.63958 ], [ -162.16109, 54.62651 ], [ -162.10485, 54.61829 ], [ -162.06288, 54.62518 ], [ -162.03465, 54.64478 ], [ -162.02852, 54.65912 ], [ -162.03325, 54.68106 ], [ -162.05114, 54.70168 ], [ -162.01186, 54.71842 ], [ -161.98329, 54.71209 ], [ -161.96467, 54.71694 ], [ -161.93584, 54.69524 ], [ -161.88911, 54.68695 ], [ -161.86195, 54.68982 ], [ -161.84102, 54.68452 ], [ -161.80937, 54.69293 ], [ -161.78273, 54.70676 ], [ -161.76506, 54.72446 ], [ -161.71019, 54.73915 ], [ -161.69837, 54.74744 ], [ -161.6728, 54.73781 ], [ -161.63984, 54.73616 ], [ -161.60493, 54.74242 ], [ -161.57655, 54.76071 ], [ -161.56474, 54.7972 ], [ -161.57674, 54.81421 ], [ -161.61571, 54.83892 ], [ -161.63007, 54.84035 ], [ -161.64104, 54.86369 ], [ -161.66759, 54.88287 ], [ -161.71728, 54.89574 ], [ -161.68807, 54.90757 ], [ -161.66668, 54.92812 ], [ -161.67228, 54.95925 ], [ -161.62777, 54.95749 ], [ -161.58458, 54.96795 ], [ -161.56756, 54.95749 ], [ -161.52587, 54.95159 ], [ -161.493, 54.95454 ], [ -161.47009, 54.94973 ], [ -161.44078, 54.96375 ], [ -161.3941, 54.96849 ], [ -161.35952, 54.99145 ], [ -161.3526, 55.00998 ], [ -161.36123, 55.03383 ], [ -161.38992, 55.05455 ], [ -161.41758, 55.06206 ], [ -161.37539, 55.08916 ], [ -161.31357, 55.08662 ], [ -161.27225, 55.10009 ], [ -161.2465, 55.12698 ], [ -161.2512, 55.14646 ], [ -161.24321, 55.1635 ], [ -161.24851, 55.19326 ], [ -161.18136, 55.20423 ], [ -161.1555, 55.22246 ], [ -161.13167, 55.21394 ], [ -161.08038, 55.21436 ], [ -161.03962, 55.22946 ], [ -161.01604, 55.25142 ], [ -161.01972, 55.28466 ], [ -161.069, 55.31239 ], [ -161.08999, 55.31665 ], [ -161.12859, 55.31339 ], [ -161.18561, 55.28576 ], [ -161.23871, 55.29605 ], [ -161.19299, 55.30814 ], [ -161.14828, 55.32692 ], [ -161.1388, 55.33747 ], [ -161.11254, 55.34344 ], [ -160.9959, 55.38124 ], [ -160.93282, 55.40565 ], [ -160.9079, 55.42037 ], [ -160.85901, 55.41987 ], [ -160.88766, 55.39664 ], [ -160.8924, 55.38067 ], [ -160.93109, 55.35652 ], [ -160.95342, 55.32537 ], [ -160.93864, 55.29176 ], [ -160.94394, 55.26383 ], [ -160.92236, 55.23806 ], [ -160.9427, 55.20233 ], [ -160.93559, 55.17823 ], [ -160.90506, 55.15945 ], [ -160.90146, 55.13555 ], [ -160.90773, 55.11304 ], [ -160.89968, 55.09535 ], [ -160.8677, 55.07556 ], [ -160.83677, 55.06815 ], [ -160.78636, 55.07082 ], [ -160.72337, 55.09982 ], [ -160.70969, 55.11206 ], [ -160.67827, 55.10739 ], [ -160.64897, 55.09629 ], [ -160.59869, 55.09406 ], [ -160.60248, 55.08318 ], [ -160.59173, 55.05277 ], [ -160.57326, 55.03698 ], [ -160.51947, 55.02512 ], [ -160.46084, 55.03585 ], [ -160.43093, 55.06486 ], [ -160.43177, 55.09467 ], [ -160.44692, 55.10817 ], [ -160.41792, 55.13228 ], [ -160.41152, 55.14628 ], [ -160.37691, 55.16542 ], [ -160.36683, 55.19648 ], [ -160.32117, 55.19346 ], [ -160.27837, 55.20507 ], [ -160.24254, 55.24106 ], [ -160.23823, 55.27252 ], [ -160.22135, 55.28923 ], [ -160.2193, 55.32246 ], [ -160.23897, 55.34028 ], [ -160.2257, 55.34672 ], [ -160.20358, 55.33578 ], [ -160.18199, 55.2886 ], [ -160.16765, 55.27985 ], [ -160.15599, 55.25381 ], [ -160.13009, 55.23868 ], [ -160.14957, 55.21017 ], [ -160.14968, 55.19638 ], [ -160.19025, 55.18535 ], [ -160.21459, 55.16012 ], [ -160.24563, 55.15238 ], [ -160.27095, 55.13887 ], [ -160.28852, 55.11163 ], [ -160.26271, 55.07285 ], [ -160.26192, 55.0352 ], [ -160.24436, 55.02258 ], [ -160.29286, 55.00067 ], [ -160.29766, 54.97647 ], [ -160.32685, 54.95969 ], [ -160.34339, 54.93088 ], [ -160.34318, 54.89436 ], [ -160.3372, 54.87728 ], [ -160.30281, 54.82975 ], [ -160.25811, 54.80689 ], [ -160.20772, 54.80734 ], [ -160.15542, 54.82902 ], [ -160.11304, 54.85492 ], [ -160.09398, 54.89038 ], [ -160.06592, 54.88108 ], [ -160.03449, 54.8796 ], [ -159.98682, 54.89122 ], [ -159.95386, 54.92001 ], [ -159.95298, 54.92938 ], [ -159.90692, 54.90947 ], [ -159.8461, 54.90244 ], [ -159.81604, 54.90953 ], [ -159.77573, 54.93784 ], [ -159.76756, 54.95661 ], [ -159.77399, 54.96849 ], [ -159.73473, 54.99025 ], [ -159.7245, 55.01779 ], [ -159.69813, 54.99317 ], [ -159.67656, 54.98724 ], [ -159.58034, 54.9876 ], [ -159.56482, 54.9914 ], [ -159.54325, 54.97637 ], [ -159.5466, 54.93358 ], [ -159.52951, 54.91446 ], [ -159.50326, 54.90076 ], [ -159.45741, 54.89252 ], [ -159.43928, 54.896 ], [ -159.4169, 54.87225 ], [ -159.3623, 54.82832 ], [ -159.30077, 54.81288 ], [ -159.26057, 54.81274 ], [ -159.2266, 54.82068 ], [ -159.20151, 54.83367 ], [ -159.13269, 54.88553 ], [ -159.11179, 54.91569 ], [ -159.11802, 54.94084 ], [ -159.13358, 54.95601 ], [ -159.17942, 54.97676 ], [ -159.21361, 54.98425 ], [ -159.24946, 54.9999 ], [ -159.25151, 55.0067 ], [ -159.2123, 55.02584 ], [ -159.2032, 55.04334 ], [ -159.2043, 55.06601 ], [ -159.21657, 55.08744 ], [ -159.25283, 55.10617 ], [ -159.32199, 55.11825 ], [ -159.34848, 55.1129 ], [ -159.38633, 55.12471 ], [ -159.41089, 55.1235 ], [ -159.40385, 55.14947 ], [ -159.40809, 55.1744 ], [ -159.42708, 55.20115 ], [ -159.41979, 55.2499 ], [ -159.39949, 55.25979 ], [ -159.39806, 55.29337 ], [ -159.41531, 55.31538 ], [ -159.44781, 55.3291 ], [ -159.4826, 55.33629 ], [ -159.54433, 55.32841 ], [ -159.57302, 55.31214 ], [ -159.60906, 55.26779 ], [ -159.66021, 55.24291 ], [ -159.70427, 55.23987 ], [ -159.73598, 55.22611 ], [ -159.74434, 55.23336 ], [ -159.7668, 55.29309 ], [ -159.7925, 55.31715 ], [ -159.8433, 55.34005 ], [ -159.88355, 55.3452 ], [ -159.93258, 55.33698 ], [ -159.96192, 55.36866 ], [ -159.99637, 55.39019 ], [ -160.05054, 55.39578 ], [ -160.0593, 55.41621 ], [ -160.04116, 55.44888 ], [ -160.00204, 55.45908 ], [ -159.96325, 55.48968 ], [ -159.95114, 55.50758 ], [ -159.6553, 55.52889 ], [ -159.63339, 55.52361 ], [ -159.58466, 55.52426 ], [ -159.53815, 55.53201 ], [ -159.51145, 55.54962 ], [ -159.50398, 55.56736 ], [ -159.52152, 55.60089 ], [ -159.48881, 55.60894 ], [ -159.44687, 55.63853 ], [ -158.23388, 55.63946 ], [ -158.0, 55.63944 ], [ -156.32861, 56.75 ], [ -156.32802, 57.05329 ], [ -156.31167, 57.06792 ], [ -156.31648, 57.1055 ], [ -156.26276, 57.1336 ], [ -156.22781, 57.16246 ], [ -156.21451, 57.19518 ], [ -156.24704, 57.24378 ], [ -156.1967, 57.3102 ], [ -156.18416, 57.31723 ], [ -156.1672, 57.34585 ], [ -156.14182, 57.35364 ], [ -156.09835, 57.37985 ], [ -155.97892, 57.3959 ], [ -155.93976, 57.41287 ], [ -155.91981, 57.43303 ], [ -155.85079, 57.48838 ], [ -155.84448, 57.49751 ], [ -155.79613, 57.49553 ], [ -155.76441, 57.4991 ], [ -155.71926, 57.49742 ], [ -155.66796, 57.50835 ], [ -155.6455, 57.52236 ], [ -155.63257, 57.58681 ], [ -155.63949, 57.60227 ], [ -155.60103, 57.61084 ], [ -155.58911, 57.60828 ], [ -155.45986, 57.63765 ], [ -155.36091, 57.62503 ], [ -155.3004, 57.64289 ], [ -155.28095, 57.65683 ], [ -155.277, 57.67611 ], [ -155.24579, 57.6816 ], [ -155.20995, 57.71626 ], [ -155.15006, 57.75002 ], [ -155.15071, 57.77196 ], [ -155.16086, 57.79059 ], [ -155.12902, 57.78795 ], [ -155.07888, 57.79534 ], [ -155.04352, 57.81239 ], [ -154.99402, 57.86319 ], [ -154.96969, 57.92785 ], [ -154.94074, 57.97507 ], [ -154.8938, 57.98354 ], [ -154.8653, 57.96764 ], [ -154.80093, 57.95915 ], [ -154.74775, 57.96919 ], [ -154.70899, 57.9823 ], [ -154.58913, 57.98978 ], [ -154.53959, 57.9882 ], [ -154.39074, 57.9993 ], [ -154.33513, 58.02671 ], [ -154.28818, 58.03082 ], [ -154.26552, 58.03823 ], [ -154.22047, 58.06617 ], [ -154.2118, 58.08029 ], [ -154.15519, 58.09098 ], [ -154.11956, 58.11323 ], [ -154.10892, 58.14601 ], [ -154.08282, 58.15401 ], [ -154.05897, 58.17521 ], [ -154.03904, 58.23036 ], [ -153.97004, 58.31272 ], [ -153.92599, 58.3198 ], [ -153.90933, 58.3291 ], [ -153.85856, 58.37427 ], [ -153.85852, 58.3976 ], [ -153.8839, 58.43855 ], [ -153.88179, 58.4565 ], [ -153.84442, 58.47226 ], [ -153.82107, 58.4878 ], [ -153.81066, 58.51539 ], [ -153.77841, 58.50404 ], [ -153.69236, 58.49351 ], [ -153.6541, 58.4996 ], [ -153.6098, 58.51975 ], [ -153.59267, 58.54225 ], [ -153.51515, 58.5484 ], [ -153.46871, 58.5665 ], [ -153.44702, 58.59841 ], [ -153.4579, 58.62346 ], [ -153.47878, 58.64169 ], [ -153.37158, 58.67328 ], [ -153.31802, 58.71296 ], [ -153.27803, 58.7069 ], [ -153.2448, 58.70747 ], [ -153.18696, 58.72935 ], [ -153.16685, 58.75518 ], [ -153.17664, 58.78467 ], [ -153.2025, 58.80133 ], [ -153.16703, 58.82302 ], [ -153.15235, 58.84758 ], [ -153.15284, 58.86902 ], [ -153.16514, 58.89271 ], [ -153.18409, 58.90573 ], [ -153.02118, 59.00245 ], [ -151.85538, 59.07762 ], [ -151.44417, 59.09969 ], [ -151.37472, 59.11067 ], [ -151.25529, 59.13776 ], [ -150.99219, 59.18084 ], [ -150.80106, 59.23183 ], [ -150.71097, 59.25022 ], [ -150.53196, 59.29285 ], [ -150.45646, 59.30869 ], [ -150.27144, 59.35769 ], [ -150.00212, 59.42748 ], [ -149.6213, 59.52752 ], [ -149.4675, 59.73377 ], [ -149.26962, 59.84542 ], [ -148.9802, 59.89372 ], [ -148.60548, 59.8843 ], [ -148.43722, 59.89281 ], [ -148.21851, 59.87564 ], [ -148.10075, 59.8157 ], [ -148.03966, 59.76905 ], [ -147.95644, 59.74413 ], [ -147.81938, 59.73667 ], [ -147.68724, 59.74168 ], [ -147.52085, 59.77408 ], [ -147.33483, 59.83387 ], [ -147.28096, 59.87873 ], [ -147.28094, 59.92357 ], [ -147.27113, 59.96344 ], [ -147.24174, 59.99832 ], [ -147.16157, 60.05299 ], [ -147.10194, 60.08134 ], [ -147.00257, 60.09755 ], [ -146.93928, 60.10385 ], [ -146.73431, 60.15414 ], [ -146.46571, 60.2125 ], [ -146.17931, 60.28006 ], [ -145.97657, 60.31465 ], [ -145.82432, 60.31512 ], [ -145.62169, 60.2558 ], [ -145.31769, 60.17969 ], [ -145.09797, 60.14611 ], [ -144.77601, 60.12959 ], [ -144.60728, 60.07835 ], [ -144.53968, 60.01015 ], [ -144.64173, 59.92439 ], [ -144.7778, 59.82994 ], [ -144.7781, 59.77856 ], [ -144.67677, 59.7274 ], [ -144.54218, 59.71932 ], [ -144.41051, 59.74627 ], [ -144.14408, 59.91945 ], [ -144.03359, 59.91967 ], [ -143.94668, 59.93083 ], [ -143.89521, 59.94265 ], [ -143.83617, 59.94648 ], [ -143.75895, 59.96606 ], [ -143.6427, 59.98883 ], [ -143.4909, 60.00349 ], [ -143.30061, 60.01136 ], [ -143.15452, 60.01913 ], [ -143.11704, 60.0195 ], [ -143.05248, 60.02823 ], [ -142.82604, 60.0511 ], [ -142.75738, 60.05223 ], [ -142.57799, 60.04352 ], [ -142.49549, 60.03306 ], [ -142.45728, 60.0208 ], [ -142.40847, 60.02032 ], [ -142.29727, 60.01183 ], [ -142.19404, 59.99761 ], [ -142.13809, 59.98748 ], [ -142.00184, 59.9746 ], [ -141.88931, 59.9527 ], [ -141.82122, 59.93343 ], [ -141.75502, 59.91874 ], [ -141.4061, 59.82381 ], [ -141.34277, 59.80988 ], [ -141.05222, 59.73785 ], [ -140.92719, 59.70208 ], [ -140.84593, 59.68896 ], [ -140.74966, 59.67699 ], [ -140.64712, 59.66657 ], [ -140.58421, 59.66658 ], [ -140.4251, 59.65703 ], [ -139.90283, 59.49798 ], [ -139.71637, 59.43431 ], [ -139.57954, 59.37761 ], [ -139.39287, 59.31818 ], [ -139.26479, 59.28239 ], [ -139.05104, 59.23366 ], [ -138.96701, 59.21155 ], [ -138.8739, 59.18017 ], [ -138.75855, 59.12653 ], [ -138.64192, 59.08118 ], [ -138.61818, 59.07473 ], [ -138.47141, 59.04911 ], [ -138.34993, 59.02236 ], [ -138.27895, 59.00045 ], [ -138.25251, 58.98944 ], [ -138.22408, 58.96885 ], [ -138.11538, 58.91976 ], [ -138.02147, 58.86145 ], [ -138.01152, 58.83868 ], [ -138.02929, 58.8055 ], [ -138.01713, 58.77127 ], [ -137.99604, 58.74951 ], [ -137.86955, 58.69156 ], [ -137.77594, 58.64075 ], [ -137.76222, 58.5965 ], [ -137.72061, 58.57086 ], [ -137.67505, 58.55484 ], [ -137.60256, 58.54175 ], [ -137.57973, 58.52801 ], [ -137.53352, 58.50939 ], [ -137.45046, 58.46432 ], [ -137.37417, 58.44091 ], [ -137.31583, 58.41011 ], [ -137.24753, 58.39285 ], [ -137.14959, 58.34131 ], [ -137.1203, 58.32966 ], [ -137.07235, 58.32362 ], [ -137.0145, 58.34431 ], [ -136.97484, 58.29604 ], [ -136.93783, 58.2686 ], [ -136.89777, 58.25952 ], [ -136.85521, 58.23085 ], [ -136.84398, 58.20676 ], [ -136.81441, 58.18879 ], [ -136.76199, 58.17941 ], [ -136.71155, 58.15567 ], [ -136.65839, 58.14565 ], [ -136.61634, 58.14723 ], [ -136.54475, 58.16445 ], [ -136.51543, 58.18058 ], [ -136.51027, 58.15346 ], [ -136.61516, 58.12071 ], [ -136.65024, 58.10263 ], [ -136.66149, 58.06382 ], [ -136.67889, 58.03629 ], [ -136.67915, 58.01427 ], [ -136.66938, 57.99855 ], [ -136.65113, 57.99378 ], [ -136.65621, 57.97847 ], [ -136.64845, 57.95832 ], [ -136.6605, 57.93887 ], [ -136.65857, 57.90146 ], [ -136.64462, 57.88377 ], [ -136.61666, 57.86922 ], [ -136.53783, 57.84771 ], [ -136.46466, 57.83729 ], [ -136.45443, 57.83068 ], [ -136.4075, 57.7499 ], [ -136.34863, 57.67807 ], [ -136.2379, 57.5345 ], [ -136.0468, 57.2718 ], [ -135.86627, 57.0 ], [ -135.8599, 56.9924 ], [ -135.7868, 56.9413 ], [ -135.1998, 56.5064 ], [ -134.85922, 56.24494 ], [ -134.81506, 56.21586 ], [ -134.72079, 56.17434 ], [ -134.6664, 56.14759 ], [ -134.53279, 56.02827 ], [ -134.49417, 55.99964 ], [ -134.49654, 55.9699 ], [ -134.52497, 55.94857 ], [ -134.60156, 55.92293 ], [ -134.62213, 55.9087 ], [ -134.64568, 55.87147 ], [ -134.62905, 55.84359 ], [ -134.56937, 55.80401 ], [ -134.50306, 55.77727 ], [ -134.42103, 55.74863 ], [ -134.29759, 55.72064 ], [ -134.19203, 55.69305 ], [ -134.16362, 55.72187 ], [ -134.04661, 55.85048 ], [ -134.02698, 55.892 ], [ -134.01923, 55.86494 ], [ -134.00218, 55.84726 ], [ -134.01163, 55.83019 ], [ -134.00738, 55.80594 ], [ -133.96525, 55.7807 ], [ -133.93656, 55.776 ], [ -133.8859, 55.78024 ], [ -133.85672, 55.79287 ], [ -133.83798, 55.7933 ], [ -133.84852, 55.7634 ], [ -133.83178, 55.74151 ], [ -133.87956, 55.71545 ], [ -133.88768, 55.68364 ], [ -133.8675, 55.65733 ], [ -133.84223, 55.64723 ], [ -133.81267, 55.64514 ], [ -133.79825, 55.63323 ], [ -133.81393, 55.60305 ], [ -133.81035, 55.58641 ], [ -133.82934, 55.57092 ], [ -133.83484, 55.53326 ], [ -133.8612, 55.50162 ], [ -133.86138, 55.48064 ], [ -133.89786, 55.45908 ], [ -133.90715, 55.434 ], [ -133.89715, 55.41494 ], [ -133.87392, 55.39884 ], [ -133.83304, 55.38857 ], [ -133.7716, 55.39432 ], [ -133.76138, 55.34626 ], [ -133.77845, 55.31962 ], [ -133.77562, 55.28225 ], [ -133.7617, 55.2658 ], [ -133.70761, 55.22937 ], [ -133.69122, 55.19847 ], [ -133.61366, 55.17027 ], [ -133.66022, 55.11719 ], [ -133.70094, 55.07862 ], [ -133.76699, 55.02586 ], [ -133.79053, 55.00058 ], [ -133.78452, 54.95349 ], [ -133.75606, 54.87728 ], [ -133.74157, 54.82292 ], [ -133.7245, 54.79497 ], [ -133.69665, 54.73604 ], [ -133.65697, 54.64368 ], [ -133.6489, 54.63205 ], [ -132.9257, 54.65897 ], [ -132.00481, 54.68245 ], [ -131.76234, 54.68684 ], [ -131.20307, 54.69132 ], [ -131.05372, 54.68722 ], [ -130.72659, 54.66992 ], [ -130.64791, 54.64891 ], [ -130.64311, 54.69468 ], [ -130.62572, 54.73807 ], [ -130.65904, 54.76306 ], [ -130.62887, 54.78272 ], [ -130.5682, 54.79215 ], [ -130.45939, 54.84847 ], [ -130.42272, 54.87337 ], [ -130.34454, 54.91881 ], [ -130.27333, 54.97396 ], [ -130.18756, 55.06284 ], [ -130.18089, 55.09125 ], [ -130.15243, 55.12462 ], [ -130.14612, 55.14284 ], [ -130.10284, 55.1926 ], [ -129.97417, 55.28192 ], [ -129.97665, 55.30037 ], [ -130.02111, 55.33792 ], [ -130.04122, 55.45173 ], [ -130.08985, 55.49798 ], [ -130.1279, 55.58104 ], [ -130.11166, 55.6829 ], [ -130.14776, 55.7149 ], [ -130.15241, 55.76629 ], [ -130.12476, 55.80564 ], [ -130.08349, 55.82171 ], [ -130.00379, 55.90744 ], [ -130.01768, 55.91195 ], [ -130.00348, 56.00808 ], [ -130.1038, 56.1228 ], [ -130.24623, 56.09642 ], [ -130.35009, 56.12854 ], [ -130.42601, 56.14156 ], [ -130.46787, 56.24305 ], [ -130.54053, 56.24745 ], [ -130.62331, 56.26688 ], [ -130.78198, 56.36684 ], [ -131.08735, 56.40601 ], [ -131.17347, 56.44952 ], [ -131.47203, 56.55267 ], [ -131.58107, 56.61223 ], [ -131.83533, 56.5992 ], [ -131.86067, 56.70298 ], [ -131.90107, 56.75368 ], [ -131.87288, 56.806 ], [ -132.12357, 56.87365 ], [ -132.04519, 57.04506 ], [ -132.36898, 57.09151 ], [ -132.24792, 57.21125 ], [ -132.36298, 57.34201 ], [ -132.3896, 57.36556 ] ] ] ] } },
{ "type": "Feature", "properties": { "fid": 3, "ZoneCode": "040001", "AbrvFull": "AZ", "NameFull": "Arizona", "ZoneNum": 1, "AbrvPart": null, "NamePart": null, "ZoneType": "Statewide", "StateAbrv": "AZ", "StateName": "Arizona", "ProjAbrv": "TM", "ProjType": "Transverse Mercator", "LatOrigin": "3°00'N", "LonOriginE": "247°57'E", "LonOriginW": "112°03'W", "Lat0_deg": 3.0, "Lon0_E_deg": 247.95, "Lon0_W_deg": -112.05, "ProjScale": 0.9998, "SkewAz_deg": -9999, "FalseN_m": 0.0, "FalseE_m": 6400800.0, "FalseN_ift": 0.0, "FalseE_ift": 21000000.0, "DesignBy": "NGS", "Ref_frame": "NATRF2022" }, "geometry": { "type": "Polygon", "coordinates": [ [ [ -109.04517, 36.99898 ], [ -109.53069, 36.99919 ], [ -109.62432, 36.99825 ], [ -110.18437, 36.99825 ], [ -110.46973, 36.99766 ], [ -110.4903, 37.00363 ], [ -110.84801, 37.00245 ], [ -111.06495, 37.00234 ], [ -111.15058, 37.00095 ], [ -111.3086, 37.00148 ], [ -112.49004, 37.00094 ], [ -113.06495, 37.00004 ], [ -114.05005, 37.00019 ], [ -114.04993, 36.70952 ], [ -114.04482, 36.49134 ], [ -114.04313, 36.38048 ], [ -114.04556, 36.28884 ], [ -114.04394, 36.19335 ], [ -114.0668, 36.17909 ], [ -114.09699, 36.12082 ], [ -114.12178, 36.1057 ], [ -114.1123, 36.09405 ], [ -114.13621, 36.05323 ], [ -114.13484, 36.04387 ], [ -114.1534, 36.02317 ], [ -114.17468, 36.02667 ], [ -114.21193, 36.01483 ], [ -114.24386, 36.01527 ], [ -114.26438, 36.02791 ], [ -114.27086, 36.04552 ], [ -114.31443, 36.06052 ], [ -114.30417, 36.07558 ], [ -114.3288, 36.1059 ], [ -114.35897, 36.1278 ], [ -114.37018, 36.14262 ], [ -114.41249, 36.14651 ], [ -114.44374, 36.12559 ], [ -114.45649, 36.13803 ], [ -114.50471, 36.12719 ], [ -114.5081, 36.14971 ], [ -114.57109, 36.1511 ], [ -114.61545, 36.12965 ], [ -114.63047, 36.14222 ], [ -114.66434, 36.1163 ], [ -114.68185, 36.10919 ], [ -114.73409, 36.10467 ], [ -114.75451, 36.08617 ], [ -114.73508, 36.05444 ], [ -114.74126, 36.03804 ], [ -114.7221, 36.02895 ], [ -114.74087, 36.01293 ], [ -114.74054, 35.97555 ], [ -114.7076, 35.92795 ], [ -114.70811, 35.90993 ], [ -114.66321, 35.87369 ], [ -114.70608, 35.84587 ], [ -114.69576, 35.83339 ], [ -114.71203, 35.80553 ], [ -114.69932, 35.79048 ], [ -114.69427, 35.75663 ], [ -114.70545, 35.71176 ], [ -114.68266, 35.68857 ], [ -114.689, 35.65028 ], [ -114.65393, 35.61174 ], [ -114.65924, 35.58748 ], [ -114.67488, 35.57838 ], [ -114.66281, 35.56427 ], [ -114.65677, 35.53496 ], [ -114.67889, 35.50128 ], [ -114.66354, 35.4478 ], [ -114.65073, 35.42888 ], [ -114.62732, 35.41019 ], [ -114.60617, 35.35965 ], [ -114.59516, 35.32188 ], [ -114.59727, 35.29957 ], [ -114.58577, 35.25774 ], [ -114.57953, 35.20891 ], [ -114.57208, 35.20079 ], [ -114.56953, 35.16232 ], [ -114.57826, 35.12881 ], [ -114.63228, 35.11709 ], [ -114.64283, 35.0965 ], [ -114.60418, 35.07372 ], [ -114.60471, 35.06174 ], [ -114.62712, 35.04472 ], [ -114.63819, 35.02207 ], [ -114.63349, 35.00186 ], [ -114.62939, 34.98317 ], [ -114.63495, 34.95892 ], [ -114.62981, 34.94481 ], [ -114.63677, 34.88571 ], [ -114.62828, 34.8636 ], [ -114.59234, 34.84115 ], [ -114.57185, 34.79634 ], [ -114.55268, 34.76687 ], [ -114.51662, 34.73675 ], [ -114.47162, 34.71297 ], [ -114.45061, 34.66579 ], [ -114.45809, 34.65869 ], [ -114.44236, 34.64415 ], [ -114.43874, 34.62146 ], [ -114.4242, 34.61045 ], [ -114.43636, 34.5968 ], [ -114.40523, 34.56964 ], [ -114.38084, 34.52972 ], [ -114.37812, 34.50729 ], [ -114.3867, 34.45791 ], [ -114.37122, 34.44699 ], [ -114.33963, 34.45144 ], [ -114.32688, 34.43805 ], [ -114.30102, 34.42681 ], [ -114.29115, 34.40978 ], [ -114.26291, 34.40037 ], [ -114.22611, 34.36592 ], [ -114.19948, 34.36137 ], [ -114.17691, 34.34931 ], [ -114.15721, 34.31786 ], [ -114.13828, 34.30323 ], [ -114.13545, 34.25789 ], [ -114.16465, 34.2597 ], [ -114.16448, 34.25167 ], [ -114.22586, 34.20177 ], [ -114.22971, 34.18693 ], [ -114.25414, 34.17383 ], [ -114.28672, 34.17072 ], [ -114.32458, 34.13676 ], [ -114.34805, 34.13446 ], [ -114.36652, 34.11858 ], [ -114.41591, 34.10764 ], [ -114.43418, 34.08738 ], [ -114.43934, 34.05789 ], [ -114.43827, 34.02261 ], [ -114.49988, 33.96179 ], [ -114.522, 33.95562 ], [ -114.53415, 33.92519 ], [ -114.50799, 33.90181 ], [ -114.52569, 33.90143 ], [ -114.50434, 33.87688 ], [ -114.50389, 33.86575 ], [ -114.52988, 33.85756 ], [ -114.51997, 33.82538 ], [ -114.52805, 33.81496 ], [ -114.50709, 33.76793 ], [ -114.51235, 33.73421 ], [ -114.49656, 33.71916 ], [ -114.49649, 33.6969 ], [ -114.52396, 33.68588 ], [ -114.53212, 33.6697 ], [ -114.51406, 33.66018 ], [ -114.53321, 33.64844 ], [ -114.52207, 33.61128 ], [ -114.54062, 33.59141 ], [ -114.52421, 33.55307 ], [ -114.55802, 33.53259 ], [ -114.56096, 33.51674 ], [ -114.58925, 33.50181 ], [ -114.62292, 33.45656 ], [ -114.62964, 33.42814 ], [ -114.65825, 33.41302 ], [ -114.67369, 33.41916 ], [ -114.72006, 33.40789 ], [ -114.72425, 33.40042 ], [ -114.70731, 33.38254 ], [ -114.69906, 33.36115 ], [ -114.70094, 33.33701 ], [ -114.73122, 33.30243 ], [ -114.72326, 33.28808 ], [ -114.67703, 33.27017 ], [ -114.67449, 33.2556 ], [ -114.68942, 33.24525 ], [ -114.67448, 33.2255 ], [ -114.67935, 33.16243 ], [ -114.69691, 33.13112 ], [ -114.70649, 33.08816 ], [ -114.68902, 33.08404 ], [ -114.6708, 33.03798 ], [ -114.65783, 33.03382 ], [ -114.64598, 33.0489 ], [ -114.62973, 33.03255 ], [ -114.59809, 33.02538 ], [ -114.57829, 33.03538 ], [ -114.52013, 33.02998 ], [ -114.50636, 33.0174 ], [ -114.49013, 32.96988 ], [ -114.46995, 32.97347 ], [ -114.46762, 32.95666 ], [ -114.48074, 32.93703 ], [ -114.46293, 32.90794 ], [ -114.46897, 32.84516 ], [ -114.51033, 32.81649 ], [ -114.53167, 32.79119 ], [ -114.52686, 32.75709 ], [ -114.56445, 32.74955 ], [ -114.58178, 32.73495 ], [ -114.61511, 32.73452 ], [ -114.61567, 32.72845 ], [ -114.68962, 32.73817 ], [ -114.70222, 32.74541 ], [ -114.7195, 32.71874 ], [ -114.7445, 32.67847 ], [ -114.74819, 32.66368 ], [ -114.78272, 32.62434 ], [ -114.80944, 32.61599 ], [ -114.7994, 32.59262 ], [ -114.80649, 32.55925 ], [ -114.79183, 32.56878 ], [ -114.79335, 32.55249 ], [ -114.81299, 32.52525 ], [ -114.80333, 32.51086 ], [ -114.81369, 32.49407 ], [ -114.77988, 32.48438 ], [ -114.40972, 32.37238 ], [ -113.85917, 32.20328 ], [ -113.42514, 32.06775 ], [ -113.15533, 31.98251 ], [ -112.72681, 31.85232 ], [ -112.40262, 31.75249 ], [ -112.07593, 31.6508 ], [ -111.50626, 31.47072 ], [ -111.07498, 31.33234 ], [ -110.84775, 31.33374 ], [ -110.45861, 31.33288 ], [ -110.1565, 31.33413 ], [ -109.26569, 31.33392 ], [ -109.05003, 31.33235 ], [ -109.04998, 31.58617 ], [ -109.04799, 32.34144 ], [ -109.04751, 32.82109 ], [ -109.04767, 33.19546 ], [ -109.04692, 33.43083 ], [ -109.04701, 34.00005 ], [ -109.04596, 34.68244 ], [ -109.04615, 35.27741 ], [ -109.04695, 35.3934 ], [ -109.04628, 35.61419 ], [ -109.0462, 36.07334 ], [ -109.04517, 36.99898 ] ] ] } },
{ "type": "Feature", "properties": { "fid": 4, "ZoneCode": "050001", "AbrvFull": "AR", "NameFull": "Arkansas", "ZoneNum": 1, "AbrvPart": null, "NamePart": null, "ZoneType": "Statewide", "StateAbrv": "AR", "StateName": "Arkansas", "ProjAbrv": "LC1", "ProjType": "Lambert Conformal Conic, one parallel", "LatOrigin": "34°45'N", "LonOriginE": "268°00'E", "LonOriginW": "92°00'W", "Lat0_deg": 34.75, "Lon0_E_deg": 268.0, "Lon0_W_deg": -92.0, "ProjScale": 0.99983, "SkewAz_deg": -9999, "FalseN_m": 342900.0, "FalseE_m": 838200.0, "FalseN_ift": 1125000.0, "FalseE_ift": 2750000.0, "DesignBy": "NGS", "Ref_frame": "NATRF2022" }, "geometry": { "type": "Polygon", "coordinates": [ [ [ -91.16609, 33.00429 ], [ -91.16076, 33.02081 ], [ -91.12813, 33.03445 ], [ -91.12029, 33.05492 ], [ -91.15022, 33.08213 ], [ -91.17377, 33.0894 ], [ -91.2008, 33.10777 ], [ -91.20212, 33.12204 ], [ -91.1837, 33.14174 ], [ -91.15996, 33.1409 ], [ -91.14849, 33.13026 ], [ -91.1027, 33.13037 ], [ -91.08602, 33.13628 ], [ -91.0813, 33.18428 ], [ -91.10026, 33.21943 ], [ -91.08259, 33.22183 ], [ -91.05413, 33.24599 ], [ -91.04731, 33.28193 ], [ -91.06648, 33.28722 ], [ -91.08595, 33.2741 ], [ -91.09852, 33.23869 ], [ -91.12797, 33.26847 ], [ -91.12553, 33.28021 ], [ -91.14164, 33.30007 ], [ -91.14046, 33.35135 ], [ -91.12076, 33.36335 ], [ -91.10317, 33.38558 ], [ -91.0638, 33.41928 ], [ -91.05811, 33.44691 ], [ -91.07074, 33.45585 ], [ -91.09626, 33.43849 ], [ -91.09637, 33.41262 ], [ -91.12037, 33.38887 ], [ -91.14789, 33.3788 ], [ -91.1697, 33.38035 ], [ -91.20868, 33.40272 ], [ -91.1991, 33.41828 ], [ -91.17886, 33.41715 ], [ -91.13275, 33.42962 ], [ -91.11877, 33.44649 ], [ -91.13134, 33.48093 ], [ -91.16161, 33.49748 ], [ -91.17753, 33.48299 ], [ -91.16991, 33.4519 ], [ -91.20647, 33.43392 ], [ -91.23522, 33.43902 ], [ -91.2322, 33.45594 ], [ -91.20645, 33.47071 ], [ -91.18342, 33.50506 ], [ -91.21402, 33.5247 ], [ -91.23415, 33.55544 ], [ -91.22844, 33.56694 ], [ -91.17855, 33.56731 ], [ -91.15656, 33.57435 ], [ -91.1321, 33.59591 ], [ -91.12873, 33.6092 ], [ -91.13918, 33.62847 ], [ -91.17767, 33.65205 ], [ -91.21168, 33.65679 ], [ -91.22998, 33.67383 ], [ -91.22391, 33.69374 ], [ -91.20544, 33.7011 ], [ -91.16037, 33.7066 ], [ -91.12896, 33.67363 ], [ -91.09305, 33.65818 ], [ -91.07978, 33.65804 ], [ -91.03371, 33.67384 ], [ -91.03033, 33.68772 ], [ -91.04713, 33.70667 ], [ -91.06805, 33.7162 ], [ -91.10245, 33.70482 ], [ -91.12595, 33.70895 ], [ -91.14881, 33.73136 ], [ -91.1353, 33.782 ], [ -91.10866, 33.77167 ], [ -91.05339, 33.77828 ], [ -91.02737, 33.76511 ], [ -91.00516, 33.76703 ], [ -90.98862, 33.78419 ], [ -91.00047, 33.79948 ], [ -91.04908, 33.81603 ], [ -91.07031, 33.84566 ], [ -91.07277, 33.86729 ], [ -91.03385, 33.89899 ], [ -91.0142, 33.92176 ], [ -91.01341, 33.93855 ], [ -91.08458, 33.95636 ], [ -91.08898, 34.00006 ], [ -91.07339, 34.00872 ], [ -91.04643, 33.99243 ], [ -91.01895, 34.00323 ], [ -90.99998, 33.96639 ], [ -90.96617, 33.96466 ], [ -90.96249, 33.9813 ], [ -90.9801, 33.99833 ], [ -90.98818, 34.01921 ], [ -90.9582, 34.02674 ], [ -90.91566, 34.0215 ], [ -90.8906, 34.02851 ], [ -90.88869, 34.05175 ], [ -90.87112, 34.08025 ], [ -90.8939, 34.09762 ], [ -90.92129, 34.09351 ], [ -90.9576, 34.12093 ], [ -90.95864, 34.13548 ], [ -90.90996, 34.16551 ], [ -90.86862, 34.14252 ], [ -90.8361, 34.13788 ], [ -90.80756, 34.16182 ], [ -90.81749, 34.1832 ], [ -90.85203, 34.18672 ], [ -90.88675, 34.1825 ], [ -90.91442, 34.19573 ], [ -90.93454, 34.21785 ], [ -90.92867, 34.24471 ], [ -90.90633, 34.24438 ], [ -90.88134, 34.21638 ], [ -90.84715, 34.20613 ], [ -90.83363, 34.27407 ], [ -90.81674, 34.28065 ], [ -90.76042, 34.27073 ], [ -90.73802, 34.28928 ], [ -90.73587, 34.31069 ], [ -90.76513, 34.34251 ], [ -90.76923, 34.35843 ], [ -90.7573, 34.36739 ], [ -90.70725, 34.36118 ], [ -90.67686, 34.37138 ], [ -90.69313, 34.32257 ], [ -90.67807, 34.31309 ], [ -90.65749, 34.32223 ], [ -90.66685, 34.35577 ], [ -90.65854, 34.37571 ], [ -90.64035, 34.389 ], [ -90.61611, 34.38979 ], [ -90.58623, 34.40917 ], [ -90.57789, 34.43326 ], [ -90.59392, 34.48418 ], [ -90.58129, 34.51561 ], [ -90.54315, 34.53885 ], [ -90.54049, 34.55787 ], [ -90.57376, 34.59213 ], [ -90.59178, 34.62379 ], [ -90.58086, 34.65517 ], [ -90.56971, 34.66635 ], [ -90.5701, 34.69343 ], [ -90.54569, 34.6884 ], [ -90.54009, 34.67643 ], [ -90.55488, 34.64517 ], [ -90.54654, 34.63102 ], [ -90.51755, 34.63076 ], [ -90.46824, 34.67081 ], [ -90.46288, 34.68381 ], [ -90.47417, 34.70528 ], [ -90.53333, 34.69639 ], [ -90.57194, 34.71278 ], [ -90.56361, 34.73778 ], [ -90.54556, 34.73889 ], [ -90.53944, 34.75528 ], [ -90.54778, 34.78333 ], [ -90.54083, 34.79583 ], [ -90.52111, 34.80194 ], [ -90.49278, 34.7725 ], [ -90.49415, 34.75757 ], [ -90.52417, 34.73139 ], [ -90.50833, 34.72361 ], [ -90.475, 34.72389 ], [ -90.44842, 34.73912 ], [ -90.45267, 34.75567 ], [ -90.47658, 34.794 ], [ -90.47037, 34.81155 ], [ -90.45538, 34.82079 ], [ -90.48372, 34.86102 ], [ -90.48032, 34.88236 ], [ -90.4634, 34.89164 ], [ -90.44422, 34.88763 ], [ -90.42931, 34.86875 ], [ -90.44969, 34.83992 ], [ -90.43873, 34.82525 ], [ -90.38939, 34.83067 ], [ -90.33845, 34.85852 ], [ -90.3194, 34.84502 ], [ -90.30406, 34.86007 ], [ -90.31774, 34.87106 ], [ -90.25786, 34.89339 ], [ -90.24321, 34.9091 ], [ -90.24376, 34.94527 ], [ -90.29516, 34.97563 ], [ -90.30836, 34.99569 ], [ -90.30992, 35.00789 ], [ -90.29697, 35.03818 ], [ -90.26436, 35.0403 ], [ -90.207, 35.02585 ], [ -90.18116, 35.05394 ], [ -90.17524, 35.07355 ], [ -90.18137, 35.09401 ], [ -90.16736, 35.12359 ], [ -90.14086, 35.1329 ], [ -90.08967, 35.11805 ], [ -90.06655, 35.13684 ], [ -90.06824, 35.15567 ], [ -90.0981, 35.16901 ], [ -90.11646, 35.18627 ], [ -90.11616, 35.19846 ], [ -90.09725, 35.19483 ], [ -90.07616, 35.22148 ], [ -90.09434, 35.24879 ], [ -90.11646, 35.25587 ], [ -90.13972, 35.2523 ], [ -90.15526, 35.25898 ], [ -90.16892, 35.27971 ], [ -90.16206, 35.29826 ], [ -90.10997, 35.30499 ], [ -90.09618, 35.34885 ], [ -90.07826, 35.37493 ], [ -90.08087, 35.38601 ], [ -90.11456, 35.41126 ], [ -90.14075, 35.40944 ], [ -90.14535, 35.3926 ], [ -90.13568, 35.3767 ], [ -90.16528, 35.37398 ], [ -90.17934, 35.38531 ], [ -90.16888, 35.42188 ], [ -90.12943, 35.44212 ], [ -90.10784, 35.47684 ], [ -90.07901, 35.47687 ], [ -90.06724, 35.46095 ], [ -90.07413, 35.43957 ], [ -90.06202, 35.41518 ], [ -90.06953, 35.40813 ], [ -90.05432, 35.38928 ], [ -90.04809, 35.41174 ], [ -90.00267, 35.42999 ], [ -90.00721, 35.45425 ], [ -90.03603, 35.48356 ], [ -90.05021, 35.51639 ], [ -90.03988, 35.54742 ], [ -90.02359, 35.55637 ], [ -89.98967, 35.56022 ], [ -89.95972, 35.54266 ], [ -89.95875, 35.52384 ], [ -89.92654, 35.51161 ], [ -89.90893, 35.51424 ], [ -89.90401, 35.53532 ], [ -89.91419, 35.54961 ], [ -89.94225, 35.55714 ], [ -89.95659, 35.59062 ], [ -89.91127, 35.61759 ], [ -89.89026, 35.61642 ], [ -89.8561, 35.63501 ], [ -89.85073, 35.65074 ], [ -89.85832, 35.66872 ], [ -89.90857, 35.65174 ], [ -89.93447, 35.66494 ], [ -89.95584, 35.6904 ], [ -89.9588, 35.72559 ], [ -89.93869, 35.74348 ], [ -89.90746, 35.75929 ], [ -89.89284, 35.75059 ], [ -89.85236, 35.75543 ], [ -89.83872, 35.74213 ], [ -89.79895, 35.75936 ], [ -89.79956, 35.78833 ], [ -89.78166, 35.80523 ], [ -89.75669, 35.81002 ], [ -89.72817, 35.8027 ], [ -89.6965, 35.82058 ], [ -89.69471, 35.83477 ], [ -89.76792, 35.86002 ], [ -89.77427, 35.87082 ], [ -89.76524, 35.89311 ], [ -89.74455, 35.9107 ], [ -89.71635, 35.90706 ], [ -89.67638, 35.8767 ], [ -89.64562, 35.88583 ], [ -89.641, 35.90355 ], [ -89.65027, 35.92766 ], [ -89.71401, 35.95981 ], [ -89.73306, 36.00081 ], [ -90.00382, 35.99902 ], [ -90.3779, 35.99575 ], [ -90.3562, 36.02023 ], [ -90.34821, 36.04157 ], [ -90.31854, 36.07516 ], [ -90.31961, 36.08957 ], [ -90.29999, 36.09791 ], [ -90.29293, 36.1145 ], [ -90.26652, 36.12002 ], [ -90.23544, 36.1394 ], [ -90.23535, 36.15954 ], [ -90.21996, 36.18473 ], [ -90.1951, 36.20043 ], [ -90.13241, 36.22643 ], [ -90.11512, 36.26521 ], [ -90.08379, 36.27194 ], [ -90.07901, 36.28987 ], [ -90.06419, 36.3025 ], [ -90.08238, 36.32198 ], [ -90.07796, 36.3494 ], [ -90.06322, 36.37755 ], [ -90.08204, 36.40124 ], [ -90.13597, 36.41333 ], [ -90.14434, 36.42538 ], [ -90.13417, 36.45415 ], [ -90.15541, 36.4638 ], [ -90.14316, 36.47519 ], [ -90.15924, 36.47971 ], [ -90.15231, 36.49798 ], [ -90.80741, 36.49883 ], [ -91.42207, 36.49714 ], [ -91.5395, 36.49924 ], [ -91.74077, 36.49938 ], [ -91.99991, 36.49841 ], [ -92.11518, 36.49882 ], [ -92.37474, 36.4973 ], [ -92.47411, 36.49876 ], [ -92.72675, 36.49788 ], [ -93.13747, 36.49785 ], [ -93.54489, 36.49931 ], [ -94.08569, 36.49864 ], [ -94.37442, 36.49962 ], [ -94.61786, 36.49943 ], [ -94.58057, 36.2659 ], [ -94.5105, 35.8625 ], [ -94.44954, 35.49804 ], [ -94.43101, 35.39317 ], [ -94.43544, 35.28337 ], [ -94.44975, 34.8732 ], [ -94.45747, 34.63478 ], [ -94.46788, 34.28744 ], [ -94.47263, 34.10298 ], [ -94.4859, 33.63786 ], [ -94.44678, 33.64018 ], [ -94.46275, 33.63079 ], [ -94.45398, 33.61576 ], [ -94.46906, 33.60764 ], [ -94.45348, 33.59197 ], [ -94.42803, 33.59004 ], [ -94.41245, 33.56902 ], [ -94.38285, 33.58335 ], [ -94.37892, 33.57016 ], [ -94.40059, 33.5568 ], [ -94.38679, 33.54512 ], [ -94.35652, 33.54298 ], [ -94.35277, 33.56089 ], [ -94.3385, 33.56727 ], [ -94.33227, 33.55373 ], [ -94.3093, 33.55175 ], [ -94.30161, 33.57211 ], [ -94.28274, 33.58128 ], [ -94.29046, 33.55835 ], [ -94.27424, 33.55876 ], [ -94.26344, 33.57663 ], [ -94.24447, 33.58949 ], [ -94.23821, 33.57716 ], [ -94.2513, 33.55772 ], [ -94.22376, 33.55348 ], [ -94.20855, 33.56656 ], [ -94.19545, 33.55516 ], [ -94.1954, 33.58184 ], [ -94.18441, 33.59439 ], [ -94.16248, 33.58894 ], [ -94.13083, 33.55205 ], [ -94.12067, 33.56699 ], [ -94.09625, 33.57398 ], [ -94.07304, 33.5722 ], [ -94.04331, 33.55158 ], [ -94.04301, 33.01926 ], [ -93.63796, 33.01935 ], [ -93.51159, 33.01855 ], [ -93.00002, 33.01762 ], [ -92.80142, 33.01515 ], [ -92.04496, 33.00775 ], [ -91.51211, 33.00679 ], [ -91.16609, 33.00429 ] ] ] } },
{ "type": "Feature", "properties": { "fid": 5, "ZoneCode": "060001", "AbrvFull": "CA", "NameFull": "California", "ZoneNum": 1, "AbrvPart": null, "NamePart": null, "ZoneType": "Statewide", "StateAbrv": "CA", "StateName": "California", "ProjAbrv": "OMC", "ProjType": "Hotine Oblique Mercator, center", "LatOrigin": "37°00'N", "LonOriginE": "240°30'E", "LonOriginW": "119°30'W", "Lat0_deg": 37.0, "Lon0_E_deg": 240.5, "Lon0_W_deg": -119.5, "ProjScale": 0.9998, "SkewAz_deg": -34, "FalseN_m": 647700.0, "FalseE_m": 1714500.0, "FalseN_ift": 2125000.0, "FalseE_ift": 5625000.0, "DesignBy": "NGS", "Ref_frame": "NATRF2022" }, "geometry": { "type": "MultiPolygon", "coordinates": [ [ [ [ -118.66385, 33.06685 ], [ -118.6756, 33.04935 ], [ -118.67855, 33.02636 ], [ -118.67017, 33.00003 ], [ -118.64473, 33.00003 ], [ -118.63552, 32.9656 ], [ -118.6088, 32.92769 ], [ -118.59693, 32.89047 ], [ -118.56253, 32.84944 ], [ -118.5382, 32.81277 ], [ -118.50765, 32.79688 ], [ -118.47391, 32.76682 ], [ -118.43654, 32.75004 ], [ -118.40832, 32.75191 ], [ -118.37838, 32.77023 ], [ -118.35349, 32.76581 ], [ -118.32382, 32.77351 ], [ -118.30285, 32.78885 ], [ -118.2899, 32.81053 ], [ -118.28989, 32.82938 ], [ -118.31034, 32.85951 ], [ -118.36252, 32.90012 ], [ -118.44886, 32.96175 ], [ -118.4895, 33.01063 ], [ -118.49558, 33.02634 ], [ -118.52373, 33.05997 ], [ -118.5421, 33.07379 ], [ -118.57834, 33.08624 ], [ -118.61962, 33.08672 ], [ -118.6413, 33.08188 ], [ -118.66385, 33.06685 ] ] ], [ [ [ -119.62594, 33.30504 ], [ -119.6363, 33.27304 ], [ -119.63128, 33.24497 ], [ -119.60528, 33.20692 ], [ -119.57419, 33.18648 ], [ -119.51025, 33.16742 ], [ -119.47874, 33.16367 ], [ -119.43372, 33.16699 ], [ -119.37594, 33.19219 ], [ -119.3607, 33.22145 ], [ -119.36093, 33.24206 ], [ -119.37973, 33.26763 ], [ -119.42618, 33.29894 ], [ -119.50094, 33.32911 ], [ -119.52531, 33.33486 ], [ -119.59252, 33.32582 ], [ -119.62594, 33.30504 ] ] ], [ [ [ -118.64406, 33.52128 ], [ -118.66371, 33.50003 ], [ -118.66592, 33.46733 ], [ -118.65506, 33.44531 ], [ -118.60723, 33.39829 ], [ -118.54793, 33.3768 ], [ -118.54748, 33.34048 ], [ -118.51804, 33.29665 ], [ -118.48669, 33.27691 ], [ -118.45507, 33.26902 ], [ -118.38559, 33.26536 ], [ -118.36331, 33.25507 ], [ -118.32799, 33.24808 ], [ -118.30284, 33.25101 ], [ -118.25918, 33.27251 ], [ -118.24594, 33.29106 ], [ -118.24105, 33.31303 ], [ -118.2451, 33.33834 ], [ -118.26275, 33.37044 ], [ -118.30659, 33.40716 ], [ -118.32465, 33.44198 ], [ -118.35939, 33.46492 ], [ -118.43683, 33.48944 ], [ -118.46896, 33.513 ], [ -118.49333, 33.51573 ], [ -118.52324, 33.53015 ], [ -118.57914, 33.52841 ], [ -118.61216, 33.53185 ], [ -118.64406, 33.52128 ] ] ], [ [ [ -119.10872, 33.51926 ], [ -119.11895, 33.50002 ], [ -119.10721, 33.50002 ], [ -119.10888, 33.45115 ], [ -119.09413, 33.42687 ], [ -119.05307, 33.41102 ], [ -119.00093, 33.41849 ], [ -118.98051, 33.42859 ], [ -118.96273, 33.4733 ], [ -118.96602, 33.50002 ], [ -118.98215, 33.52426 ], [ -119.02394, 33.54 ], [ -119.0765, 33.53515 ], [ -119.10872, 33.51926 ] ] ], [ [ [ -119.53282, 33.94987 ], [ -119.49229, 33.98322 ], [ -119.47265, 33.97065 ], [ -119.43296, 33.95591 ], [ -119.38046, 33.95361 ], [ -119.31844, 33.9749 ], [ -119.29624, 33.99724 ], [ -119.29311, 34.02015 ], [ -119.30515, 34.04745 ], [ -119.34246, 34.06896 ], [ -119.36788, 34.07042 ], [ -119.39701, 34.06379 ], [ -119.43732, 34.06772 ], [ -119.46784, 34.06293 ], [ -119.51211, 34.09346 ], [ -119.53842, 34.10541 ], [ -119.56552, 34.10881 ], [ -119.61427, 34.09943 ], [ -119.65493, 34.07122 ], [ -119.69301, 34.09485 ], [ -119.74522, 34.11092 ], [ -119.7926, 34.10638 ], [ -119.82922, 34.1187 ], [ -119.87598, 34.12623 ], [ -119.92879, 34.1299 ], [ -119.96547, 34.11256 ], [ -119.99164, 34.06487 ], [ -120.0195, 34.08772 ], [ -120.04515, 34.09061 ], [ -120.08028, 34.0864 ], [ -120.10292, 34.07449 ], [ -120.12013, 34.07894 ], [ -120.17113, 34.07332 ], [ -120.19411, 34.05872 ], [ -120.25285, 34.05803 ], [ -120.28465, 34.09475 ], [ -120.33856, 34.12169 ], [ -120.36198, 34.14878 ], [ -120.41879, 34.16057 ], [ -120.441, 34.15449 ], [ -120.47165, 34.1341 ], [ -120.49738, 34.14989 ], [ -120.53812, 34.15034 ], [ -120.561, 34.14066 ], [ -120.58226, 34.10752 ], [ -120.57381, 34.07597 ], [ -120.55005, 34.05729 ], [ -120.52339, 34.05113 ], [ -120.51878, 34.01408 ], [ -120.49773, 33.9912 ], [ -120.46678, 33.97612 ], [ -120.41177, 33.97705 ], [ -120.36707, 33.96104 ], [ -120.33225, 33.96843 ], [ -120.29897, 33.96846 ], [ -120.28003, 33.95394 ], [ -120.2731, 33.92958 ], [ -120.23872, 33.90411 ], [ -120.22113, 33.88419 ], [ -120.13993, 33.8448 ], [ -120.10409, 33.8424 ], [ -120.07065, 33.85649 ], [ -120.01934, 33.87056 ], [ -119.98084, 33.89232 ], [ -119.95029, 33.89438 ], [ -119.9288, 33.90547 ], [ -119.90476, 33.93967 ], [ -119.86195, 33.91084 ], [ -119.82321, 33.89939 ], [ -119.78937, 33.91013 ], [ -119.70749, 33.91039 ], [ -119.63673, 33.93828 ], [ -119.60208, 33.93677 ], [ -119.53282, 33.94987 ] ] ], [ [ [ -114.63349, 35.00186 ], [ -114.7656, 35.10934 ], [ -114.99467, 35.29251 ], [ -115.10096, 35.37568 ], [ -115.1649, 35.42787 ], [ -115.41809, 35.62839 ], [ -115.69573, 35.84648 ], [ -116.00065, 36.08386 ], [ -116.25082, 36.27694 ], [ -116.38035, 36.37496 ], [ -116.48823, 36.4591 ], [ -116.88067, 36.75692 ], [ -117.24492, 37.03024 ], [ -117.26605, 37.04491 ], [ -117.50012, 37.22038 ], [ -117.58142, 37.27894 ], [ -117.68061, 37.3534 ], [ -117.71236, 37.37493 ], [ -117.87593, 37.49727 ], [ -117.90462, 37.51584 ], [ -117.97954, 37.57214 ], [ -118.25096, 37.76862 ], [ -118.7142, 38.10211 ], [ -118.77187, 38.14187 ], [ -118.94971, 38.26897 ], [ -119.00097, 38.30368 ], [ -119.09716, 38.37285 ], [ -119.46128, 38.62753 ], [ -119.79079, 38.85525 ], [ -120.00101, 38.99957 ], [ -120.00647, 39.27288 ], [ -120.00613, 39.37411 ], [ -120.00237, 39.49109 ], [ -120.00082, 39.60683 ], [ -120.00113, 39.75223 ], [ -119.9979, 39.98164 ], [ -119.9957, 40.37583 ], [ -119.99598, 40.57055 ], [ -119.99878, 40.77385 ], [ -119.99987, 40.99989 ], [ -119.99947, 41.49989 ], [ -119.99829, 41.61882 ], [ -119.99923, 41.99494 ], [ -120.17892, 41.99456 ], [ -120.32639, 41.99259 ], [ -120.48793, 41.99361 ], [ -120.58338, 41.99297 ], [ -120.79812, 41.99395 ], [ -121.0191, 41.99339 ], [ -121.18856, 41.99738 ], [ -121.34491, 41.99621 ], [ -121.85794, 42.00292 ], [ -121.99613, 42.00389 ], [ -122.16457, 42.00731 ], [ -122.37805, 42.0095 ], [ -122.5153, 42.00805 ], [ -122.72139, 42.00412 ], [ -123.044, 42.00308 ], [ -123.14573, 42.00876 ], [ -123.18392, 42.00579 ], [ -123.34745, 41.99928 ], [ -123.44597, 42.00063 ], [ -123.62402, 41.99977 ], [ -123.65721, 41.99509 ], [ -123.72817, 41.99706 ], [ -123.83448, 41.99605 ], [ -124.10038, 41.99671 ], [ -124.2116, 41.99846 ], [ -124.32883, 41.99833 ], [ -124.30699, 41.99291 ], [ -124.28477, 41.95683 ], [ -124.28994, 41.92006 ], [ -124.27612, 41.90305 ], [ -124.28503, 41.85949 ], [ -124.31194, 41.85879 ], [ -124.32998, 41.87475 ], [ -124.3652, 41.88657 ], [ -124.41132, 41.88206 ], [ -124.43501, 41.85651 ], [ -124.43891, 41.8245 ], [ -124.40571, 41.78314 ], [ -124.36919, 41.76341 ], [ -124.33061, 41.73379 ], [ -124.3003, 41.72415 ], [ -124.27806, 41.70967 ], [ -124.21171, 41.68119 ], [ -124.21142, 41.64169 ], [ -124.19011, 41.60819 ], [ -124.18834, 41.574 ], [ -124.16049, 41.54341 ], [ -124.15794, 41.51896 ], [ -124.1365, 41.46427 ], [ -124.13323, 41.43231 ], [ -124.13997, 41.38182 ], [ -124.1886, 41.38927 ], [ -124.21201, 41.38239 ], [ -124.23517, 41.36383 ], [ -124.24242, 41.3433 ], [ -124.23618, 41.31798 ], [ -124.20239, 41.29472 ], [ -124.1607, 41.28929 ], [ -124.19553, 41.18458 ], [ -124.21942, 41.17769 ], [ -124.24431, 41.15832 ], [ -124.25247, 41.13408 ], [ -124.24743, 41.09222 ], [ -124.2312, 41.0655 ], [ -124.22402, 41.04129 ], [ -124.20498, 41.01364 ], [ -124.18269, 41.00131 ], [ -124.19762, 40.95053 ], [ -124.23262, 40.86929 ], [ -124.29933, 40.76848 ], [ -124.36888, 40.66971 ], [ -124.412, 40.59702 ], [ -124.44768, 40.52971 ], [ -124.45595, 40.48405 ], [ -124.47589, 40.45976 ], [ -124.47862, 40.4221 ], [ -124.44471, 40.37641 ], [ -124.42946, 40.36491 ], [ -124.42794, 40.33882 ], [ -124.41854, 40.31875 ], [ -124.42915, 40.26692 ], [ -124.42129, 40.2371 ], [ -124.39278, 40.2098 ], [ -124.33369, 40.16718 ], [ -124.28783, 40.13768 ], [ -124.2721, 40.13365 ], [ -124.2312, 40.09338 ], [ -124.15665, 40.06589 ], [ -124.1441, 40.0524 ], [ -124.14109, 40.01097 ], [ -124.10858, 39.97885 ], [ -124.0786, 39.97226 ], [ -124.03535, 39.93107 ], [ -124.00964, 39.89375 ], [ -123.98295, 39.87678 ], [ -123.97348, 39.85356 ], [ -123.93859, 39.81494 ], [ -123.91053, 39.79958 ], [ -123.90097, 39.78047 ], [ -123.90402, 39.75708 ], [ -123.89574, 39.71141 ], [ -123.88031, 39.68909 ], [ -123.85718, 39.67469 ], [ -123.85152, 39.63175 ], [ -123.84939, 39.57829 ], [ -123.83465, 39.54919 ], [ -123.85265, 39.51485 ], [ -123.86783, 39.50831 ], [ -123.8874, 39.45304 ], [ -123.89045, 39.3901 ], [ -123.89681, 39.37489 ], [ -123.89308, 39.33749 ], [ -123.88102, 39.31935 ], [ -123.87613, 39.29045 ], [ -123.85009, 39.2314 ], [ -123.83888, 39.18334 ], [ -123.80921, 39.14104 ], [ -123.80746, 39.12723 ], [ -123.78611, 39.09214 ], [ -123.76196, 39.04109 ], [ -123.76315, 39.00869 ], [ -123.79722, 38.98986 ], [ -123.80986, 38.96122 ], [ -123.8065, 38.94046 ], [ -123.78468, 38.89373 ], [ -123.73792, 38.85744 ], [ -123.71781, 38.82792 ], [ -123.6827, 38.79702 ], [ -123.66004, 38.78426 ], [ -123.63261, 38.75817 ], [ -123.59196, 38.74023 ], [ -123.578, 38.71758 ], [ -123.51058, 38.68089 ], [ -123.48854, 38.65147 ], [ -123.47052, 38.63858 ], [ -123.45616, 38.61479 ], [ -123.39416, 38.55394 ], [ -123.36093, 38.5102 ], [ -123.32381, 38.49861 ], [ -123.30674, 38.47868 ], [ -123.26919, 38.45757 ], [ -123.22022, 38.44195 ], [ -123.18846, 38.40286 ], [ -123.16476, 38.38834 ], [ -123.15049, 38.36169 ], [ -123.13431, 38.34579 ], [ -123.14133, 38.31134 ], [ -123.13452, 38.29626 ], [ -123.05196, 38.21586 ], [ -123.03894, 38.19753 ], [ -123.02721, 38.16417 ], [ -123.01482, 38.14913 ], [ -123.0638, 38.03649 ], [ -123.0812, 38.01897 ], [ -123.08388, 37.98337 ], [ -123.06796, 37.95867 ], [ -123.02251, 37.94207 ], [ -122.95322, 37.94109 ], [ -122.9134, 37.95977 ], [ -122.90228, 37.97739 ], [ -122.88929, 37.97411 ], [ -122.85046, 37.94559 ], [ -122.8389, 37.91891 ], [ -122.81413, 37.90108 ], [ -122.78903, 37.89376 ], [ -122.77914, 37.87613 ], [ -122.75247, 37.8577 ], [ -122.71584, 37.84563 ], [ -122.67565, 37.84852 ], [ -122.61228, 37.81522 ], [ -122.58817, 37.78936 ], [ -122.58128, 37.7602 ], [ -122.5675, 37.63919 ], [ -122.58645, 37.59253 ], [ -122.58645, 37.56191 ], [ -122.57956, 37.54588 ], [ -122.57496, 37.49994 ], [ -122.56809, 37.47921 ], [ -122.547, 37.45786 ], [ -122.50989, 37.44155 ], [ -122.50354, 37.4119 ], [ -122.48745, 37.38833 ], [ -122.46587, 37.34124 ], [ -122.48405, 37.24994 ], [ -122.46412, 37.17785 ], [ -122.44563, 37.15004 ], [ -122.42135, 37.13508 ], [ -122.39692, 37.10989 ], [ -122.39536, 37.09374 ], [ -122.37609, 37.06565 ], [ -122.33641, 37.05386 ], [ -122.3139, 37.05476 ], [ -122.27637, 37.02483 ], [ -122.26565, 37.00012 ], [ -122.25108, 36.98583 ], [ -122.17202, 36.94268 ], [ -122.13057, 36.92534 ], [ -122.0764, 36.9102 ], [ -122.06832, 36.87495 ], [ -122.00112, 36.6477 ], [ -122.0126, 36.63857 ], [ -122.04275, 36.59663 ], [ -122.03746, 36.56038 ], [ -122.01745, 36.53741 ], [ -122.022, 36.50891 ], [ -121.99947, 36.46645 ], [ -121.9941, 36.43506 ], [ -121.98104, 36.41963 ], [ -121.97039, 36.38337 ], [ -121.97188, 36.35783 ], [ -121.95905, 36.28711 ], [ -121.94684, 36.27179 ], [ -121.91127, 36.24876 ], [ -121.88019, 36.21031 ], [ -121.85015, 36.19234 ], [ -121.80235, 36.1783 ], [ -121.77069, 36.16201 ], [ -121.72781, 36.12901 ], [ -121.67436, 36.06466 ], [ -121.64818, 35.99862 ], [ -121.62037, 35.96911 ], [ -121.58928, 35.95927 ], [ -121.56146, 35.94382 ], [ -121.54183, 35.90166 ], [ -121.51919, 35.8634 ], [ -121.50105, 35.84275 ], [ -121.4561, 35.81771 ], [ -121.4285, 35.78591 ], [ -121.39346, 35.7634 ], [ -121.37933, 35.72696 ], [ -121.37896, 35.70603 ], [ -121.36636, 35.68042 ], [ -121.34772, 35.66498 ], [ -121.33964, 35.64243 ], [ -121.32351, 35.62497 ], [ -121.28604, 35.60844 ], [ -121.24659, 35.60036 ], [ -121.20155, 35.58369 ], [ -121.17776, 35.56126 ], [ -121.15106, 35.51641 ], [ -121.11817, 35.4906 ], [ -121.04163, 35.41999 ], [ -121.015, 35.41063 ], [ -120.98963, 35.41114 ], [ -120.95967, 35.39649 ], [ -120.93329, 35.39275 ], [ -120.92343, 35.34841 ], [ -120.95128, 35.29014 ], [ -120.96025, 35.24362 ], [ -120.94385, 35.21378 ], [ -120.91779, 35.18738 ], [ -120.8473, 35.13787 ], [ -120.82199, 35.13144 ], [ -120.80041, 35.11658 ], [ -120.74631, 35.1093 ], [ -120.7255, 35.11358 ], [ -120.68961, 35.09883 ], [ -120.6878, 35.07749 ], [ -120.69471, 35.02884 ], [ -120.71483, 34.96263 ], [ -120.72574, 34.9465 ], [ -120.73382, 34.89604 ], [ -120.71297, 34.8629 ], [ -120.67328, 34.83862 ], [ -120.70209, 34.74833 ], [ -120.69714, 34.73576 ], [ -120.66469, 34.69634 ], [ -120.68648, 34.64502 ], [ -120.70718, 34.61621 ], [ -120.71276, 34.5683 ], [ -120.68453, 34.52713 ], [ -120.64236, 34.50377 ], [ -120.59433, 34.50407 ], [ -120.55944, 34.48847 ], [ -120.53566, 34.4527 ], [ -120.52365, 34.41951 ], [ -120.501, 34.40314 ], [ -120.451, 34.39118 ], [ -120.36733, 34.40849 ], [ -120.32451, 34.40975 ], [ -120.28712, 34.41761 ], [ -120.2406, 34.41746 ], [ -120.13512, 34.42206 ], [ -120.09067, 34.40929 ], [ -120.04481, 34.41245 ], [ -119.9279, 34.375 ], [ -119.8985, 34.36036 ], [ -119.83792, 34.35432 ], [ -119.79707, 34.36533 ], [ -119.73202, 34.3397 ], [ -119.70759, 34.33732 ], [ -119.66611, 34.35446 ], [ -119.65136, 34.36671 ], [ -119.61746, 34.36873 ], [ -119.58479, 34.36166 ], [ -119.55583, 34.34502 ], [ -119.50095, 34.32692 ], [ -119.46699, 34.29366 ], [ -119.42862, 34.27778 ], [ -119.40199, 34.27226 ], [ -119.37593, 34.24988 ], [ -119.33593, 34.23752 ], [ -119.28574, 34.14081 ], [ -119.25094, 34.1062 ], [ -119.21799, 34.06249 ], [ -119.15896, 34.04025 ], [ -119.1168, 34.02982 ], [ -119.02741, 34.01492 ], [ -118.95243, 33.99296 ], [ -118.8873, 33.98722 ], [ -118.82489, 33.94904 ], [ -118.77904, 33.95453 ], [ -118.74639, 33.9755 ], [ -118.65016, 33.98512 ], [ -118.55736, 33.98767 ], [ -118.52345, 33.95305 ], [ -118.50091, 33.91862 ], [ -118.44725, 33.84876 ], [ -118.44397, 33.83906 ], [ -118.48448, 33.80315 ], [ -118.48558, 33.75366 ], [ -118.46696, 33.72552 ], [ -118.42864, 33.70127 ], [ -118.38593, 33.68671 ], [ -118.34541, 33.66343 ], [ -118.31913, 33.65955 ], [ -118.27424, 33.66343 ], [ -118.23701, 33.6906 ], [ -118.16583, 33.69156 ], [ -118.1259, 33.69715 ], [ -118.09647, 33.65365 ], [ -118.03361, 33.60935 ], [ -118.00022, 33.59275 ], [ -117.93405, 33.54925 ], [ -117.81636, 33.49087 ], [ -117.79326, 33.46978 ], [ -117.76514, 33.43154 ], [ -117.73534, 33.40744 ], [ -117.71357, 33.40878 ], [ -117.62588, 33.34211 ], [ -117.57153, 33.3123 ], [ -117.521, 33.26887 ], [ -117.50087, 33.24215 ], [ -117.43556, 33.17751 ], [ -117.37587, 33.07522 ], [ -117.32328, 32.90306 ], [ -117.33966, 32.85917 ], [ -117.342, 32.84035 ], [ -117.3303, 32.80482 ], [ -117.32094, 32.68985 ], [ -117.30924, 32.6564 ], [ -117.27692, 32.62347 ], [ -117.25199, 32.61486 ], [ -117.2233, 32.62124 ], [ -117.21002, 32.57288 ], [ -117.20492, 32.52883 ], [ -117.1244, 32.53431 ], [ -116.67337, 32.57253 ], [ -116.33394, 32.60034 ], [ -115.89647, 32.63475 ], [ -115.47624, 32.66637 ], [ -115.20689, 32.68554 ], [ -114.7195, 32.71874 ], [ -114.70222, 32.74541 ], [ -114.68962, 32.73817 ], [ -114.61567, 32.72845 ], [ -114.61511, 32.73452 ], [ -114.58178, 32.73495 ], [ -114.56445, 32.74955 ], [ -114.52686, 32.75709 ], [ -114.53167, 32.79119 ], [ -114.51033, 32.81649 ], [ -114.46897, 32.84516 ], [ -114.46293, 32.90794 ], [ -114.48074, 32.93703 ], [ -114.46762, 32.95666 ], [ -114.46995, 32.97347 ], [ -114.49013, 32.96988 ], [ -114.50636, 33.0174 ], [ -114.52013, 33.02998 ], [ -114.57829, 33.03538 ], [ -114.59809, 33.02538 ], [ -114.62973, 33.03255 ], [ -114.64598, 33.0489 ], [ -114.65783, 33.03382 ], [ -114.6708, 33.03798 ], [ -114.68902, 33.08404 ], [ -114.70649, 33.08816 ], [ -114.69691, 33.13112 ], [ -114.67935, 33.16243 ], [ -114.67448, 33.2255 ], [ -114.68942, 33.24525 ], [ -114.67449, 33.2556 ], [ -114.67703, 33.27017 ], [ -114.72326, 33.28808 ], [ -114.73122, 33.30243 ], [ -114.70094, 33.33701 ], [ -114.69906, 33.36115 ], [ -114.70731, 33.38254 ], [ -114.72425, 33.40042 ], [ -114.72006, 33.40789 ], [ -114.67369, 33.41916 ], [ -114.65825, 33.41302 ], [ -114.62964, 33.42814 ], [ -114.62292, 33.45656 ], [ -114.58925, 33.50181 ], [ -114.56096, 33.51674 ], [ -114.55802, 33.53259 ], [ -114.52421, 33.55307 ], [ -114.54062, 33.59141 ], [ -114.52207, 33.61128 ], [ -114.53321, 33.64844 ], [ -114.51406, 33.66018 ], [ -114.53212, 33.6697 ], [ -114.52396, 33.68588 ], [ -114.49649, 33.6969 ], [ -114.49656, 33.71916 ], [ -114.51235, 33.73421 ], [ -114.50709, 33.76793 ], [ -114.52805, 33.81496 ], [ -114.51997, 33.82538 ], [ -114.52988, 33.85756 ], [ -114.50389, 33.86575 ], [ -114.50434, 33.87688 ], [ -114.52569, 33.90143 ], [ -114.50799, 33.90181 ], [ -114.53415, 33.92519 ], [ -114.522, 33.95562 ], [ -114.49988, 33.96179 ], [ -114.43827, 34.02261 ], [ -114.43934, 34.05789 ], [ -114.43418, 34.08738 ], [ -114.41591, 34.10764 ], [ -114.36652, 34.11858 ], [ -114.34805, 34.13446 ], [ -114.32458, 34.13676 ], [ -114.28672, 34.17072 ], [ -114.25414, 34.17383 ], [ -114.22971, 34.18693 ], [ -114.22586, 34.20177 ], [ -114.16448, 34.25167 ], [ -114.16465, 34.2597 ], [ -114.13545, 34.25789 ], [ -114.13828, 34.30323 ], [ -114.15721, 34.31786 ], [ -114.17691, 34.34931 ], [ -114.19948, 34.36137 ], [ -114.22611, 34.36592 ], [ -114.26291, 34.40037 ], [ -114.29115, 34.40978 ], [ -114.30102, 34.42681 ], [ -114.32688, 34.43805 ], [ -114.33963, 34.45144 ], [ -114.37122, 34.44699 ], [ -114.3867, 34.45791 ], [ -114.37812, 34.50729 ], [ -114.38084, 34.52972 ], [ -114.40523, 34.56964 ], [ -114.43636, 34.5968 ], [ -114.4242, 34.61045 ], [ -114.43874, 34.62146 ], [ -114.44236, 34.64415 ], [ -114.45809, 34.65869 ], [ -114.45061, 34.66579 ], [ -114.47162, 34.71297 ], [ -114.51662, 34.73675 ], [ -114.55268, 34.76687 ], [ -114.57185, 34.79634 ], [ -114.59234, 34.84115 ], [ -114.62828, 34.8636 ], [ -114.63677, 34.88571 ], [ -114.62981, 34.94481 ], [ -114.63495, 34.95892 ], [ -114.62939, 34.98317 ], [ -114.63349, 35.00186 ] ] ], [ [ [ -123.13944, 37.81672 ], [ -123.16911, 37.79237 ], [ -123.17293, 37.7636 ], [ -123.16275, 37.74353 ], [ -123.1326, 37.71939 ], [ -123.09285, 37.71369 ], [ -123.06859, 37.67304 ], [ -123.02715, 37.64522 ], [ -123.00091, 37.63993 ], [ -122.96301, 37.65198 ], [ -122.94907, 37.66338 ], [ -122.93571, 37.69762 ], [ -122.94998, 37.73219 ], [ -122.99754, 37.77078 ], [ -123.03384, 37.77838 ], [ -123.04882, 37.79982 ], [ -123.07049, 37.81383 ], [ -123.11829, 37.82306 ], [ -123.13944, 37.81672 ] ] ] ] } },
{ "type": "Feature", "properties": { "fid": 6, "ZoneCode": "080001", "AbrvFull": "CO", "NameFull": "Colorado", "ZoneNum": 1, "AbrvPart": null, "NamePart": null, "ZoneType": "Statewide", "StateAbrv": "CO", "StateName": "Colorado", "ProjAbrv": "LC1", "ProjType": "Lambert Conformal Conic, one parallel", "LatOrigin": "39°00'N", "LonOriginE": "254°30'E", "LonOriginW": "105°30'W", "Lat0_deg": 39.0, "Lon0_E_deg": 254.5, "Lon0_W_deg": -105.5, "ProjScale": 1.0, "SkewAz_deg": -9999, "FalseN_m": 381000.0, "FalseE_m": 952500.0, "FalseN_ift": 1250000.0, "FalseE_ift": 3125000.0, "DesignBy": "NGS", "Ref_frame": "NATRF2022" }, "geometry": { "type": "Polygon", "coordinates": [ [ [ -109.04517, 36.99898 ], [ -108.73904, 36.99884 ], [ -108.28827, 36.99974 ], [ -107.87814, 36.99971 ], [ -107.39486, 37.00023 ], [ -106.87723, 37.0001 ], [ -106.86982, 36.9925 ], [ -105.70785, 36.99592 ], [ -105.22051, 36.99497 ], [ -105.1208, 36.99543 ], [ -105.00055, 36.99326 ], [ -104.645, 36.99338 ], [ -104.61482, 36.99413 ], [ -104.33883, 36.99354 ], [ -104.25054, 36.99464 ], [ -103.62551, 36.99863 ], [ -103.00233, 37.00015 ], [ -102.98698, 36.99852 ], [ -102.81507, 36.99977 ], [ -102.69814, 36.99515 ], [ -102.37546, 36.99458 ], [ -102.04209, 36.99302 ], [ -102.04163, 37.6967 ], [ -102.04451, 37.98458 ], [ -102.04535, 38.8569 ], [ -102.04905, 39.37399 ], [ -102.05174, 40.00308 ], [ -102.05193, 40.21743 ], [ -102.05142, 40.74279 ], [ -102.05172, 41.00236 ], [ -102.98148, 41.00211 ], [ -103.00209, 41.00249 ], [ -104.05325, 41.00141 ], [ -104.17344, 41.00177 ], [ -104.62552, 41.00143 ], [ -104.88245, 40.99819 ], [ -105.25054, 40.99826 ], [ -105.75055, 40.9969 ], [ -106.21801, 40.99774 ], [ -106.43956, 41.00198 ], [ -106.85777, 41.00266 ], [ -107.00312, 41.00342 ], [ -107.75063, 41.00197 ], [ -108.04654, 41.00206 ], [ -108.25065, 41.00011 ], [ -108.88414, 41.00009 ], [ -109.05003, 41.00069 ], [ -109.04845, 40.82608 ], [ -109.04909, 40.7145 ], [ -109.04801, 40.58098 ], [ -109.05009, 40.5292 ], [ -109.0508, 40.37497 ], [ -109.0514, 39.51818 ], [ -109.05117, 39.1426 ], [ -109.05412, 38.87353 ], [ -109.05978, 38.7176 ], [ -109.06019, 38.27553 ], [ -109.04283, 38.16627 ], [ -109.04157, 37.56214 ], [ -109.04518, 37.40623 ], [ -109.04588, 37.18731 ], [ -109.04517, 36.99898 ] ] ] } },
{ "type": "Feature", "properties": { "fid": 7, "ZoneCode": "090001", "AbrvFull": "CT", "NameFull": "Connecticut", "ZoneNum": 1, "AbrvPart": null, "NamePart": null, "ZoneType": "Statewide", "StateAbrv": "CT", "StateName": "Connecticut", "ProjAbrv": "LC1", "ProjType": "Lambert Conformal Conic, one parallel", "LatOrigin": "41°30'N", "LonOriginE": "287°15'E", "LonOriginW": "72°45'W", "Lat0_deg": 41.5, "Lon0_E_deg": 287.25, "Lon0_W_deg": -72.75, "ProjScale": 0.99999, "SkewAz_deg": -9999, "FalseN_m": 457200.0, "FalseE_m": 762000.0, "FalseN_ift": 1500000.0, "FalseE_ift": 2500000.0, "DesignBy": "NGS", "Ref_frame": "NATRF2022" }, "geometry": { "type": "Polygon", "coordinates": [ [ [ -73.48732, 42.04953 ], [ -73.48961, 42.00009 ], [ -73.51096, 41.75875 ], [ -73.52104, 41.61977 ], [ -73.53633, 41.44663 ], [ -73.55096, 41.29542 ], [ -73.48269, 41.21277 ], [ -73.72777, 41.1007 ], [ -73.65524, 41.01185 ], [ -73.65677, 40.98451 ], [ -73.61288, 40.95094 ], [ -73.37456, 41.00106 ], [ -73.24956, 41.02587 ], [ -72.99955, 41.08711 ], [ -72.5279, 41.17777 ], [ -72.08177, 41.26224 ], [ -72.01921, 41.29059 ], [ -71.92945, 41.31039 ], [ -71.90726, 41.30448 ], [ -71.89207, 41.33008 ], [ -71.85746, 41.32079 ], [ -71.82936, 41.34243 ], [ -71.83763, 41.3655 ], [ -71.83259, 41.38639 ], [ -71.84203, 41.41071 ], [ -71.82033, 41.41938 ], [ -71.79775, 41.41683 ], [ -71.78725, 41.65607 ], [ -71.79788, 41.93101 ], [ -71.79919, 42.00805 ], [ -71.80067, 42.02351 ], [ -72.07183, 42.02764 ], [ -72.14315, 42.03052 ], [ -72.53155, 42.03458 ], [ -72.60717, 42.02515 ], [ -72.60798, 42.03108 ], [ -72.69933, 42.03696 ], [ -72.75589, 42.03635 ], [ -72.76673, 42.00327 ], [ -72.81705, 41.99769 ], [ -72.81378, 42.03674 ], [ -73.0368, 42.03929 ], [ -73.42851, 42.05048 ], [ -73.48732, 42.04953 ] ] ] } },
{ "type": "Feature", "properties": { "fid": 8, "ZoneCode": "100001", "AbrvFull": "DE", "NameFull": "Delaware", "ZoneNum": 1, "AbrvPart": null, "NamePart": null, "ZoneType": "Statewide", "StateAbrv": "DE", "StateName": "Delaware", "ProjAbrv": "TM", "ProjType": "Transverse Mercator", "LatOrigin": "37°00'N", "LonOriginE": "284°36'E", "LonOriginW": "75°24'W", "Lat0_deg": 37.0, "Lon0_E_deg": 284.6, "Lon0_W_deg": -75.4, "ProjScale": 0.999994, "SkewAz_deg": -9999, "FalseN_m": 0.0, "FalseE_m": 381000.0, "FalseN_ift": 0.0, "FalseE_ift": 1250000.0, "DesignBy": "NGS", "Ref_frame": "NATRF2022" }, "geometry": { "type": "Polygon", "coordinates": [ [ [ -75.01512, 38.78866 ], [ -75.16846, 39.05618 ], [ -75.19167, 39.079 ], [ -75.24902, 39.15895 ], [ -75.32102, 39.25138 ], [ -75.44475, 39.35509 ], [ -75.56054, 39.45565 ], [ -75.55909, 39.49581 ], [ -75.52786, 39.49814 ], [ -75.52667, 39.53022 ], [ -75.53341, 39.54204 ], [ -75.51196, 39.56729 ], [ -75.51277, 39.57829 ], [ -75.5534, 39.60177 ], [ -75.55877, 39.62999 ], [ -75.53352, 39.64756 ], [ -75.51219, 39.67177 ], [ -75.50987, 39.69392 ], [ -75.48838, 39.71471 ], [ -75.47652, 39.7161 ], [ -75.47569, 39.73366 ], [ -75.45944, 39.76581 ], [ -75.4383, 39.7844 ], [ -75.40541, 39.7964 ], [ -75.41506, 39.80192 ], [ -75.48104, 39.82932 ], [ -75.53498, 39.83853 ], [ -75.58311, 39.83864 ], [ -75.64234, 39.82822 ], [ -75.6666, 39.81996 ], [ -75.7195, 39.79037 ], [ -75.75406, 39.75618 ], [ -75.77379, 39.7222 ], [ -75.7886, 39.7222 ], [ -75.78852, 39.64813 ], [ -75.75379, 39.21876 ], [ -75.69367, 38.46008 ], [ -75.5094, 38.45428 ], [ -75.39371, 38.45212 ], [ -75.23211, 38.45122 ], [ -74.98628, 38.45163 ], [ -74.98517, 38.52817 ], [ -74.99352, 38.6125 ], [ -75.00197, 38.63168 ], [ -75.00302, 38.68596 ], [ -75.01421, 38.74504 ], [ -75.01512, 38.78866 ] ] ] } },
{ "type": "Feature", "properties": { "fid": 9, "ZoneCode": "110001", "AbrvFull": "DC", "NameFull": "District of Columbia", "ZoneNum": 1, "AbrvPart": null, "NamePart": null, "ZoneType": "Statewide", "StateAbrv": "DC", "StateName": "District of Columbia", "ProjAbrv": "OMC", "ProjType": "Hotine Oblique Mercator, center", "LatOrigin": "38°57'N", "LonOriginE": "282°57'E", "LonOriginW": "77°03'W", "Lat0_deg": 38.95, "Lon0_E_deg": 282.95, "Lon0_W_deg": -77.05, "ProjScale": 1.000003, "SkewAz_deg": 50, "FalseN_m": 114300.0, "FalseE_m": 266700.0, "FalseN_ift": 375000.0, "FalseE_ift": 875000.0, "DesignBy": "NGS", "Ref_frame": "NATRF2022" }, "geometry": { "type": "Polygon", "coordinates": [ [ [ -77.03901, 38.79165 ], [ -76.90939, 38.89285 ], [ -77.04088, 38.99585 ], [ -77.11976, 38.93434 ], [ -77.10305, 38.91275 ], [ -77.06774, 38.89954 ], [ -77.0592, 38.88099 ], [ -77.04023, 38.87091 ], [ -77.03284, 38.85503 ], [ -77.03901, 38.79165 ] ] ] } },
{ "type": "Feature", "properties": { "fid": 10, "ZoneCode": "120001", "AbrvFull": "FL", "NameFull": "Florida", "ZoneNum": 1, "AbrvPart": null, "NamePart": null, "ZoneType": "Statewide", "StateAbrv": "FL", "StateName": "Florida", "ProjAbrv": "OMC", "ProjType": "Hotine Oblique Mercator, center", "LatOrigin": "29°30'N", "LonOriginE": "276°30'E", "LonOriginW": "83°30'W", "Lat0_deg": 29.5, "Lon0_E_deg": 276.5, "Lon0_W_deg": -83.5, "ProjScale": 0.9997, "SkewAz_deg": -40, "FalseN_m": 990600.0, "FalseE_m": 1676400.0, "FalseN_ift": 3250000.0, "FalseE_ift": 5500000.0, "DesignBy": "NGS", "Ref_frame": "NATRF2022" }, "geometry": { "type": "MultiPolygon", "coordinates": [ [ [ [ -83.10352, 24.65799 ], [ -83.10891, 24.61109 ], [ -83.10353, 24.57996 ], [ -83.08256, 24.53687 ], [ -83.05248, 24.50519 ], [ -82.99988, 24.47698 ], [ -82.99974, 24.58392 ], [ -82.982, 24.58377 ], [ -82.96026, 24.57146 ], [ -82.91412, 24.57597 ], [ -82.88505, 24.56338 ], [ -82.84849, 24.5676 ], [ -82.82818, 24.58377 ], [ -82.65668, 24.58371 ], [ -82.64149, 24.62871 ], [ -82.63991, 24.65491 ], [ -82.65508, 24.71332 ], [ -82.67998, 24.74851 ], [ -82.72189, 24.7802 ], [ -82.7561, 24.79385 ], [ -82.78993, 24.79991 ], [ -82.86889, 24.79809 ], [ -82.94546, 24.78496 ], [ -83.00477, 24.76451 ], [ -83.05238, 24.73273 ], [ -83.08845, 24.69205 ], [ -83.10352, 24.65799 ] ] ], [ [ [ -87.51835, 30.22951 ], [ -87.51837, 30.12553 ], [ -87.38012, 30.15098 ], [ -87.30281, 30.1683 ], [ -87.25829, 30.16542 ], [ -87.18002, 30.17244 ], [ -87.12004, 30.18059 ], [ -87.01234, 30.20106 ], [ -86.8556, 30.22792 ], [ -86.71348, 30.24363 ], [ -86.64058, 30.24631 ], [ -86.5913, 30.24282 ], [ -86.51951, 30.23134 ], [ -86.4456, 30.23231 ], [ -86.38501, 30.22522 ], [ -86.30638, 30.2094 ], [ -86.1498, 30.16291 ], [ -86.07407, 30.13519 ], [ -86.0055, 30.10606 ], [ -85.93114, 30.06696 ], [ -85.87286, 30.03079 ], [ -85.8502, 30.0092 ], [ -85.80356, 29.97816 ], [ -85.74152, 29.94781 ], [ -85.70979, 29.93584 ], [ -85.63173, 29.86458 ], [ -85.58962, 29.83756 ], [ -85.58648, 29.79091 ], [ -85.57024, 29.72102 ], [ -85.55732, 29.68435 ], [ -85.53199, 29.62823 ], [ -85.50455, 29.58781 ], [ -85.47088, 29.55141 ], [ -85.43134, 29.52507 ], [ -85.37285, 29.50701 ], [ -85.33543, 29.5055 ], [ -85.28501, 29.51506 ], [ -85.25967, 29.52481 ], [ -85.20406, 29.49393 ], [ -85.17712, 29.48516 ], [ -85.14363, 29.46059 ], [ -85.11267, 29.44641 ], [ -85.07043, 29.43698 ], [ -85.03631, 29.4365 ], [ -84.98501, 29.44555 ], [ -84.89636, 29.47121 ], [ -84.86755, 29.48362 ], [ -84.7875, 29.5259 ], [ -84.72689, 29.54493 ], [ -84.68935, 29.56264 ], [ -84.64378, 29.59274 ], [ -84.58868, 29.64074 ], [ -84.54847, 29.65324 ], [ -84.48056, 29.68389 ], [ -84.46016, 29.69844 ], [ -84.41995, 29.74696 ], [ -84.36342, 29.74351 ], [ -84.31488, 29.74946 ], [ -84.25287, 29.77158 ], [ -84.22293, 29.79222 ], [ -84.20231, 29.81315 ], [ -84.18199, 29.84436 ], [ -84.16891, 29.8755 ], [ -84.1608, 29.92127 ], [ -84.12581, 29.92459 ], [ -84.06492, 29.94008 ], [ -84.03829, 29.91818 ], [ -83.97264, 29.88642 ], [ -83.93784, 29.85346 ], [ -83.90866, 29.8369 ], [ -83.87524, 29.82536 ], [ -83.83029, 29.81972 ], [ -83.7809, 29.79004 ], [ -83.75747, 29.75321 ], [ -83.7489, 29.71461 ], [ -83.71007, 29.64919 ], [ -83.68733, 29.62609 ], [ -83.64354, 29.59969 ], [ -83.6144, 29.58842 ], [ -83.58207, 29.56332 ], [ -83.56545, 29.46205 ], [ -83.5509, 29.43115 ], [ -83.53343, 29.40846 ], [ -83.50493, 29.38423 ], [ -83.43566, 29.3497 ], [ -83.40251, 29.31692 ], [ -83.35503, 29.28828 ], [ -83.34679, 29.24349 ], [ -83.33311, 29.21594 ], [ -83.29873, 29.17803 ], [ -83.26208, 29.15572 ], [ -83.2647, 29.12749 ], [ -83.25702, 29.08489 ], [ -83.21863, 29.01692 ], [ -83.1921, 28.98984 ], [ -83.16027, 28.96888 ], [ -83.11744, 28.95195 ], [ -83.08218, 28.94619 ], [ -83.02167, 28.94536 ], [ -82.97845, 28.95181 ], [ -82.94557, 28.96375 ], [ -82.94427, 28.91584 ], [ -82.92887, 28.87621 ], [ -82.9158, 28.8565 ], [ -82.92718, 28.81358 ], [ -82.9205, 28.75715 ], [ -82.89042, 28.7 ], [ -82.87756, 28.64182 ], [ -82.86791, 28.61503 ], [ -82.83914, 28.57458 ], [ -82.85319, 28.542 ], [ -82.85823, 28.50756 ], [ -82.85543, 28.47721 ], [ -82.87094, 28.44526 ], [ -82.87761, 28.41268 ], [ -82.89736, 28.35701 ], [ -82.95378, 28.3317 ], [ -82.98381, 28.30609 ], [ -83.00916, 28.26807 ], [ -83.01942, 28.23637 ], [ -83.02141, 28.19224 ], [ -83.01251, 28.13374 ], [ -83.00682, 28.05404 ], [ -82.99924, 28.02687 ], [ -82.99845, 27.99026 ], [ -83.01408, 27.93344 ], [ -83.01998, 27.89341 ], [ -83.01795, 27.84836 ], [ -83.01044, 27.81564 ], [ -82.99389, 27.77767 ], [ -82.9655, 27.73391 ], [ -82.91522, 27.68413 ], [ -82.91739, 27.66282 ], [ -82.93284, 27.61653 ], [ -82.93348, 27.56635 ], [ -82.92474, 27.5321 ], [ -82.88982, 27.45702 ], [ -82.86162, 27.42373 ], [ -82.83625, 27.36159 ], [ -82.81016, 27.33072 ], [ -82.78629, 27.31066 ], [ -82.73465, 27.24682 ], [ -82.7109, 27.19485 ], [ -82.67054, 27.15444 ], [ -82.63531, 27.08773 ], [ -82.62843, 27.06375 ], [ -82.60032, 27.0014 ], [ -82.54882, 26.91529 ], [ -82.49878, 26.83573 ], [ -82.44505, 26.76463 ], [ -82.43157, 26.73615 ], [ -82.43317, 26.68683 ], [ -82.42798, 26.64508 ], [ -82.41514, 26.61327 ], [ -82.3903, 26.57525 ], [ -82.37746, 26.53219 ], [ -82.35964, 26.50273 ], [ -82.34706, 26.44947 ], [ -82.33457, 26.41987 ], [ -82.30375, 26.37524 ], [ -82.28055, 26.35413 ], [ -82.2185, 26.31085 ], [ -82.16932, 26.28846 ], [ -82.11233, 26.27388 ], [ -82.07617, 26.27179 ], [ -82.03337, 26.27625 ], [ -82.00546, 26.28443 ], [ -81.98529, 26.21318 ], [ -81.98011, 26.15235 ], [ -81.97343, 26.12675 ], [ -81.96802, 26.06959 ], [ -81.95756, 26.03478 ], [ -81.91843, 25.95273 ], [ -81.90773, 25.9004 ], [ -81.8707, 25.82948 ], [ -81.84202, 25.79451 ], [ -81.81737, 25.74999 ], [ -81.78767, 25.71578 ], [ -81.75138, 25.69161 ], [ -81.72389, 25.6806 ], [ -81.67673, 25.67239 ], [ -81.63007, 25.67268 ], [ -81.57623, 25.68604 ], [ -81.51902, 25.65694 ], [ -81.5066, 25.61939 ], [ -81.46788, 25.57396 ], [ -81.42541, 25.5516 ], [ -81.38477, 25.49701 ], [ -81.36051, 25.43182 ], [ -81.3252, 25.39062 ], [ -81.31491, 25.35155 ], [ -81.34243, 25.24942 ], [ -81.34155, 25.21881 ], [ -81.32854, 25.17641 ], [ -81.3048, 25.13242 ], [ -81.29293, 25.09322 ], [ -81.27806, 25.0687 ], [ -81.24358, 25.0355 ], [ -81.21427, 25.01918 ], [ -81.18858, 24.9948 ], [ -81.17035, 24.96214 ], [ -81.21196, 24.98033 ], [ -81.26575, 24.98642 ], [ -81.35038, 24.97048 ], [ -81.41348, 24.97813 ], [ -81.48849, 24.96635 ], [ -81.50763, 24.95977 ], [ -81.58131, 24.92376 ], [ -81.62159, 24.89722 ], [ -81.64807, 24.88957 ], [ -81.69158, 24.86293 ], [ -81.76188, 24.82875 ], [ -81.77824, 24.81538 ], [ -81.81421, 24.80639 ], [ -81.89429, 24.76365 ], [ -81.9468, 24.75755 ], [ -81.97769, 24.74965 ], [ -82.02695, 24.72572 ], [ -82.07325, 24.74137 ], [ -82.13034, 24.74802 ], [ -82.20073, 24.73817 ], [ -82.23771, 24.72005 ], [ -82.26277, 24.6989 ], [ -82.28734, 24.67006 ], [ -82.30809, 24.63704 ], [ -82.3265, 24.58373 ], [ -82.21545, 24.58376 ], [ -82.21955, 24.54043 ], [ -82.2032, 24.51335 ], [ -82.16605, 24.49699 ], [ -82.10033, 24.5 ], [ -82.06717, 24.52372 ], [ -82.05107, 24.49684 ], [ -82.02348, 24.47786 ], [ -81.97441, 24.47121 ], [ -81.97977, 24.43166 ], [ -81.96732, 24.41196 ], [ -81.94644, 24.39935 ], [ -81.91113, 24.39779 ], [ -81.89426, 24.40574 ], [ -81.8669, 24.40359 ], [ -81.81352, 24.41764 ], [ -81.78898, 24.43948 ], [ -81.78181, 24.46093 ], [ -81.79236, 24.49561 ], [ -81.77081, 24.49687 ], [ -81.77439, 24.4793 ], [ -81.76287, 24.44964 ], [ -81.74869, 24.43778 ], [ -81.71183, 24.42973 ], [ -81.61026, 24.45431 ], [ -81.58583, 24.47109 ], [ -81.56496, 24.47278 ], [ -81.53992, 24.48603 ], [ -81.51909, 24.51725 ], [ -81.52785, 24.55328 ], [ -81.51461, 24.56476 ], [ -81.47473, 24.55346 ], [ -81.45161, 24.55553 ], [ -81.42064, 24.57057 ], [ -81.38543, 24.56993 ], [ -81.29345, 24.59672 ], [ -81.25448, 24.60363 ], [ -81.23991, 24.61706 ], [ -81.20426, 24.63119 ], [ -81.18404, 24.63121 ], [ -81.14769, 24.64906 ], [ -81.12479, 24.63661 ], [ -81.07652, 24.63338 ], [ -81.04765, 24.64024 ], [ -81.02258, 24.66528 ], [ -80.99979, 24.66891 ], [ -80.91891, 24.71307 ], [ -80.89329, 24.71645 ], [ -80.85223, 24.74893 ], [ -80.81247, 24.76121 ], [ -80.78337, 24.76126 ], [ -80.74511, 24.78888 ], [ -80.70881, 24.80469 ], [ -80.67481, 24.82561 ], [ -80.65234, 24.8314 ], [ -80.6199, 24.85459 ], [ -80.58545, 24.88933 ], [ -80.53816, 24.91273 ], [ -80.51434, 24.94063 ], [ -80.4695, 24.95176 ], [ -80.45336, 24.9637 ], [ -80.4391, 24.99799 ], [ -80.40933, 25.01268 ], [ -80.39282, 25.03543 ], [ -80.39043, 25.05719 ], [ -80.35778, 25.0729 ], [ -80.33332, 25.0992 ], [ -80.3029, 25.14492 ], [ -80.29483, 25.17167 ], [ -80.22495, 25.28432 ], [ -80.18697, 25.33343 ], [ -80.17656, 25.36687 ], [ -80.15164, 25.39746 ], [ -80.1391, 25.4331 ], [ -80.11709, 25.44182 ], [ -80.09838, 25.46309 ], [ -80.09506, 25.49339 ], [ -80.11515, 25.52287 ], [ -80.10354, 25.57074 ], [ -80.10777, 25.60663 ], [ -80.09178, 25.72111 ], [ -80.07315, 25.74299 ], [ -80.06307, 25.85602 ], [ -80.06572, 25.88124 ], [ -80.06335, 25.9744 ], [ -80.05453, 26.07312 ], [ -80.03811, 26.19674 ], [ -80.02463, 26.25124 ], [ -80.01528, 26.32096 ], [ -80.01436, 26.36224 ], [ -80.00615, 26.43281 ], [ -79.98854, 26.52726 ], [ -79.98065, 26.59545 ], [ -79.9813, 26.65027 ], [ -79.97473, 26.70823 ], [ -79.97965, 26.75034 ], [ -79.97542, 26.80025 ], [ -79.99646, 26.88181 ], [ -80.0391, 27.02985 ], [ -80.06338, 27.0916 ], [ -80.08095, 27.12533 ], [ -80.09541, 27.18064 ], [ -80.1271, 27.23937 ], [ -80.189, 27.37532 ], [ -80.21335, 27.42472 ], [ -80.22796, 27.463 ], [ -80.2293, 27.48563 ], [ -80.24579, 27.51017 ], [ -80.26109, 27.54914 ], [ -80.28135, 27.62117 ], [ -80.29646, 27.65341 ], [ -80.32811, 27.75031 ], [ -80.39944, 27.89147 ], [ -80.42901, 27.94148 ], [ -80.49977, 28.07726 ], [ -80.53417, 28.23417 ], [ -80.544, 28.27109 ], [ -80.53417, 28.3357 ], [ -80.51943, 28.39108 ], [ -80.48121, 28.42551 ], [ -80.46939, 28.4531 ], [ -80.47805, 28.49245 ], [ -80.50358, 28.54036 ], [ -80.52297, 28.60824 ], [ -80.63557, 28.75027 ], [ -80.72183, 28.875 ], [ -80.87481, 29.10597 ], [ -80.90684, 29.14471 ], [ -80.94017, 29.21173 ], [ -80.95578, 29.25026 ], [ -80.99978, 29.33682 ], [ -81.04571, 29.43246 ], [ -81.04192, 29.43289 ], [ -81.08519, 29.52886 ], [ -81.11981, 29.59673 ], [ -81.14914, 29.66614 ], [ -81.1674, 29.7231 ], [ -81.1864, 29.76008 ], [ -81.20518, 29.82243 ], [ -81.20927, 29.87525 ], [ -81.22385, 29.92156 ], [ -81.23517, 29.94227 ], [ -81.25513, 30.00025 ], [ -81.28531, 30.12524 ], [ -81.31598, 30.23612 ], [ -81.33063, 30.29948 ], [ -81.33538, 30.36129 ], [ -81.32156, 30.37857 ], [ -81.3169, 30.40772 ], [ -81.32488, 30.42474 ], [ -81.35357, 30.44666 ], [ -81.35488, 30.49275 ], [ -81.375, 30.53276 ], [ -81.38028, 30.56323 ], [ -81.38087, 30.62735 ], [ -81.3734, 30.66278 ], [ -81.35817, 30.67598 ], [ -81.34701, 30.71244 ], [ -81.46401, 30.71098 ], [ -81.48482, 30.72511 ], [ -81.53369, 30.72306 ], [ -81.53866, 30.70869 ], [ -81.57239, 30.7219 ], [ -81.60605, 30.71868 ], [ -81.6515, 30.74068 ], [ -81.67352, 30.73879 ], [ -81.69241, 30.74764 ], [ -81.71811, 30.74481 ], [ -81.74028, 30.76425 ], [ -81.77006, 30.77707 ], [ -81.78142, 30.7614 ], [ -81.79262, 30.78678 ], [ -81.83948, 30.78659 ], [ -81.88186, 30.79996 ], [ -81.89291, 30.82551 ], [ -81.90836, 30.81599 ], [ -81.92811, 30.81742 ], [ -81.93883, 30.82985 ], [ -81.96441, 30.81668 ], [ -81.96226, 30.79668 ], [ -81.97739, 30.77684 ], [ -82.00829, 30.79106 ], [ -82.02227, 30.78814 ], [ -82.0116, 30.76188 ], [ -82.03677, 30.75443 ], [ -82.03593, 30.70621 ], [ -82.05022, 30.67454 ], [ -82.03905, 30.64322 ], [ -82.00616, 30.57728 ], [ -82.01863, 30.52383 ], [ -82.01691, 30.47511 ], [ -82.03823, 30.43578 ], [ -82.03406, 30.42003 ], [ -82.0447, 30.40413 ], [ -82.03722, 30.37185 ], [ -82.06658, 30.356 ], [ -82.10502, 30.36882 ], [ -82.17162, 30.35992 ], [ -82.1903, 30.37628 ], [ -82.21073, 30.42564 ], [ -82.20124, 30.48511 ], [ -82.22507, 30.50769 ], [ -82.2404, 30.53777 ], [ -82.23419, 30.55765 ], [ -82.21468, 30.56856 ], [ -82.4958, 30.58649 ], [ -83.49992, 30.64567 ], [ -83.87778, 30.66573 ], [ -84.37489, 30.68979 ], [ -84.47441, 30.69279 ], [ -84.54331, 30.69699 ], [ -84.86469, 30.71154 ], [ -84.89762, 30.75139 ], [ -84.91112, 30.75119 ], [ -84.91802, 30.77809 ], [ -84.93682, 30.81849 ], [ -84.92572, 30.84379 ], [ -84.93372, 30.85209 ], [ -84.94252, 30.88849 ], [ -84.98363, 30.93599 ], [ -84.98043, 30.96209 ], [ -85.00403, 30.97347 ], [ -85.0025, 31.00069 ], [ -85.24363, 31.00088 ], [ -85.49799, 30.99693 ], [ -85.74962, 30.99529 ], [ -85.87493, 30.99362 ], [ -86.12154, 30.99288 ], [ -86.18082, 30.99401 ], [ -86.4051, 30.99442 ], [ -86.5202, 30.99326 ], [ -86.56344, 30.99522 ], [ -86.70448, 30.99467 ], [ -86.72358, 30.99657 ], [ -87.14075, 30.99953 ], [ -87.23768, 30.99639 ], [ -87.31195, 30.99844 ], [ -87.59883, 30.99746 ], [ -87.58886, 30.96579 ], [ -87.62027, 30.8874 ], [ -87.63479, 30.86671 ], [ -87.62622, 30.84666 ], [ -87.60079, 30.82129 ], [ -87.57722, 30.80878 ], [ -87.55131, 30.78569 ], [ -87.53256, 30.7432 ], [ -87.5015, 30.72109 ], [ -87.4819, 30.71731 ], [ -87.46808, 30.70021 ], [ -87.45131, 30.69959 ], [ -87.40636, 30.67444 ], [ -87.39329, 30.62722 ], [ -87.41793, 30.5624 ], [ -87.43488, 30.54943 ], [ -87.4477, 30.51046 ], [ -87.42858, 30.4897 ], [ -87.43558, 30.4805 ], [ -87.41468, 30.4573 ], [ -87.37077, 30.44687 ], [ -87.36938, 30.43195 ], [ -87.40778, 30.4089 ], [ -87.42438, 30.4098 ], [ -87.44068, 30.3915 ], [ -87.45078, 30.347 ], [ -87.46108, 30.3353 ], [ -87.49998, 30.32896 ], [ -87.50558, 30.3111 ], [ -87.48368, 30.3048 ], [ -87.45008, 30.3111 ], [ -87.45238, 30.3002 ], [ -87.51838, 30.2839 ], [ -87.51835, 30.22951 ] ] ] ] } },
{ "type": "Feature", "properties": { "fid": 11, "ZoneCode": "130001", "AbrvFull": "GA", "NameFull": "Georgia", "ZoneNum": 1, "AbrvPart": null, "NamePart": null, "ZoneType": "Statewide", "StateAbrv": "GA", "StateName": "Georgia", "ProjAbrv": "TM", "ProjType": "Transverse Mercator", "LatOrigin": "26°30'N", "LonOriginE": "276°54'E", "LonOriginW": "83°06'W", "Lat0_deg": 26.5, "Lon0_E_deg": 276.9, "Lon0_W_deg": -83.1, "ProjScale": 0.9998, "SkewAz_deg": -9999, "FalseN_m": 0.0, "FalseE_m": 1219200.0, "FalseN_ift": 0.0, "FalseE_ift": 4000000.0, "DesignBy": "NGS", "Ref_frame": "NATRF2022" }, "geometry": { "type": "Polygon", "coordinates": [ [ [ -81.34701, 30.71244 ], [ -81.35477, 30.73847 ], [ -81.36742, 30.75251 ], [ -81.40048, 30.76643 ], [ -81.37481, 30.81738 ], [ -81.3502, 30.88911 ], [ -81.34521, 30.9315 ], [ -81.31753, 30.9485 ], [ -81.3073, 30.96223 ], [ -81.30478, 30.98571 ], [ -81.31303, 31.00024 ], [ -81.3445, 31.01811 ], [ -81.35342, 31.03712 ], [ -81.34531, 31.05936 ], [ -81.3225, 31.0638 ], [ -81.29787, 31.08095 ], [ -81.28588, 31.10944 ], [ -81.29214, 31.15542 ], [ -81.25729, 31.15845 ], [ -81.23434, 31.17026 ], [ -81.21626, 31.20465 ], [ -81.18767, 31.24626 ], [ -81.18277, 31.26585 ], [ -81.18612, 31.3268 ], [ -81.17198, 31.3553 ], [ -81.17255, 31.37683 ], [ -81.19076, 31.39988 ], [ -81.16694, 31.42345 ], [ -81.16355, 31.44203 ], [ -81.14384, 31.47152 ], [ -81.12543, 31.47754 ], [ -81.10714, 31.49663 ], [ -81.08707, 31.52916 ], [ -81.07668, 31.59795 ], [ -81.06583, 31.62523 ], [ -81.06963, 31.64241 ], [ -81.04979, 31.68863 ], [ -81.05662, 31.71488 ], [ -81.02582, 31.72023 ], [ -80.9972, 31.7485 ], [ -80.97073, 31.79835 ], [ -80.93832, 31.80901 ], [ -80.91682, 31.83838 ], [ -80.89699, 31.85281 ], [ -80.85534, 31.91081 ], [ -80.81927, 31.93386 ], [ -80.78984, 31.96439 ], [ -80.78296, 31.99595 ], [ -80.81558, 32.02992 ], [ -80.85024, 32.04142 ], [ -80.89028, 32.03556 ], [ -80.92508, 32.04194 ], [ -80.95403, 32.07029 ], [ -80.98351, 32.07955 ], [ -81.0043, 32.10237 ], [ -81.03812, 32.08373 ], [ -81.08827, 32.09993 ], [ -81.09551, 32.11189 ], [ -81.11722, 32.1176 ], [ -81.11733, 32.1462 ], [ -81.12976, 32.16584 ], [ -81.11824, 32.1892 ], [ -81.15577, 32.24579 ], [ -81.14643, 32.26317 ], [ -81.11978, 32.28637 ], [ -81.12263, 32.30699 ], [ -81.133, 32.30851 ], [ -81.13163, 32.33573 ], [ -81.14132, 32.35009 ], [ -81.17379, 32.36268 ], [ -81.17828, 32.39299 ], [ -81.20557, 32.42389 ], [ -81.20847, 32.43618 ], [ -81.18861, 32.46531 ], [ -81.20041, 32.46831 ], [ -81.23311, 32.49807 ], [ -81.23342, 32.51796 ], [ -81.25107, 32.51781 ], [ -81.27952, 32.53623 ], [ -81.27491, 32.54476 ], [ -81.28986, 32.56208 ], [ -81.31912, 32.5596 ], [ -81.35593, 32.57161 ], [ -81.35803, 32.58221 ], [ -81.37888, 32.58891 ], [ -81.41866, 32.62939 ], [ -81.39303, 32.65154 ], [ -81.41054, 32.69251 ], [ -81.42708, 32.70104 ], [ -81.41667, 32.71228 ], [ -81.41854, 32.73259 ], [ -81.40587, 32.74914 ], [ -81.41184, 32.76215 ], [ -81.43194, 32.76891 ], [ -81.42333, 32.77851 ], [ -81.42815, 32.80152 ], [ -81.42062, 32.83122 ], [ -81.42647, 32.84077 ], [ -81.45706, 32.85039 ], [ -81.45135, 32.86858 ], [ -81.47944, 32.88108 ], [ -81.4832, 32.9218 ], [ -81.50272, 32.93869 ], [ -81.51116, 32.96799 ], [ -81.49983, 32.96382 ], [ -81.49877, 33.00016 ], [ -81.4919, 33.00669 ], [ -81.51059, 33.02581 ], [ -81.57833, 33.05894 ], [ -81.6033, 33.07509 ], [ -81.61499, 33.09555 ], [ -81.64543, 33.09405 ], [ -81.67943, 33.11175 ], [ -81.70463, 33.11645 ], [ -81.74383, 33.14145 ], [ -81.76273, 33.15885 ], [ -81.76773, 33.18465 ], [ -81.75693, 33.19785 ], [ -81.76793, 33.21635 ], [ -81.80524, 33.21144 ], [ -81.85282, 33.24854 ], [ -81.83574, 33.26265 ], [ -81.84654, 33.28444 ], [ -81.86334, 33.28984 ], [ -81.84604, 33.30484 ], [ -81.86654, 33.31374 ], [ -81.88144, 33.30284 ], [ -81.90095, 33.33544 ], [ -81.90613, 33.32162 ], [ -81.94614, 33.37094 ], [ -81.92498, 33.37514 ], [ -81.94448, 33.40367 ], [ -81.91022, 33.41457 ], [ -81.93139, 33.42847 ], [ -81.91313, 33.43833 ], [ -81.93414, 33.46834 ], [ -81.98594, 33.48654 ], [ -82.00983, 33.53031 ], [ -82.04633, 33.56383 ], [ -82.09202, 33.58186 ], [ -82.10624, 33.59564 ], [ -82.13352, 33.59054 ], [ -82.15833, 33.60971 ], [ -82.17435, 33.61312 ], [ -82.19658, 33.63058 ], [ -82.20016, 33.66201 ], [ -82.23432, 33.69984 ], [ -82.24747, 33.75259 ], [ -82.29939, 33.78504 ], [ -82.30021, 33.80063 ], [ -82.34693, 33.8343 ], [ -82.36911, 33.84238 ], [ -82.40835, 33.86632 ], [ -82.42281, 33.86376 ], [ -82.4551, 33.88165 ], [ -82.49481, 33.91171 ], [ -82.52451, 33.94336 ], [ -82.55676, 33.94532 ], [ -82.57955, 33.97969 ], [ -82.57533, 33.99056 ], [ -82.59531, 34.01522 ], [ -82.59389, 34.02811 ], [ -82.62791, 34.06419 ], [ -82.64552, 34.07607 ], [ -82.64017, 34.08733 ], [ -82.65873, 34.10377 ], [ -82.67522, 34.12978 ], [ -82.71746, 34.15055 ], [ -82.74058, 34.20727 ], [ -82.74681, 34.26659 ], [ -82.78213, 34.29828 ], [ -82.79431, 34.34013 ], [ -82.83357, 34.36409 ], [ -82.83597, 34.38091 ], [ -82.8644, 34.45979 ], [ -82.90155, 34.48676 ], [ -82.92591, 34.48153 ], [ -82.99068, 34.47997 ], [ -82.99919, 34.47245 ], [ -83.03456, 34.48357 ], [ -83.0587, 34.50358 ], [ -83.08678, 34.51577 ], [ -83.07791, 34.52377 ], [ -83.10305, 34.53297 ], [ -83.12638, 34.5619 ], [ -83.14318, 34.5734 ], [ -83.17258, 34.6078 ], [ -83.19738, 34.6032 ], [ -83.24338, 34.618 ], [ -83.25528, 34.6377 ], [ -83.29318, 34.6543 ], [ -83.30464, 34.66956 ], [ -83.3389, 34.68004 ], [ -83.35269, 34.7169 ], [ -83.34907, 34.73663 ], [ -83.32631, 34.75084 ], [ -83.31902, 34.7711 ], [ -83.32415, 34.78748 ], [ -83.30298, 34.8023 ], [ -83.28865, 34.82467 ], [ -83.27054, 34.81887 ], [ -83.2672, 34.84847 ], [ -83.25099, 34.84434 ], [ -83.24321, 34.87706 ], [ -83.20625, 34.87968 ], [ -83.15897, 34.92914 ], [ -83.14152, 34.92452 ], [ -83.12691, 34.93857 ], [ -83.11175, 34.93496 ], [ -83.12678, 34.95472 ], [ -83.09883, 34.99196 ], [ -83.10861, 35.00066 ], [ -83.3023, 34.99622 ], [ -83.62005, 34.99203 ], [ -83.61995, 34.98667 ], [ -83.74989, 34.98784 ], [ -84.03233, 34.98703 ], [ -84.32182, 34.98841 ], [ -84.95277, 34.98794 ], [ -85.46651, 34.98297 ], [ -85.60516, 34.98468 ], [ -85.59697, 34.93377 ], [ -85.56142, 34.75008 ], [ -85.52726, 34.58868 ], [ -85.47045, 34.32824 ], [ -85.43638, 34.15808 ], [ -85.40675, 34.00231 ], [ -85.30444, 33.48288 ], [ -85.23311, 33.11171 ], [ -85.18474, 32.87051 ], [ -85.18399, 32.86049 ], [ -85.16231, 32.85648 ], [ -85.15458, 32.83981 ], [ -85.16853, 32.82714 ], [ -85.16794, 32.81161 ], [ -85.12233, 32.77438 ], [ -85.14298, 32.76165 ], [ -85.13314, 32.74463 ], [ -85.11317, 32.73281 ], [ -85.12274, 32.71603 ], [ -85.11234, 32.68323 ], [ -85.08848, 32.65776 ], [ -85.10543, 32.64493 ], [ -85.08274, 32.63404 ], [ -85.08224, 32.61626 ], [ -85.0672, 32.57931 ], [ -85.02131, 32.54308 ], [ -85.00153, 32.51474 ], [ -84.99353, 32.45074 ], [ -84.97183, 32.44284 ], [ -84.96343, 32.42254 ], [ -84.97943, 32.41224 ], [ -84.98387, 32.36239 ], [ -85.00458, 32.3452 ], [ -85.00279, 32.32243 ], [ -84.9338, 32.29826 ], [ -84.88852, 32.26087 ], [ -84.90723, 32.24905 ], [ -84.92953, 32.21925 ], [ -84.97333, 32.21765 ], [ -84.98023, 32.20775 ], [ -84.96173, 32.19855 ], [ -85.00922, 32.18165 ], [ -85.04559, 32.14376 ], [ -85.06206, 32.13249 ], [ -85.04506, 32.08806 ], [ -85.05323, 32.0806 ], [ -85.05803, 32.03361 ], [ -85.04887, 32.02301 ], [ -85.07093, 31.98166 ], [ -85.06593, 31.97116 ], [ -85.08683, 31.95776 ], [ -85.07893, 31.94016 ], [ -85.11313, 31.91186 ], [ -85.11703, 31.89286 ], [ -85.13293, 31.89306 ], [ -85.12883, 31.87636 ], [ -85.14073, 31.85746 ], [ -85.13213, 31.82796 ], [ -85.13293, 31.79236 ], [ -85.14183, 31.78236 ], [ -85.12633, 31.76886 ], [ -85.11913, 31.73096 ], [ -85.12593, 31.69627 ], [ -85.09243, 31.65997 ], [ -85.08043, 31.65597 ], [ -85.08703, 31.64097 ], [ -85.05747, 31.61862 ], [ -85.05796, 31.57084 ], [ -85.04143, 31.53929 ], [ -85.04456, 31.52091 ], [ -85.07162, 31.46838 ], [ -85.06641, 31.4295 ], [ -85.07605, 31.42436 ], [ -85.07733, 31.40085 ], [ -85.09217, 31.36458 ], [ -85.08383, 31.32697 ], [ -85.09033, 31.29361 ], [ -85.11036, 31.28175 ], [ -85.11171, 31.25802 ], [ -85.09684, 31.22524 ], [ -85.10696, 31.20269 ], [ -85.10053, 31.16599 ], [ -85.0778, 31.15789 ], [ -85.05287, 31.11949 ], [ -85.03706, 31.10975 ], [ -85.02857, 31.07458 ], [ -85.01139, 31.05355 ], [ -84.99943, 31.01384 ], [ -85.0025, 31.00069 ], [ -85.00403, 30.97347 ], [ -84.98043, 30.96209 ], [ -84.98363, 30.93599 ], [ -84.94252, 30.88849 ], [ -84.93372, 30.85209 ], [ -84.92572, 30.84379 ], [ -84.93682, 30.81849 ], [ -84.91802, 30.77809 ], [ -84.91112, 30.75119 ], [ -84.89762, 30.75139 ], [ -84.86469, 30.71154 ], [ -84.54331, 30.69699 ], [ -84.47441, 30.69279 ], [ -84.37489, 30.68979 ], [ -83.87778, 30.66573 ], [ -83.49992, 30.64567 ], [ -82.4958, 30.58649 ], [ -82.21468, 30.56856 ], [ -82.23419, 30.55765 ], [ -82.2404, 30.53777 ], [ -82.22507, 30.50769 ], [ -82.20124, 30.48511 ], [ -82.21073, 30.42564 ], [ -82.1903, 30.37628 ], [ -82.17162, 30.35992 ], [ -82.10502, 30.36882 ], [ -82.06658, 30.356 ], [ -82.03722, 30.37185 ], [ -82.0447, 30.40413 ], [ -82.03406, 30.42003 ], [ -82.03823, 30.43578 ], [ -82.01691, 30.47511 ], [ -82.01863, 30.52383 ], [ -82.00616, 30.57728 ], [ -82.03905, 30.64322 ], [ -82.05022, 30.67454 ], [ -82.03593, 30.70621 ], [ -82.03677, 30.75443 ], [ -82.0116, 30.76188 ], [ -82.02227, 30.78814 ], [ -82.00829, 30.79106 ], [ -81.97739, 30.77684 ], [ -81.96226, 30.79668 ], [ -81.96441, 30.81668 ], [ -81.93883, 30.82985 ], [ -81.92811, 30.81742 ], [ -81.90836, 30.81599 ], [ -81.89291, 30.82551 ], [ -81.88186, 30.79996 ], [ -81.83948, 30.78659 ], [ -81.79262, 30.78678 ], [ -81.78142, 30.7614 ], [ -81.77006, 30.77707 ], [ -81.74028, 30.76425 ], [ -81.71811, 30.74481 ], [ -81.69241, 30.74764 ], [ -81.67352, 30.73879 ], [ -81.6515, 30.74068 ], [ -81.60605, 30.71868 ], [ -81.57239, 30.7219 ], [ -81.53866, 30.70869 ], [ -81.53369, 30.72306 ], [ -81.48482, 30.72511 ], [ -81.46401, 30.71098 ], [ -81.34701, 30.71244 ] ] ] } },
{ "type": "Feature", "properties": { "fid": 12, "ZoneCode": "150001", "AbrvFull": "HI", "NameFull": "Hawaii", "ZoneNum": 1, "AbrvPart": null, "NamePart": null, "ZoneType": "Statewide", "StateAbrv": "HI", "StateName": "Hawaii", "ProjAbrv": "OMC", "ProjType": "Hotine Oblique Mercator, center", "LatOrigin": "20°54'N", "LonOriginE": "202°30'E", "LonOriginW": "157°30'W", "Lat0_deg": 20.9, "Lon0_E_deg": 202.5, "Lon0_W_deg": -157.5, "ProjScale": 1.00001, "SkewAz_deg": -56, "FalseN_m": 381000.0, "FalseE_m": 838200.0, "FalseN_ift": 1250000.0, "FalseE_ift": 2750000.0, "DesignBy": "NGS", "Ref_frame": "PATRF2022" }, "geometry": { "type": "MultiPolygon", "coordinates": [ [ [ [ -154.99472, 19.78892 ], [ -155.03331, 19.79342 ], [ -155.03162, 19.875 ], [ -155.04681, 19.8977 ], [ -155.07084, 19.91843 ], [ -155.08605, 19.94174 ], [ -155.14033, 19.98948 ], [ -155.21177, 20.03847 ], [ -155.2524, 20.06345 ], [ -155.2983, 20.08151 ], [ -155.3697, 20.11595 ], [ -155.39755, 20.13283 ], [ -155.43818, 20.14882 ], [ -155.54075, 20.18025 ], [ -155.57877, 20.18015 ], [ -155.6064, 20.19395 ], [ -155.63185, 20.21425 ], [ -155.68884, 20.24478 ], [ -155.70222, 20.2616 ], [ -155.75146, 20.29447 ], [ -155.83678, 20.32123 ], [ -155.86095, 20.32028 ], [ -155.90687, 20.30607 ], [ -155.92645, 20.2918 ], [ -155.94796, 20.26165 ], [ -155.95767, 20.23497 ], [ -155.96082, 20.19773 ], [ -155.95772, 20.16761 ], [ -155.94393, 20.11296 ], [ -155.93227, 20.08345 ], [ -155.88431, 20.01833 ], [ -155.93888, 19.96152 ], [ -155.96243, 19.90915 ], [ -156.01239, 19.88975 ], [ -156.05354, 19.84353 ], [ -156.07952, 19.83113 ], [ -156.09567, 19.81501 ], [ -156.10724, 19.7904 ], [ -156.11792, 19.74457 ], [ -156.11907, 19.7193 ], [ -156.08882, 19.66141 ], [ -156.07529, 19.62096 ], [ -156.03589, 19.59796 ], [ -156.023, 19.56363 ], [ -156.01286, 19.5 ], [ -155.99913, 19.46618 ], [ -155.9781, 19.44581 ], [ -155.96361, 19.38652 ], [ -155.94321, 19.34423 ], [ -155.94646, 19.29045 ], [ -155.9562, 19.25995 ], [ -155.95673, 19.23096 ], [ -155.97388, 19.14257 ], [ -155.97254, 19.10138 ], [ -155.95406, 19.05362 ], [ -155.92593, 19.00815 ], [ -155.875, 18.97643 ], [ -155.82823, 18.96654 ], [ -155.78173, 18.93342 ], [ -155.73997, 18.91689 ], [ -155.72289, 18.88252 ], [ -155.69426, 18.86679 ], [ -155.66299, 18.86616 ], [ -155.63075, 18.87969 ], [ -155.5656, 18.93452 ], [ -155.54535, 18.96185 ], [ -155.53737, 18.98906 ], [ -155.51878, 19.00807 ], [ -155.49488, 19.07159 ], [ -155.4661, 19.09535 ], [ -155.42893, 19.10722 ], [ -155.39143, 19.14436 ], [ -155.34215, 19.16132 ], [ -155.32026, 19.17478 ], [ -155.29786, 19.19945 ], [ -155.25801, 19.22217 ], [ -155.23005, 19.21285 ], [ -155.1821, 19.20995 ], [ -155.10551, 19.23427 ], [ -155.04915, 19.26725 ], [ -154.99744, 19.28455 ], [ -154.93966, 19.31283 ], [ -154.88903, 19.36039 ], [ -154.84791, 19.38515 ], [ -154.81031, 19.41606 ], [ -154.77575, 19.45711 ], [ -154.75991, 19.5 ], [ -154.75933, 19.53646 ], [ -154.77829, 19.5599 ], [ -154.82222, 19.59331 ], [ -154.875, 19.61617 ], [ -154.91145, 19.66204 ], [ -154.92893, 19.67361 ], [ -154.92811, 19.70453 ], [ -154.95243, 19.75678 ], [ -154.97785, 19.7814 ], [ -154.99472, 19.78892 ] ] ], [ [ [ -156.45109, 20.96876 ], [ -156.46343, 20.97955 ], [ -156.47538, 21.01921 ], [ -156.49073, 21.03544 ], [ -156.55951, 21.08234 ], [ -156.59103, 21.09241 ], [ -156.61813, 21.0905 ], [ -156.67042, 21.07669 ], [ -156.70849, 21.04323 ], [ -156.73502, 21.00573 ], [ -156.7518, 20.94855 ], [ -156.75194, 20.91368 ], [ -156.73942, 20.88881 ], [ -156.73753, 20.86792 ], [ -156.72174, 20.84244 ], [ -156.65986, 20.77842 ], [ -156.625, 20.76308 ], [ -156.625, 20.75 ], [ -156.58693, 20.75 ], [ -156.54682, 20.73249 ], [ -156.51187, 20.73539 ], [ -156.49573, 20.69158 ], [ -156.53166, 20.67922 ], [ -156.54962, 20.65803 ], [ -156.59773, 20.65788 ], [ -156.65506, 20.625 ], [ -156.70444, 20.60459 ], [ -156.73364, 20.58184 ], [ -156.75414, 20.5443 ], [ -156.74999, 20.50683 ], [ -156.75, 20.45434 ], [ -156.70511, 20.45414 ], [ -156.60131, 20.46098 ], [ -156.53346, 20.46298 ], [ -156.5122, 20.47478 ], [ -156.48937, 20.5 ], [ -156.47955, 20.52957 ], [ -156.48838, 20.55855 ], [ -156.48451, 20.57908 ], [ -156.45987, 20.55767 ], [ -156.42049, 20.53661 ], [ -156.375, 20.53143 ], [ -156.29047, 20.5369 ], [ -156.25, 20.55034 ], [ -156.19561, 20.57715 ], [ -156.13527, 20.56984 ], [ -156.07327, 20.59841 ], [ -156.02995, 20.60407 ], [ -155.96146, 20.66045 ], [ -155.9458, 20.68391 ], [ -155.9281, 20.72479 ], [ -155.92678, 20.78174 ], [ -155.93913, 20.83659 ], [ -155.95899, 20.875 ], [ -156.0, 20.875 ], [ -156.0, 20.85212 ], [ -156.03229, 20.85986 ], [ -156.08169, 20.88073 ], [ -156.09592, 20.89848 ], [ -156.13636, 20.91744 ], [ -156.1953, 20.9715 ], [ -156.21434, 20.98309 ], [ -156.2743, 21.00424 ], [ -156.29449, 21.00103 ], [ -156.33922, 21.0042 ], [ -156.3776, 20.98982 ], [ -156.40491, 20.97418 ], [ -156.45109, 20.96876 ] ] ], [ [ [ -157.11123, 20.93123 ], [ -157.11724, 20.89169 ], [ -157.11013, 20.86946 ], [ -157.07521, 20.8273 ], [ -157.04807, 20.82055 ], [ -157.04518, 20.77047 ], [ -157.02728, 20.72873 ], [ -156.99443, 20.69358 ], [ -156.96284, 20.68546 ], [ -156.9359, 20.69222 ], [ -156.875, 20.69097 ], [ -156.84541, 20.71168 ], [ -156.81699, 20.71979 ], [ -156.79536, 20.73525 ], [ -156.76905, 20.77085 ], [ -156.75, 20.80761 ], [ -156.75746, 20.85077 ], [ -156.79095, 20.89495 ], [ -156.82333, 20.93081 ], [ -156.86847, 20.96438 ], [ -156.91332, 20.97796 ], [ -156.98982, 20.98506 ], [ -157.03527, 20.9833 ], [ -157.08883, 20.9584 ], [ -157.11123, 20.93123 ] ] ], [ [ [ -156.85351, 21.22271 ], [ -156.87436, 21.23309 ], [ -156.91028, 21.22957 ], [ -156.9274, 21.25658 ], [ -156.95217, 21.26933 ], [ -156.99034, 21.27353 ], [ -157.00909, 21.26595 ], [ -157.03016, 21.24395 ], [ -157.0574, 21.24419 ], [ -157.125, 21.25714 ], [ -157.15899, 21.2579 ], [ -157.18394, 21.27147 ], [ -157.22021, 21.2785 ], [ -157.27219, 21.27656 ], [ -157.2923, 21.26564 ], [ -157.31052, 21.24452 ], [ -157.31167, 21.20413 ], [ -157.34989, 21.15709 ], [ -157.36566, 21.125 ], [ -157.36655, 21.10096 ], [ -157.34912, 21.07224 ], [ -157.32124, 21.05068 ], [ -157.23144, 21.0431 ], [ -157.12954, 21.04856 ], [ -157.10276, 21.05796 ], [ -157.07215, 21.0576 ], [ -157.05024, 21.0427 ], [ -157.02451, 21.0388 ], [ -156.97389, 21.02182 ], [ -156.96313, 21.01287 ], [ -156.91453, 20.99758 ], [ -156.875, 20.9937 ], [ -156.875, 21.0 ], [ -156.83695, 21.0 ], [ -156.80161, 21.02197 ], [ -156.78529, 21.02454 ], [ -156.70806, 21.07221 ], [ -156.69399, 21.08779 ], [ -156.67259, 21.09572 ], [ -156.65052, 21.13428 ], [ -156.65956, 21.18191 ], [ -156.68651, 21.21051 ], [ -156.72208, 21.22606 ], [ -156.79484, 21.23416 ], [ -156.85351, 21.22271 ] ] ], [ [ [ -158.33505, 21.60457 ], [ -158.34465, 21.58318 ], [ -158.34215, 21.56429 ], [ -158.32865, 21.546 ], [ -158.29865, 21.52472 ], [ -158.30135, 21.49682 ], [ -158.29016, 21.49682 ], [ -158.29026, 21.47596 ], [ -158.27624, 21.44932 ], [ -158.24005, 21.41153 ], [ -158.23555, 21.38943 ], [ -158.21775, 21.36453 ], [ -158.18325, 21.34594 ], [ -158.16435, 21.27234 ], [ -158.14925, 21.25174 ], [ -158.11008, 21.23707 ], [ -157.97435, 21.25204 ], [ -157.96355, 21.25774 ], [ -157.93145, 21.24834 ], [ -157.89866, 21.24994 ], [ -157.88133, 21.23935 ], [ -157.85907, 21.21314 ], [ -157.81023, 21.19924 ], [ -157.77141, 21.20783 ], [ -157.74531, 21.22167 ], [ -157.70832, 21.2082 ], [ -157.67578, 21.2138 ], [ -157.60769, 21.26913 ], [ -157.59791, 21.29513 ], [ -157.59872, 21.32612 ], [ -157.60822, 21.35305 ], [ -157.62845, 21.37662 ], [ -157.64245, 21.42641 ], [ -157.65215, 21.43911 ], [ -157.64075, 21.4627 ], [ -157.66095, 21.49679 ], [ -157.71217, 21.52081 ], [ -157.75092, 21.51646 ], [ -157.78095, 21.54461 ], [ -157.79865, 21.5852 ], [ -157.84415, 21.6218 ], [ -157.86021, 21.66554 ], [ -157.88145, 21.70518 ], [ -157.94178, 21.75458 ], [ -157.97832, 21.763 ], [ -157.99724, 21.76159 ], [ -158.03094, 21.74308 ], [ -158.05014, 21.73988 ], [ -158.08854, 21.70949 ], [ -158.10334, 21.6921 ], [ -158.12023, 21.65731 ], [ -158.12224, 21.6657 ], [ -158.14885, 21.642 ], [ -158.175, 21.63201 ], [ -158.1996, 21.63447 ], [ -158.27816, 21.62784 ], [ -158.31194, 21.62178 ], [ -158.33505, 21.60457 ] ] ], [ [ [ -160.27995, 21.92064 ], [ -160.30237, 21.86149 ], [ -160.30382, 21.81958 ], [ -160.29853, 21.7905 ], [ -160.26578, 21.74618 ], [ -160.2183, 21.7288 ], [ -160.17031, 21.73955 ], [ -160.15206, 21.76296 ], [ -160.14194, 21.79903 ], [ -160.12201, 21.82496 ], [ -160.09298, 21.82989 ], [ -160.05941, 21.84559 ], [ -160.03103, 21.86936 ], [ -160.02242, 21.91158 ], [ -160.0275, 21.93121 ], [ -160.00619, 21.95658 ], [ -159.9972, 21.99251 ], [ -160.01829, 22.03001 ], [ -160.05672, 22.06835 ], [ -160.10031, 22.0825 ], [ -160.14042, 22.07332 ], [ -160.15954, 22.04133 ], [ -160.17401, 21.99148 ], [ -160.1995, 21.98128 ], [ -160.24266, 21.94387 ], [ -160.26472, 21.93589 ], [ -160.27995, 21.92064 ] ] ], [ [ [ -159.28371, 22.0185 ], [ -159.25, 22.08415 ], [ -159.24183, 22.125 ], [ -159.24578, 22.16681 ], [ -159.26552, 22.20392 ], [ -159.3088, 22.25 ], [ -159.33425, 22.26647 ], [ -159.35569, 22.26965 ], [ -159.40292, 22.29047 ], [ -159.43275, 22.27804 ], [ -159.48404, 22.28592 ], [ -159.52465, 22.27549 ], [ -159.54744, 22.28308 ], [ -159.57488, 22.28295 ], [ -159.61295, 22.27224 ], [ -159.64, 22.25 ], [ -159.67725, 22.22711 ], [ -159.75, 22.19945 ], [ -159.78883, 22.16011 ], [ -159.79401, 22.13462 ], [ -159.83772, 22.09423 ], [ -159.84812, 22.07607 ], [ -159.85004, 22.01649 ], [ -159.84361, 22.0 ], [ -159.8086, 21.9529 ], [ -159.7936, 21.93978 ], [ -159.73584, 21.91217 ], [ -159.71171, 21.90756 ], [ -159.67951, 21.88046 ], [ -159.63126, 21.84669 ], [ -159.58791, 21.84547 ], [ -159.52964, 21.83342 ], [ -159.5, 21.83232 ], [ -159.444, 21.81779 ], [ -159.4039, 21.83495 ], [ -159.35778, 21.86569 ], [ -159.33975, 21.88644 ], [ -159.30798, 21.90867 ], [ -159.28435, 21.94064 ], [ -159.27922, 21.9653 ], [ -159.28371, 22.0185 ] ] ] ] } },
{ "type": "Feature", "properties": { "fid": 13, "ZoneCode": "160001", "AbrvFull": "ID", "NameFull": "Idaho", "ZoneNum": 1, "AbrvPart": null, "NamePart": null, "ZoneType": "Statewide", "StateAbrv": "ID", "StateName": "Idaho", "ProjAbrv": "TM", "ProjType": "Transverse Mercator", "LatOrigin": "33°00'N", "LonOriginE": "245°45'E", "LonOriginW": "114°15'W", "Lat0_deg": 33.0, "Lon0_E_deg": 245.75, "Lon0_W_deg": -114.25, "ProjScale": 0.99987, "SkewAz_deg": -9999, "FalseN_m": 0.0, "FalseE_m": 4000500.0, "FalseN_ift": 0.0, "FalseE_ift": 13125000.0, "DesignBy": "NGS", "Ref_frame": "NATRF2022" }, "geometry": { "type": "Polygon", "coordinates": [ [ [ -116.04909, 49.00085 ], [ -116.49957, 48.99988 ], [ -117.03234, 48.9992 ], [ -117.03211, 48.87493 ], [ -117.03542, 48.49991 ], [ -117.03509, 48.38521 ], [ -117.04212, 48.03115 ], [ -117.04214, 47.7582 ], [ -117.0398, 47.45434 ], [ -117.0394, 46.91717 ], [ -117.03994, 46.74929 ], [ -117.03977, 46.42589 ], [ -117.03463, 46.41785 ], [ -117.04823, 46.37768 ], [ -117.06278, 46.36518 ], [ -117.05665, 46.34581 ], [ -117.02292, 46.33463 ], [ -117.02058, 46.31479 ], [ -116.9848, 46.29309 ], [ -116.99082, 46.2762 ], [ -116.97481, 46.2655 ], [ -116.95774, 46.2392 ], [ -116.96631, 46.2092 ], [ -116.92135, 46.16451 ], [ -116.93461, 46.15415 ], [ -116.93532, 46.13641 ], [ -116.95036, 46.12337 ], [ -116.95969, 46.09901 ], [ -116.98246, 46.09194 ], [ -116.97935, 46.08049 ], [ -116.95787, 46.07546 ], [ -116.94279, 46.06112 ], [ -116.91607, 45.99536 ], [ -116.89286, 45.97637 ], [ -116.8913, 45.96033 ], [ -116.87598, 45.95478 ], [ -116.86654, 45.91696 ], [ -116.84437, 45.89297 ], [ -116.81413, 45.87764 ], [ -116.79646, 45.86122 ], [ -116.78833, 45.83193 ], [ -116.7634, 45.81658 ], [ -116.73454, 45.82653 ], [ -116.69719, 45.82014 ], [ -116.66527, 45.78206 ], [ -116.63203, 45.78498 ], [ -116.59421, 45.77908 ], [ -116.5357, 45.73423 ], [ -116.53512, 45.69128 ], [ -116.48882, 45.6508 ], [ -116.48281, 45.6336 ], [ -116.4635, 45.61579 ], [ -116.46363, 45.60279 ], [ -116.48194, 45.5779 ], [ -116.52417, 45.54857 ], [ -116.53634, 45.52394 ], [ -116.55603, 45.50702 ], [ -116.55483, 45.46293 ], [ -116.58819, 45.44292 ], [ -116.59745, 45.41277 ], [ -116.62338, 45.39396 ], [ -116.65525, 45.34886 ], [ -116.67465, 45.31508 ], [ -116.67473, 45.27584 ], [ -116.69139, 45.26374 ], [ -116.7037, 45.2401 ], [ -116.70954, 45.20302 ], [ -116.7242, 45.1715 ], [ -116.72876, 45.14438 ], [ -116.74553, 45.13304 ], [ -116.75464, 45.11397 ], [ -116.77485, 45.10554 ], [ -116.78371, 45.07697 ], [ -116.79733, 45.06027 ], [ -116.84794, 45.0226 ], [ -116.84462, 45.00144 ], [ -116.85755, 44.98257 ], [ -116.83199, 44.93301 ], [ -116.85243, 44.88758 ], [ -116.86534, 44.8706 ], [ -116.89862, 44.85374 ], [ -116.89659, 44.84655 ], [ -116.9322, 44.80278 ], [ -116.9347, 44.78388 ], [ -116.9668, 44.77518 ], [ -117.0003, 44.75608 ], [ -117.04422, 44.74514 ], [ -117.06227, 44.72714 ], [ -117.06382, 44.70362 ], [ -117.07912, 44.69218 ], [ -117.0808, 44.67377 ], [ -117.09587, 44.66474 ], [ -117.09822, 44.64069 ], [ -117.12052, 44.61466 ], [ -117.12475, 44.58383 ], [ -117.14603, 44.5686 ], [ -117.14416, 44.54565 ], [ -117.16103, 44.52517 ], [ -117.18158, 44.52296 ], [ -117.20024, 44.49203 ], [ -117.2241, 44.48373 ], [ -117.21507, 44.42716 ], [ -117.22726, 44.40524 ], [ -117.24267, 44.39655 ], [ -117.23512, 44.37385 ], [ -117.19615, 44.34636 ], [ -117.18984, 44.33501 ], [ -117.22274, 44.29833 ], [ -117.20039, 44.27544 ], [ -117.17034, 44.25889 ], [ -117.14126, 44.25852 ], [ -117.11986, 44.27827 ], [ -117.10421, 44.27994 ], [ -117.09093, 44.26031 ], [ -117.04615, 44.23067 ], [ -117.03186, 44.24864 ], [ -116.97538, 44.24239 ], [ -116.96726, 44.19458 ], [ -116.93544, 44.19396 ], [ -116.90361, 44.17999 ], [ -116.89593, 44.1543 ], [ -116.91122, 44.13999 ], [ -116.9337, 44.10004 ], [ -116.97596, 44.0829 ], [ -116.97318, 44.04943 ], [ -116.94336, 44.03565 ], [ -116.9345, 44.02122 ], [ -116.94488, 44.00359 ], [ -116.93852, 43.98503 ], [ -116.97604, 43.97506 ], [ -116.96048, 43.96341 ], [ -116.96858, 43.93605 ], [ -116.96153, 43.91839 ], [ -116.98054, 43.91483 ], [ -116.97611, 43.89476 ], [ -116.98235, 43.86884 ], [ -117.01934, 43.85942 ], [ -117.01283, 43.84 ], [ -117.03229, 43.82877 ], [ -117.02663, 43.80811 ], [ -117.02664, 43.19899 ], [ -117.02628, 42.97227 ], [ -117.02666, 42.62488 ], [ -117.0262, 42.0002 ], [ -116.87596, 41.99877 ], [ -116.36848, 41.99628 ], [ -116.24396, 41.99765 ], [ -115.34382, 41.99631 ], [ -115.033, 41.99625 ], [ -114.85625, 42.0017 ], [ -114.81642, 42.00179 ], [ -114.59828, 41.99459 ], [ -114.04148, 41.99387 ], [ -113.90158, 41.98855 ], [ -113.2374, 41.99609 ], [ -112.70098, 42.00017 ], [ -112.17315, 42.00152 ], [ -112.15385, 41.99723 ], [ -111.75076, 41.99933 ], [ -111.48352, 41.99954 ], [ -111.31103, 42.00122 ], [ -111.04671, 42.0017 ], [ -111.04732, 42.39265 ], [ -111.04602, 42.58272 ], [ -111.04355, 42.7195 ], [ -111.04401, 43.23337 ], [ -111.0449, 43.31326 ], [ -111.04542, 43.62212 ], [ -111.04657, 43.73968 ], [ -111.04735, 43.99992 ], [ -111.04969, 44.35363 ], [ -111.04897, 44.47407 ], [ -111.05243, 44.47841 ], [ -111.10092, 44.48778 ], [ -111.13066, 44.50013 ], [ -111.13862, 44.51685 ], [ -111.13138, 44.53243 ], [ -111.15057, 44.53497 ], [ -111.18075, 44.55488 ], [ -111.18103, 44.56923 ], [ -111.22763, 44.57669 ], [ -111.24089, 44.61453 ], [ -111.21932, 44.62252 ], [ -111.2526, 44.65125 ], [ -111.27079, 44.64698 ], [ -111.2668, 44.66751 ], [ -111.29688, 44.69144 ], [ -111.29626, 44.70227 ], [ -111.32248, 44.71878 ], [ -111.32438, 44.72955 ], [ -111.35772, 44.72941 ], [ -111.37581, 44.75104 ], [ -111.39297, 44.75231 ], [ -111.39713, 44.72753 ], [ -111.41427, 44.71074 ], [ -111.43173, 44.72069 ], [ -111.48878, 44.70564 ], [ -111.48478, 44.68787 ], [ -111.46851, 44.67873 ], [ -111.49029, 44.64983 ], [ -111.51617, 44.64406 ], [ -111.50249, 44.62682 ], [ -111.52561, 44.60474 ], [ -111.51891, 44.58335 ], [ -111.50134, 44.57249 ], [ -111.50741, 44.56208 ], [ -111.46935, 44.55767 ], [ -111.46808, 44.54005 ], [ -111.49961, 44.54201 ], [ -111.51455, 44.53657 ], [ -111.5478, 44.55731 ], [ -111.58498, 44.56236 ], [ -111.61434, 44.54867 ], [ -111.66027, 44.55308 ], [ -111.683, 44.56166 ], [ -111.70415, 44.55965 ], [ -111.71476, 44.54404 ], [ -111.74991, 44.53958 ], [ -111.76288, 44.52578 ], [ -111.80112, 44.52599 ], [ -111.82153, 44.50894 ], [ -111.86366, 44.55124 ], [ -111.86645, 44.5631 ], [ -111.90333, 44.55664 ], [ -111.94778, 44.55701 ], [ -111.97537, 44.53615 ], [ -112.00443, 44.5377 ], [ -112.03271, 44.54664 ], [ -112.03229, 44.52922 ], [ -112.06907, 44.53715 ], [ -112.09648, 44.52299 ], [ -112.12705, 44.52889 ], [ -112.13667, 44.53986 ], [ -112.16465, 44.54153 ], [ -112.18366, 44.53295 ], [ -112.22105, 44.54326 ], [ -112.22922, 44.56409 ], [ -112.2567, 44.57168 ], [ -112.28867, 44.56791 ], [ -112.31374, 44.55304 ], [ -112.31949, 44.5389 ], [ -112.35181, 44.53788 ], [ -112.35886, 44.52905 ], [ -112.35669, 44.49262 ], [ -112.36649, 44.46854 ], [ -112.38652, 44.44731 ], [ -112.40812, 44.45744 ], [ -112.43354, 44.45983 ], [ -112.47342, 44.47936 ], [ -112.50039, 44.46277 ], [ -112.51389, 44.47512 ], [ -112.54954, 44.4847 ], [ -112.58485, 44.48111 ], [ -112.60149, 44.49062 ], [ -112.62912, 44.48281 ], [ -112.63267, 44.491 ], [ -112.66087, 44.48595 ], [ -112.71793, 44.50427 ], [ -112.74035, 44.48997 ], [ -112.78049, 44.48472 ], [ -112.80771, 44.45312 ], [ -112.83971, 44.42402 ], [ -112.82179, 44.40717 ], [ -112.8123, 44.37702 ], [ -112.84456, 44.35797 ], [ -112.88158, 44.37926 ], [ -112.88956, 44.40594 ], [ -112.90165, 44.39885 ], [ -112.92115, 44.41092 ], [ -112.96347, 44.42337 ], [ -113.00198, 44.44986 ], [ -113.00609, 44.47071 ], [ -113.02682, 44.49551 ], [ -113.00679, 44.52621 ], [ -113.04776, 44.54828 ], [ -113.03955, 44.5673 ], [ -113.06734, 44.5793 ], [ -113.0623, 44.58592 ], [ -113.08829, 44.59966 ], [ -113.05745, 44.61834 ], [ -113.05176, 44.6371 ], [ -113.06538, 44.64886 ], [ -113.06798, 44.67902 ], [ -113.08206, 44.68397 ], [ -113.10158, 44.70664 ], [ -113.10162, 44.72947 ], [ -113.11727, 44.73292 ], [ -113.13775, 44.75991 ], [ -113.1313, 44.77217 ], [ -113.16341, 44.77878 ], [ -113.19436, 44.80215 ], [ -113.23771, 44.81387 ], [ -113.24719, 44.82295 ], [ -113.34047, 44.78468 ], [ -113.35724, 44.82065 ], [ -113.38512, 44.8376 ], [ -113.42224, 44.83781 ], [ -113.42908, 44.85486 ], [ -113.45507, 44.86542 ], [ -113.4612, 44.88675 ], [ -113.47859, 44.8956 ], [ -113.47179, 44.90984 ], [ -113.49154, 44.92454 ], [ -113.49622, 44.94768 ], [ -113.46584, 44.94761 ], [ -113.44388, 44.96001 ], [ -113.44934, 45.04652 ], [ -113.46032, 45.06487 ], [ -113.4849, 45.06341 ], [ -113.49403, 45.0799 ], [ -113.52275, 45.09201 ], [ -113.50597, 45.10803 ], [ -113.51282, 45.11685 ], [ -113.54966, 45.11288 ], [ -113.57672, 45.13124 ], [ -113.56603, 45.14975 ], [ -113.59071, 45.15589 ], [ -113.58945, 45.1773 ], [ -113.6368, 45.21224 ], [ -113.6494, 45.23437 ], [ -113.67961, 45.24975 ], [ -113.69294, 45.2642 ], [ -113.67896, 45.27589 ], [ -113.71003, 45.30102 ], [ -113.71858, 45.31681 ], [ -113.73873, 45.32974 ], [ -113.72903, 45.35609 ], [ -113.7344, 45.39235 ], [ -113.74912, 45.40283 ], [ -113.77375, 45.40636 ], [ -113.77716, 45.41656 ], [ -113.75973, 45.42711 ], [ -113.77673, 45.4347 ], [ -113.78422, 45.45501 ], [ -113.75993, 45.48064 ], [ -113.77272, 45.51264 ], [ -113.76601, 45.52053 ], [ -113.83478, 45.52066 ], [ -113.81741, 45.55703 ], [ -113.82142, 45.56578 ], [ -113.79682, 45.58153 ], [ -113.80643, 45.60163 ], [ -113.82632, 45.61316 ], [ -113.86212, 45.6238 ], [ -113.88795, 45.61748 ], [ -113.90469, 45.62201 ], [ -113.89528, 45.64385 ], [ -113.91951, 45.65786 ], [ -113.9391, 45.69578 ], [ -113.96815, 45.69132 ], [ -113.98821, 45.70593 ], [ -114.01917, 45.69263 ], [ -114.02831, 45.67524 ], [ -114.0137, 45.65829 ], [ -114.08117, 45.61146 ], [ -114.08635, 45.59131 ], [ -114.12126, 45.58459 ], [ -114.13618, 45.55702 ], [ -114.18027, 45.55124 ], [ -114.19469, 45.53615 ], [ -114.22787, 45.54613 ], [ -114.24836, 45.54511 ], [ -114.24721, 45.52472 ], [ -114.26989, 45.48455 ], [ -114.29228, 45.47998 ], [ -114.33005, 45.45972 ], [ -114.34418, 45.45968 ], [ -114.36823, 45.49237 ], [ -114.38887, 45.503 ], [ -114.42341, 45.5093 ], [ -114.43057, 45.52951 ], [ -114.46391, 45.54503 ], [ -114.45635, 45.56099 ], [ -114.47195, 45.56522 ], [ -114.49808, 45.55546 ], [ -114.52612, 45.57078 ], [ -114.55264, 45.55702 ], [ -114.56549, 45.5626 ], [ -114.5585, 45.58446 ], [ -114.53805, 45.60614 ], [ -114.56323, 45.63167 ], [ -114.56066, 45.64024 ], [ -114.52273, 45.6493 ], [ -114.49967, 45.66851 ], [ -114.51499, 45.68503 ], [ -114.4952, 45.70419 ], [ -114.50418, 45.72181 ], [ -114.52665, 45.72763 ], [ -114.54785, 45.74326 ], [ -114.54451, 45.75918 ], [ -114.56635, 45.77274 ], [ -114.51538, 45.82626 ], [ -114.50964, 45.84536 ], [ -114.47032, 45.85147 ], [ -114.43771, 45.86261 ], [ -114.40965, 45.85157 ], [ -114.40392, 45.87188 ], [ -114.38787, 45.88393 ], [ -114.39514, 45.90143 ], [ -114.41356, 45.91163 ], [ -114.4314, 45.93604 ], [ -114.40252, 45.95794 ], [ -114.41175, 45.97787 ], [ -114.45783, 45.99748 ], [ -114.47525, 45.99202 ], [ -114.48777, 46.00418 ], [ -114.47303, 46.01455 ], [ -114.48054, 46.03044 ], [ -114.50731, 46.03116 ], [ -114.49335, 46.05258 ], [ -114.46699, 46.06578 ], [ -114.45948, 46.09393 ], [ -114.47445, 46.11311 ], [ -114.52123, 46.12533 ], [ -114.52736, 46.14541 ], [ -114.51469, 46.16773 ], [ -114.47768, 46.16066 ], [ -114.44523, 46.16795 ], [ -114.4433, 46.20305 ], [ -114.45209, 46.24129 ], [ -114.46601, 46.24684 ], [ -114.47079, 46.26538 ], [ -114.42762, 46.28337 ], [ -114.43343, 46.30555 ], [ -114.41469, 46.33955 ], [ -114.41016, 46.3655 ], [ -114.42245, 46.38705 ], [ -114.38484, 46.41136 ], [ -114.38491, 46.42759 ], [ -114.36879, 46.43651 ], [ -114.38366, 46.44615 ], [ -114.37943, 46.46029 ], [ -114.4011, 46.47859 ], [ -114.40235, 46.50058 ], [ -114.37559, 46.50175 ], [ -114.34298, 46.51804 ], [ -114.34789, 46.55147 ], [ -114.33121, 46.5725 ], [ -114.3442, 46.58997 ], [ -114.32271, 46.61062 ], [ -114.3207, 46.64695 ], [ -114.337, 46.66231 ], [ -114.35792, 46.6687 ], [ -114.42418, 46.66063 ], [ -114.45373, 46.64845 ], [ -114.46683, 46.6318 ], [ -114.52385, 46.64059 ], [ -114.5417, 46.64994 ], [ -114.58453, 46.63341 ], [ -114.61311, 46.63847 ], [ -114.61503, 46.65541 ], [ -114.63523, 46.65925 ], [ -114.64144, 46.67949 ], [ -114.62354, 46.69093 ], [ -114.62079, 46.70726 ], [ -114.66457, 46.73908 ], [ -114.69913, 46.74018 ], [ -114.71678, 46.71405 ], [ -114.73977, 46.71194 ], [ -114.7522, 46.69714 ], [ -114.78845, 46.71406 ], [ -114.76725, 46.73875 ], [ -114.76509, 46.75815 ], [ -114.79795, 46.77591 ], [ -114.83067, 46.78361 ], [ -114.86578, 46.81453 ], [ -114.89552, 46.80197 ], [ -114.89845, 46.82235 ], [ -114.92073, 46.82708 ], [ -114.92868, 46.85477 ], [ -114.94842, 46.86064 ], [ -114.93226, 46.8758 ], [ -114.93674, 46.89728 ], [ -114.92625, 46.91947 ], [ -114.96096, 46.93041 ], [ -114.98652, 46.95015 ], [ -115.00127, 46.9719 ], [ -115.0286, 46.97568 ], [ -115.04786, 46.96953 ], [ -115.06777, 46.99521 ], [ -115.07227, 47.02348 ], [ -115.08743, 47.04572 ], [ -115.10606, 47.04856 ], [ -115.1393, 47.07925 ], [ -115.14396, 47.10175 ], [ -115.17217, 47.10715 ], [ -115.18613, 47.12956 ], [ -115.22245, 47.14909 ], [ -115.24311, 47.15073 ], [ -115.26287, 47.18176 ], [ -115.28685, 47.18349 ], [ -115.30123, 47.19345 ], [ -115.29153, 47.21085 ], [ -115.31582, 47.2328 ], [ -115.31838, 47.25189 ], [ -115.34085, 47.26285 ], [ -115.35922, 47.25964 ], [ -115.38493, 47.26779 ], [ -115.41158, 47.26437 ], [ -115.42043, 47.27736 ], [ -115.45725, 47.27832 ], [ -115.52851, 47.29924 ], [ -115.5279, 47.30902 ], [ -115.55018, 47.33374 ], [ -115.54884, 47.34696 ], [ -115.57643, 47.35709 ], [ -115.57737, 47.36725 ], [ -115.61725, 47.38252 ], [ -115.64292, 47.37737 ], [ -115.64629, 47.38777 ], [ -115.67524, 47.40939 ], [ -115.71226, 47.41544 ], [ -115.72111, 47.4257 ], [ -115.7593, 47.42386 ], [ -115.74662, 47.44231 ], [ -115.69121, 47.45721 ], [ -115.67697, 47.45339 ], [ -115.64016, 47.45969 ], [ -115.62949, 47.47961 ], [ -115.66102, 47.47785 ], [ -115.66777, 47.48879 ], [ -115.68626, 47.48494 ], [ -115.71131, 47.52311 ], [ -115.6954, 47.52771 ], [ -115.75179, 47.54199 ], [ -115.75451, 47.55245 ], [ -115.68776, 47.5953 ], [ -115.69722, 47.60374 ], [ -115.69444, 47.62376 ], [ -115.73039, 47.64233 ], [ -115.73638, 47.65517 ], [ -115.72271, 47.69486 ], [ -115.76004, 47.71913 ], [ -115.77344, 47.71757 ], [ -115.78087, 47.74193 ], [ -115.7975, 47.75733 ], [ -115.82377, 47.75261 ], [ -115.84749, 47.78649 ], [ -115.85231, 47.82786 ], [ -115.8815, 47.84961 ], [ -115.9014, 47.8431 ], [ -115.93801, 47.88109 ], [ -115.96052, 47.89814 ], [ -115.96569, 47.91132 ], [ -115.98306, 47.91629 ], [ -116.00748, 47.95078 ], [ -116.03039, 47.97262 ], [ -116.04911, 47.97684 ], [ -116.04909, 49.00085 ] ] ] } },
{ "type": "Feature", "properties": { "fid": 14, "ZoneCode": "170001", "AbrvFull": "IL", "NameFull": "Illinois", "ZoneNum": 1, "AbrvPart": null, "NamePart": null, "ZoneType": "Statewide", "StateAbrv": "IL", "StateName": "Illinois", "ProjAbrv": "TM", "ProjType": "Transverse Mercator", "LatOrigin": "25°54'N", "LonOriginE": "270°36'E", "LonOriginW": "89°24'W", "Lat0_deg": 25.9, "Lon0_E_deg": 270.6, "Lon0_W_deg": -89.4, "ProjScale": 0.99988, "SkewAz_deg": -9999, "FalseN_m": 0.0, "FalseE_m": 381000.0, "FalseN_ift": 0.0, "FalseE_ift": 1250000.0, "DesignBy": "NGS", "Ref_frame": "NATRF2022" }, "geometry": { "type": "Polygon", "coordinates": [ [ [ -88.02802, 37.7992 ], [ -88.03546, 37.80952 ], [ -88.06222, 37.80058 ], [ -88.09004, 37.81677 ], [ -88.08085, 37.8309 ], [ -88.04383, 37.82153 ], [ -88.02822, 37.83859 ], [ -88.05942, 37.84873 ], [ -88.07853, 37.87912 ], [ -88.09496, 37.89369 ], [ -88.08624, 37.90571 ], [ -88.05537, 37.89124 ], [ -88.01335, 37.89485 ], [ -88.02251, 37.91476 ], [ -88.06224, 37.9179 ], [ -88.05476, 37.93349 ], [ -88.03034, 37.93105 ], [ -88.03701, 37.95628 ], [ -88.02087, 37.95935 ], [ -88.01257, 37.97706 ], [ -88.02583, 38.00725 ], [ -88.01763, 38.03475 ], [ -88.03413, 38.03205 ], [ -88.04213, 38.04635 ], [ -88.00473, 38.05105 ], [ -87.96723, 38.06711 ], [ -87.95666, 38.0862 ], [ -87.96068, 38.10019 ], [ -88.0047, 38.08397 ], [ -88.01312, 38.10353 ], [ -87.97478, 38.11052 ], [ -87.96735, 38.13214 ], [ -87.94482, 38.12727 ], [ -87.91103, 38.16219 ], [ -87.91729, 38.17417 ], [ -87.93464, 38.15675 ], [ -87.94049, 38.1749 ], [ -87.96986, 38.19179 ], [ -87.98276, 38.20671 ], [ -87.98187, 38.25644 ], [ -87.96022, 38.23712 ], [ -87.94207, 38.2603 ], [ -87.95216, 38.27051 ], [ -87.92497, 38.29866 ], [ -87.90853, 38.29096 ], [ -87.91929, 38.27591 ], [ -87.90684, 38.26963 ], [ -87.88822, 38.28492 ], [ -87.8783, 38.30785 ], [ -87.86427, 38.3107 ], [ -87.86625, 38.28998 ], [ -87.85113, 38.27512 ], [ -87.83095, 38.29937 ], [ -87.83272, 38.32485 ], [ -87.82272, 38.34691 ], [ -87.80607, 38.36314 ], [ -87.78499, 38.36801 ], [ -87.74377, 38.41312 ], [ -87.73082, 38.44923 ], [ -87.75593, 38.45588 ], [ -87.74464, 38.47727 ], [ -87.71405, 38.47988 ], [ -87.68592, 38.49184 ], [ -87.66981, 38.50718 ], [ -87.65236, 38.50322 ], [ -87.64537, 38.51384 ], [ -87.67007, 38.54524 ], [ -87.65014, 38.55774 ], [ -87.63685, 38.59289 ], [ -87.6214, 38.58612 ], [ -87.62735, 38.60724 ], [ -87.59725, 38.66531 ], [ -87.53443, 38.68175 ], [ -87.51961, 38.6972 ], [ -87.49691, 38.76682 ], [ -87.51437, 38.76917 ], [ -87.4959, 38.78543 ], [ -87.52741, 38.81877 ], [ -87.52589, 38.8488 ], [ -87.55203, 38.86032 ], [ -87.53682, 38.87741 ], [ -87.54409, 38.89509 ], [ -87.51801, 38.90271 ], [ -87.52185, 38.94007 ], [ -87.51335, 38.956 ], [ -87.5295, 38.97193 ], [ -87.57347, 38.98544 ], [ -87.57912, 39.00161 ], [ -87.5697, 39.01941 ], [ -87.58021, 39.04194 ], [ -87.57259, 39.05729 ], [ -87.59637, 39.07964 ], [ -87.62026, 39.08657 ], [ -87.61838, 39.10428 ], [ -87.64917, 39.1048 ], [ -87.6351, 39.1223 ], [ -87.65874, 39.136 ], [ -87.63793, 39.16843 ], [ -87.61962, 39.17098 ], [ -87.6196, 39.18603 ], [ -87.60517, 39.1859 ], [ -87.57703, 39.21112 ], [ -87.58065, 39.25524 ], [ -87.59239, 39.24715 ], [ -87.60495, 39.26021 ], [ -87.60875, 39.28669 ], [ -87.59795, 39.29948 ], [ -87.61896, 39.30169 ], [ -87.57833, 39.34034 ], [ -87.55774, 39.33934 ], [ -87.54588, 39.35215 ], [ -87.53165, 39.34789 ], [ -87.53141, 39.43856 ], [ -87.53327, 39.87504 ], [ -87.53153, 40.14278 ], [ -87.52617, 40.50576 ], [ -87.52566, 40.83613 ], [ -87.52667, 41.32691 ], [ -87.52481, 41.68694 ], [ -87.52366, 41.75991 ], [ -87.20777, 41.76096 ], [ -87.14843, 42.00001 ], [ -87.15001, 42.00003 ], [ -87.06804, 42.31435 ], [ -87.01993, 42.4935 ], [ -87.37506, 42.49382 ], [ -87.80322, 42.49257 ], [ -88.0834, 42.49564 ], [ -88.38999, 42.49452 ], [ -88.65605, 42.49484 ], [ -88.77659, 42.49191 ], [ -88.99161, 42.49601 ], [ -89.26267, 42.49819 ], [ -89.56159, 42.50256 ], [ -89.66982, 42.50504 ], [ -89.95524, 42.50565 ], [ -90.0318, 42.50771 ], [ -90.15741, 42.50833 ], [ -90.40593, 42.50689 ], [ -90.64284, 42.50848 ], [ -90.65646, 42.49096 ], [ -90.65112, 42.47519 ], [ -90.62433, 42.4589 ], [ -90.57074, 42.4417 ], [ -90.55502, 42.41614 ], [ -90.47794, 42.38415 ], [ -90.44517, 42.35644 ], [ -90.41594, 42.3227 ], [ -90.43088, 42.27823 ], [ -90.41933, 42.25447 ], [ -90.39111, 42.22547 ], [ -90.35696, 42.20545 ], [ -90.32827, 42.20105 ], [ -90.28217, 42.17885 ], [ -90.25013, 42.17147 ], [ -90.20948, 42.15268 ], [ -90.2014, 42.13094 ], [ -90.17097, 42.1252 ], [ -90.16289, 42.11672 ], [ -90.16836, 42.07578 ], [ -90.16448, 42.04211 ], [ -90.15158, 42.03063 ], [ -90.14006, 42.00325 ], [ -90.14622, 41.98133 ], [ -90.16214, 41.96129 ], [ -90.16385, 41.94493 ], [ -90.1516, 41.931 ], [ -90.15358, 41.90661 ], [ -90.17004, 41.87644 ], [ -90.18397, 41.83307 ], [ -90.18797, 41.80316 ], [ -90.22226, 41.79313 ], [ -90.27863, 41.76736 ], [ -90.31555, 41.73443 ], [ -90.31305, 41.69963 ], [ -90.33452, 41.67956 ], [ -90.34345, 41.64696 ], [ -90.33953, 41.59863 ], [ -90.34323, 41.58783 ], [ -90.41282, 41.56533 ], [ -90.46143, 41.52353 ], [ -90.50063, 41.51803 ], [ -90.54093, 41.52613 ], [ -90.59524, 41.51103 ], [ -90.60594, 41.49423 ], [ -90.65584, 41.46213 ], [ -90.73754, 41.45013 ], [ -90.84746, 41.45502 ], [ -90.93069, 41.42137 ], [ -90.97517, 41.43399 ], [ -91.02779, 41.4236 ], [ -91.04826, 41.40975 ], [ -91.05193, 41.38448 ], [ -91.06506, 41.3691 ], [ -91.07355, 41.31048 ], [ -91.11419, 41.25003 ], [ -91.11235, 41.239 ], [ -91.0659, 41.19952 ], [ -91.04187, 41.16648 ], [ -91.00961, 41.16625 ], [ -90.98966, 41.15571 ], [ -90.94626, 41.09473 ], [ -90.94913, 41.07061 ], [ -90.94225, 41.0347 ], [ -90.94595, 41.0065 ], [ -90.95814, 40.97977 ], [ -90.95197, 40.95824 ], [ -90.96292, 40.92496 ], [ -90.9985, 40.90812 ], [ -91.04465, 40.86836 ], [ -91.05643, 40.84839 ], [ -91.09007, 40.82464 ], [ -91.09695, 40.8114 ], [ -91.09248, 40.77684 ], [ -91.10876, 40.75004 ], [ -91.11573, 40.72517 ], [ -91.11109, 40.70828 ], [ -91.12082, 40.67278 ], [ -91.18529, 40.6378 ], [ -91.24785, 40.63839 ], [ -91.31005, 40.62504 ], [ -91.35987, 40.60181 ], [ -91.37975, 40.57445 ], [ -91.40148, 40.55946 ], [ -91.4062, 40.5427 ], [ -91.36906, 40.51253 ], [ -91.36491, 40.48417 ], [ -91.38104, 40.44849 ], [ -91.37292, 40.39911 ], [ -91.3842, 40.38643 ], [ -91.41942, 40.37826 ], [ -91.44486, 40.36314 ], [ -91.46214, 40.34241 ], [ -91.49273, 40.27822 ], [ -91.49052, 40.2595 ], [ -91.5065, 40.2363 ], [ -91.50448, 40.19826 ], [ -91.51308, 40.17854 ], [ -91.50822, 40.15767 ], [ -91.51084, 40.12614 ], [ -91.48961, 40.05744 ], [ -91.49488, 40.03645 ], [ -91.44345, 39.95368 ], [ -91.42183, 39.93297 ], [ -91.42088, 39.91487 ], [ -91.44351, 39.89358 ], [ -91.44784, 39.87795 ], [ -91.4338, 39.84187 ], [ -91.37649, 39.81003 ], [ -91.36344, 39.7928 ], [ -91.36775, 39.72903 ], [ -91.34725, 39.71048 ], [ -91.27614, 39.66576 ], [ -91.22333, 39.6176 ], [ -91.18592, 39.60512 ], [ -91.17465, 39.59331 ], [ -91.16842, 39.56493 ], [ -91.14827, 39.5458 ], [ -91.10091, 39.539 ], [ -91.0643, 39.49464 ], [ -91.06241, 39.47412 ], [ -91.03827, 39.44844 ], [ -90.99379, 39.42296 ], [ -90.93902, 39.40274 ], [ -90.93401, 39.39213 ], [ -90.89646, 39.36918 ], [ -90.8475, 39.34527 ], [ -90.81685, 39.3205 ], [ -90.79346, 39.3095 ], [ -90.7516, 39.26543 ], [ -90.72698, 39.25117 ], [ -90.71711, 39.21391 ], [ -90.70915, 39.15511 ], [ -90.68739, 39.11991 ], [ -90.68274, 39.08835 ], [ -90.71254, 39.05706 ], [ -90.71158, 39.0468 ], [ -90.67903, 38.99387 ], [ -90.67634, 38.96441 ], [ -90.66302, 38.92628 ], [ -90.62336, 38.88715 ], [ -90.57758, 38.86838 ], [ -90.54683, 38.87401 ], [ -90.50745, 38.90277 ], [ -90.48706, 38.92586 ], [ -90.47212, 38.95884 ], [ -90.45081, 38.96777 ], [ -90.39272, 38.95907 ], [ -90.30945, 38.92412 ], [ -90.25025, 38.91934 ], [ -90.22304, 38.90739 ], [ -90.19761, 38.88765 ], [ -90.16331, 38.87475 ], [ -90.11333, 38.84931 ], [ -90.10911, 38.83745 ], [ -90.12311, 38.79805 ], [ -90.16636, 38.77268 ], [ -90.18361, 38.74675 ], [ -90.20518, 38.7322 ], [ -90.212, 38.71178 ], [ -90.1826, 38.66538 ], [ -90.17881, 38.62916 ], [ -90.1918, 38.59898 ], [ -90.2242, 38.57508 ], [ -90.26406, 38.52103 ], [ -90.2899, 38.43314 ], [ -90.34145, 38.3883 ], [ -90.37082, 38.33355 ], [ -90.37242, 38.28373 ], [ -90.35863, 38.22198 ], [ -90.33417, 38.18986 ], [ -90.29063, 38.17036 ], [ -90.27484, 38.15756 ], [ -90.24257, 38.11213 ], [ -90.21702, 38.09347 ], [ -90.17222, 38.06964 ], [ -90.15827, 38.07495 ], [ -90.13079, 38.06234 ], [ -90.12653, 38.04167 ], [ -90.09284, 38.01726 ], [ -90.06504, 38.01688 ], [ -90.03179, 37.99513 ], [ -90.00794, 37.97011 ], [ -89.98811, 37.96175 ], [ -89.94069, 37.97087 ], [ -89.92508, 37.96002 ], [ -89.93127, 37.94828 ], [ -89.95956, 37.94016 ], [ -89.97419, 37.91951 ], [ -89.95336, 37.88461 ], [ -89.9253, 37.87115 ], [ -89.90563, 37.86939 ], [ -89.87969, 37.88074 ], [ -89.84479, 37.90557 ], [ -89.79933, 37.88152 ], [ -89.79754, 37.86213 ], [ -89.7541, 37.84635 ], [ -89.73987, 37.84692 ], [ -89.70284, 37.81681 ], [ -89.66964, 37.79992 ], [ -89.66038, 37.7863 ], [ -89.66787, 37.76026 ], [ -89.64953, 37.7455 ], [ -89.61807, 37.74982 ], [ -89.58332, 37.71326 ], [ -89.52573, 37.69844 ], [ -89.51201, 37.68553 ], [ -89.51772, 37.64122 ], [ -89.4784, 37.59887 ], [ -89.48112, 37.58297 ], [ -89.51981, 37.58275 ], [ -89.51645, 37.53556 ], [ -89.4712, 37.46647 ], [ -89.43977, 37.4372 ], [ -89.42094, 37.39395 ], [ -89.42818, 37.35616 ], [ -89.43604, 37.34444 ], [ -89.49119, 37.33136 ], [ -89.5097, 37.31426 ], [ -89.51847, 37.28626 ], [ -89.48991, 37.25132 ], [ -89.47052, 37.25336 ], [ -89.45783, 37.24259 ], [ -89.4675, 37.22184 ], [ -89.46186, 37.19952 ], [ -89.42558, 37.13824 ], [ -89.37871, 37.09459 ], [ -89.38519, 37.05775 ], [ -89.37663, 37.03848 ], [ -89.31717, 37.01277 ], [ -89.29213, 36.99219 ], [ -89.26624, 36.9963 ], [ -89.25761, 37.0155 ], [ -89.27771, 37.03614 ], [ -89.30137, 37.04498 ], [ -89.30773, 37.06965 ], [ -89.25993, 37.06407 ], [ -89.25493, 37.07201 ], [ -89.23711, 37.04101 ], [ -89.20341, 37.01886 ], [ -89.1921, 36.98 ], [ -89.17001, 36.9703 ], [ -89.13291, 36.98206 ], [ -89.17017, 37.00707 ], [ -89.18247, 37.03916 ], [ -89.16735, 37.07504 ], [ -89.14285, 37.09902 ], [ -89.1095, 37.12309 ], [ -89.08714, 37.16493 ], [ -89.02987, 37.21107 ], [ -89.0009, 37.22441 ], [ -88.97289, 37.22987 ], [ -88.91618, 37.22399 ], [ -88.79988, 37.18647 ], [ -88.7325, 37.14395 ], [ -88.69261, 37.14111 ], [ -88.61691, 37.116 ], [ -88.58986, 37.09979 ], [ -88.57286, 37.07966 ], [ -88.52898, 37.06683 ], [ -88.48278, 37.06725 ], [ -88.45852, 37.0761 ], [ -88.42476, 37.15073 ], [ -88.44804, 37.20364 ], [ -88.47129, 37.21961 ], [ -88.5159, 37.28409 ], [ -88.48468, 37.34523 ], [ -88.47464, 37.39078 ], [ -88.45454, 37.40985 ], [ -88.40923, 37.42532 ], [ -88.36439, 37.40175 ], [ -88.33014, 37.42987 ], [ -88.28163, 37.45273 ], [ -88.19654, 37.4607 ], [ -88.13409, 37.47184 ], [ -88.08089, 37.47391 ], [ -88.06114, 37.50459 ], [ -88.06901, 37.5254 ], [ -88.09162, 37.53844 ], [ -88.10574, 37.55659 ], [ -88.13428, 37.57464 ], [ -88.15707, 37.63328 ], [ -88.15999, 37.65972 ], [ -88.12023, 37.71123 ], [ -88.06964, 37.73372 ], [ -88.04918, 37.75507 ], [ -88.02802, 37.7992 ] ] ] } },
{ "type": "Feature", "properties": { "fid": 15, "ZoneCode": "180001", "AbrvFull": "IN", "NameFull": "Indiana", "ZoneNum": 1, "AbrvPart": null, "NamePart": null, "ZoneType": "Statewide", "StateAbrv": "IN", "StateName": "Indiana", "ProjAbrv": "TM", "ProjType": "Transverse Mercator", "LatOrigin": "24°00'N", "LonOriginE": "273°33'E", "LonOriginW": "86°27'W", "Lat0_deg": 24.0, "Lon0_E_deg": 273.55, "Lon0_W_deg": -86.45, "ProjScale": 0.99994, "SkewAz_deg": -9999, "FalseN_m": 0.0, "FalseE_m": 2286000.0, "FalseN_ift": 0.0, "FalseE_ift": 7500000.0, "DesignBy": "NGS", "Ref_frame": "NATRF2022" }, "geometry": { "type": "Polygon", "coordinates": [ [ [ -88.02802, 37.7992 ], [ -88.00134, 37.79891 ], [ -87.95906, 37.7728 ], [ -87.94554, 37.77393 ], [ -87.93152, 37.79828 ], [ -87.90694, 37.80759 ], [ -87.90997, 37.84303 ], [ -87.93799, 37.87029 ], [ -87.94006, 37.8876 ], [ -87.90859, 37.92169 ], [ -87.87513, 37.92287 ], [ -87.83842, 37.87991 ], [ -87.79418, 37.87536 ], [ -87.75924, 37.89166 ], [ -87.71341, 37.89328 ], [ -87.68449, 37.90365 ], [ -87.66684, 37.89576 ], [ -87.66671, 37.88004 ], [ -87.68168, 37.85627 ], [ -87.67034, 37.82796 ], [ -87.61535, 37.83188 ], [ -87.59027, 37.85859 ], [ -87.58714, 37.88486 ], [ -87.61815, 37.90552 ], [ -87.6246, 37.93028 ], [ -87.60581, 37.94961 ], [ -87.60139, 37.97131 ], [ -87.57505, 37.96591 ], [ -87.56908, 37.94156 ], [ -87.55604, 37.92817 ], [ -87.50972, 37.90603 ], [ -87.44913, 37.94185 ], [ -87.41413, 37.94477 ], [ -87.38618, 37.9378 ], [ -87.33791, 37.90813 ], [ -87.32101, 37.90597 ], [ -87.2798, 37.88525 ], [ -87.22047, 37.84907 ], [ -87.1611, 37.83936 ], [ -87.14111, 37.81552 ], [ -87.12881, 37.78558 ], [ -87.09152, 37.78676 ], [ -87.06967, 37.80151 ], [ -87.04313, 37.86886 ], [ -87.04639, 37.88984 ], [ -87.03517, 37.90547 ], [ -87.01237, 37.91871 ], [ -86.96799, 37.93301 ], [ -86.92066, 37.93621 ], [ -86.90117, 37.94723 ], [ -86.86091, 37.98437 ], [ -86.82493, 37.99854 ], [ -86.79504, 37.98928 ], [ -86.77998, 37.95553 ], [ -86.74946, 37.91135 ], [ -86.7334, 37.89537 ], [ -86.71108, 37.8967 ], [ -86.68586, 37.91319 ], [ -86.65043, 37.91086 ], [ -86.64472, 37.89499 ], [ -86.66248, 37.85708 ], [ -86.6581, 37.84409 ], [ -86.63828, 37.84269 ], [ -86.60502, 37.85795 ], [ -86.59786, 37.86773 ], [ -86.60017, 37.9044 ], [ -86.58648, 37.92227 ], [ -86.53333, 37.91725 ], [ -86.51025, 37.92666 ], [ -86.50932, 37.9423 ], [ -86.52494, 37.9665 ], [ -86.52514, 38.02873 ], [ -86.50882, 38.04505 ], [ -86.467, 38.04664 ], [ -86.43392, 38.06571 ], [ -86.43155, 38.08374 ], [ -86.45779, 38.09523 ], [ -86.46468, 38.11738 ], [ -86.43274, 38.12643 ], [ -86.40188, 38.10433 ], [ -86.37508, 38.13064 ], [ -86.33615, 38.12834 ], [ -86.32587, 38.15403 ], [ -86.36534, 38.16137 ], [ -86.37651, 38.1694 ], [ -86.37303, 38.19424 ], [ -86.34855, 38.19569 ], [ -86.31883, 38.17379 ], [ -86.29508, 38.16375 ], [ -86.27026, 38.13225 ], [ -86.27912, 38.10094 ], [ -86.2678, 38.05715 ], [ -86.22024, 38.02796 ], [ -86.17893, 38.01081 ], [ -86.12351, 38.01616 ], [ -86.07723, 37.99864 ], [ -86.0511, 37.96126 ], [ -86.03506, 37.9629 ], [ -86.03225, 37.99036 ], [ -86.00947, 37.99839 ], [ -85.9427, 38.00682 ], [ -85.92343, 38.02525 ], [ -85.91628, 38.06296 ], [ -85.90505, 38.08996 ], [ -85.9091, 38.14234 ], [ -85.90358, 38.17393 ], [ -85.87499, 38.2077 ], [ -85.85167, 38.22261 ], [ -85.8391, 38.23982 ], [ -85.82906, 38.27655 ], [ -85.7869, 38.28853 ], [ -85.76092, 38.27191 ], [ -85.738, 38.2691 ], [ -85.67376, 38.30225 ], [ -85.65552, 38.32372 ], [ -85.63938, 38.36111 ], [ -85.63745, 38.38222 ], [ -85.61875, 38.42573 ], [ -85.58552, 38.45025 ], [ -85.52526, 38.45754 ], [ -85.49809, 38.4688 ], [ -85.46719, 38.51002 ], [ -85.43423, 38.52326 ], [ -85.41555, 38.54497 ], [ -85.41755, 38.56949 ], [ -85.4359, 38.59887 ], [ -85.43863, 38.65889 ], [ -85.45466, 38.68072 ], [ -85.45033, 38.71167 ], [ -85.43723, 38.72756 ], [ -85.40836, 38.73714 ], [ -85.3711, 38.73037 ], [ -85.30199, 38.74196 ], [ -85.27913, 38.74172 ], [ -85.24645, 38.73175 ], [ -85.21305, 38.69545 ], [ -85.17339, 38.688 ], [ -85.13199, 38.70292 ], [ -85.10176, 38.72643 ], [ -85.0117, 38.76624 ], [ -84.99192, 38.77828 ], [ -84.93402, 38.77728 ], [ -84.88774, 38.79479 ], [ -84.82755, 38.78316 ], [ -84.8116, 38.79196 ], [ -84.83004, 38.83014 ], [ -84.79044, 38.86125 ], [ -84.78661, 38.88242 ], [ -84.81455, 38.89547 ], [ -84.86187, 38.89775 ], [ -84.87793, 38.92015 ], [ -84.8336, 38.95954 ], [ -84.83858, 38.9899 ], [ -84.89731, 39.05748 ], [ -84.82015, 39.10542 ], [ -84.81945, 39.30515 ], [ -84.81575, 39.47865 ], [ -84.81419, 39.81369 ], [ -84.81121, 39.99545 ], [ -84.80416, 40.27505 ], [ -84.80423, 40.40344 ], [ -84.80271, 40.51362 ], [ -84.80223, 40.79418 ], [ -84.80303, 40.93717 ], [ -84.80389, 41.40862 ], [ -84.80597, 41.69612 ], [ -84.80588, 41.76017 ], [ -84.98097, 41.75949 ], [ -85.36969, 41.75991 ], [ -85.62239, 41.75908 ], [ -85.87178, 41.75925 ], [ -86.10846, 41.7607 ], [ -86.59162, 41.75949 ], [ -86.93437, 41.76104 ], [ -87.20777, 41.76096 ], [ -87.52366, 41.75991 ], [ -87.52481, 41.68694 ], [ -87.52667, 41.32691 ], [ -87.52566, 40.83613 ], [ -87.52617, 40.50576 ], [ -87.53153, 40.14278 ], [ -87.53327, 39.87504 ], [ -87.53141, 39.43856 ], [ -87.53165, 39.34789 ], [ -87.54588, 39.35215 ], [ -87.55774, 39.33934 ], [ -87.57833, 39.34034 ], [ -87.61896, 39.30169 ], [ -87.59795, 39.29948 ], [ -87.60875, 39.28669 ], [ -87.60495, 39.26021 ], [ -87.59239, 39.24715 ], [ -87.58065, 39.25524 ], [ -87.57703, 39.21112 ], [ -87.60517, 39.1859 ], [ -87.6196, 39.18603 ], [ -87.61962, 39.17098 ], [ -87.63793, 39.16843 ], [ -87.65874, 39.136 ], [ -87.6351, 39.1223 ], [ -87.64917, 39.1048 ], [ -87.61838, 39.10428 ], [ -87.62026, 39.08657 ], [ -87.59637, 39.07964 ], [ -87.57259, 39.05729 ], [ -87.58021, 39.04194 ], [ -87.5697, 39.01941 ], [ -87.57912, 39.00161 ], [ -87.57347, 38.98544 ], [ -87.5295, 38.97193 ], [ -87.51335, 38.956 ], [ -87.52185, 38.94007 ], [ -87.51801, 38.90271 ], [ -87.54409, 38.89509 ], [ -87.53682, 38.87741 ], [ -87.55203, 38.86032 ], [ -87.52589, 38.8488 ], [ -87.52741, 38.81877 ], [ -87.4959, 38.78543 ], [ -87.51437, 38.76917 ], [ -87.49691, 38.76682 ], [ -87.51961, 38.6972 ], [ -87.53443, 38.68175 ], [ -87.59725, 38.66531 ], [ -87.62735, 38.60724 ], [ -87.6214, 38.58612 ], [ -87.63685, 38.59289 ], [ -87.65014, 38.55774 ], [ -87.67007, 38.54524 ], [ -87.64537, 38.51384 ], [ -87.65236, 38.50322 ], [ -87.66981, 38.50718 ], [ -87.68592, 38.49184 ], [ -87.71405, 38.47988 ], [ -87.74464, 38.47727 ], [ -87.75593, 38.45588 ], [ -87.73082, 38.44923 ], [ -87.74377, 38.41312 ], [ -87.78499, 38.36801 ], [ -87.80607, 38.36314 ], [ -87.82272, 38.34691 ], [ -87.83272, 38.32485 ], [ -87.83095, 38.29937 ], [ -87.85113, 38.27512 ], [ -87.86625, 38.28998 ], [ -87.86427, 38.3107 ], [ -87.8783, 38.30785 ], [ -87.88822, 38.28492 ], [ -87.90684, 38.26963 ], [ -87.91929, 38.27591 ], [ -87.90853, 38.29096 ], [ -87.92497, 38.29866 ], [ -87.95216, 38.27051 ], [ -87.94207, 38.2603 ], [ -87.96022, 38.23712 ], [ -87.98187, 38.25644 ], [ -87.98276, 38.20671 ], [ -87.96986, 38.19179 ], [ -87.94049, 38.1749 ], [ -87.93464, 38.15675 ], [ -87.91729, 38.17417 ], [ -87.91103, 38.16219 ], [ -87.94482, 38.12727 ], [ -87.96735, 38.13214 ], [ -87.97478, 38.11052 ], [ -88.01312, 38.10353 ], [ -88.0047, 38.08397 ], [ -87.96068, 38.10019 ], [ -87.95666, 38.0862 ], [ -87.96723, 38.06711 ], [ -88.00473, 38.05105 ], [ -88.04213, 38.04635 ], [ -88.03413, 38.03205 ], [ -88.01763, 38.03475 ], [ -88.02583, 38.00725 ], [ -88.01257, 37.97706 ], [ -88.02087, 37.95935 ], [ -88.03701, 37.95628 ], [ -88.03034, 37.93105 ], [ -88.05476, 37.93349 ], [ -88.06224, 37.9179 ], [ -88.02251, 37.91476 ], [ -88.01335, 37.89485 ], [ -88.05537, 37.89124 ], [ -88.08624, 37.90571 ], [ -88.09496, 37.89369 ], [ -88.07853, 37.87912 ], [ -88.05942, 37.84873 ], [ -88.02822, 37.83859 ], [ -88.04383, 37.82153 ], [ -88.08085, 37.8309 ], [ -88.09004, 37.81677 ], [ -88.06222, 37.80058 ], [ -88.03546, 37.80952 ], [ -88.02802, 37.7992 ] ] ] } },
{ "type": "Feature", "properties": { "fid": 16, "ZoneCode": "190001", "AbrvFull": "IA", "NameFull": "Iowa", "ZoneNum": 1, "AbrvPart": null, "NamePart": null, "ZoneType": "Statewide", "StateAbrv": "IA", "StateName": "Iowa", "ProjAbrv": "LC1", "ProjType": "Lambert Conformal Conic, one parallel", "LatOrigin": "42°00'N", "LonOriginE": "266°30'E", "LonOriginW": "93°30'W", "Lat0_deg": 42.0, "Lon0_E_deg": 266.5, "Lon0_W_deg": -93.5, "ProjScale": 0.9999, "SkewAz_deg": -9999, "FalseN_m": 342900.0, "FalseE_m": 800100.0, "FalseN_ift": 1125000.0, "FalseE_ift": 2625000.0, "DesignBy": "NGS", "Ref_frame": "NATRF2022" }, "geometry": { "type": "Polygon", "coordinates": [ [ [ -91.21771, 43.50055 ], [ -92.1719, 43.50078 ], [ -93.29887, 43.49946 ], [ -94.37737, 43.50024 ], [ -94.71261, 43.50085 ], [ -95.16759, 43.50102 ], [ -95.68931, 43.49988 ], [ -96.45326, 43.50039 ], [ -96.59919, 43.50046 ], [ -96.58486, 43.48969 ], [ -96.5824, 43.46674 ], [ -96.60255, 43.44925 ], [ -96.59314, 43.43305 ], [ -96.57433, 43.43112 ], [ -96.56826, 43.4169 ], [ -96.5456, 43.39744 ], [ -96.52524, 43.39607 ], [ -96.52135, 43.3757 ], [ -96.53096, 43.36843 ], [ -96.52438, 43.34713 ], [ -96.53319, 43.32871 ], [ -96.52452, 43.31207 ], [ -96.53069, 43.29971 ], [ -96.55308, 43.29284 ], [ -96.57454, 43.29906 ], [ -96.58652, 43.27372 ], [ -96.54953, 43.24837 ], [ -96.57141, 43.23908 ], [ -96.55528, 43.22667 ], [ -96.52141, 43.2185 ], [ -96.47673, 43.22199 ], [ -96.46956, 43.15835 ], [ -96.4506, 43.14252 ], [ -96.43657, 43.11982 ], [ -96.46267, 43.08966 ], [ -96.46074, 43.06434 ], [ -96.4892, 43.05149 ], [ -96.51085, 43.04977 ], [ -96.51395, 43.03008 ], [ -96.49198, 43.0102 ], [ -96.52082, 42.97992 ], [ -96.49898, 42.95777 ], [ -96.53641, 42.92311 ], [ -96.54483, 42.85019 ], [ -96.55604, 42.84877 ], [ -96.56304, 42.8283 ], [ -96.57442, 42.83798 ], [ -96.60501, 42.78301 ], [ -96.61985, 42.78379 ], [ -96.63649, 42.76486 ], [ -96.6256, 42.75443 ], [ -96.63875, 42.7375 ], [ -96.62469, 42.72563 ], [ -96.61919, 42.69981 ], [ -96.60944, 42.70242 ], [ -96.53798, 42.65598 ], [ -96.538, 42.64691 ], [ -96.51514, 42.62823 ], [ -96.49603, 42.58038 ], [ -96.48615, 42.57315 ], [ -96.49726, 42.55698 ], [ -96.47696, 42.55597 ], [ -96.47995, 42.52425 ], [ -96.49357, 42.51563 ], [ -96.47333, 42.50354 ], [ -96.47637, 42.49004 ], [ -96.44548, 42.49063 ], [ -96.40196, 42.48644 ], [ -96.38601, 42.47451 ], [ -96.3807, 42.44639 ], [ -96.41031, 42.41297 ], [ -96.40844, 42.37609 ], [ -96.41792, 42.3587 ], [ -96.408, 42.33741 ], [ -96.36997, 42.31088 ], [ -96.36798, 42.29068 ], [ -96.33131, 42.25941 ], [ -96.32372, 42.22989 ], [ -96.35987, 42.21055 ], [ -96.34847, 42.19615 ], [ -96.34669, 42.16469 ], [ -96.32074, 42.14793 ], [ -96.30976, 42.1321 ], [ -96.28595, 42.12593 ], [ -96.26749, 42.10978 ], [ -96.2792, 42.07354 ], [ -96.26806, 42.04171 ], [ -96.23436, 42.04071 ], [ -96.2219, 42.02956 ], [ -96.24137, 41.99999 ], [ -96.22835, 41.99426 ], [ -96.21522, 42.0067 ], [ -96.18471, 42.00497 ], [ -96.19197, 41.98535 ], [ -96.1772, 41.97631 ], [ -96.15805, 41.98028 ], [ -96.1332, 41.97494 ], [ -96.12919, 41.96514 ], [ -96.1426, 41.94591 ], [ -96.13661, 41.92717 ], [ -96.16207, 41.90305 ], [ -96.14436, 41.87197 ], [ -96.11125, 41.85023 ], [ -96.10975, 41.82399 ], [ -96.08016, 41.81002 ], [ -96.0649, 41.79167 ], [ -96.07863, 41.76195 ], [ -96.10618, 41.73918 ], [ -96.09944, 41.72609 ], [ -96.0775, 41.71649 ], [ -96.07771, 41.70002 ], [ -96.10856, 41.69928 ], [ -96.12105, 41.677 ], [ -96.10005, 41.66108 ], [ -96.09553, 41.64586 ], [ -96.11599, 41.62202 ], [ -96.11364, 41.60196 ], [ -96.08719, 41.58655 ], [ -96.08119, 41.5743 ], [ -96.09659, 41.5454 ], [ -96.09191, 41.53405 ], [ -96.05733, 41.51105 ], [ -96.04061, 41.50689 ], [ -96.02666, 41.54037 ], [ -95.99997, 41.53948 ], [ -95.99278, 41.5146 ], [ -96.01954, 41.49159 ], [ -96.00405, 41.47215 ], [ -95.96833, 41.46389 ], [ -95.94501, 41.46649 ], [ -95.92451, 41.45891 ], [ -95.92086, 41.44343 ], [ -95.93231, 41.43207 ], [ -95.93769, 41.39477 ], [ -95.92877, 41.37008 ], [ -95.95713, 41.34959 ], [ -95.95166, 41.3375 ], [ -95.92518, 41.32136 ], [ -95.88555, 41.3181 ], [ -95.87418, 41.30792 ], [ -95.87748, 41.28458 ], [ -95.90284, 41.27437 ], [ -95.91258, 41.27953 ], [ -95.9059, 41.30104 ], [ -95.92764, 41.29844 ], [ -95.92865, 41.28133 ], [ -95.9113, 41.23944 ], [ -95.92612, 41.21162 ], [ -95.91612, 41.18528 ], [ -95.86762, 41.18842 ], [ -95.84724, 41.18335 ], [ -95.84344, 41.1691 ], [ -95.87369, 41.16664 ], [ -95.88294, 41.15457 ], [ -95.86723, 41.12149 ], [ -95.86243, 41.08969 ], [ -95.88222, 41.06354 ], [ -95.86086, 41.03855 ], [ -95.8695, 41.00943 ], [ -95.86349, 40.99734 ], [ -95.83205, 40.98114 ], [ -95.82983, 40.96386 ], [ -95.84027, 40.93994 ], [ -95.83644, 40.92164 ], [ -95.8143, 40.90294 ], [ -95.81208, 40.88424 ], [ -95.84778, 40.86433 ], [ -95.83719, 40.83535 ], [ -95.84374, 40.80378 ], [ -95.8369, 40.77648 ], [ -95.88153, 40.75061 ], [ -95.88891, 40.73186 ], [ -95.88318, 40.71758 ], [ -95.85261, 40.70226 ], [ -95.8428, 40.6775 ], [ -95.78948, 40.65939 ], [ -95.77625, 40.64746 ], [ -95.76893, 40.62126 ], [ -95.75127, 40.60906 ], [ -95.76564, 40.58521 ], [ -94.96649, 40.57584 ], [ -94.66907, 40.57172 ], [ -94.48911, 40.57071 ], [ -94.07214, 40.57303 ], [ -93.81548, 40.57728 ], [ -93.69437, 40.57784 ], [ -93.54758, 40.58041 ], [ -93.26043, 40.58081 ], [ -93.0135, 40.5863 ], [ -92.65941, 40.59034 ], [ -92.48522, 40.59509 ], [ -92.09661, 40.60183 ], [ -91.8684, 40.60806 ], [ -91.72911, 40.61364 ], [ -91.71202, 40.59505 ], [ -91.68538, 40.57889 ], [ -91.69156, 40.56484 ], [ -91.68171, 40.55304 ], [ -91.62516, 40.5435 ], [ -91.61695, 40.50479 ], [ -91.59464, 40.495 ], [ -91.56772, 40.46228 ], [ -91.52615, 40.45863 ], [ -91.53281, 40.43678 ], [ -91.51901, 40.4313 ], [ -91.52461, 40.41077 ], [ -91.49809, 40.40193 ], [ -91.48315, 40.38249 ], [ -91.46389, 40.37566 ], [ -91.44124, 40.38626 ], [ -91.41942, 40.37826 ], [ -91.3842, 40.38643 ], [ -91.37292, 40.39911 ], [ -91.38104, 40.44849 ], [ -91.36491, 40.48417 ], [ -91.36906, 40.51253 ], [ -91.4062, 40.5427 ], [ -91.40148, 40.55946 ], [ -91.37975, 40.57445 ], [ -91.35987, 40.60181 ], [ -91.31005, 40.62504 ], [ -91.24785, 40.63839 ], [ -91.18529, 40.6378 ], [ -91.12082, 40.67278 ], [ -91.11109, 40.70828 ], [ -91.11573, 40.72517 ], [ -91.10876, 40.75004 ], [ -91.09248, 40.77684 ], [ -91.09695, 40.8114 ], [ -91.09007, 40.82464 ], [ -91.05643, 40.84839 ], [ -91.04465, 40.86836 ], [ -90.9985, 40.90812 ], [ -90.96292, 40.92496 ], [ -90.95197, 40.95824 ], [ -90.95814, 40.97977 ], [ -90.94595, 41.0065 ], [ -90.94225, 41.0347 ], [ -90.94913, 41.07061 ], [ -90.94626, 41.09473 ], [ -90.98966, 41.15571 ], [ -91.00961, 41.16625 ], [ -91.04187, 41.16648 ], [ -91.0659, 41.19952 ], [ -91.11235, 41.239 ], [ -91.11419, 41.25003 ], [ -91.07355, 41.31048 ], [ -91.06506, 41.3691 ], [ -91.05193, 41.38448 ], [ -91.04826, 41.40975 ], [ -91.02779, 41.4236 ], [ -90.97517, 41.43399 ], [ -90.93069, 41.42137 ], [ -90.84746, 41.45502 ], [ -90.73754, 41.45013 ], [ -90.65584, 41.46213 ], [ -90.60594, 41.49423 ], [ -90.59524, 41.51103 ], [ -90.54093, 41.52613 ], [ -90.50063, 41.51803 ], [ -90.46143, 41.52353 ], [ -90.41282, 41.56533 ], [ -90.34323, 41.58783 ], [ -90.33953, 41.59863 ], [ -90.34345, 41.64696 ], [ -90.33452, 41.67956 ], [ -90.31305, 41.69963 ], [ -90.31555, 41.73443 ], [ -90.27863, 41.76736 ], [ -90.22226, 41.79313 ], [ -90.18797, 41.80316 ], [ -90.18397, 41.83307 ], [ -90.17004, 41.87644 ], [ -90.15358, 41.90661 ], [ -90.1516, 41.931 ], [ -90.16385, 41.94493 ], [ -90.16214, 41.96129 ], [ -90.14622, 41.98133 ], [ -90.14006, 42.00325 ], [ -90.15158, 42.03063 ], [ -90.16448, 42.04211 ], [ -90.16836, 42.07578 ], [ -90.16289, 42.11672 ], [ -90.17097, 42.1252 ], [ -90.2014, 42.13094 ], [ -90.20948, 42.15268 ], [ -90.25013, 42.17147 ], [ -90.28217, 42.17885 ], [ -90.32827, 42.20105 ], [ -90.35696, 42.20545 ], [ -90.39111, 42.22547 ], [ -90.41933, 42.25447 ], [ -90.43088, 42.27823 ], [ -90.41594, 42.3227 ], [ -90.44517, 42.35644 ], [ -90.47794, 42.38415 ], [ -90.55502, 42.41614 ], [ -90.57074, 42.4417 ], [ -90.62433, 42.4589 ], [ -90.65112, 42.47519 ], [ -90.65646, 42.49096 ], [ -90.64284, 42.50848 ], [ -90.63599, 42.51541 ], [ -90.64403, 42.53986 ], [ -90.66153, 42.568 ], [ -90.68697, 42.59177 ], [ -90.70267, 42.63076 ], [ -90.72021, 42.64076 ], [ -90.76949, 42.65144 ], [ -90.88743, 42.67247 ], [ -90.92115, 42.68541 ], [ -90.95241, 42.68678 ], [ -90.98058, 42.69893 ], [ -90.99554, 42.7137 ], [ -91.05127, 42.737 ], [ -91.06468, 42.75091 ], [ -91.07857, 42.80963 ], [ -91.07866, 42.82768 ], [ -91.09406, 42.83081 ], [ -91.09159, 42.84866 ], [ -91.10056, 42.88308 ], [ -91.14349, 42.9047 ], [ -91.14978, 42.94024 ], [ -91.14655, 42.96335 ], [ -91.17469, 43.03871 ], [ -91.17938, 43.06862 ], [ -91.17525, 43.13467 ], [ -91.1562, 43.14295 ], [ -91.11911, 43.20037 ], [ -91.07928, 43.22826 ], [ -91.05791, 43.25397 ], [ -91.10724, 43.31365 ], [ -91.12912, 43.32635 ], [ -91.18111, 43.34593 ], [ -91.20185, 43.3491 ], [ -91.21477, 43.36587 ], [ -91.19767, 43.39533 ], [ -91.20314, 43.41981 ], [ -91.22875, 43.44554 ], [ -91.23224, 43.46002 ], [ -91.21528, 43.4848 ], [ -91.21771, 43.50055 ] ] ] } },
{ "type": "Feature", "properties": { "fid": 17, "ZoneCode": "200001", "AbrvFull": "KS", "NameFull": "Kansas", "ZoneNum": 1, "AbrvPart": null, "NamePart": null, "ZoneType": "Statewide", "StateAbrv": "KS", "StateName": "Kansas", "ProjAbrv": "LC1", "ProjType": "Lambert Conformal Conic, one parallel", "LatOrigin": "38°30'N", "LonOriginE": "261°45'E", "LonOriginW": "98°15'W", "Lat0_deg": 38.5, "Lon0_E_deg": 261.75, "Lon0_W_deg": -98.25, "ProjScale": 0.99995, "SkewAz_deg": -9999, "FalseN_m": 304800.0, "FalseE_m": 838200.0, "FalseN_ift": 1000000.0, "FalseE_ift": 2750000.0, "DesignBy": "NGS", "Ref_frame": "NATRF2022" }, "geometry": { "type": "Polygon", "coordinates": [ [ [ -94.61796, 36.99891 ], [ -94.61831, 37.19469 ], [ -94.61672, 37.50012 ], [ -94.61767, 37.77619 ], [ -94.61416, 37.97401 ], [ -94.6125, 38.22038 ], [ -94.61335, 38.4587 ], [ -94.6119, 38.60589 ], [ -94.60817, 38.8111 ], [ -94.60715, 39.10559 ], [ -94.60512, 39.12326 ], [ -94.58866, 39.15116 ], [ -94.60645, 39.16083 ], [ -94.65065, 39.15409 ], [ -94.65916, 39.17413 ], [ -94.68879, 39.18323 ], [ -94.71414, 39.1704 ], [ -94.7528, 39.17349 ], [ -94.78295, 39.20716 ], [ -94.80848, 39.20648 ], [ -94.83168, 39.21594 ], [ -94.82748, 39.2499 ], [ -94.84632, 39.26848 ], [ -94.8804, 39.28221 ], [ -94.89852, 39.29845 ], [ -94.9079, 39.32345 ], [ -94.91032, 39.3513 ], [ -94.87909, 39.3757 ], [ -94.88897, 39.39243 ], [ -94.91922, 39.38517 ], [ -94.94204, 39.3895 ], [ -94.94629, 39.40565 ], [ -94.97295, 39.42171 ], [ -94.99017, 39.44619 ], [ -95.03341, 39.46088 ], [ -95.04467, 39.47126 ], [ -95.05055, 39.49751 ], [ -95.07744, 39.51355 ], [ -95.10806, 39.53992 ], [ -95.10747, 39.57374 ], [ -95.09215, 39.58112 ], [ -95.0569, 39.58057 ], [ -95.04669, 39.59675 ], [ -95.05515, 39.62166 ], [ -95.04952, 39.63788 ], [ -95.02459, 39.66849 ], [ -94.9884, 39.6771 ], [ -94.96933, 39.69073 ], [ -94.97133, 39.72571 ], [ -94.94754, 39.74534 ], [ -94.90261, 39.7242 ], [ -94.87563, 39.73049 ], [ -94.85903, 39.75412 ], [ -94.86965, 39.7729 ], [ -94.90544, 39.75951 ], [ -94.93464, 39.77314 ], [ -94.91955, 39.79029 ], [ -94.89053, 39.79143 ], [ -94.87624, 39.80739 ], [ -94.87666, 39.82252 ], [ -94.89148, 39.83464 ], [ -94.91677, 39.83581 ], [ -94.93985, 39.85204 ], [ -94.9279, 39.88611 ], [ -94.95518, 39.90129 ], [ -94.98706, 39.89632 ], [ -95.01513, 39.89964 ], [ -95.03525, 39.86592 ], [ -95.085, 39.86188 ], [ -95.13968, 39.88059 ], [ -95.14605, 39.90418 ], [ -95.18956, 39.90015 ], [ -95.20348, 39.90565 ], [ -95.20527, 39.93975 ], [ -95.25025, 39.94864 ], [ -95.27233, 39.97104 ], [ -95.30161, 39.984 ], [ -95.30829, 40.0 ], [ -97.12531, 40.00194 ], [ -98.57522, 40.00248 ], [ -99.5721, 40.00197 ], [ -99.81343, 40.00136 ], [ -100.49558, 40.00171 ], [ -100.75883, 40.0023 ], [ -101.84102, 40.00278 ], [ -102.05174, 40.00308 ], [ -102.04905, 39.37399 ], [ -102.04535, 38.8569 ], [ -102.04451, 37.98458 ], [ -102.04163, 37.6967 ], [ -102.04209, 36.99302 ], [ -101.57541, 36.99518 ], [ -100.30735, 37.00181 ], [ -100.10789, 37.00231 ], [ -99.87541, 37.00166 ], [ -99.558, 36.99953 ], [ -98.79702, 36.99946 ], [ -98.5225, 36.99889 ], [ -98.30046, 36.99768 ], [ -97.94562, 36.99861 ], [ -96.73659, 36.99929 ], [ -96.50029, 36.99864 ], [ -96.31888, 36.9993 ], [ -94.96159, 36.99946 ], [ -94.61796, 36.99891 ] ] ] } },
{ "type": "Feature", "properties": { "fid": 18, "ZoneCode": "210001", "AbrvFull": "KY", "NameFull": "Kentucky", "ZoneNum": 1, "AbrvPart": null, "NamePart": null, "ZoneType": "Statewide", "StateAbrv": "KY", "StateName": "Kentucky", "ProjAbrv": "LC1", "ProjType": "Lambert Conformal Conic, one parallel", "LatOrigin": "37°48'N", "LonOriginE": "274°15'E", "LonOriginW": "85°45'W", "Lat0_deg": 37.8, "Lon0_E_deg": 274.25, "Lon0_W_deg": -85.75, "ProjScale": 0.99993, "SkewAz_deg": -9999, "FalseN_m": 1257300.0, "FalseE_m": 495300.0, "FalseN_ift": 4125000.0, "FalseE_ift": 1625000.0, "DesignBy": "NGS", "Ref_frame": "NATRF2022" }, "geometry": { "type": "MultiPolygon", "coordinates": [ [ [ [ -89.48543, 36.49749 ], [ -89.46665, 36.52704 ], [ -89.46782, 36.54697 ], [ -89.47993, 36.56909 ], [ -89.53064, 36.58171 ], [ -89.55757, 36.5743 ], [ -89.57073, 36.55766 ], [ -89.56041, 36.52441 ], [ -89.53923, 36.49793 ], [ -89.48543, 36.49749 ] ] ], [ [ [ -83.67539, 36.60078 ], [ -83.64809, 36.62284 ], [ -83.6139, 36.63485 ], [ -83.57761, 36.64139 ], [ -83.5324, 36.66469 ], [ -83.4928, 36.67019 ], [ -83.45369, 36.66479 ], [ -83.41868, 36.66873 ], [ -83.38681, 36.68661 ], [ -83.34763, 36.7002 ], [ -83.2883, 36.71371 ], [ -83.19425, 36.73952 ], [ -83.13512, 36.74263 ], [ -83.12857, 36.75972 ], [ -83.13323, 36.78459 ], [ -83.11893, 36.78969 ], [ -83.09848, 36.81352 ], [ -83.0999, 36.83115 ], [ -83.07525, 36.8407 ], [ -83.07284, 36.85446 ], [ -83.02631, 36.85542 ], [ -83.00658, 36.84764 ], [ -82.99859, 36.85657 ], [ -82.96924, 36.85802 ], [ -82.87908, 36.88926 ], [ -82.87738, 36.90847 ], [ -82.85764, 36.92885 ], [ -82.85591, 36.95301 ], [ -82.87098, 36.96848 ], [ -82.82225, 37.00416 ], [ -82.78286, 37.00782 ], [ -82.75898, 37.02745 ], [ -82.74781, 37.02454 ], [ -82.74276, 37.0428 ], [ -82.72243, 37.04495 ], [ -82.72669, 37.11479 ], [ -82.62361, 37.16444 ], [ -82.55009, 37.2046 ], [ -82.53311, 37.20659 ], [ -82.48651, 37.2312 ], [ -82.34873, 37.26823 ], [ -82.34382, 37.28075 ], [ -82.32472, 37.28304 ], [ -82.31623, 37.29465 ], [ -82.1234, 37.42844 ], [ -81.96801, 37.53804 ], [ -81.97009, 37.54672 ], [ -82.00557, 37.53492 ], [ -82.06483, 37.5372 ], [ -82.07565, 37.55592 ], [ -82.13411, 37.55363 ], [ -82.14176, 37.57109 ], [ -82.12445, 37.57652 ], [ -82.13228, 37.59333 ], [ -82.1563, 37.59237 ], [ -82.16435, 37.61926 ], [ -82.17699, 37.61818 ], [ -82.17507, 37.64783 ], [ -82.19076, 37.64514 ], [ -82.18593, 37.62956 ], [ -82.2145, 37.6254 ], [ -82.21676, 37.6405 ], [ -82.24089, 37.66153 ], [ -82.25807, 37.65688 ], [ -82.28218, 37.67575 ], [ -82.30407, 37.67831 ], [ -82.29621, 37.7007 ], [ -82.30768, 37.70801 ], [ -82.31957, 37.73424 ], [ -82.33417, 37.74277 ], [ -82.31298, 37.76513 ], [ -82.32852, 37.76212 ], [ -82.33746, 37.77491 ], [ -82.37617, 37.80203 ], [ -82.38902, 37.81741 ], [ -82.40214, 37.81089 ], [ -82.39907, 37.82872 ], [ -82.42059, 37.84786 ], [ -82.42048, 37.88545 ], [ -82.46796, 37.91393 ], [ -82.46838, 37.90321 ], [ -82.48739, 37.91668 ], [ -82.48029, 37.92562 ], [ -82.5022, 37.93305 ], [ -82.47183, 37.96029 ], [ -82.48426, 37.97138 ], [ -82.48865, 37.99891 ], [ -82.51896, 38.00215 ], [ -82.5258, 38.0259 ], [ -82.53916, 38.03935 ], [ -82.54924, 38.06795 ], [ -82.58336, 38.09003 ], [ -82.58534, 38.10663 ], [ -82.62238, 38.13374 ], [ -82.63699, 38.13872 ], [ -82.64444, 38.16656 ], [ -82.6116, 38.17134 ], [ -82.59942, 38.19658 ], [ -82.59829, 38.21736 ], [ -82.61239, 38.23433 ], [ -82.6039, 38.24764 ], [ -82.58573, 38.24573 ], [ -82.57452, 38.26451 ], [ -82.58303, 38.29681 ], [ -82.57192, 38.31335 ], [ -82.57672, 38.32852 ], [ -82.59812, 38.34593 ], [ -82.59284, 38.37506 ], [ -82.59919, 38.39271 ], [ -82.59348, 38.42182 ], [ -82.61194, 38.47307 ], [ -82.65359, 38.49384 ], [ -82.69828, 38.54377 ], [ -82.7279, 38.55887 ], [ -82.79587, 38.56181 ], [ -82.82121, 38.57339 ], [ -82.84739, 38.59533 ], [ -82.85557, 38.61929 ], [ -82.86067, 38.66357 ], [ -82.87497, 38.68305 ], [ -82.86988, 38.72727 ], [ -82.87967, 38.7514 ], [ -82.89648, 38.7564 ], [ -82.94025, 38.74439 ], [ -82.97737, 38.72619 ], [ -83.00349, 38.72983 ], [ -83.03077, 38.72566 ], [ -83.05304, 38.69579 ], [ -83.10765, 38.67499 ], [ -83.12239, 38.65936 ], [ -83.13475, 38.63201 ], [ -83.15364, 38.61884 ], [ -83.20125, 38.6166 ], [ -83.23419, 38.62795 ], [ -83.26074, 38.62284 ], [ -83.28865, 38.59805 ], [ -83.30591, 38.59975 ], [ -83.32757, 38.63768 ], [ -83.36277, 38.65722 ], [ -83.38486, 38.66311 ], [ -83.4454, 38.66999 ], [ -83.47141, 38.6775 ], [ -83.50566, 38.69977 ], [ -83.53368, 38.70218 ], [ -83.60852, 38.68497 ], [ -83.6349, 38.67043 ], [ -83.64465, 38.63689 ], [ -83.66889, 38.62656 ], [ -83.72086, 38.64667 ], [ -83.77018, 38.65586 ], [ -83.78446, 38.69672 ], [ -83.8392, 38.72002 ], [ -83.8525, 38.75184 ], [ -83.87241, 38.76226 ], [ -83.92814, 38.77197 ], [ -83.94101, 38.78212 ], [ -83.97809, 38.78736 ], [ -84.04458, 38.77056 ], [ -84.09162, 38.77424 ], [ -84.15636, 38.79505 ], [ -84.21311, 38.80584 ], [ -84.23022, 38.82656 ], [ -84.23657, 38.89613 ], [ -84.28654, 38.95254 ], [ -84.3004, 38.99711 ], [ -84.32662, 39.02726 ], [ -84.36072, 39.04157 ], [ -84.41114, 39.0466 ], [ -84.43056, 39.05874 ], [ -84.44068, 39.10927 ], [ -84.45876, 39.12139 ], [ -84.48215, 39.11643 ], [ -84.51034, 39.09387 ], [ -84.55389, 39.09829 ], [ -84.57128, 39.08273 ], [ -84.60081, 39.07451 ], [ -84.63233, 39.07659 ], [ -84.64963, 39.09104 ], [ -84.68935, 39.10319 ], [ -84.72746, 39.14273 ], [ -84.7534, 39.14711 ], [ -84.78448, 39.11772 ], [ -84.82015, 39.10542 ], [ -84.89731, 39.05748 ], [ -84.83858, 38.9899 ], [ -84.8336, 38.95954 ], [ -84.87793, 38.92015 ], [ -84.86187, 38.89775 ], [ -84.81455, 38.89547 ], [ -84.78661, 38.88242 ], [ -84.79044, 38.86125 ], [ -84.83004, 38.83014 ], [ -84.8116, 38.79196 ], [ -84.82755, 38.78316 ], [ -84.88774, 38.79479 ], [ -84.93402, 38.77728 ], [ -84.99192, 38.77828 ], [ -85.0117, 38.76624 ], [ -85.10176, 38.72643 ], [ -85.13199, 38.70292 ], [ -85.17339, 38.688 ], [ -85.21305, 38.69545 ], [ -85.24645, 38.73175 ], [ -85.27913, 38.74172 ], [ -85.30199, 38.74196 ], [ -85.3711, 38.73037 ], [ -85.40836, 38.73714 ], [ -85.43723, 38.72756 ], [ -85.45033, 38.71167 ], [ -85.45466, 38.68072 ], [ -85.43863, 38.65889 ], [ -85.4359, 38.59887 ], [ -85.41755, 38.56949 ], [ -85.41555, 38.54497 ], [ -85.43423, 38.52326 ], [ -85.46719, 38.51002 ], [ -85.49809, 38.4688 ], [ -85.52526, 38.45754 ], [ -85.58552, 38.45025 ], [ -85.61875, 38.42573 ], [ -85.63745, 38.38222 ], [ -85.63938, 38.36111 ], [ -85.65552, 38.32372 ], [ -85.67376, 38.30225 ], [ -85.738, 38.2691 ], [ -85.76092, 38.27191 ], [ -85.7869, 38.28853 ], [ -85.82906, 38.27655 ], [ -85.8391, 38.23982 ], [ -85.85167, 38.22261 ], [ -85.87499, 38.2077 ], [ -85.90358, 38.17393 ], [ -85.9091, 38.14234 ], [ -85.90505, 38.08996 ], [ -85.91628, 38.06296 ], [ -85.92343, 38.02525 ], [ -85.9427, 38.00682 ], [ -86.00947, 37.99839 ], [ -86.03225, 37.99036 ], [ -86.03506, 37.9629 ], [ -86.0511, 37.96126 ], [ -86.07723, 37.99864 ], [ -86.12351, 38.01616 ], [ -86.17893, 38.01081 ], [ -86.22024, 38.02796 ], [ -86.2678, 38.05715 ], [ -86.27912, 38.10094 ], [ -86.27026, 38.13225 ], [ -86.29508, 38.16375 ], [ -86.31883, 38.17379 ], [ -86.34855, 38.19569 ], [ -86.37303, 38.19424 ], [ -86.37651, 38.1694 ], [ -86.36534, 38.16137 ], [ -86.32587, 38.15403 ], [ -86.33615, 38.12834 ], [ -86.37508, 38.13064 ], [ -86.40188, 38.10433 ], [ -86.43274, 38.12643 ], [ -86.46468, 38.11738 ], [ -86.45779, 38.09523 ], [ -86.43155, 38.08374 ], [ -86.43392, 38.06571 ], [ -86.467, 38.04664 ], [ -86.50882, 38.04505 ], [ -86.52514, 38.02873 ], [ -86.52494, 37.9665 ], [ -86.50932, 37.9423 ], [ -86.51025, 37.92666 ], [ -86.53333, 37.91725 ], [ -86.58648, 37.92227 ], [ -86.60017, 37.9044 ], [ -86.59786, 37.86773 ], [ -86.60502, 37.85795 ], [ -86.63828, 37.84269 ], [ -86.6581, 37.84409 ], [ -86.66248, 37.85708 ], [ -86.64472, 37.89499 ], [ -86.65043, 37.91086 ], [ -86.68586, 37.91319 ], [ -86.71108, 37.8967 ], [ -86.7334, 37.89537 ], [ -86.74946, 37.91135 ], [ -86.77998, 37.95553 ], [ -86.79504, 37.98928 ], [ -86.82493, 37.99854 ], [ -86.86091, 37.98437 ], [ -86.90117, 37.94723 ], [ -86.92066, 37.93621 ], [ -86.96799, 37.93301 ], [ -87.01237, 37.91871 ], [ -87.03517, 37.90547 ], [ -87.04639, 37.88984 ], [ -87.04313, 37.86886 ], [ -87.06967, 37.80151 ], [ -87.09152, 37.78676 ], [ -87.12881, 37.78558 ], [ -87.14111, 37.81552 ], [ -87.1611, 37.83936 ], [ -87.22047, 37.84907 ], [ -87.2798, 37.88525 ], [ -87.32101, 37.90597 ], [ -87.33791, 37.90813 ], [ -87.38618, 37.9378 ], [ -87.41413, 37.94477 ], [ -87.44913, 37.94185 ], [ -87.50972, 37.90603 ], [ -87.55604, 37.92817 ], [ -87.56908, 37.94156 ], [ -87.57505, 37.96591 ], [ -87.60139, 37.97131 ], [ -87.60581, 37.94961 ], [ -87.6246, 37.93028 ], [ -87.61815, 37.90552 ], [ -87.58714, 37.88486 ], [ -87.59027, 37.85859 ], [ -87.61535, 37.83188 ], [ -87.67034, 37.82796 ], [ -87.68168, 37.85627 ], [ -87.66671, 37.88004 ], [ -87.66684, 37.89576 ], [ -87.68449, 37.90365 ], [ -87.71341, 37.89328 ], [ -87.75924, 37.89166 ], [ -87.79418, 37.87536 ], [ -87.83842, 37.87991 ], [ -87.87513, 37.92287 ], [ -87.90859, 37.92169 ], [ -87.94006, 37.8876 ], [ -87.93799, 37.87029 ], [ -87.90997, 37.84303 ], [ -87.90694, 37.80759 ], [ -87.93152, 37.79828 ], [ -87.94554, 37.77393 ], [ -87.95906, 37.7728 ], [ -88.00134, 37.79891 ], [ -88.02802, 37.7992 ], [ -88.04918, 37.75507 ], [ -88.06964, 37.73372 ], [ -88.12023, 37.71123 ], [ -88.15999, 37.65972 ], [ -88.15707, 37.63328 ], [ -88.13428, 37.57464 ], [ -88.10574, 37.55659 ], [ -88.09162, 37.53844 ], [ -88.06901, 37.5254 ], [ -88.06114, 37.50459 ], [ -88.08089, 37.47391 ], [ -88.13409, 37.47184 ], [ -88.19654, 37.4607 ], [ -88.28163, 37.45273 ], [ -88.33014, 37.42987 ], [ -88.36439, 37.40175 ], [ -88.40923, 37.42532 ], [ -88.45454, 37.40985 ], [ -88.47464, 37.39078 ], [ -88.48468, 37.34523 ], [ -88.5159, 37.28409 ], [ -88.47129, 37.21961 ], [ -88.44804, 37.20364 ], [ -88.42476, 37.15073 ], [ -88.45852, 37.0761 ], [ -88.48278, 37.06725 ], [ -88.52898, 37.06683 ], [ -88.57286, 37.07966 ], [ -88.58986, 37.09979 ], [ -88.61691, 37.116 ], [ -88.69261, 37.14111 ], [ -88.7325, 37.14395 ], [ -88.79988, 37.18647 ], [ -88.91618, 37.22399 ], [ -88.97289, 37.22987 ], [ -89.0009, 37.22441 ], [ -89.02987, 37.21107 ], [ -89.08714, 37.16493 ], [ -89.1095, 37.12309 ], [ -89.14285, 37.09902 ], [ -89.16735, 37.07504 ], [ -89.18247, 37.03916 ], [ -89.17017, 37.00707 ], [ -89.13291, 36.98206 ], [ -89.1092, 36.97645 ], [ -89.09897, 36.95607 ], [ -89.11711, 36.88869 ], [ -89.13811, 36.84732 ], [ -89.17044, 36.84184 ], [ -89.17885, 36.83334 ], [ -89.17822, 36.80861 ], [ -89.15146, 36.78867 ], [ -89.12871, 36.78768 ], [ -89.11698, 36.7756 ], [ -89.12597, 36.75181 ], [ -89.16978, 36.75964 ], [ -89.19786, 36.73977 ], [ -89.20065, 36.71875 ], [ -89.16943, 36.68877 ], [ -89.17188, 36.6726 ], [ -89.15912, 36.66635 ], [ -89.19775, 36.62897 ], [ -89.20277, 36.60167 ], [ -89.22705, 36.56954 ], [ -89.25654, 36.56496 ], [ -89.29467, 36.59378 ], [ -89.31645, 36.62404 ], [ -89.33203, 36.63288 ], [ -89.3658, 36.62513 ], [ -89.37761, 36.60979 ], [ -89.38271, 36.58372 ], [ -89.41727, 36.49901 ], [ -89.30102, 36.50723 ], [ -89.13706, 36.50394 ], [ -88.95975, 36.50208 ], [ -88.77157, 36.50273 ], [ -88.18325, 36.49944 ], [ -88.05329, 36.49706 ], [ -88.03982, 36.50944 ], [ -88.03267, 36.53699 ], [ -88.04486, 36.60307 ], [ -88.07054, 36.67826 ], [ -88.0122, 36.67719 ], [ -87.84954, 36.6637 ], [ -87.85332, 36.63316 ], [ -87.64775, 36.63803 ], [ -87.33598, 36.64166 ], [ -87.07049, 36.64273 ], [ -86.90106, 36.64649 ], [ -86.73421, 36.6489 ], [ -86.58991, 36.65244 ], [ -86.56391, 36.63356 ], [ -86.50778, 36.65238 ], [ -86.33213, 36.6487 ], [ -86.29311, 36.6453 ], [ -86.02482, 36.63029 ], [ -85.83243, 36.6221 ], [ -85.50151, 36.61486 ], [ -85.30041, 36.62445 ], [ -85.27687, 36.62683 ], [ -85.10924, 36.62289 ], [ -84.99163, 36.61704 ], [ -84.83003, 36.60454 ], [ -84.68545, 36.60136 ], [ -84.54047, 36.5963 ], [ -84.40654, 36.59536 ], [ -84.27154, 36.5917 ], [ -84.10216, 36.59132 ], [ -83.99994, 36.58986 ], [ -83.87403, 36.58593 ], [ -83.69079, 36.5826 ], [ -83.67539, 36.60078 ] ] ] ] } },
{ "type": "Feature", "properties": { "fid": 19, "ZoneCode": "220001", "AbrvFull": "LA", "NameFull": "Louisiana", "ZoneNum": 1, "AbrvPart": null, "NamePart": null, "ZoneType": "Statewide", "StateAbrv": "LA", "StateName": "Louisiana", "ProjAbrv": "OMC", "ProjType": "Hotine Oblique Mercator, center", "LatOrigin": "31°00'N", "LonOriginE": "268°30'E", "LonOriginW": "91°30'W", "Lat0_deg": 31.0, "Lon0_E_deg": 268.5, "Lon0_W_deg": -91.5, "ProjScale": 0.9998, "SkewAz_deg": -68, "FalseN_m": 381000.0, "FalseE_m": 914400.0, "FalseN_ift": 1250000.0, "FalseE_ift": 3000000.0, "DesignBy": "NGS", "Ref_frame": "NATRF2022" }, "geometry": { "type": "Polygon", "coordinates": [ [ [ -91.16609, 33.00429 ], [ -91.51211, 33.00679 ], [ -92.04496, 33.00775 ], [ -92.80142, 33.01515 ], [ -93.00002, 33.01762 ], [ -93.51159, 33.01855 ], [ -93.63796, 33.01935 ], [ -94.04301, 33.01926 ], [ -94.04316, 32.64178 ], [ -94.04272, 31.99927 ], [ -94.01851, 31.99243 ], [ -94.01651, 31.98117 ], [ -93.98232, 31.93976 ], [ -93.97083, 31.91997 ], [ -93.95355, 31.91056 ], [ -93.9299, 31.91272 ], [ -93.93213, 31.89367 ], [ -93.92208, 31.88601 ], [ -93.90062, 31.89679 ], [ -93.90062, 31.87387 ], [ -93.88189, 31.86484 ], [ -93.88919, 31.85682 ], [ -93.87296, 31.83599 ], [ -93.87484, 31.82231 ], [ -93.83934, 31.80033 ], [ -93.83769, 31.78082 ], [ -93.8226, 31.77356 ], [ -93.83688, 31.75017 ], [ -93.81548, 31.72977 ], [ -93.81692, 31.70877 ], [ -93.79455, 31.70208 ], [ -93.80688, 31.68157 ], [ -93.82172, 31.67396 ], [ -93.81872, 31.61456 ], [ -93.83942, 31.5992 ], [ -93.81858, 31.55483 ], [ -93.78503, 31.52596 ], [ -93.74723, 31.53062 ], [ -93.73738, 31.51386 ], [ -93.71249, 31.51336 ], [ -93.7226, 31.49277 ], [ -93.74515, 31.48564 ], [ -93.74948, 31.46869 ], [ -93.69263, 31.43719 ], [ -93.70488, 31.41088 ], [ -93.67412, 31.39768 ], [ -93.671, 31.36622 ], [ -93.63926, 31.37154 ], [ -93.64764, 31.3581 ], [ -93.66844, 31.35301 ], [ -93.67384, 31.32386 ], [ -93.68751, 31.31081 ], [ -93.63969, 31.26916 ], [ -93.62083, 31.2713 ], [ -93.61394, 31.25938 ], [ -93.61825, 31.23311 ], [ -93.59839, 31.2311 ], [ -93.60729, 31.2054 ], [ -93.60231, 31.18174 ], [ -93.58912, 31.16589 ], [ -93.54893, 31.1866 ], [ -93.53428, 31.18543 ], [ -93.5487, 31.15584 ], [ -93.53937, 31.11521 ], [ -93.56318, 31.09699 ], [ -93.5522, 31.07893 ], [ -93.52764, 31.07451 ], [ -93.52474, 31.03901 ], [ -93.50829, 31.03235 ], [ -93.53918, 31.00821 ], [ -93.55593, 31.00374 ], [ -93.56563, 31.01316 ], [ -93.57821, 31.0 ], [ -93.56543, 30.99058 ], [ -93.57433, 30.97371 ], [ -93.53176, 30.95822 ], [ -93.52601, 30.93754 ], [ -93.53201, 30.92375 ], [ -93.55837, 30.91354 ], [ -93.5492, 30.89744 ], [ -93.57408, 30.88453 ], [ -93.5585, 30.86791 ], [ -93.56859, 30.84365 ], [ -93.55363, 30.83514 ], [ -93.56298, 30.80601 ], [ -93.58223, 30.80312 ], [ -93.5921, 30.76368 ], [ -93.61435, 30.7602 ], [ -93.61913, 30.742 ], [ -93.60539, 30.71716 ], [ -93.61723, 30.71858 ], [ -93.62044, 30.69414 ], [ -93.63134, 30.67787 ], [ -93.65497, 30.67019 ], [ -93.6831, 30.64076 ], [ -93.67866, 30.5941 ], [ -93.71378, 30.58758 ], [ -93.72747, 30.57472 ], [ -93.72918, 30.54485 ], [ -93.74025, 30.53957 ], [ -93.71432, 30.51856 ], [ -93.71707, 30.49445 ], [ -93.69813, 30.43888 ], [ -93.75741, 30.39081 ], [ -93.75486, 30.36609 ], [ -93.76585, 30.33311 ], [ -93.74203, 30.30095 ], [ -93.70458, 30.28995 ], [ -93.71419, 30.20866 ], [ -93.71054, 30.17973 ], [ -93.69285, 30.13521 ], [ -93.70125, 30.13738 ], [ -93.70426, 30.11066 ], [ -93.73277, 30.08286 ], [ -93.71377, 30.06569 ], [ -93.73671, 30.03839 ], [ -93.73973, 30.02399 ], [ -93.77157, 29.99592 ], [ -93.79009, 29.98656 ], [ -93.80655, 29.95745 ], [ -93.81729, 29.91842 ], [ -93.83037, 29.89436 ], [ -93.8599, 29.85992 ], [ -93.90358, 29.835 ], [ -93.92274, 29.81881 ], [ -93.92881, 29.79708 ], [ -93.92241, 29.78505 ], [ -93.89847, 29.77158 ], [ -93.88882, 29.74223 ], [ -93.87002, 29.73548 ], [ -93.83741, 29.68989 ], [ -93.81435, 29.59658 ], [ -93.77932, 29.61169 ], [ -93.76652, 29.63431 ], [ -93.77015, 29.67083 ], [ -93.72267, 29.68787 ], [ -93.64479, 29.70027 ], [ -93.48775, 29.71781 ], [ -93.43276, 29.71853 ], [ -93.38725, 29.71377 ], [ -93.34944, 29.69541 ], [ -93.30363, 29.7061 ], [ -93.28735, 29.72433 ], [ -93.22317, 29.7264 ], [ -93.12515, 29.70621 ], [ -93.02911, 29.67786 ], [ -92.977, 29.65958 ], [ -92.80676, 29.58639 ], [ -92.75071, 29.56488 ], [ -92.66579, 29.53788 ], [ -92.63254, 29.52972 ], [ -92.55982, 29.51818 ], [ -92.40502, 29.50029 ], [ -92.35366, 29.48872 ], [ -92.29367, 29.4815 ], [ -92.26398, 29.48415 ], [ -92.22346, 29.49471 ], [ -92.18332, 29.51833 ], [ -92.14667, 29.53204 ], [ -92.11414, 29.53514 ], [ -92.07805, 29.53149 ], [ -92.04562, 29.50581 ], [ -92.02985, 29.47596 ], [ -92.00731, 29.46338 ], [ -91.98387, 29.46071 ], [ -91.96483, 29.43939 ], [ -91.91321, 29.42021 ], [ -91.91301, 29.40569 ], [ -91.89765, 29.37522 ], [ -91.87503, 29.36199 ], [ -91.84093, 29.36019 ], [ -91.79318, 29.38254 ], [ -91.77749, 29.39608 ], [ -91.72341, 29.36342 ], [ -91.69999, 29.36009 ], [ -91.66253, 29.37459 ], [ -91.64404, 29.37556 ], [ -91.61323, 29.36063 ], [ -91.59426, 29.36031 ], [ -91.56832, 29.34807 ], [ -91.52974, 29.34446 ], [ -91.42113, 29.30283 ], [ -91.39165, 29.28187 ], [ -91.37691, 29.26259 ], [ -91.3187, 29.20836 ], [ -91.29268, 29.19618 ], [ -91.20784, 29.17116 ], [ -91.14936, 29.16508 ], [ -91.11839, 29.14277 ], [ -91.07233, 29.13153 ], [ -91.00605, 29.11999 ], [ -90.97492, 29.12151 ], [ -90.96037, 29.11106 ], [ -91.0009, 29.10048 ], [ -91.02303, 29.0674 ], [ -91.02076, 29.04607 ], [ -91.00876, 29.0269 ], [ -90.97029, 29.00503 ], [ -90.90708, 28.99113 ], [ -90.86456, 28.99159 ], [ -90.82265, 28.98591 ], [ -90.74686, 28.9886 ], [ -90.72076, 28.99263 ], [ -90.55255, 29.03681 ], [ -90.47985, 29.00861 ], [ -90.40938, 28.99534 ], [ -90.36841, 29.00343 ], [ -90.34432, 29.00318 ], [ -90.23906, 29.0331 ], [ -90.2007, 29.03618 ], [ -90.15125, 29.05635 ], [ -90.09259, 29.09199 ], [ -90.05557, 29.12196 ], [ -90.03232, 29.13504 ], [ -89.61043, 29.19864 ], [ -89.55365, 29.18598 ], [ -89.52047, 29.17219 ], [ -89.50232, 29.15838 ], [ -89.46867, 29.10746 ], [ -89.46342, 29.08282 ], [ -89.46574, 28.97444 ], [ -89.46941, 28.95618 ], [ -89.49184, 28.91941 ], [ -89.48764, 28.88737 ], [ -89.45653, 28.86061 ], [ -89.4257, 28.85513 ], [ -89.38473, 28.8715 ], [ -89.32067, 28.9344 ], [ -89.30515, 28.95609 ], [ -89.2796, 28.97778 ], [ -89.2349, 28.98715 ], [ -89.20958, 28.9702 ], [ -89.19654, 28.93996 ], [ -89.16907, 28.92257 ], [ -89.13328, 28.91973 ], [ -89.09605, 28.94249 ], [ -89.08883, 28.96115 ], [ -89.04564, 29.00694 ], [ -89.01269, 29.02768 ], [ -89.001, 29.05701 ], [ -88.9969, 29.0853 ], [ -88.96744, 29.09507 ], [ -88.92781, 29.11728 ], [ -88.91324, 29.15457 ], [ -88.91765, 29.17944 ], [ -88.90915, 29.20016 ], [ -88.91831, 29.23628 ], [ -88.94205, 29.25374 ], [ -89.00004, 29.27148 ], [ -89.02261, 29.27446 ], [ -89.06943, 29.2943 ], [ -89.09453, 29.32893 ], [ -89.11216, 29.33967 ], [ -89.12162, 29.3665 ], [ -89.13761, 29.38143 ], [ -89.14207, 29.42947 ], [ -89.11945, 29.45807 ], [ -89.07229, 29.47084 ], [ -89.03887, 29.49223 ], [ -88.9602, 29.5771 ], [ -88.91266, 29.61178 ], [ -88.86994, 29.6571 ], [ -88.82343, 29.71499 ], [ -88.80182, 29.7502 ], [ -88.76725, 29.84077 ], [ -88.75839, 29.91827 ], [ -88.76449, 29.97194 ], [ -88.78367, 30.02669 ], [ -88.80297, 30.05783 ], [ -88.83435, 30.09071 ], [ -88.85491, 30.13553 ], [ -88.88903, 30.13985 ], [ -89.09648, 30.16583 ], [ -89.18367, 30.21216 ], [ -89.26098, 30.182 ], [ -89.28839, 30.17847 ], [ -89.41671, 30.17764 ], [ -89.45682, 30.16573 ], [ -89.49497, 30.16075 ], [ -89.51689, 30.16459 ], [ -89.53863, 30.19589 ], [ -89.57191, 30.18072 ], [ -89.59657, 30.21197 ], [ -89.61683, 30.22577 ], [ -89.61534, 30.24697 ], [ -89.63161, 30.25701 ], [ -89.63129, 30.27977 ], [ -89.63982, 30.30731 ], [ -89.6265, 30.3139 ], [ -89.63006, 30.33969 ], [ -89.661, 30.36399 ], [ -89.68417, 30.40869 ], [ -89.67775, 30.41846 ], [ -89.68363, 30.45179 ], [ -89.70439, 30.46665 ], [ -89.7214, 30.48888 ], [ -89.75386, 30.5015 ], [ -89.76749, 30.51304 ], [ -89.78023, 30.54471 ], [ -89.80341, 30.56208 ], [ -89.8225, 30.60491 ], [ -89.82007, 30.63281 ], [ -89.8337, 30.6577 ], [ -89.85039, 30.66058 ], [ -89.8368, 30.69057 ], [ -89.84252, 30.71994 ], [ -89.81698, 30.73758 ], [ -89.83523, 30.76932 ], [ -89.78226, 30.83126 ], [ -89.78951, 30.85138 ], [ -89.76779, 30.86558 ], [ -89.77355, 30.89686 ], [ -89.7607, 30.89631 ], [ -89.7594, 30.91513 ], [ -89.74516, 30.92242 ], [ -89.75595, 30.94412 ], [ -89.72709, 30.96971 ], [ -89.72856, 30.9944 ], [ -89.75264, 31.00185 ], [ -89.8588, 31.00204 ], [ -90.7335, 30.99922 ], [ -90.99794, 30.99898 ], [ -91.63694, 30.99942 ], [ -91.59046, 31.01727 ], [ -91.5644, 31.03897 ], [ -91.56415, 31.06683 ], [ -91.6252, 31.11596 ], [ -91.62422, 31.13373 ], [ -91.58905, 31.17859 ], [ -91.59503, 31.20197 ], [ -91.62512, 31.22607 ], [ -91.64436, 31.23441 ], [ -91.65403, 31.25575 ], [ -91.64125, 31.26692 ], [ -91.55868, 31.26218 ], [ -91.51858, 31.27528 ], [ -91.50886, 31.29164 ], [ -91.51005, 31.31682 ], [ -91.54821, 31.34608 ], [ -91.54638, 31.38276 ], [ -91.56895, 31.37763 ], [ -91.57833, 31.39907 ], [ -91.56518, 31.42345 ], [ -91.54846, 31.43267 ], [ -91.53714, 31.42416 ], [ -91.53234, 31.39028 ], [ -91.50476, 31.36498 ], [ -91.47254, 31.37107 ], [ -91.47207, 31.39708 ], [ -91.49981, 31.4201 ], [ -91.51337, 31.4444 ], [ -91.51815, 31.48348 ], [ -91.51492, 31.51011 ], [ -91.52254, 31.52208 ], [ -91.51101, 31.53261 ], [ -91.47592, 31.53127 ], [ -91.44392, 31.54247 ], [ -91.40791, 31.56937 ], [ -91.40391, 31.58977 ], [ -91.42272, 31.59707 ], [ -91.46202, 31.58667 ], [ -91.48652, 31.58657 ], [ -91.51723, 31.61346 ], [ -91.51234, 31.63472 ], [ -91.49766, 31.64537 ], [ -91.46382, 31.62037 ], [ -91.42302, 31.61127 ], [ -91.40081, 31.62047 ], [ -91.39571, 31.64417 ], [ -91.40011, 31.69676 ], [ -91.39711, 31.71136 ], [ -91.36938, 31.7469 ], [ -91.32091, 31.75006 ], [ -91.27979, 31.74475 ], [ -91.26001, 31.75866 ], [ -91.28742, 31.77196 ], [ -91.34811, 31.75816 ], [ -91.36561, 31.76076 ], [ -91.36051, 31.79576 ], [ -91.34571, 31.84286 ], [ -91.33841, 31.85126 ], [ -91.29401, 31.86046 ], [ -91.28321, 31.81576 ], [ -91.26201, 31.80936 ], [ -91.24562, 31.83317 ], [ -91.26661, 31.85116 ], [ -91.26581, 31.86486 ], [ -91.2339, 31.87761 ], [ -91.20101, 31.90916 ], [ -91.18041, 31.91856 ], [ -91.19291, 31.93496 ], [ -91.18811, 31.96136 ], [ -91.16441, 31.98256 ], [ -91.10691, 31.98936 ], [ -91.07591, 32.01683 ], [ -91.09341, 32.03686 ], [ -91.14511, 32.04655 ], [ -91.16201, 32.06186 ], [ -91.13931, 32.08175 ], [ -91.09871, 32.04836 ], [ -91.07931, 32.05165 ], [ -91.08001, 32.07915 ], [ -91.03861, 32.09825 ], [ -91.03089, 32.12056 ], [ -91.00501, 32.14285 ], [ -91.00291, 32.16205 ], [ -91.02491, 32.16255 ], [ -91.05831, 32.18095 ], [ -91.04971, 32.15735 ], [ -91.05355, 32.12441 ], [ -91.08163, 32.13399 ], [ -91.11099, 32.12464 ], [ -91.16282, 32.13269 ], [ -91.17458, 32.15731 ], [ -91.16488, 32.19574 ], [ -91.13359, 32.21343 ], [ -91.11727, 32.20667 ], [ -91.08371, 32.22645 ], [ -91.06141, 32.21865 ], [ -91.04651, 32.24115 ], [ -91.0343, 32.24155 ], [ -91.00291, 32.22305 ], [ -90.9997, 32.1911 ], [ -90.98338, 32.21177 ], [ -90.98075, 32.24249 ], [ -90.96951, 32.25205 ], [ -90.98408, 32.27995 ], [ -90.9762, 32.29645 ], [ -90.94783, 32.28349 ], [ -90.91616, 32.30358 ], [ -90.88572, 32.35087 ], [ -90.87562, 32.37353 ], [ -90.88983, 32.37293 ], [ -90.91236, 32.33945 ], [ -90.98667, 32.35176 ], [ -91.00471, 32.36724 ], [ -90.99408, 32.40386 ], [ -90.96599, 32.42065 ], [ -90.97721, 32.44601 ], [ -90.99897, 32.45017 ], [ -91.02741, 32.43394 ], [ -91.04931, 32.43734 ], [ -91.09351, 32.45744 ], [ -91.11571, 32.48234 ], [ -91.11671, 32.50014 ], [ -91.09374, 32.54913 ], [ -91.07615, 32.5347 ], [ -91.04931, 32.49854 ], [ -91.02411, 32.48524 ], [ -91.00011, 32.48229 ], [ -90.98767, 32.49848 ], [ -91.01847, 32.52102 ], [ -91.05771, 32.53378 ], [ -91.08041, 32.55647 ], [ -91.03099, 32.58335 ], [ -91.00354, 32.61227 ], [ -91.0035, 32.62485 ], [ -91.02577, 32.64657 ], [ -91.04004, 32.63356 ], [ -91.0498, 32.60719 ], [ -91.12511, 32.58519 ], [ -91.15132, 32.61592 ], [ -91.1527, 32.64076 ], [ -91.1262, 32.66714 ], [ -91.06395, 32.70293 ], [ -91.06077, 32.72749 ], [ -91.12511, 32.7432 ], [ -91.1495, 32.74193 ], [ -91.16581, 32.75784 ], [ -91.15548, 32.77991 ], [ -91.1644, 32.78582 ], [ -91.16167, 32.81247 ], [ -91.14356, 32.84474 ], [ -91.10563, 32.8584 ], [ -91.0706, 32.88866 ], [ -91.0648, 32.92646 ], [ -91.08308, 32.94791 ], [ -91.0868, 32.97627 ], [ -91.10658, 32.98894 ], [ -91.13509, 32.98011 ], [ -91.13786, 32.95276 ], [ -91.1313, 32.92692 ], [ -91.14508, 32.90549 ], [ -91.16388, 32.89948 ], [ -91.19678, 32.90678 ], [ -91.21284, 32.9221 ], [ -91.20184, 32.96121 ], [ -91.17331, 32.98609 ], [ -91.16609, 33.00429 ] ] ] } },
{ "type": "Feature", "properties": { "fid": 20, "ZoneCode": "230001", "AbrvFull": "ME", "NameFull": "Maine", "ZoneNum": 1, "AbrvPart": null, "NamePart": null, "ZoneType": "Statewide", "StateAbrv": "ME", "StateName": "Maine", "ProjAbrv": "OMC", "ProjType": "Hotine Oblique Mercator, center", "LatOrigin": "45°00'N", "LonOriginE": "291°00'E", "LonOriginW": "69°00'W", "Lat0_deg": 45.0, "Lon0_E_deg": 291.0, "Lon0_W_deg": -69.0, "ProjScale": 0.99995, "SkewAz_deg": 30, "FalseN_m": 342900.0, "FalseE_m": 876300.0, "FalseN_ift": 1125000.0, "FalseE_ift": 2875000.0, "DesignBy": "NGS", "Ref_frame": "NATRF2022" }, "geometry": { "type": "Polygon", "coordinates": [ [ [ -70.57509, 42.91713 ], [ -70.55298, 42.92925 ], [ -70.53715, 42.95142 ], [ -70.52888, 43.00577 ], [ -70.54218, 43.03404 ], [ -70.55835, 43.04726 ], [ -70.59966, 43.05694 ], [ -70.58216, 43.09549 ], [ -70.54013, 43.13055 ], [ -70.53434, 43.09906 ], [ -70.49301, 43.07304 ], [ -70.45907, 43.07148 ], [ -70.43057, 43.08022 ], [ -70.40624, 43.10209 ], [ -70.4034, 43.12509 ], [ -70.41964, 43.15255 ], [ -70.44621, 43.16815 ], [ -70.49326, 43.16915 ], [ -70.52167, 43.15488 ], [ -70.51967, 43.19102 ], [ -70.50632, 43.21883 ], [ -70.52083, 43.2521 ], [ -70.49729, 43.27436 ], [ -70.49323, 43.28683 ], [ -70.42181, 43.2975 ], [ -70.36922, 43.32222 ], [ -70.35164, 43.3391 ], [ -70.34618, 43.35818 ], [ -70.31895, 43.39014 ], [ -70.2876, 43.40352 ], [ -70.26843, 43.42635 ], [ -70.15599, 43.52444 ], [ -69.85521, 43.64695 ], [ -69.80883, 43.64734 ], [ -69.78658, 43.65813 ], [ -69.74949, 43.65399 ], [ -69.71921, 43.66175 ], [ -69.69922, 43.67586 ], [ -69.68633, 43.6982 ], [ -69.66474, 43.71175 ], [ -69.63154, 43.70089 ], [ -69.56662, 43.70283 ], [ -69.53531, 43.71453 ], [ -69.51909, 43.73212 ], [ -69.51583, 43.76098 ], [ -69.50578, 43.77846 ], [ -69.46987, 43.7939 ], [ -69.40927, 43.81082 ], [ -69.38728, 43.79902 ], [ -69.39704, 43.77296 ], [ -69.38436, 43.73176 ], [ -69.35638, 43.71088 ], [ -69.32349, 43.70367 ], [ -69.29785, 43.70769 ], [ -69.26203, 43.72543 ], [ -69.23338, 43.76232 ], [ -69.24253, 43.79976 ], [ -69.26234, 43.81537 ], [ -69.23655, 43.82563 ], [ -69.22656, 43.8122 ], [ -69.18584, 43.79379 ], [ -69.14134, 43.79842 ], [ -69.083, 43.82565 ], [ -69.05589, 43.85891 ], [ -69.02278, 43.84251 ], [ -69.02429, 43.81984 ], [ -69.00992, 43.79844 ], [ -68.99033, 43.78689 ], [ -68.94984, 43.78017 ], [ -68.92552, 43.75009 ], [ -68.87448, 43.73418 ], [ -68.82692, 43.73571 ], [ -68.79778, 43.75288 ], [ -68.78224, 43.77754 ], [ -68.78532, 43.80434 ], [ -68.74947, 43.83253 ], [ -68.72431, 43.83459 ], [ -68.68466, 43.85465 ], [ -68.66943, 43.86958 ], [ -68.66379, 43.89393 ], [ -68.67926, 43.92346 ], [ -68.71649, 43.94198 ], [ -68.74265, 43.94315 ], [ -68.72148, 43.96194 ], [ -68.65959, 43.94799 ], [ -68.61873, 43.95589 ], [ -68.58508, 43.95431 ], [ -68.54728, 43.96862 ], [ -68.53071, 43.98662 ], [ -68.49311, 44.01056 ], [ -68.48494, 44.02831 ], [ -68.46301, 44.03211 ], [ -68.43684, 44.05323 ], [ -68.3688, 44.04522 ], [ -68.31139, 44.05343 ], [ -68.27621, 44.07284 ], [ -68.26314, 44.09062 ], [ -68.22391, 44.09195 ], [ -68.20336, 44.09959 ], [ -68.17586, 44.12508 ], [ -68.16839, 44.17291 ], [ -68.17075, 44.19011 ], [ -68.13758, 44.20686 ], [ -68.12263, 44.22604 ], [ -68.12828, 44.26425 ], [ -68.06096, 44.27826 ], [ -68.01818, 44.27511 ], [ -67.97365, 44.29516 ], [ -67.96078, 44.31927 ], [ -67.92518, 44.34143 ], [ -67.89815, 44.32213 ], [ -67.85834, 44.31702 ], [ -67.80969, 44.33651 ], [ -67.79526, 44.36117 ], [ -67.80557, 44.39102 ], [ -67.77475, 44.41131 ], [ -67.74174, 44.39083 ], [ -67.71533, 44.3865 ], [ -67.67464, 44.39463 ], [ -67.63654, 44.38359 ], [ -67.61003, 44.38578 ], [ -67.56758, 44.39721 ], [ -67.49262, 44.43222 ], [ -67.45524, 44.46487 ], [ -67.44423, 44.48113 ], [ -67.4434, 44.50528 ], [ -67.3882, 44.5204 ], [ -67.35678, 44.51809 ], [ -67.31784, 44.53154 ], [ -67.30115, 44.54959 ], [ -67.24805, 44.5549 ], [ -67.18784, 44.58178 ], [ -67.17432, 44.5947 ], [ -67.14085, 44.60827 ], [ -67.09671, 44.63919 ], [ -67.08828, 44.65273 ], [ -67.05413, 44.67757 ], [ -67.03928, 44.69697 ], [ -67.01076, 44.71732 ], [ -66.97752, 44.73124 ], [ -66.94184, 44.76563 ], [ -66.90255, 44.77656 ], [ -66.88544, 44.79421 ], [ -66.93256, 44.82551 ], [ -66.96532, 44.82891 ], [ -66.98216, 44.86722 ], [ -66.96884, 44.91042 ], [ -66.99702, 44.92861 ], [ -67.02164, 44.95393 ], [ -67.0946, 45.07479 ], [ -67.11259, 45.11257 ], [ -67.15887, 45.16204 ], [ -67.20255, 45.1714 ], [ -67.22719, 45.16346 ], [ -67.2472, 45.18107 ], [ -67.27206, 45.19122 ], [ -67.28974, 45.18883 ], [ -67.30154, 45.15699 ], [ -67.29588, 45.14797 ], [ -67.31992, 45.14242 ], [ -67.32106, 45.13133 ], [ -67.34092, 45.12509 ], [ -67.38056, 45.15211 ], [ -67.40494, 45.15997 ], [ -67.39913, 45.16886 ], [ -67.42785, 45.20174 ], [ -67.44042, 45.22758 ], [ -67.46189, 45.24267 ], [ -67.47637, 45.27537 ], [ -67.48963, 45.28212 ], [ -67.46031, 45.30002 ], [ -67.45697, 45.32516 ], [ -67.42887, 45.34423 ], [ -67.4336, 45.3608 ], [ -67.42122, 45.37352 ], [ -67.42732, 45.39072 ], [ -67.47388, 45.42474 ], [ -67.48702, 45.4675 ], [ -67.50007, 45.49085 ], [ -67.46763, 45.49518 ], [ -67.4636, 45.50838 ], [ -67.42736, 45.50096 ], [ -67.41654, 45.50431 ], [ -67.43278, 45.51983 ], [ -67.43254, 45.54043 ], [ -67.42073, 45.5497 ], [ -67.43105, 45.58411 ], [ -67.45667, 45.60431 ], [ -67.48769, 45.59694 ], [ -67.49901, 45.58664 ], [ -67.54824, 45.59784 ], [ -67.56182, 45.59472 ], [ -67.58977, 45.60677 ], [ -67.6085, 45.6062 ], [ -67.63889, 45.62508 ], [ -67.64556, 45.61328 ], [ -67.67516, 45.63093 ], [ -67.71058, 45.67931 ], [ -67.73463, 45.68898 ], [ -67.71796, 45.66764 ], [ -67.7543, 45.66758 ], [ -67.76866, 45.67752 ], [ -67.8035, 45.6777 ], [ -67.81801, 45.69382 ], [ -67.80293, 45.69609 ], [ -67.80962, 45.72957 ], [ -67.7818, 45.73112 ], [ -67.80916, 45.76737 ], [ -67.80199, 45.80307 ], [ -67.7781, 45.81921 ], [ -67.75532, 45.82335 ], [ -67.80431, 45.86913 ], [ -67.80391, 45.8829 ], [ -67.76883, 45.89889 ], [ -67.75065, 45.91747 ], [ -67.78125, 45.94345 ], [ -67.78197, 46.26277 ], [ -67.78589, 46.5054 ], [ -67.78829, 46.60131 ], [ -67.78972, 46.80594 ], [ -67.7902, 47.06722 ], [ -67.81793, 47.08183 ], [ -67.88289, 47.10432 ], [ -67.89071, 47.1264 ], [ -67.91232, 47.1487 ], [ -67.92742, 47.15496 ], [ -67.9515, 47.18343 ], [ -67.95199, 47.19463 ], [ -67.98978, 47.21 ], [ -68.02518, 47.23987 ], [ -68.07366, 47.25909 ], [ -68.0819, 47.27098 ], [ -68.12096, 47.2874 ], [ -68.15228, 47.30959 ], [ -68.1524, 47.32202 ], [ -68.22372, 47.34473 ], [ -68.23451, 47.3553 ], [ -68.26503, 47.35217 ], [ -68.28067, 47.35959 ], [ -68.30529, 47.35522 ], [ -68.32756, 47.36001 ], [ -68.36318, 47.35465 ], [ -68.38022, 47.33958 ], [ -68.38397, 47.30117 ], [ -68.37797, 47.28738 ], [ -68.41006, 47.28801 ], [ -68.42988, 47.28129 ], [ -68.45848, 47.28429 ], [ -68.47481, 47.29716 ], [ -68.5177, 47.29594 ], [ -68.54993, 47.2821 ], [ -68.58005, 47.28712 ], [ -68.59767, 47.27016 ], [ -68.60743, 47.24706 ], [ -68.66326, 47.23622 ], [ -68.68724, 47.24443 ], [ -68.71528, 47.24083 ], [ -68.75189, 47.22636 ], [ -68.81153, 47.21513 ], [ -68.85742, 47.19033 ], [ -68.90008, 47.17772 ], [ -68.94103, 47.2061 ], [ -68.94973, 47.20216 ], [ -68.98043, 47.22013 ], [ -69.04092, 47.24497 ], [ -69.05493, 47.3153 ], [ -69.05451, 47.37656 ], [ -69.03946, 47.42229 ], [ -69.05564, 47.43218 ], [ -69.08136, 47.42374 ], [ -69.12201, 47.4427 ], [ -69.17595, 47.45676 ], [ -69.20234, 47.45223 ], [ -69.22446, 47.45983 ], [ -69.38062, 47.30756 ], [ -69.66893, 47.0235 ], [ -69.99711, 46.69552 ], [ -70.05656, 46.41655 ], [ -70.10059, 46.40541 ], [ -70.12699, 46.37081 ], [ -70.14886, 46.35889 ], [ -70.17534, 46.3581 ], [ -70.20894, 46.32949 ], [ -70.2056, 46.30018 ], [ -70.23163, 46.29103 ], [ -70.24866, 46.26708 ], [ -70.2718, 46.20994 ], [ -70.29269, 46.19146 ], [ -70.27759, 46.17458 ], [ -70.24059, 46.15097 ], [ -70.25311, 46.10012 ], [ -70.27355, 46.10207 ], [ -70.30034, 46.08359 ], [ -70.30688, 46.06112 ], [ -70.27894, 46.06084 ], [ -70.30137, 46.02762 ], [ -70.318, 46.01908 ], [ -70.30237, 45.99868 ], [ -70.28394, 45.99549 ], [ -70.30699, 45.98269 ], [ -70.31255, 45.96214 ], [ -70.26571, 45.96421 ], [ -70.23951, 45.93985 ], [ -70.26309, 45.92399 ], [ -70.25387, 45.90248 ], [ -70.25882, 45.89117 ], [ -70.30781, 45.85885 ], [ -70.34194, 45.85234 ], [ -70.38803, 45.8188 ], [ -70.39616, 45.79866 ], [ -70.41687, 45.79554 ], [ -70.40703, 45.76253 ], [ -70.38842, 45.75021 ], [ -70.38424, 45.73401 ], [ -70.39957, 45.72052 ], [ -70.43916, 45.70387 ], [ -70.46547, 45.70653 ], [ -70.52639, 45.66636 ], [ -70.56371, 45.66274 ], [ -70.59234, 45.62952 ], [ -70.61915, 45.61202 ], [ -70.64527, 45.60644 ], [ -70.65905, 45.58728 ], [ -70.68919, 45.56218 ], [ -70.6771, 45.55221 ], [ -70.69587, 45.54081 ], [ -70.72257, 45.51367 ], [ -70.7116, 45.50181 ], [ -70.71784, 45.49023 ], [ -70.69172, 45.47427 ], [ -70.68111, 45.45218 ], [ -70.65073, 45.44494 ], [ -70.62787, 45.4226 ], [ -70.6355, 45.41489 ], [ -70.62334, 45.40022 ], [ -70.63686, 45.38232 ], [ -70.66078, 45.37813 ], [ -70.67817, 45.39427 ], [ -70.71201, 45.39048 ], [ -70.72965, 45.3991 ], [ -70.75458, 45.42831 ], [ -70.79809, 45.42652 ], [ -70.82574, 45.40027 ], [ -70.80292, 45.36503 ], [ -70.8199, 45.3402 ], [ -70.80609, 45.32158 ], [ -70.81179, 45.3056 ], [ -70.83571, 45.2936 ], [ -70.8319, 45.27891 ], [ -70.84894, 45.26309 ], [ -70.83926, 45.23754 ], [ -70.85753, 45.22913 ], [ -70.89694, 45.24186 ], [ -70.89515, 45.25226 ], [ -70.92111, 45.27883 ], [ -70.912, 45.29631 ], [ -70.91783, 45.31172 ], [ -70.93889, 45.31998 ], [ -70.95238, 45.33912 ], [ -70.98912, 45.33414 ], [ -71.01037, 45.34766 ], [ -71.00852, 45.31924 ], [ -71.03267, 45.31019 ], [ -71.0591, 45.31384 ], [ -71.08393, 45.30548 ], [ -71.07717, 45.25005 ], [ -71.05825, 44.99052 ], [ -71.04312, 44.82689 ], [ -71.03352, 44.69764 ], [ -71.02616, 44.54927 ], [ -71.00996, 44.28469 ], [ -70.99478, 43.96035 ], [ -70.98904, 43.79014 ], [ -70.98522, 43.7559 ], [ -70.97274, 43.57031 ], [ -70.95773, 43.56164 ], [ -70.95394, 43.52227 ], [ -70.96753, 43.48095 ], [ -70.96159, 43.44327 ], [ -70.98668, 43.40649 ], [ -70.98535, 43.37887 ], [ -70.97346, 43.34989 ], [ -70.95692, 43.33474 ], [ -70.93283, 43.33722 ], [ -70.91261, 43.30758 ], [ -70.89631, 43.29844 ], [ -70.89707, 43.28566 ], [ -70.84283, 43.25423 ], [ -70.83872, 43.24312 ], [ -70.81783, 43.23816 ], [ -70.80961, 43.22551 ], [ -70.82036, 43.19175 ], [ -70.82806, 43.18653 ], [ -70.83361, 43.14611 ], [ -70.82458, 43.12507 ], [ -70.73797, 43.07373 ], [ -70.70631, 43.07534 ], [ -70.7012, 43.04524 ], [ -70.63375, 42.98776 ], [ -70.61115, 42.97899 ], [ -70.58185, 42.93832 ], [ -70.57509, 42.91713 ] ] ] } },
{ "type": "Feature", "properties": { "fid": 21, "ZoneCode": "240001", "AbrvFull": "MD", "NameFull": "Maryland", "ZoneNum": 1, "AbrvPart": null, "NamePart": null, "ZoneType": "Statewide", "StateAbrv": "MD", "StateName": "Maryland", "ProjAbrv": "LC1", "ProjType": "Lambert Conformal Conic, one parallel", "LatOrigin": "38°51'N", "LonOriginE": "283°00'E", "LonOriginW": "77°00'W", "Lat0_deg": 38.85, "Lon0_E_deg": 283.0, "Lon0_W_deg": -77.0, "ProjScale": 0.99998, "SkewAz_deg": -9999, "FalseN_m": 228600.0, "FalseE_m": 800100.0, "FalseN_ift": 750000.0, "FalseE_ift": 2625000.0, "DesignBy": "NGS", "Ref_frame": "NATRF2022" }, "geometry": { "type": "Polygon", "coordinates": [ [ [ -74.98628, 38.45163 ], [ -75.23211, 38.45122 ], [ -75.39371, 38.45212 ], [ -75.5094, 38.45428 ], [ -75.69367, 38.46008 ], [ -75.75379, 39.21876 ], [ -75.78852, 39.64813 ], [ -75.7886, 39.7222 ], [ -76.13548, 39.72115 ], [ -76.58388, 39.7213 ], [ -77.05791, 39.71995 ], [ -77.50282, 39.71989 ], [ -77.92948, 39.72233 ], [ -78.31441, 39.72286 ], [ -79.04555, 39.72288 ], [ -79.47666, 39.72108 ], [ -79.47887, 39.53169 ], [ -79.48237, 39.53169 ], [ -79.48437, 39.3443 ], [ -79.48607, 39.3443 ], [ -79.48687, 39.2059 ], [ -79.47321, 39.20211 ], [ -79.42423, 39.22684 ], [ -79.39328, 39.26163 ], [ -79.35404, 39.27801 ], [ -79.34628, 39.29382 ], [ -79.31287, 39.30463 ], [ -79.29001, 39.29987 ], [ -79.28213, 39.32327 ], [ -79.25388, 39.3371 ], [ -79.25688, 39.35546 ], [ -79.21444, 39.36341 ], [ -79.19756, 39.38846 ], [ -79.17737, 39.39674 ], [ -79.16519, 39.38715 ], [ -79.1603, 39.41592 ], [ -79.12744, 39.41818 ], [ -79.10282, 39.45048 ], [ -79.10019, 39.477 ], [ -79.08137, 39.47174 ], [ -79.04821, 39.4835 ], [ -79.03372, 39.46698 ], [ -78.95552, 39.44171 ], [ -78.95754, 39.4639 ], [ -78.9343, 39.48628 ], [ -78.91672, 39.48632 ], [ -78.87874, 39.52127 ], [ -78.8376, 39.56714 ], [ -78.81328, 39.56687 ], [ -78.82572, 39.58918 ], [ -78.80837, 39.60821 ], [ -78.79527, 39.6107 ], [ -78.80122, 39.6257 ], [ -78.79077, 39.63828 ], [ -78.76475, 39.64471 ], [ -78.77827, 39.6227 ], [ -78.74889, 39.62656 ], [ -78.73357, 39.61378 ], [ -78.77825, 39.6019 ], [ -78.75563, 39.58066 ], [ -78.73316, 39.58621 ], [ -78.72371, 39.56349 ], [ -78.6898, 39.54596 ], [ -78.6547, 39.53461 ], [ -78.61991, 39.53924 ], [ -78.56611, 39.51937 ], [ -78.52733, 39.5248 ], [ -78.46892, 39.51648 ], [ -78.46297, 39.5334 ], [ -78.4391, 39.55177 ], [ -78.42129, 39.54502 ], [ -78.42632, 39.55922 ], [ -78.44987, 39.57062 ], [ -78.45737, 39.58692 ], [ -78.44546, 39.59145 ], [ -78.40786, 39.57863 ], [ -78.39704, 39.59023 ], [ -78.43147, 39.61452 ], [ -78.42478, 39.62454 ], [ -78.37854, 39.60796 ], [ -78.38062, 39.62922 ], [ -78.35893, 39.62529 ], [ -78.35532, 39.64066 ], [ -78.26665, 39.61895 ], [ -78.25425, 39.63998 ], [ -78.22366, 39.66274 ], [ -78.23334, 39.67205 ], [ -78.2011, 39.67758 ], [ -78.18187, 39.69532 ], [ -78.10443, 39.68144 ], [ -78.07581, 39.66778 ], [ -78.0374, 39.63704 ], [ -78.00672, 39.60148 ], [ -77.97761, 39.59961 ], [ -77.95872, 39.60886 ], [ -77.94431, 39.58449 ], [ -77.93362, 39.61814 ], [ -77.92378, 39.60528 ], [ -77.88913, 39.59745 ], [ -77.8868, 39.61462 ], [ -77.8406, 39.60678 ], [ -77.82984, 39.5869 ], [ -77.83568, 39.56716 ], [ -77.88692, 39.55997 ], [ -77.86527, 39.53841 ], [ -77.86118, 39.51429 ], [ -77.84194, 39.51843 ], [ -77.83696, 39.53211 ], [ -77.82798, 39.51491 ], [ -77.84532, 39.4981 ], [ -77.79725, 39.48947 ], [ -77.78215, 39.49904 ], [ -77.76728, 39.49127 ], [ -77.79776, 39.47917 ], [ -77.7803, 39.46466 ], [ -77.7984, 39.45633 ], [ -77.78524, 39.44623 ], [ -77.80327, 39.43799 ], [ -77.78633, 39.42888 ], [ -77.75373, 39.42391 ], [ -77.73587, 39.39117 ], [ -77.75299, 39.37902 ], [ -77.74609, 39.35315 ], [ -77.75573, 39.33394 ], [ -77.71952, 39.32131 ], [ -77.67547, 39.32436 ], [ -77.64408, 39.30875 ], [ -77.58878, 39.30159 ], [ -77.56875, 39.30645 ], [ -77.56159, 39.288 ], [ -77.54084, 39.26527 ], [ -77.48473, 39.24605 ], [ -77.45771, 39.22498 ], [ -77.47416, 39.20776 ], [ -77.4812, 39.18791 ], [ -77.50756, 39.18137 ], [ -77.52732, 39.14696 ], [ -77.51845, 39.11978 ], [ -77.48101, 39.10569 ], [ -77.4606, 39.07484 ], [ -77.38682, 39.06224 ], [ -77.34014, 39.06291 ], [ -77.30466, 39.05137 ], [ -77.24509, 39.02215 ], [ -77.25576, 39.00199 ], [ -77.24507, 38.98278 ], [ -77.19777, 38.96674 ], [ -77.14508, 38.96315 ], [ -77.11976, 38.93434 ], [ -77.04088, 38.99585 ], [ -76.90939, 38.89285 ], [ -77.03901, 38.79165 ], [ -77.04334, 38.71847 ], [ -77.05302, 38.70993 ], [ -77.08161, 38.70793 ], [ -77.12263, 38.68526 ], [ -77.13244, 38.67414 ], [ -77.13629, 38.64723 ], [ -77.12968, 38.6347 ], [ -77.2037, 38.61817 ], [ -77.24636, 38.59344 ], [ -77.25652, 38.56049 ], [ -77.27634, 38.53945 ], [ -77.31854, 38.47444 ], [ -77.32291, 38.43263 ], [ -77.30494, 38.37527 ], [ -77.28798, 38.35893 ], [ -77.2838, 38.34286 ], [ -77.26529, 38.33316 ], [ -77.23521, 38.33254 ], [ -77.20469, 38.3411 ], [ -77.16322, 38.34582 ], [ -77.13773, 38.36802 ], [ -77.08668, 38.36793 ], [ -77.05342, 38.39881 ], [ -77.0415, 38.40069 ], [ -77.01151, 38.37456 ], [ -77.0148, 38.33237 ], [ -77.03068, 38.31162 ], [ -77.00114, 38.28018 ], [ -76.98149, 38.27461 ], [ -76.96203, 38.25689 ], [ -76.96225, 38.22989 ], [ -76.94902, 38.20842 ], [ -76.91587, 38.1996 ], [ -76.87849, 38.17376 ], [ -76.83937, 38.16361 ], [ -76.8002, 38.16888 ], [ -76.7009, 38.16136 ], [ -76.61038, 38.14852 ], [ -76.59613, 38.10689 ], [ -76.5354, 38.07363 ], [ -76.51616, 38.04492 ], [ -76.51661, 38.02678 ], [ -76.46501, 38.01322 ], [ -76.41293, 37.96633 ], [ -76.33862, 37.94529 ], [ -76.25753, 37.90574 ], [ -76.23341, 37.88764 ], [ -76.12466, 37.92871 ], [ -76.05202, 37.95358 ], [ -75.99334, 37.95349 ], [ -75.94369, 37.94613 ], [ -75.95267, 37.90683 ], [ -75.88294, 37.91134 ], [ -75.80124, 37.91217 ], [ -75.76164, 37.94137 ], [ -75.69132, 37.9555 ], [ -75.64761, 37.94703 ], [ -75.64823, 37.96677 ], [ -75.62445, 37.9942 ], [ -75.24961, 38.02672 ], [ -75.16643, 38.02783 ], [ -75.12462, 38.0939 ], [ -75.08781, 38.18936 ], [ -75.04146, 38.28701 ], [ -75.0208, 38.30976 ], [ -74.99962, 38.37167 ], [ -74.98628, 38.45163 ] ] ] } },
{ "type": "Feature", "properties": { "fid": 22, "ZoneCode": "250001", "AbrvFull": "MA", "NameFull": "Massachusetts", "ZoneNum": 1, "AbrvPart": null, "NamePart": null, "ZoneType": "Statewide", "StateAbrv": "MA", "StateName": "Massachusetts", "ProjAbrv": "LC1", "ProjType": "Lambert Conformal Conic, one parallel", "LatOrigin": "42°04'N", "LonOriginE": "288°30'E", "LonOriginW": "71°30'W", "Lat0_deg": 42.066666666700002, "Lon0_E_deg": 288.5, "Lon0_W_deg": -71.5, "ProjScale": 0.99999, "SkewAz_deg": -9999, "FalseN_m": 228600.0, "FalseE_m": 533400.0, "FalseN_ift": 750000.0, "FalseE_ift": 1750000.0, "DesignBy": "NGS", "Ref_frame": "NATRF2022" }, "geometry": { "type": "Polygon", "coordinates": [ [ [ -70.735, 42.87469 ], [ -70.82024, 42.87179 ], [ -70.84772, 42.86087 ], [ -70.8856, 42.88283 ], [ -70.92959, 42.88503 ], [ -70.96702, 42.8688 ], [ -71.0312, 42.85909 ], [ -71.04492, 42.84867 ], [ -71.06442, 42.80628 ], [ -71.1328, 42.82148 ], [ -71.16665, 42.80888 ], [ -71.18614, 42.79094 ], [ -71.18179, 42.73734 ], [ -71.22383, 42.74648 ], [ -71.24543, 42.74255 ], [ -71.26787, 42.72603 ], [ -71.29464, 42.69704 ], [ -71.6965, 42.70572 ], [ -72.2838, 42.72163 ], [ -72.45841, 42.72693 ], [ -72.80911, 42.73658 ], [ -73.26483, 42.74585 ], [ -73.3836, 42.42566 ], [ -73.50821, 42.08613 ], [ -73.49702, 42.04962 ], [ -73.48732, 42.04953 ], [ -73.42851, 42.05048 ], [ -73.0368, 42.03929 ], [ -72.81378, 42.03674 ], [ -72.81705, 41.99769 ], [ -72.76673, 42.00327 ], [ -72.75589, 42.03635 ], [ -72.69933, 42.03696 ], [ -72.60798, 42.03108 ], [ -72.60717, 42.02515 ], [ -72.53155, 42.03458 ], [ -72.14315, 42.03052 ], [ -72.07183, 42.02764 ], [ -71.80067, 42.02351 ], [ -71.79919, 42.00805 ], [ -71.52758, 42.0151 ], [ -71.49826, 42.01727 ], [ -71.3814, 42.0188 ], [ -71.38146, 41.89355 ], [ -71.33879, 41.89859 ], [ -71.33404, 41.8626 ], [ -71.34754, 41.82325 ], [ -71.32847, 41.78069 ], [ -71.26107, 41.75208 ], [ -71.19548, 41.67509 ], [ -71.13256, 41.66036 ], [ -71.14031, 41.60485 ], [ -71.13162, 41.59372 ], [ -71.12112, 41.49279 ], [ -71.08857, 41.43132 ], [ -71.0336, 41.41409 ], [ -71.03992, 41.39826 ], [ -71.0261, 41.37169 ], [ -70.99075, 41.35129 ], [ -70.93866, 41.35399 ], [ -70.89602, 41.37015 ], [ -70.90381, 41.34673 ], [ -70.89772, 41.32741 ], [ -70.87003, 41.29707 ], [ -70.89359, 41.26799 ], [ -70.89054, 41.24309 ], [ -70.87733, 41.22414 ], [ -70.84775, 41.20581 ], [ -70.80595, 41.19874 ], [ -70.76784, 41.20649 ], [ -70.74431, 41.22603 ], [ -70.73484, 41.25923 ], [ -70.71106, 41.27486 ], [ -70.70311, 41.28904 ], [ -70.68502, 41.29318 ], [ -70.60667, 41.29941 ], [ -70.5122, 41.29831 ], [ -70.49331, 41.27998 ], [ -70.45985, 41.26525 ], [ -70.40873, 41.27729 ], [ -70.37447, 41.26946 ], [ -70.34408, 41.27615 ], [ -70.28574, 41.24235 ], [ -70.23998, 41.22846 ], [ -70.17885, 41.20453 ], [ -70.10968, 41.1898 ], [ -70.07267, 41.19163 ], [ -70.01248, 41.18705 ], [ -69.97318, 41.19355 ], [ -69.93095, 41.21054 ], [ -69.91032, 41.22685 ], [ -69.89221, 41.27132 ], [ -69.89488, 41.29037 ], [ -69.91009, 41.31726 ], [ -69.97459, 41.40892 ], [ -70.00647, 41.4339 ], [ -70.0259, 41.44108 ], [ -70.06517, 41.44269 ], [ -70.09441, 41.43081 ], [ -70.11273, 41.40813 ], [ -70.11644, 41.38617 ], [ -70.09784, 41.35358 ], [ -70.1487, 41.34522 ], [ -70.17491, 41.35729 ], [ -70.21511, 41.36028 ], [ -70.23814, 41.38621 ], [ -70.26728, 41.39343 ], [ -70.32359, 41.39161 ], [ -70.38345, 41.36993 ], [ -70.38081, 41.412 ], [ -70.38587, 41.43372 ], [ -70.40593, 41.45701 ], [ -70.43645, 41.46892 ], [ -70.48969, 41.46298 ], [ -70.5086, 41.49897 ], [ -70.46644, 41.50616 ], [ -70.4239, 41.52873 ], [ -70.39516, 41.55672 ], [ -70.34634, 41.56845 ], [ -70.31125, 41.57106 ], [ -70.26743, 41.55837 ], [ -70.22556, 41.56856 ], [ -70.20804, 41.58415 ], [ -70.16036, 41.59937 ], [ -70.13849, 41.59869 ], [ -70.07793, 41.61253 ], [ -70.06335, 41.59017 ], [ -70.08032, 41.56445 ], [ -70.10203, 41.55635 ], [ -70.12679, 41.53088 ], [ -70.12668, 41.5037 ], [ -70.11439, 41.48408 ], [ -70.0849, 41.46749 ], [ -70.04031, 41.46596 ], [ -70.01386, 41.47744 ], [ -69.99817, 41.4934 ], [ -69.96743, 41.50012 ], [ -69.94661, 41.51215 ], [ -69.92899, 41.53215 ], [ -69.9154, 41.58924 ], [ -69.89856, 41.6061 ], [ -69.87446, 41.64503 ], [ -69.86288, 41.67315 ], [ -69.85895, 41.70692 ], [ -69.86006, 41.7585 ], [ -69.86652, 41.81701 ], [ -69.88002, 41.86198 ], [ -69.90918, 41.94206 ], [ -69.92911, 41.97848 ], [ -69.96948, 42.02925 ], [ -70.01159, 42.07338 ], [ -70.0671, 42.10533 ], [ -70.12069, 42.1251 ], [ -70.17254, 42.13452 ], [ -70.22917, 42.13119 ], [ -70.27743, 42.11435 ], [ -70.4148, 42.1251 ], [ -70.60838, 42.13848 ], [ -70.64295, 42.17819 ], [ -70.63633, 42.2029 ], [ -70.64011, 42.22837 ], [ -70.68406, 42.25384 ], [ -70.69039, 42.279 ], [ -70.60629, 42.53122 ], [ -70.58271, 42.553 ], [ -70.54537, 42.57012 ], [ -70.52179, 42.59346 ], [ -70.50214, 42.62458 ], [ -70.51393, 42.68059 ], [ -70.52965, 42.70705 ], [ -70.54931, 42.72416 ], [ -70.62594, 42.73972 ], [ -70.66131, 42.73661 ], [ -70.70258, 42.72416 ], [ -70.71432, 42.73191 ], [ -70.73722, 42.78796 ], [ -70.73487, 42.82448 ], [ -70.74883, 42.85883 ], [ -70.735, 42.87469 ] ] ] } },
{ "type": "Feature", "properties": { "fid": 23, "ZoneCode": "260001", "AbrvFull": "MI", "NameFull": "Michigan", "ZoneNum": 1, "AbrvPart": null, "NamePart": null, "ZoneType": "Statewide", "StateAbrv": "MI", "StateName": "Michigan", "ProjAbrv": "OMC", "ProjType": "Hotine Oblique Mercator, center", "LatOrigin": "45°00'N", "LonOriginE": "274°00'E", "LonOriginW": "86°00'W", "Lat0_deg": 45.0, "Lon0_E_deg": 274.0, "Lon0_W_deg": -86.0, "ProjScale": 0.9998, "SkewAz_deg": -26, "FalseN_m": 762000.0, "FalseE_m": 1524000.0, "FalseN_ift": 2500000.0, "FalseE_ift": 5000000.0, "DesignBy": "NGS", "Ref_frame": "NATRF2022" }, "geometry": { "type": "Polygon", "coordinates": [ [ [ -83.11246, 41.95941 ], [ -83.14945, 42.04026 ], [ -83.11923, 42.12526 ], [ -83.13438, 42.17462 ], [ -83.12636, 42.23841 ], [ -83.09998, 42.2867 ], [ -83.06364, 42.31686 ], [ -83.02623, 42.32891 ], [ -82.9892, 42.33248 ], [ -82.94548, 42.3474 ], [ -82.83025, 42.37349 ], [ -82.74991, 42.45109 ], [ -82.66806, 42.53311 ], [ -82.64307, 42.55432 ], [ -82.62433, 42.55713 ], [ -82.60697, 42.54828 ], [ -82.58407, 42.55405 ], [ -82.57957, 42.56531 ], [ -82.52483, 42.60598 ], [ -82.51004, 42.63679 ], [ -82.51085, 42.66499 ], [ -82.48396, 42.71794 ], [ -82.48338, 42.73346 ], [ -82.46767, 42.76191 ], [ -82.48257, 42.80864 ], [ -82.46814, 42.85942 ], [ -82.4699, 42.88627 ], [ -82.45625, 42.92518 ], [ -82.42873, 42.95202 ], [ -82.41347, 42.97689 ], [ -82.42492, 42.99306 ], [ -82.411, 43.01132 ], [ -82.38997, 43.06224 ], [ -82.35624, 43.12503 ], [ -82.2951, 43.25003 ], [ -82.12297, 43.59083 ], [ -82.24991, 44.16514 ], [ -82.32647, 44.50002 ], [ -82.35645, 44.62502 ], [ -82.35479, 44.62502 ], [ -82.3855, 44.75002 ], [ -82.38284, 44.75002 ], [ -82.44222, 45.00002 ], [ -82.52064, 45.3359 ], [ -82.60299, 45.37504 ], [ -82.74995, 45.44222 ], [ -82.87496, 45.49672 ], [ -82.99996, 45.55638 ], [ -83.15256, 45.62502 ], [ -83.48397, 45.77194 ], [ -83.63687, 45.77394 ], [ -83.54763, 45.87502 ], [ -83.43356, 45.9989 ], [ -83.57147, 46.106 ], [ -83.65465, 46.12206 ], [ -83.75953, 46.10317 ], [ -83.82624, 46.11929 ], [ -83.90374, 46.06082 ], [ -83.95542, 46.05719 ], [ -83.97613, 46.10255 ], [ -84.00587, 46.11847 ], [ -84.00568, 46.14955 ], [ -84.07703, 46.18756 ], [ -84.08578, 46.20999 ], [ -84.10809, 46.24124 ], [ -84.09777, 46.25651 ], [ -84.11556, 46.26823 ], [ -84.11963, 46.31501 ], [ -84.10625, 46.32196 ], [ -84.13891, 46.37222 ], [ -84.14617, 46.41852 ], [ -84.11122, 46.50412 ], [ -84.12892, 46.53012 ], [ -84.17743, 46.52692 ], [ -84.19402, 46.54015 ], [ -84.22613, 46.53392 ], [ -84.25443, 46.50082 ], [ -84.29302, 46.4928 ], [ -84.34143, 46.50769 ], [ -84.37399, 46.5091 ], [ -84.39472, 46.49924 ], [ -84.42027, 46.50108 ], [ -84.44515, 46.48902 ], [ -84.47559, 46.45286 ], [ -84.55698, 46.46065 ], [ -84.76296, 46.63432 ], [ -84.85933, 46.88884 ], [ -85.12552, 47.00002 ], [ -85.25011, 47.05451 ], [ -85.25011, 47.05654 ], [ -85.41596, 47.12501 ], [ -85.50013, 47.15828 ], [ -85.75014, 47.26139 ], [ -85.87514, 47.31402 ], [ -85.87514, 47.31626 ], [ -86.12514, 47.41674 ], [ -86.12514, 47.42347 ], [ -86.25014, 47.47445 ], [ -86.25014, 47.4779 ], [ -86.50013, 47.56832 ], [ -86.62512, 47.62001 ], [ -86.63132, 47.62492 ], [ -86.75012, 47.67491 ], [ -86.75012, 47.67196 ], [ -86.94923, 47.74991 ], [ -86.94062, 47.74991 ], [ -87.0631, 47.79999 ], [ -87.2501, 47.87048 ], [ -87.3751, 47.92023 ], [ -87.50009, 47.96811 ], [ -87.62509, 48.01902 ], [ -87.62509, 48.02111 ], [ -87.75009, 48.06388 ], [ -87.75009, 48.06625 ], [ -87.87508, 48.11473 ], [ -87.91081, 48.12488 ], [ -88.00008, 48.15588 ], [ -88.00008, 48.16405 ], [ -88.36986, 48.30606 ], [ -88.67744, 48.2454 ], [ -89.00007, 48.11352 ], [ -89.33755, 47.97426 ], [ -89.48338, 48.01372 ], [ -89.62517, 47.79955 ], [ -89.82003, 47.49991 ], [ -89.9571, 47.2911 ], [ -90.00014, 47.21497 ], [ -90.38152, 46.62495 ], [ -90.41839, 46.5661 ], [ -90.39326, 46.53243 ], [ -90.35068, 46.54033 ], [ -90.33165, 46.55308 ], [ -90.30944, 46.53729 ], [ -90.31655, 46.5169 ], [ -90.28446, 46.51872 ], [ -90.26155, 46.50256 ], [ -90.2296, 46.50842 ], [ -90.21617, 46.50127 ], [ -90.203, 46.47701 ], [ -90.17804, 46.45591 ], [ -90.17771, 46.44009 ], [ -90.16332, 46.43476 ], [ -90.15306, 46.40116 ], [ -90.11882, 46.35953 ], [ -90.12057, 46.33704 ], [ -89.7645, 46.26808 ], [ -89.09164, 46.13845 ], [ -88.85113, 46.04044 ], [ -88.81603, 46.02059 ], [ -88.78207, 46.01619 ], [ -88.73967, 46.02742 ], [ -88.72184, 46.01709 ], [ -88.67887, 46.0136 ], [ -88.65865, 45.98929 ], [ -88.61647, 45.98773 ], [ -88.61258, 46.0042 ], [ -88.59712, 46.01713 ], [ -88.58827, 46.0051 ], [ -88.56513, 46.01573 ], [ -88.53417, 46.02027 ], [ -88.50636, 46.01761 ], [ -88.49798, 45.99579 ], [ -88.45432, 45.99766 ], [ -88.41702, 45.97518 ], [ -88.38896, 45.98252 ], [ -88.38089, 45.99181 ], [ -88.32804, 45.96354 ], [ -88.29173, 45.95116 ], [ -88.2458, 45.96302 ], [ -88.23711, 45.94828 ], [ -88.2096, 45.94429 ], [ -88.19713, 45.95321 ], [ -88.17009, 45.93949 ], [ -88.14813, 45.93755 ], [ -88.12665, 45.92179 ], [ -88.09519, 45.91611 ], [ -88.10571, 45.90521 ], [ -88.10176, 45.88319 ], [ -88.07048, 45.87433 ], [ -88.07736, 45.86376 ], [ -88.13246, 45.82416 ], [ -88.12868, 45.80886 ], [ -88.10874, 45.80361 ], [ -88.09475, 45.78576 ], [ -88.05064, 45.781 ], [ -88.03973, 45.78963 ], [ -87.99454, 45.79564 ], [ -87.98643, 45.7696 ], [ -87.96345, 45.75822 ], [ -87.92987, 45.76029 ], [ -87.87981, 45.75484 ], [ -87.8394, 45.71781 ], [ -87.81234, 45.7113 ], [ -87.80499, 45.6958 ], [ -87.78101, 45.67393 ], [ -87.82419, 45.66204 ], [ -87.82439, 45.64771 ], [ -87.79588, 45.61885 ], [ -87.78084, 45.6146 ], [ -87.7772, 45.5885 ], [ -87.79754, 45.56212 ], [ -87.83169, 45.56804 ], [ -87.83297, 45.55946 ], [ -87.80339, 45.53827 ], [ -87.80224, 45.51306 ], [ -87.79321, 45.50503 ], [ -87.81288, 45.46433 ], [ -87.8617, 45.43447 ], [ -87.84967, 45.40952 ], [ -87.85942, 45.38823 ], [ -87.88805, 45.3547 ], [ -87.86985, 45.35676 ], [ -87.85042, 45.34749 ], [ -87.79039, 45.35345 ], [ -87.7541, 45.34944 ], [ -87.71889, 45.37746 ], [ -87.69396, 45.38989 ], [ -87.65817, 45.36948 ], [ -87.64777, 45.34056 ], [ -87.68773, 45.29749 ], [ -87.70587, 45.26574 ], [ -87.71107, 45.24095 ], [ -87.72534, 45.23085 ], [ -87.7262, 45.20939 ], [ -87.7418, 45.19705 ], [ -87.73528, 45.17657 ], [ -87.71791, 45.16119 ], [ -87.6839, 45.14414 ], [ -87.66121, 45.10828 ], [ -87.44251, 45.07643 ], [ -87.40569, 45.20197 ], [ -87.31542, 45.24066 ], [ -87.17117, 45.35254 ], [ -87.10113, 45.44423 ], [ -86.75424, 45.44361 ], [ -86.58572, 45.37499 ], [ -86.2823, 45.24998 ], [ -86.2501, 45.23574 ], [ -86.43313, 45.12499 ], [ -86.49993, 45.0808 ], [ -86.68629, 44.881 ], [ -86.7501, 44.7395 ], [ -86.85518, 44.50034 ], [ -86.84769, 44.50034 ], [ -87.00008, 44.15482 ], [ -87.01323, 44.13191 ], [ -87.04625, 44.0 ], [ -87.04885, 44.0 ], [ -87.1141, 43.73411 ], [ -87.12508, 43.67045 ], [ -87.14717, 43.37986 ], [ -87.12507, 43.22774 ], [ -87.1084, 43.12501 ], [ -87.09188, 43.00001 ], [ -87.01993, 42.4935 ], [ -87.06804, 42.31435 ], [ -87.15001, 42.00003 ], [ -87.14843, 42.00001 ], [ -87.20777, 41.76096 ], [ -86.93437, 41.76104 ], [ -86.59162, 41.75949 ], [ -86.10846, 41.7607 ], [ -85.87178, 41.75925 ], [ -85.62239, 41.75908 ], [ -85.36969, 41.75991 ], [ -84.98097, 41.75949 ], [ -84.80588, 41.76017 ], [ -84.80597, 41.69612 ], [ -84.62496, 41.70101 ], [ -84.47593, 41.70381 ], [ -84.19232, 41.71101 ], [ -84.01794, 41.71667 ], [ -83.41585, 41.73379 ], [ -83.30501, 41.81528 ], [ -83.24993, 41.85788 ], [ -83.11246, 41.95941 ] ] ] } },
{ "type": "Feature", "properties": { "fid": 24, "ZoneCode": "270001", "AbrvFull": "MN", "NameFull": "Minnesota", "ZoneNum": 1, "AbrvPart": null, "NamePart": null, "ZoneType": "Statewide", "StateAbrv": "MN", "StateName": "Minnesota", "ProjAbrv": "TM", "ProjType": "Transverse Mercator", "LatOrigin": "42°15'N", "LonOriginE": "266°36'E", "LonOriginW": "93°24'W", "Lat0_deg": 42.25, "Lon0_E_deg": 266.6, "Lon0_W_deg": -93.4, "ProjScale": 0.99965, "SkewAz_deg": -9999, "FalseN_m": 0.0, "FalseE_m": 1143000.0, "FalseN_ift": 0.0, "FalseE_ift": 3750000.0, "DesignBy": "NGS", "Ref_frame": "NATRF2022" }, "geometry": { "type": "Polygon", "coordinates": [ [ [ -89.48338, 48.01372 ], [ -89.56429, 48.00293 ], [ -89.58097, 47.99594 ], [ -89.60815, 48.00693 ], [ -89.6107, 48.01793 ], [ -89.65303, 48.00426 ], [ -89.65768, 48.01036 ], [ -89.70241, 48.00636 ], [ -89.7195, 48.01848 ], [ -89.77572, 48.02273 ], [ -89.82075, 48.01489 ], [ -89.83132, 47.9996 ], [ -89.87135, 47.98585 ], [ -89.92213, 47.99717 ], [ -89.93458, 48.01582 ], [ -89.95311, 48.01082 ], [ -89.99382, 48.02809 ], [ -89.99384, 48.0493 ], [ -90.02333, 48.08475 ], [ -90.09161, 48.10461 ], [ -90.13257, 48.11167 ], [ -90.22517, 48.10822 ], [ -90.28925, 48.09907 ], [ -90.30579, 48.10515 ], [ -90.37477, 48.09095 ], [ -90.40315, 48.1051 ], [ -90.43845, 48.09868 ], [ -90.46739, 48.10874 ], [ -90.48669, 48.09905 ], [ -90.5567, 48.09593 ], [ -90.56974, 48.10683 ], [ -90.55551, 48.11692 ], [ -90.57968, 48.1238 ], [ -90.62706, 48.11177 ], [ -90.64149, 48.10352 ], [ -90.74146, 48.09456 ], [ -90.7614, 48.09838 ], [ -90.78174, 48.13522 ], [ -90.79675, 48.13938 ], [ -90.77617, 48.16189 ], [ -90.79643, 48.15921 ], [ -90.80408, 48.17782 ], [ -90.8364, 48.17703 ], [ -90.8393, 48.23956 ], [ -90.87509, 48.23784 ], [ -90.88576, 48.24595 ], [ -90.91509, 48.23075 ], [ -90.97698, 48.21956 ], [ -91.02369, 48.19043 ], [ -91.08247, 48.18115 ], [ -91.18288, 48.12219 ], [ -91.19005, 48.12511 ], [ -91.2149, 48.10286 ], [ -91.24969, 48.08409 ], [ -91.28973, 48.07418 ], [ -91.37083, 48.06973 ], [ -91.39088, 48.05716 ], [ -91.42957, 48.04865 ], [ -91.45, 48.06907 ], [ -91.48818, 48.06838 ], [ -91.56751, 48.04379 ], [ -91.57546, 48.04894 ], [ -91.56944, 48.09369 ], [ -91.55911, 48.10859 ], [ -91.63992, 48.09711 ], [ -91.65324, 48.11439 ], [ -91.67679, 48.1075 ], [ -91.68211, 48.1225 ], [ -91.71175, 48.11465 ], [ -91.69778, 48.1416 ], [ -91.70811, 48.153 ], [ -91.70483, 48.17071 ], [ -91.72436, 48.17053 ], [ -91.71536, 48.1995 ], [ -91.78067, 48.20074 ], [ -91.81545, 48.21181 ], [ -91.86436, 48.20695 ], [ -91.86757, 48.21918 ], [ -91.89311, 48.23798 ], [ -91.91488, 48.23892 ], [ -91.94208, 48.23036 ], [ -91.95835, 48.23314 ], [ -91.94803, 48.24593 ], [ -91.96998, 48.25377 ], [ -91.97564, 48.24432 ], [ -91.98915, 48.26028 ], [ -92.00652, 48.26541 ], [ -92.01298, 48.29744 ], [ -92.00011, 48.3211 ], [ -92.03079, 48.3257 ], [ -92.04694, 48.33477 ], [ -92.05522, 48.35936 ], [ -92.08355, 48.35371 ], [ -92.1437, 48.35602 ], [ -92.14489, 48.36569 ], [ -92.20672, 48.34565 ], [ -92.26255, 48.35491 ], [ -92.28883, 48.34281 ], [ -92.30617, 48.31625 ], [ -92.29455, 48.30623 ], [ -92.30143, 48.2883 ], [ -92.29018, 48.26506 ], [ -92.26958, 48.24819 ], [ -92.35355, 48.23008 ], [ -92.36992, 48.22028 ], [ -92.41563, 48.29509 ], [ -92.43184, 48.30517 ], [ -92.46977, 48.35209 ], [ -92.4765, 48.37191 ], [ -92.4564, 48.40111 ], [ -92.45643, 48.41408 ], [ -92.47545, 48.41862 ], [ -92.50747, 48.44798 ], [ -92.53695, 48.44774 ], [ -92.57654, 48.4406 ], [ -92.65622, 48.43647 ], [ -92.68812, 48.44371 ], [ -92.71268, 48.46298 ], [ -92.69867, 48.49484 ], [ -92.6371, 48.49933 ], [ -92.62507, 48.51291 ], [ -92.63489, 48.54256 ], [ -92.65785, 48.54622 ], [ -92.72841, 48.53937 ], [ -92.92956, 48.60693 ], [ -92.95001, 48.60835 ], [ -92.94979, 48.63033 ], [ -92.98457, 48.62382 ], [ -93.09034, 48.62778 ], [ -93.17838, 48.62326 ], [ -93.20753, 48.64251 ], [ -93.25465, 48.64281 ], [ -93.34866, 48.62645 ], [ -93.35508, 48.6114 ], [ -93.39863, 48.6044 ], [ -93.40349, 48.60997 ], [ -93.43984, 48.59368 ], [ -93.46717, 48.5884 ], [ -93.45754, 48.56713 ], [ -93.46738, 48.54645 ], [ -93.5425, 48.52998 ], [ -93.61226, 48.5224 ], [ -93.62568, 48.53143 ], [ -93.64731, 48.51767 ], [ -93.71085, 48.51855 ], [ -93.79337, 48.51631 ], [ -93.81849, 48.53141 ], [ -93.80416, 48.57021 ], [ -93.82143, 48.60916 ], [ -93.84804, 48.63075 ], [ -93.95302, 48.63413 ], [ -94.00696, 48.64328 ], [ -94.02955, 48.64088 ], [ -94.06588, 48.64615 ], [ -94.09126, 48.64365 ], [ -94.24451, 48.65346 ], [ -94.25484, 48.66397 ], [ -94.25143, 48.68361 ], [ -94.26449, 48.69899 ], [ -94.30882, 48.71027 ], [ -94.34314, 48.7034 ], [ -94.38896, 48.71194 ], [ -94.41583, 48.71097 ], [ -94.43883, 48.69483 ], [ -94.53851, 48.7027 ], [ -94.55584, 48.71624 ], [ -94.58765, 48.71758 ], [ -94.61916, 48.73726 ], [ -94.64129, 48.74122 ], [ -94.65202, 48.75615 ], [ -94.6909, 48.778 ], [ -94.70201, 48.83182 ], [ -94.68558, 48.84005 ], [ -94.6924, 48.86901 ], [ -94.68346, 48.88412 ], [ -94.74965, 49.09874 ], [ -94.77278, 49.12051 ], [ -94.79798, 49.19786 ], [ -94.79733, 49.21435 ], [ -94.82553, 49.29435 ], [ -94.81626, 49.3214 ], [ -94.85405, 49.32434 ], [ -94.95739, 49.3702 ], [ -94.989, 49.36894 ], [ -95.0142, 49.35648 ], [ -95.0583, 49.35325 ], [ -95.12871, 49.37045 ], [ -95.15339, 49.38448 ], [ -95.15319, 48.99887 ], [ -96.00842, 48.99994 ], [ -97.22896, 49.00045 ], [ -97.23822, 48.96607 ], [ -97.23413, 48.9479 ], [ -97.21462, 48.93193 ], [ -97.21948, 48.92112 ], [ -97.20688, 48.90233 ], [ -97.19327, 48.89834 ], [ -97.19989, 48.88259 ], [ -97.17868, 48.87667 ], [ -97.18908, 48.86311 ], [ -97.17305, 48.85168 ], [ -97.17796, 48.82512 ], [ -97.19028, 48.81586 ], [ -97.15866, 48.8109 ], [ -97.17983, 48.80078 ], [ -97.15686, 48.78994 ], [ -97.14594, 48.76563 ], [ -97.15482, 48.75647 ], [ -97.13825, 48.75024 ], [ -97.13759, 48.72757 ], [ -97.11019, 48.70807 ], [ -97.11919, 48.70056 ], [ -97.0919, 48.68598 ], [ -97.10186, 48.68076 ], [ -97.09991, 48.65852 ], [ -97.11558, 48.64352 ], [ -97.10897, 48.63373 ], [ -97.13119, 48.63129 ], [ -97.12014, 48.62168 ], [ -97.15264, 48.59392 ], [ -97.14784, 48.57343 ], [ -97.17197, 48.56495 ], [ -97.1418, 48.55126 ], [ -97.16627, 48.55107 ], [ -97.14561, 48.5381 ], [ -97.15403, 48.52167 ], [ -97.12676, 48.52016 ], [ -97.14919, 48.51234 ], [ -97.1315, 48.48901 ], [ -97.1592, 48.48111 ], [ -97.13063, 48.46342 ], [ -97.12933, 48.45405 ], [ -97.14924, 48.44336 ], [ -97.12435, 48.44125 ], [ -97.14518, 48.43256 ], [ -97.13148, 48.40659 ], [ -97.16329, 48.39199 ], [ -97.14124, 48.37768 ], [ -97.15548, 48.36377 ], [ -97.12674, 48.34214 ], [ -97.14224, 48.32751 ], [ -97.1203, 48.3271 ], [ -97.13555, 48.28706 ], [ -97.11657, 48.27966 ], [ -97.12721, 48.26984 ], [ -97.12437, 48.25192 ], [ -97.14674, 48.24448 ], [ -97.14834, 48.22374 ], [ -97.12288, 48.21649 ], [ -97.14124, 48.20295 ], [ -97.14751, 48.17241 ], [ -97.12448, 48.15655 ], [ -97.14653, 48.14406 ], [ -97.13324, 48.1365 ], [ -97.1232, 48.10665 ], [ -97.09883, 48.07148 ], [ -97.07129, 48.0458 ], [ -97.0724, 48.02005 ], [ -97.05355, 47.99161 ], [ -97.06135, 47.96352 ], [ -97.0556, 47.94913 ], [ -97.01811, 47.92023 ], [ -97.0229, 47.8737 ], [ -97.00545, 47.87024 ], [ -96.99789, 47.84158 ], [ -96.98188, 47.83064 ], [ -96.97801, 47.8109 ], [ -96.95761, 47.78991 ], [ -96.95586, 47.77482 ], [ -96.93488, 47.76721 ], [ -96.9329, 47.73773 ], [ -96.91893, 47.72481 ], [ -96.91969, 47.7101 ], [ -96.90168, 47.69168 ], [ -96.88542, 47.66388 ], [ -96.87898, 47.61881 ], [ -96.85593, 47.60971 ], [ -96.84991, 47.59075 ], [ -96.86614, 47.56961 ], [ -96.85043, 47.55178 ], [ -96.86905, 47.52891 ], [ -96.86112, 47.51556 ], [ -96.84409, 47.51687 ], [ -96.86311, 47.45787 ], [ -96.85443, 47.42506 ], [ -96.86083, 47.41752 ], [ -96.83936, 47.39966 ], [ -96.83714, 47.37129 ], [ -96.85717, 47.36897 ], [ -96.83062, 47.33801 ], [ -96.84386, 47.29294 ], [ -96.83601, 47.2688 ], [ -96.84626, 47.26082 ], [ -96.82913, 47.23472 ], [ -96.84279, 47.231 ], [ -96.83079, 47.21172 ], [ -96.83686, 47.1961 ], [ -96.8191, 47.16521 ], [ -96.84056, 47.1508 ], [ -96.82186, 47.13085 ], [ -96.82896, 47.12091 ], [ -96.81682, 47.10912 ], [ -96.82411, 47.07238 ], [ -96.81771, 47.05231 ], [ -96.83337, 47.01041 ], [ -96.82393, 46.99744 ], [ -96.82318, 46.97148 ], [ -96.79296, 46.9466 ], [ -96.79107, 46.92732 ], [ -96.76169, 46.93456 ], [ -96.75326, 46.92456 ], [ -96.77383, 46.90363 ], [ -96.78458, 46.85205 ], [ -96.77592, 46.83867 ], [ -96.80261, 46.81211 ], [ -96.79672, 46.77746 ], [ -96.78083, 46.74596 ], [ -96.78492, 46.69437 ], [ -96.79517, 46.67955 ], [ -96.79895, 46.65411 ], [ -96.78607, 46.64013 ], [ -96.79603, 46.63124 ], [ -96.7728, 46.61641 ], [ -96.77164, 46.59631 ], [ -96.74913, 46.58367 ], [ -96.75045, 46.54405 ], [ -96.73888, 46.5255 ], [ -96.73339, 46.49698 ], [ -96.73958, 46.48717 ], [ -96.66855, 46.388 ], [ -96.66742, 46.37612 ], [ -96.62904, 46.35397 ], [ -96.59966, 46.33048 ], [ -96.60533, 46.29303 ], [ -96.59668, 46.29153 ], [ -96.60033, 46.26221 ], [ -96.58605, 46.24703 ], [ -96.59865, 46.2426 ], [ -96.59116, 46.20912 ], [ -96.58384, 46.20838 ], [ -96.59268, 46.17521 ], [ -96.57914, 46.17683 ], [ -96.58027, 46.15108 ], [ -96.56863, 46.1323 ], [ -96.55444, 46.08419 ], [ -96.55681, 46.06471 ], [ -96.57787, 46.02703 ], [ -96.57035, 45.9636 ], [ -96.56367, 45.93525 ], [ -96.57452, 45.84404 ], [ -96.58308, 45.82002 ], [ -96.63922, 45.7721 ], [ -96.65223, 45.74681 ], [ -96.67266, 45.73234 ], [ -96.75035, 45.69878 ], [ -96.75931, 45.68874 ], [ -96.83865, 45.64751 ], [ -96.85683, 45.60538 ], [ -96.76343, 45.52001 ], [ -96.7314, 45.45702 ], [ -96.69738, 45.42151 ], [ -96.68045, 45.4105 ], [ -96.61975, 45.40888 ], [ -96.54597, 45.38105 ], [ -96.52179, 45.37565 ], [ -96.48906, 45.35707 ], [ -96.4531, 45.30075 ], [ -96.45144, 44.80636 ], [ -96.45227, 44.30212 ], [ -96.4534, 44.02543 ], [ -96.45326, 43.50039 ], [ -95.68931, 43.49988 ], [ -95.16759, 43.50102 ], [ -94.71261, 43.50085 ], [ -94.37737, 43.50024 ], [ -93.29887, 43.49946 ], [ -92.1719, 43.50078 ], [ -91.21771, 43.50055 ], [ -91.24382, 43.54913 ], [ -91.23281, 43.56484 ], [ -91.23667, 43.58766 ], [ -91.26875, 43.61535 ], [ -91.26386, 43.64766 ], [ -91.27175, 43.65493 ], [ -91.26845, 43.70982 ], [ -91.25516, 43.732 ], [ -91.24413, 43.77467 ], [ -91.26243, 43.79217 ], [ -91.28414, 43.84707 ], [ -91.31127, 43.86783 ], [ -91.31531, 43.88181 ], [ -91.35674, 43.91656 ], [ -91.36472, 43.93488 ], [ -91.40601, 43.96393 ], [ -91.44054, 44.00152 ], [ -91.48087, 44.00815 ], [ -91.50712, 44.01898 ], [ -91.5826, 44.02738 ], [ -91.60501, 44.04531 ], [ -91.64645, 44.06334 ], [ -91.68153, 44.0974 ], [ -91.70749, 44.10391 ], [ -91.7106, 44.12048 ], [ -91.73065, 44.1329 ], [ -91.75175, 44.13479 ], [ -91.8173, 44.16424 ], [ -91.82917, 44.17835 ], [ -91.87516, 44.20058 ], [ -91.89296, 44.23515 ], [ -91.88719, 44.25251 ], [ -91.89696, 44.27567 ], [ -91.92028, 44.2865 ], [ -91.91436, 44.30823 ], [ -91.92822, 44.33547 ], [ -91.96, 44.3598 ], [ -92.03815, 44.38873 ], [ -92.05355, 44.40138 ], [ -92.11288, 44.41457 ], [ -92.12368, 44.42184 ], [ -92.22108, 44.44039 ], [ -92.28236, 44.47771 ], [ -92.29848, 44.49462 ], [ -92.30247, 44.51649 ], [ -92.31736, 44.54251 ], [ -92.34757, 44.55715 ], [ -92.41567, 44.56051 ], [ -92.43649, 44.55288 ], [ -92.48222, 44.56852 ], [ -92.5187, 44.57523 ], [ -92.53991, 44.56746 ], [ -92.56895, 44.60337 ], [ -92.58471, 44.59986 ], [ -92.62254, 44.61605 ], [ -92.62185, 44.63902 ], [ -92.66471, 44.66338 ], [ -92.73204, 44.71435 ], [ -92.79234, 44.73936 ], [ -92.80841, 44.7516 ], [ -92.80556, 44.76838 ], [ -92.78761, 44.78921 ], [ -92.76567, 44.84101 ], [ -92.76342, 44.87287 ], [ -92.7731, 44.90137 ], [ -92.75956, 44.90786 ], [ -92.75064, 44.9373 ], [ -92.7546, 44.95577 ], [ -92.76944, 44.97215 ], [ -92.77123, 45.00138 ], [ -92.76195, 45.0221 ], [ -92.78791, 45.04352 ], [ -92.80291, 45.0654 ], [ -92.79034, 45.08056 ], [ -92.74494, 45.10831 ], [ -92.73953, 45.11652 ], [ -92.7522, 45.1425 ], [ -92.75321, 45.17477 ], [ -92.76681, 45.18547 ], [ -92.75171, 45.21867 ], [ -92.76025, 45.2496 ], [ -92.75192, 45.26588 ], [ -92.762, 45.28821 ], [ -92.73712, 45.30046 ], [ -92.69897, 45.33637 ], [ -92.70405, 45.35366 ], [ -92.65028, 45.39877 ], [ -92.6466, 45.44164 ], [ -92.6527, 45.45453 ], [ -92.68023, 45.46434 ], [ -92.71286, 45.50485 ], [ -92.72668, 45.51446 ], [ -92.72608, 45.54111 ], [ -92.77341, 45.56824 ], [ -92.82331, 45.56093 ], [ -92.87221, 45.56801 ], [ -92.88375, 45.57548 ], [ -92.88253, 45.61022 ], [ -92.88898, 45.64248 ], [ -92.87893, 45.66561 ], [ -92.86919, 45.71757 ], [ -92.80984, 45.74417 ], [ -92.78462, 45.7642 ], [ -92.77206, 45.79523 ], [ -92.75795, 45.81122 ], [ -92.76568, 45.82725 ], [ -92.73999, 45.84628 ], [ -92.73844, 45.86137 ], [ -92.70637, 45.89545 ], [ -92.67574, 45.90748 ], [ -92.63994, 45.93354 ], [ -92.55119, 45.95224 ], [ -92.54981, 45.96799 ], [ -92.52519, 45.98386 ], [ -92.47276, 45.97295 ], [ -92.46114, 45.98022 ], [ -92.44226, 46.01618 ], [ -92.41001, 46.02725 ], [ -92.37272, 46.0142 ], [ -92.35041, 46.01637 ], [ -92.33533, 46.05942 ], [ -92.29403, 46.07438 ], [ -92.29158, 46.63409 ], [ -92.29219, 46.66604 ], [ -92.27059, 46.65074 ], [ -92.25455, 46.65845 ], [ -92.24249, 46.64924 ], [ -92.21239, 46.64994 ], [ -92.20549, 46.66474 ], [ -92.18136, 46.68024 ], [ -92.183, 46.69565 ], [ -92.20519, 46.69834 ], [ -92.18909, 46.71754 ], [ -92.14629, 46.71603 ], [ -92.14329, 46.73464 ], [ -92.11659, 46.74864 ], [ -92.08949, 46.74924 ], [ -92.03399, 46.70894 ], [ -92.02029, 46.70404 ], [ -91.98134, 46.72309 ], [ -91.87519, 46.7633 ], [ -91.59214, 46.87494 ], [ -91.50018, 46.91332 ], [ -91.31964, 46.99993 ], [ -91.00018, 47.14977 ], [ -90.65466, 47.30982 ], [ -90.12514, 47.29661 ], [ -89.9571, 47.2911 ], [ -89.82003, 47.49991 ], [ -89.62517, 47.79955 ], [ -89.48338, 48.01372 ] ] ] } },
{ "type": "Feature", "properties": { "fid": 25, "ZoneCode": "280001", "AbrvFull": "MS", "NameFull": "Mississippi", "ZoneNum": 1, "AbrvPart": null, "NamePart": null, "ZoneType": "Statewide", "StateAbrv": "MS", "StateName": "Mississippi", "ProjAbrv": "TM", "ProjType": "Transverse Mercator", "LatOrigin": "28°45'N", "LonOriginE": "270°06'E", "LonOriginW": "89°54'W", "Lat0_deg": 28.75, "Lon0_E_deg": 270.1, "Lon0_W_deg": -89.9, "ProjScale": 0.99987, "SkewAz_deg": -9999, "FalseN_m": 0.0, "FalseE_m": 1066800.0, "FalseN_ift": 0.0, "FalseE_ift": 3500000.0, "DesignBy": "NGS", "Ref_frame": "NATRF2022" }, "geometry": { "type": "Polygon", "coordinates": [ [ [ -88.38443, 30.15854 ], [ -88.40734, 30.61391 ], [ -88.41173, 30.7227 ], [ -88.42543, 30.99832 ], [ -88.45157, 31.48153 ], [ -88.46491, 31.70548 ], [ -88.47323, 31.89386 ], [ -88.42821, 32.25103 ], [ -88.39218, 32.54838 ], [ -88.35429, 32.87513 ], [ -88.31523, 33.20332 ], [ -88.25225, 33.71959 ], [ -88.21074, 34.0292 ], [ -88.16558, 34.38394 ], [ -88.15629, 34.46321 ], [ -88.1352, 34.61588 ], [ -88.11841, 34.72429 ], [ -88.09789, 34.8922 ], [ -88.12822, 34.90309 ], [ -88.15241, 34.91974 ], [ -88.17254, 34.9569 ], [ -88.20006, 34.99563 ], [ -88.46406, 34.9961 ], [ -88.92524, 34.99484 ], [ -89.48669, 34.99398 ], [ -89.61797, 34.99522 ], [ -89.87836, 34.99433 ], [ -90.30836, 34.99569 ], [ -90.29516, 34.97563 ], [ -90.24376, 34.94527 ], [ -90.24321, 34.9091 ], [ -90.25786, 34.89339 ], [ -90.31774, 34.87106 ], [ -90.30406, 34.86007 ], [ -90.3194, 34.84502 ], [ -90.33845, 34.85852 ], [ -90.38939, 34.83067 ], [ -90.43873, 34.82525 ], [ -90.44969, 34.83992 ], [ -90.42931, 34.86875 ], [ -90.44422, 34.88763 ], [ -90.4634, 34.89164 ], [ -90.48032, 34.88236 ], [ -90.48372, 34.86102 ], [ -90.45538, 34.82079 ], [ -90.47037, 34.81155 ], [ -90.47658, 34.794 ], [ -90.45267, 34.75567 ], [ -90.44842, 34.73912 ], [ -90.475, 34.72389 ], [ -90.50833, 34.72361 ], [ -90.52417, 34.73139 ], [ -90.49415, 34.75757 ], [ -90.49278, 34.7725 ], [ -90.52111, 34.80194 ], [ -90.54083, 34.79583 ], [ -90.54778, 34.78333 ], [ -90.53944, 34.75528 ], [ -90.54556, 34.73889 ], [ -90.56361, 34.73778 ], [ -90.57194, 34.71278 ], [ -90.53333, 34.69639 ], [ -90.47417, 34.70528 ], [ -90.46288, 34.68381 ], [ -90.46824, 34.67081 ], [ -90.51755, 34.63076 ], [ -90.54654, 34.63102 ], [ -90.55488, 34.64517 ], [ -90.54009, 34.67643 ], [ -90.54569, 34.6884 ], [ -90.5701, 34.69343 ], [ -90.56971, 34.66635 ], [ -90.58086, 34.65517 ], [ -90.59178, 34.62379 ], [ -90.57376, 34.59213 ], [ -90.54049, 34.55787 ], [ -90.54315, 34.53885 ], [ -90.58129, 34.51561 ], [ -90.59392, 34.48418 ], [ -90.57789, 34.43326 ], [ -90.58623, 34.40917 ], [ -90.61611, 34.38979 ], [ -90.64035, 34.389 ], [ -90.65854, 34.37571 ], [ -90.66685, 34.35577 ], [ -90.65749, 34.32223 ], [ -90.67807, 34.31309 ], [ -90.69313, 34.32257 ], [ -90.67686, 34.37138 ], [ -90.70725, 34.36118 ], [ -90.7573, 34.36739 ], [ -90.76923, 34.35843 ], [ -90.76513, 34.34251 ], [ -90.73587, 34.31069 ], [ -90.73802, 34.28928 ], [ -90.76042, 34.27073 ], [ -90.81674, 34.28065 ], [ -90.83363, 34.27407 ], [ -90.84715, 34.20613 ], [ -90.88134, 34.21638 ], [ -90.90633, 34.24438 ], [ -90.92867, 34.24471 ], [ -90.93454, 34.21785 ], [ -90.91442, 34.19573 ], [ -90.88675, 34.1825 ], [ -90.85203, 34.18672 ], [ -90.81749, 34.1832 ], [ -90.80756, 34.16182 ], [ -90.8361, 34.13788 ], [ -90.86862, 34.14252 ], [ -90.90996, 34.16551 ], [ -90.95864, 34.13548 ], [ -90.9576, 34.12093 ], [ -90.92129, 34.09351 ], [ -90.8939, 34.09762 ], [ -90.87112, 34.08025 ], [ -90.88869, 34.05175 ], [ -90.8906, 34.02851 ], [ -90.91566, 34.0215 ], [ -90.9582, 34.02674 ], [ -90.98818, 34.01921 ], [ -90.9801, 33.99833 ], [ -90.96249, 33.9813 ], [ -90.96617, 33.96466 ], [ -90.99998, 33.96639 ], [ -91.01895, 34.00323 ], [ -91.04643, 33.99243 ], [ -91.07339, 34.00872 ], [ -91.08898, 34.00006 ], [ -91.08458, 33.95636 ], [ -91.01341, 33.93855 ], [ -91.0142, 33.92176 ], [ -91.03385, 33.89899 ], [ -91.07277, 33.86729 ], [ -91.07031, 33.84566 ], [ -91.04908, 33.81603 ], [ -91.00047, 33.79948 ], [ -90.98862, 33.78419 ], [ -91.00516, 33.76703 ], [ -91.02737, 33.76511 ], [ -91.05339, 33.77828 ], [ -91.10866, 33.77167 ], [ -91.1353, 33.782 ], [ -91.14881, 33.73136 ], [ -91.12595, 33.70895 ], [ -91.10245, 33.70482 ], [ -91.06805, 33.7162 ], [ -91.04713, 33.70667 ], [ -91.03033, 33.68772 ], [ -91.03371, 33.67384 ], [ -91.07978, 33.65804 ], [ -91.09305, 33.65818 ], [ -91.12896, 33.67363 ], [ -91.16037, 33.7066 ], [ -91.20544, 33.7011 ], [ -91.22391, 33.69374 ], [ -91.22998, 33.67383 ], [ -91.21168, 33.65679 ], [ -91.17767, 33.65205 ], [ -91.13918, 33.62847 ], [ -91.12873, 33.6092 ], [ -91.1321, 33.59591 ], [ -91.15656, 33.57435 ], [ -91.17855, 33.56731 ], [ -91.22844, 33.56694 ], [ -91.23415, 33.55544 ], [ -91.21402, 33.5247 ], [ -91.18342, 33.50506 ], [ -91.20645, 33.47071 ], [ -91.2322, 33.45594 ], [ -91.23522, 33.43902 ], [ -91.20647, 33.43392 ], [ -91.16991, 33.4519 ], [ -91.17753, 33.48299 ], [ -91.16161, 33.49748 ], [ -91.13134, 33.48093 ], [ -91.11877, 33.44649 ], [ -91.13275, 33.42962 ], [ -91.17886, 33.41715 ], [ -91.1991, 33.41828 ], [ -91.20868, 33.40272 ], [ -91.1697, 33.38035 ], [ -91.14789, 33.3788 ], [ -91.12037, 33.38887 ], [ -91.09637, 33.41262 ], [ -91.09626, 33.43849 ], [ -91.07074, 33.45585 ], [ -91.05811, 33.44691 ], [ -91.0638, 33.41928 ], [ -91.10317, 33.38558 ], [ -91.12076, 33.36335 ], [ -91.14046, 33.35135 ], [ -91.14164, 33.30007 ], [ -91.12553, 33.28021 ], [ -91.12797, 33.26847 ], [ -91.09852, 33.23869 ], [ -91.08595, 33.2741 ], [ -91.06648, 33.28722 ], [ -91.04731, 33.28193 ], [ -91.05413, 33.24599 ], [ -91.08259, 33.22183 ], [ -91.10026, 33.21943 ], [ -91.0813, 33.18428 ], [ -91.08602, 33.13628 ], [ -91.1027, 33.13037 ], [ -91.14849, 33.13026 ], [ -91.15996, 33.1409 ], [ -91.1837, 33.14174 ], [ -91.20212, 33.12204 ], [ -91.2008, 33.10777 ], [ -91.17377, 33.0894 ], [ -91.15022, 33.08213 ], [ -91.12029, 33.05492 ], [ -91.12813, 33.03445 ], [ -91.16076, 33.02081 ], [ -91.16609, 33.00429 ], [ -91.17331, 32.98609 ], [ -91.20184, 32.96121 ], [ -91.21284, 32.9221 ], [ -91.19678, 32.90678 ], [ -91.16388, 32.89948 ], [ -91.14508, 32.90549 ], [ -91.1313, 32.92692 ], [ -91.13786, 32.95276 ], [ -91.13509, 32.98011 ], [ -91.10658, 32.98894 ], [ -91.0868, 32.97627 ], [ -91.08308, 32.94791 ], [ -91.0648, 32.92646 ], [ -91.0706, 32.88866 ], [ -91.10563, 32.8584 ], [ -91.14356, 32.84474 ], [ -91.16167, 32.81247 ], [ -91.1644, 32.78582 ], [ -91.15548, 32.77991 ], [ -91.16581, 32.75784 ], [ -91.1495, 32.74193 ], [ -91.12511, 32.7432 ], [ -91.06077, 32.72749 ], [ -91.06395, 32.70293 ], [ -91.1262, 32.66714 ], [ -91.1527, 32.64076 ], [ -91.15132, 32.61592 ], [ -91.12511, 32.58519 ], [ -91.0498, 32.60719 ], [ -91.04004, 32.63356 ], [ -91.02577, 32.64657 ], [ -91.0035, 32.62485 ], [ -91.00354, 32.61227 ], [ -91.03099, 32.58335 ], [ -91.08041, 32.55647 ], [ -91.05771, 32.53378 ], [ -91.01847, 32.52102 ], [ -90.98767, 32.49848 ], [ -91.00011, 32.48229 ], [ -91.02411, 32.48524 ], [ -91.04931, 32.49854 ], [ -91.07615, 32.5347 ], [ -91.09374, 32.54913 ], [ -91.11671, 32.50014 ], [ -91.11571, 32.48234 ], [ -91.09351, 32.45744 ], [ -91.04931, 32.43734 ], [ -91.02741, 32.43394 ], [ -90.99897, 32.45017 ], [ -90.97721, 32.44601 ], [ -90.96599, 32.42065 ], [ -90.99408, 32.40386 ], [ -91.00471, 32.36724 ], [ -90.98667, 32.35176 ], [ -90.91236, 32.33945 ], [ -90.88983, 32.37293 ], [ -90.87562, 32.37353 ], [ -90.88572, 32.35087 ], [ -90.91616, 32.30358 ], [ -90.94783, 32.28349 ], [ -90.9762, 32.29645 ], [ -90.98408, 32.27995 ], [ -90.96951, 32.25205 ], [ -90.98075, 32.24249 ], [ -90.98338, 32.21177 ], [ -90.9997, 32.1911 ], [ -91.00291, 32.22305 ], [ -91.0343, 32.24155 ], [ -91.04651, 32.24115 ], [ -91.06141, 32.21865 ], [ -91.08371, 32.22645 ], [ -91.11727, 32.20667 ], [ -91.13359, 32.21343 ], [ -91.16488, 32.19574 ], [ -91.17458, 32.15731 ], [ -91.16282, 32.13269 ], [ -91.11099, 32.12464 ], [ -91.08163, 32.13399 ], [ -91.05355, 32.12441 ], [ -91.04971, 32.15735 ], [ -91.05831, 32.18095 ], [ -91.02491, 32.16255 ], [ -91.00291, 32.16205 ], [ -91.00501, 32.14285 ], [ -91.03089, 32.12056 ], [ -91.03861, 32.09825 ], [ -91.08001, 32.07915 ], [ -91.07931, 32.05165 ], [ -91.09871, 32.04836 ], [ -91.13931, 32.08175 ], [ -91.16201, 32.06186 ], [ -91.14511, 32.04655 ], [ -91.09341, 32.03686 ], [ -91.07591, 32.01683 ], [ -91.10691, 31.98936 ], [ -91.16441, 31.98256 ], [ -91.18811, 31.96136 ], [ -91.19291, 31.93496 ], [ -91.18041, 31.91856 ], [ -91.20101, 31.90916 ], [ -91.2339, 31.87761 ], [ -91.26581, 31.86486 ], [ -91.26661, 31.85116 ], [ -91.24562, 31.83317 ], [ -91.26201, 31.80936 ], [ -91.28321, 31.81576 ], [ -91.29401, 31.86046 ], [ -91.33841, 31.85126 ], [ -91.34571, 31.84286 ], [ -91.36051, 31.79576 ], [ -91.36561, 31.76076 ], [ -91.34811, 31.75816 ], [ -91.28742, 31.77196 ], [ -91.26001, 31.75866 ], [ -91.27979, 31.74475 ], [ -91.32091, 31.75006 ], [ -91.36938, 31.7469 ], [ -91.39711, 31.71136 ], [ -91.40011, 31.69676 ], [ -91.39571, 31.64417 ], [ -91.40081, 31.62047 ], [ -91.42302, 31.61127 ], [ -91.46382, 31.62037 ], [ -91.49766, 31.64537 ], [ -91.51234, 31.63472 ], [ -91.51723, 31.61346 ], [ -91.48652, 31.58657 ], [ -91.46202, 31.58667 ], [ -91.42272, 31.59707 ], [ -91.40391, 31.58977 ], [ -91.40791, 31.56937 ], [ -91.44392, 31.54247 ], [ -91.47592, 31.53127 ], [ -91.51101, 31.53261 ], [ -91.52254, 31.52208 ], [ -91.51492, 31.51011 ], [ -91.51815, 31.48348 ], [ -91.51337, 31.4444 ], [ -91.49981, 31.4201 ], [ -91.47207, 31.39708 ], [ -91.47254, 31.37107 ], [ -91.50476, 31.36498 ], [ -91.53234, 31.39028 ], [ -91.53714, 31.42416 ], [ -91.54846, 31.43267 ], [ -91.56518, 31.42345 ], [ -91.57833, 31.39907 ], [ -91.56895, 31.37763 ], [ -91.54638, 31.38276 ], [ -91.54821, 31.34608 ], [ -91.51005, 31.31682 ], [ -91.50886, 31.29164 ], [ -91.51858, 31.27528 ], [ -91.55868, 31.26218 ], [ -91.64125, 31.26692 ], [ -91.65403, 31.25575 ], [ -91.64436, 31.23441 ], [ -91.62512, 31.22607 ], [ -91.59503, 31.20197 ], [ -91.58905, 31.17859 ], [ -91.62422, 31.13373 ], [ -91.6252, 31.11596 ], [ -91.56415, 31.06683 ], [ -91.5644, 31.03897 ], [ -91.59046, 31.01727 ], [ -91.63694, 30.99942 ], [ -90.99794, 30.99898 ], [ -90.7335, 30.99922 ], [ -89.8588, 31.00204 ], [ -89.75264, 31.00185 ], [ -89.72856, 30.9944 ], [ -89.72709, 30.96971 ], [ -89.75595, 30.94412 ], [ -89.74516, 30.92242 ], [ -89.7594, 30.91513 ], [ -89.7607, 30.89631 ], [ -89.77355, 30.89686 ], [ -89.76779, 30.86558 ], [ -89.78951, 30.85138 ], [ -89.78226, 30.83126 ], [ -89.83523, 30.76932 ], [ -89.81698, 30.73758 ], [ -89.84252, 30.71994 ], [ -89.8368, 30.69057 ], [ -89.85039, 30.66058 ], [ -89.8337, 30.6577 ], [ -89.82007, 30.63281 ], [ -89.8225, 30.60491 ], [ -89.80341, 30.56208 ], [ -89.78023, 30.54471 ], [ -89.76749, 30.51304 ], [ -89.75386, 30.5015 ], [ -89.7214, 30.48888 ], [ -89.70439, 30.46665 ], [ -89.68363, 30.45179 ], [ -89.67775, 30.41846 ], [ -89.68417, 30.40869 ], [ -89.661, 30.36399 ], [ -89.63006, 30.33969 ], [ -89.6265, 30.3139 ], [ -89.63982, 30.30731 ], [ -89.63129, 30.27977 ], [ -89.63161, 30.25701 ], [ -89.61534, 30.24697 ], [ -89.61683, 30.22577 ], [ -89.59657, 30.21197 ], [ -89.57191, 30.18072 ], [ -89.53863, 30.19589 ], [ -89.51689, 30.16459 ], [ -89.49497, 30.16075 ], [ -89.45682, 30.16573 ], [ -89.41671, 30.17764 ], [ -89.28839, 30.17847 ], [ -89.26098, 30.182 ], [ -89.18367, 30.21216 ], [ -89.09648, 30.16583 ], [ -88.88903, 30.13985 ], [ -88.90033, 30.16998 ], [ -88.85039, 30.19228 ], [ -88.82139, 30.21737 ], [ -88.80064, 30.20239 ], [ -88.7539, 30.18821 ], [ -88.71739, 30.19088 ], [ -88.66725, 30.17833 ], [ -88.60388, 30.17061 ], [ -88.56787, 30.17045 ], [ -88.54585, 30.17665 ], [ -88.50979, 30.15794 ], [ -88.46128, 30.14669 ], [ -88.43351, 30.14722 ], [ -88.38443, 30.15854 ] ] ] } },
{ "type": "Feature", "properties": { "fid": 26, "ZoneCode": "290001", "AbrvFull": "MO", "NameFull": "Missouri", "ZoneNum": 1, "AbrvPart": null, "NamePart": null, "ZoneType": "Statewide", "StateAbrv": "MO", "StateName": "Missouri", "ProjAbrv": "LC1", "ProjType": "Lambert Conformal Conic, one parallel", "LatOrigin": "38°18'N", "LonOriginE": "267°30'E", "LonOriginW": "92°30'W", "Lat0_deg": 38.3, "Lon0_E_deg": 267.5, "Lon0_W_deg": -92.5, "ProjScale": 0.9997, "SkewAz_deg": -9999, "FalseN_m": 419100.0, "FalseE_m": 990600.0, "FalseN_ift": 1375000.0, "FalseE_ift": 3250000.0, "DesignBy": "NGS", "Ref_frame": "NATRF2022" }, "geometry": { "type": "Polygon", "coordinates": [ [ [ -91.41942, 40.37826 ], [ -91.44124, 40.38626 ], [ -91.46389, 40.37566 ], [ -91.48315, 40.38249 ], [ -91.49809, 40.40193 ], [ -91.52461, 40.41077 ], [ -91.51901, 40.4313 ], [ -91.53281, 40.43678 ], [ -91.52615, 40.45863 ], [ -91.56772, 40.46228 ], [ -91.59464, 40.495 ], [ -91.61695, 40.50479 ], [ -91.62516, 40.5435 ], [ -91.68171, 40.55304 ], [ -91.69156, 40.56484 ], [ -91.68538, 40.57889 ], [ -91.71202, 40.59505 ], [ -91.72911, 40.61364 ], [ -91.8684, 40.60806 ], [ -92.09661, 40.60183 ], [ -92.48522, 40.59509 ], [ -92.65941, 40.59034 ], [ -93.0135, 40.5863 ], [ -93.26043, 40.58081 ], [ -93.54758, 40.58041 ], [ -93.69437, 40.57784 ], [ -93.81548, 40.57728 ], [ -94.07214, 40.57303 ], [ -94.48911, 40.57071 ], [ -94.66907, 40.57172 ], [ -94.96649, 40.57584 ], [ -95.76564, 40.58521 ], [ -95.77355, 40.57821 ], [ -95.76362, 40.5483 ], [ -95.76928, 40.53666 ], [ -95.75711, 40.52599 ], [ -95.6972, 40.52848 ], [ -95.69415, 40.55694 ], [ -95.67178, 40.56263 ], [ -95.65227, 40.53811 ], [ -95.66168, 40.51731 ], [ -95.69997, 40.50528 ], [ -95.69313, 40.4694 ], [ -95.65973, 40.44448 ], [ -95.66144, 40.41592 ], [ -95.64393, 40.38685 ], [ -95.64241, 40.36983 ], [ -95.62481, 40.34921 ], [ -95.62765, 40.33241 ], [ -95.65661, 40.31947 ], [ -95.64533, 40.30569 ], [ -95.61565, 40.31415 ], [ -95.55329, 40.29116 ], [ -95.55247, 40.2619 ], [ -95.51611, 40.24919 ], [ -95.47869, 40.24366 ], [ -95.4699, 40.2227 ], [ -95.48132, 40.20308 ], [ -95.47792, 40.18384 ], [ -95.44069, 40.16228 ], [ -95.43135, 40.13916 ], [ -95.39655, 40.1247 ], [ -95.39422, 40.10826 ], [ -95.40855, 40.09699 ], [ -95.42, 40.05044 ], [ -95.39153, 40.02706 ], [ -95.34657, 40.02827 ], [ -95.31221, 40.0094 ], [ -95.30829, 40.0 ], [ -95.30161, 39.984 ], [ -95.27233, 39.97104 ], [ -95.25025, 39.94864 ], [ -95.20527, 39.93975 ], [ -95.20348, 39.90565 ], [ -95.18956, 39.90015 ], [ -95.14605, 39.90418 ], [ -95.13968, 39.88059 ], [ -95.085, 39.86188 ], [ -95.03525, 39.86592 ], [ -95.01513, 39.89964 ], [ -94.98706, 39.89632 ], [ -94.95518, 39.90129 ], [ -94.9279, 39.88611 ], [ -94.93985, 39.85204 ], [ -94.91677, 39.83581 ], [ -94.89148, 39.83464 ], [ -94.87666, 39.82252 ], [ -94.87624, 39.80739 ], [ -94.89053, 39.79143 ], [ -94.91955, 39.79029 ], [ -94.93464, 39.77314 ], [ -94.90544, 39.75951 ], [ -94.86965, 39.7729 ], [ -94.85903, 39.75412 ], [ -94.87563, 39.73049 ], [ -94.90261, 39.7242 ], [ -94.94754, 39.74534 ], [ -94.97133, 39.72571 ], [ -94.96933, 39.69073 ], [ -94.9884, 39.6771 ], [ -95.02459, 39.66849 ], [ -95.04952, 39.63788 ], [ -95.05515, 39.62166 ], [ -95.04669, 39.59675 ], [ -95.0569, 39.58057 ], [ -95.09215, 39.58112 ], [ -95.10747, 39.57374 ], [ -95.10806, 39.53992 ], [ -95.07744, 39.51355 ], [ -95.05055, 39.49751 ], [ -95.04467, 39.47126 ], [ -95.03341, 39.46088 ], [ -94.99017, 39.44619 ], [ -94.97295, 39.42171 ], [ -94.94629, 39.40565 ], [ -94.94204, 39.3895 ], [ -94.91922, 39.38517 ], [ -94.88897, 39.39243 ], [ -94.87909, 39.3757 ], [ -94.91032, 39.3513 ], [ -94.9079, 39.32345 ], [ -94.89852, 39.29845 ], [ -94.8804, 39.28221 ], [ -94.84632, 39.26848 ], [ -94.82748, 39.2499 ], [ -94.83168, 39.21594 ], [ -94.80848, 39.20648 ], [ -94.78295, 39.20716 ], [ -94.7528, 39.17349 ], [ -94.71414, 39.1704 ], [ -94.68879, 39.18323 ], [ -94.65916, 39.17413 ], [ -94.65065, 39.15409 ], [ -94.60645, 39.16083 ], [ -94.58866, 39.15116 ], [ -94.60512, 39.12326 ], [ -94.60715, 39.10559 ], [ -94.60817, 38.8111 ], [ -94.6119, 38.60589 ], [ -94.61335, 38.4587 ], [ -94.6125, 38.22038 ], [ -94.61416, 37.97401 ], [ -94.61767, 37.77619 ], [ -94.61672, 37.50012 ], [ -94.61831, 37.19469 ], [ -94.61796, 36.99891 ], [ -94.61847, 36.81628 ], [ -94.61786, 36.49943 ], [ -94.37442, 36.49962 ], [ -94.08569, 36.49864 ], [ -93.54489, 36.49931 ], [ -93.13747, 36.49785 ], [ -92.72675, 36.49788 ], [ -92.47411, 36.49876 ], [ -92.37474, 36.4973 ], [ -92.11518, 36.49882 ], [ -91.99991, 36.49841 ], [ -91.74077, 36.49938 ], [ -91.5395, 36.49924 ], [ -91.42207, 36.49714 ], [ -90.80741, 36.49883 ], [ -90.15231, 36.49798 ], [ -90.15924, 36.47971 ], [ -90.14316, 36.47519 ], [ -90.15541, 36.4638 ], [ -90.13417, 36.45415 ], [ -90.14434, 36.42538 ], [ -90.13597, 36.41333 ], [ -90.08204, 36.40124 ], [ -90.06322, 36.37755 ], [ -90.07796, 36.3494 ], [ -90.08238, 36.32198 ], [ -90.06419, 36.3025 ], [ -90.07901, 36.28987 ], [ -90.08379, 36.27194 ], [ -90.11512, 36.26521 ], [ -90.13241, 36.22643 ], [ -90.1951, 36.20043 ], [ -90.21996, 36.18473 ], [ -90.23535, 36.15954 ], [ -90.23544, 36.1394 ], [ -90.26652, 36.12002 ], [ -90.29293, 36.1145 ], [ -90.29999, 36.09791 ], [ -90.31961, 36.08957 ], [ -90.31854, 36.07516 ], [ -90.34821, 36.04157 ], [ -90.3562, 36.02023 ], [ -90.3779, 35.99575 ], [ -90.00382, 35.99902 ], [ -89.73306, 36.00081 ], [ -89.70693, 36.00098 ], [ -89.68725, 36.03405 ], [ -89.68003, 36.08249 ], [ -89.6666, 36.0958 ], [ -89.6283, 36.10685 ], [ -89.59307, 36.1297 ], [ -89.59221, 36.15012 ], [ -89.607, 36.17118 ], [ -89.69263, 36.22496 ], [ -89.70525, 36.23657 ], [ -89.69523, 36.25277 ], [ -89.65141, 36.25068 ], [ -89.61114, 36.23927 ], [ -89.58733, 36.23948 ], [ -89.56412, 36.25048 ], [ -89.53468, 36.25277 ], [ -89.53644, 36.27283 ], [ -89.57849, 36.28832 ], [ -89.61182, 36.30909 ], [ -89.62025, 36.32301 ], [ -89.61069, 36.34044 ], [ -89.53182, 36.33925 ], [ -89.519, 36.3486 ], [ -89.50972, 36.37363 ], [ -89.54234, 36.4201 ], [ -89.54341, 36.43877 ], [ -89.52727, 36.45155 ], [ -89.52064, 36.47867 ], [ -89.53923, 36.49793 ], [ -89.56041, 36.52441 ], [ -89.57073, 36.55766 ], [ -89.55757, 36.5743 ], [ -89.53064, 36.58171 ], [ -89.47993, 36.56909 ], [ -89.46782, 36.54697 ], [ -89.46665, 36.52704 ], [ -89.48543, 36.49749 ], [ -89.49412, 36.47627 ], [ -89.47664, 36.45839 ], [ -89.45351, 36.46179 ], [ -89.41727, 36.49901 ], [ -89.38271, 36.58372 ], [ -89.37761, 36.60979 ], [ -89.3658, 36.62513 ], [ -89.33203, 36.63288 ], [ -89.31645, 36.62404 ], [ -89.29467, 36.59378 ], [ -89.25654, 36.56496 ], [ -89.22705, 36.56954 ], [ -89.20277, 36.60167 ], [ -89.19775, 36.62897 ], [ -89.15912, 36.66635 ], [ -89.17188, 36.6726 ], [ -89.16943, 36.68877 ], [ -89.20065, 36.71875 ], [ -89.19786, 36.73977 ], [ -89.16978, 36.75964 ], [ -89.12597, 36.75181 ], [ -89.11698, 36.7756 ], [ -89.12871, 36.78768 ], [ -89.15146, 36.78867 ], [ -89.17822, 36.80861 ], [ -89.17885, 36.83334 ], [ -89.17044, 36.84184 ], [ -89.13811, 36.84732 ], [ -89.11711, 36.88869 ], [ -89.09897, 36.95607 ], [ -89.1092, 36.97645 ], [ -89.13291, 36.98206 ], [ -89.17001, 36.9703 ], [ -89.1921, 36.98 ], [ -89.20341, 37.01886 ], [ -89.23711, 37.04101 ], [ -89.25493, 37.07201 ], [ -89.25993, 37.06407 ], [ -89.30773, 37.06965 ], [ -89.30137, 37.04498 ], [ -89.27771, 37.03614 ], [ -89.25761, 37.0155 ], [ -89.26624, 36.9963 ], [ -89.29213, 36.99219 ], [ -89.31717, 37.01277 ], [ -89.37663, 37.03848 ], [ -89.38519, 37.05775 ], [ -89.37871, 37.09459 ], [ -89.42558, 37.13824 ], [ -89.46186, 37.19952 ], [ -89.4675, 37.22184 ], [ -89.45783, 37.24259 ], [ -89.47052, 37.25336 ], [ -89.48991, 37.25132 ], [ -89.51847, 37.28626 ], [ -89.5097, 37.31426 ], [ -89.49119, 37.33136 ], [ -89.43604, 37.34444 ], [ -89.42818, 37.35616 ], [ -89.42094, 37.39395 ], [ -89.43977, 37.4372 ], [ -89.4712, 37.46647 ], [ -89.51645, 37.53556 ], [ -89.51981, 37.58275 ], [ -89.48112, 37.58297 ], [ -89.4784, 37.59887 ], [ -89.51772, 37.64122 ], [ -89.51201, 37.68553 ], [ -89.52573, 37.69844 ], [ -89.58332, 37.71326 ], [ -89.61807, 37.74982 ], [ -89.64953, 37.7455 ], [ -89.66787, 37.76026 ], [ -89.66038, 37.7863 ], [ -89.66964, 37.79992 ], [ -89.70284, 37.81681 ], [ -89.73987, 37.84692 ], [ -89.7541, 37.84635 ], [ -89.79754, 37.86213 ], [ -89.79933, 37.88152 ], [ -89.84479, 37.90557 ], [ -89.87969, 37.88074 ], [ -89.90563, 37.86939 ], [ -89.9253, 37.87115 ], [ -89.95336, 37.88461 ], [ -89.97419, 37.91951 ], [ -89.95956, 37.94016 ], [ -89.93127, 37.94828 ], [ -89.92508, 37.96002 ], [ -89.94069, 37.97087 ], [ -89.98811, 37.96175 ], [ -90.00794, 37.97011 ], [ -90.03179, 37.99513 ], [ -90.06504, 38.01688 ], [ -90.09284, 38.01726 ], [ -90.12653, 38.04167 ], [ -90.13079, 38.06234 ], [ -90.15827, 38.07495 ], [ -90.17222, 38.06964 ], [ -90.21702, 38.09347 ], [ -90.24257, 38.11213 ], [ -90.27484, 38.15756 ], [ -90.29063, 38.17036 ], [ -90.33417, 38.18986 ], [ -90.35863, 38.22198 ], [ -90.37242, 38.28373 ], [ -90.37082, 38.33355 ], [ -90.34145, 38.3883 ], [ -90.2899, 38.43314 ], [ -90.26406, 38.52103 ], [ -90.2242, 38.57508 ], [ -90.1918, 38.59898 ], [ -90.17881, 38.62916 ], [ -90.1826, 38.66538 ], [ -90.212, 38.71178 ], [ -90.20518, 38.7322 ], [ -90.18361, 38.74675 ], [ -90.16636, 38.77268 ], [ -90.12311, 38.79805 ], [ -90.10911, 38.83745 ], [ -90.11333, 38.84931 ], [ -90.16331, 38.87475 ], [ -90.19761, 38.88765 ], [ -90.22304, 38.90739 ], [ -90.25025, 38.91934 ], [ -90.30945, 38.92412 ], [ -90.39272, 38.95907 ], [ -90.45081, 38.96777 ], [ -90.47212, 38.95884 ], [ -90.48706, 38.92586 ], [ -90.50745, 38.90277 ], [ -90.54683, 38.87401 ], [ -90.57758, 38.86838 ], [ -90.62336, 38.88715 ], [ -90.66302, 38.92628 ], [ -90.67634, 38.96441 ], [ -90.67903, 38.99387 ], [ -90.71158, 39.0468 ], [ -90.71254, 39.05706 ], [ -90.68274, 39.08835 ], [ -90.68739, 39.11991 ], [ -90.70915, 39.15511 ], [ -90.71711, 39.21391 ], [ -90.72698, 39.25117 ], [ -90.7516, 39.26543 ], [ -90.79346, 39.3095 ], [ -90.81685, 39.3205 ], [ -90.8475, 39.34527 ], [ -90.89646, 39.36918 ], [ -90.93401, 39.39213 ], [ -90.93902, 39.40274 ], [ -90.99379, 39.42296 ], [ -91.03827, 39.44844 ], [ -91.06241, 39.47412 ], [ -91.0643, 39.49464 ], [ -91.10091, 39.539 ], [ -91.14827, 39.5458 ], [ -91.16842, 39.56493 ], [ -91.17465, 39.59331 ], [ -91.18592, 39.60512 ], [ -91.22333, 39.6176 ], [ -91.27614, 39.66576 ], [ -91.34725, 39.71048 ], [ -91.36775, 39.72903 ], [ -91.36344, 39.7928 ], [ -91.37649, 39.81003 ], [ -91.4338, 39.84187 ], [ -91.44784, 39.87795 ], [ -91.44351, 39.89358 ], [ -91.42088, 39.91487 ], [ -91.42183, 39.93297 ], [ -91.44345, 39.95368 ], [ -91.49488, 40.03645 ], [ -91.48961, 40.05744 ], [ -91.51084, 40.12614 ], [ -91.50822, 40.15767 ], [ -91.51308, 40.17854 ], [ -91.50448, 40.19826 ], [ -91.5065, 40.2363 ], [ -91.49052, 40.2595 ], [ -91.49273, 40.27822 ], [ -91.46214, 40.34241 ], [ -91.44486, 40.36314 ], [ -91.41942, 40.37826 ] ] ] } },
{ "type": "Feature", "properties": { "fid": 27, "ZoneCode": "300001", "AbrvFull": "MT", "NameFull": "Montana", "ZoneNum": 1, "AbrvPart": null, "NamePart": null, "ZoneType": "Statewide", "StateAbrv": "MT", "StateName": "Montana", "ProjAbrv": "LC1", "ProjType": "Lambert Conformal Conic, one parallel", "LatOrigin": "46°57'N", "LonOriginE": "250°00'E", "LonOriginW": "110°00'W", "Lat0_deg": 46.95, "Lon0_E_deg": 250.0, "Lon0_W_deg": -110.0, "ProjScale": 0.9999, "SkewAz_deg": -9999, "FalseN_m": 419100.0, "FalseE_m": 1219200.0, "FalseN_ift": 1375000.0, "FalseE_ift": 4000000.0, "DesignBy": "NGS", "Ref_frame": "NATRF2022" }, "geometry": { "type": "Polygon", "coordinates": [ [ [ -104.04869, 48.9999 ], [ -104.68501, 48.99901 ], [ -105.70341, 48.99981 ], [ -106.22942, 48.99937 ], [ -106.60914, 48.99986 ], [ -107.36152, 49.00011 ], [ -107.41554, 48.99936 ], [ -107.77656, 48.9998 ], [ -108.83549, 48.99924 ], [ -109.42062, 49.00043 ], [ -110.72126, 48.99864 ], [ -111.57569, 48.99668 ], [ -112.02363, 48.99866 ], [ -112.9903, 48.99862 ], [ -113.69476, 48.9975 ], [ -114.06818, 48.99886 ], [ -114.36192, 49.00111 ], [ -115.05533, 48.99963 ], [ -115.2638, 48.99964 ], [ -115.63374, 49.00078 ], [ -116.04909, 49.00085 ], [ -116.04911, 47.97684 ], [ -116.03039, 47.97262 ], [ -116.00748, 47.95078 ], [ -115.98306, 47.91629 ], [ -115.96569, 47.91132 ], [ -115.96052, 47.89814 ], [ -115.93801, 47.88109 ], [ -115.9014, 47.8431 ], [ -115.8815, 47.84961 ], [ -115.85231, 47.82786 ], [ -115.84749, 47.78649 ], [ -115.82377, 47.75261 ], [ -115.7975, 47.75733 ], [ -115.78087, 47.74193 ], [ -115.77344, 47.71757 ], [ -115.76004, 47.71913 ], [ -115.72271, 47.69486 ], [ -115.73638, 47.65517 ], [ -115.73039, 47.64233 ], [ -115.69444, 47.62376 ], [ -115.69722, 47.60374 ], [ -115.68776, 47.5953 ], [ -115.75451, 47.55245 ], [ -115.75179, 47.54199 ], [ -115.6954, 47.52771 ], [ -115.71131, 47.52311 ], [ -115.68626, 47.48494 ], [ -115.66777, 47.48879 ], [ -115.66102, 47.47785 ], [ -115.62949, 47.47961 ], [ -115.64016, 47.45969 ], [ -115.67697, 47.45339 ], [ -115.69121, 47.45721 ], [ -115.74662, 47.44231 ], [ -115.7593, 47.42386 ], [ -115.72111, 47.4257 ], [ -115.71226, 47.41544 ], [ -115.67524, 47.40939 ], [ -115.64629, 47.38777 ], [ -115.64292, 47.37737 ], [ -115.61725, 47.38252 ], [ -115.57737, 47.36725 ], [ -115.57643, 47.35709 ], [ -115.54884, 47.34696 ], [ -115.55018, 47.33374 ], [ -115.5279, 47.30902 ], [ -115.52851, 47.29924 ], [ -115.45725, 47.27832 ], [ -115.42043, 47.27736 ], [ -115.41158, 47.26437 ], [ -115.38493, 47.26779 ], [ -115.35922, 47.25964 ], [ -115.34085, 47.26285 ], [ -115.31838, 47.25189 ], [ -115.31582, 47.2328 ], [ -115.29153, 47.21085 ], [ -115.30123, 47.19345 ], [ -115.28685, 47.18349 ], [ -115.26287, 47.18176 ], [ -115.24311, 47.15073 ], [ -115.22245, 47.14909 ], [ -115.18613, 47.12956 ], [ -115.17217, 47.10715 ], [ -115.14396, 47.10175 ], [ -115.1393, 47.07925 ], [ -115.10606, 47.04856 ], [ -115.08743, 47.04572 ], [ -115.07227, 47.02348 ], [ -115.06777, 46.99521 ], [ -115.04786, 46.96953 ], [ -115.0286, 46.97568 ], [ -115.00127, 46.9719 ], [ -114.98652, 46.95015 ], [ -114.96096, 46.93041 ], [ -114.92625, 46.91947 ], [ -114.93674, 46.89728 ], [ -114.93226, 46.8758 ], [ -114.94842, 46.86064 ], [ -114.92868, 46.85477 ], [ -114.92073, 46.82708 ], [ -114.89845, 46.82235 ], [ -114.89552, 46.80197 ], [ -114.86578, 46.81453 ], [ -114.83067, 46.78361 ], [ -114.79795, 46.77591 ], [ -114.76509, 46.75815 ], [ -114.76725, 46.73875 ], [ -114.78845, 46.71406 ], [ -114.7522, 46.69714 ], [ -114.73977, 46.71194 ], [ -114.71678, 46.71405 ], [ -114.69913, 46.74018 ], [ -114.66457, 46.73908 ], [ -114.62079, 46.70726 ], [ -114.62354, 46.69093 ], [ -114.64144, 46.67949 ], [ -114.63523, 46.65925 ], [ -114.61503, 46.65541 ], [ -114.61311, 46.63847 ], [ -114.58453, 46.63341 ], [ -114.5417, 46.64994 ], [ -114.52385, 46.64059 ], [ -114.46683, 46.6318 ], [ -114.45373, 46.64845 ], [ -114.42418, 46.66063 ], [ -114.35792, 46.6687 ], [ -114.337, 46.66231 ], [ -114.3207, 46.64695 ], [ -114.32271, 46.61062 ], [ -114.3442, 46.58997 ], [ -114.33121, 46.5725 ], [ -114.34789, 46.55147 ], [ -114.34298, 46.51804 ], [ -114.37559, 46.50175 ], [ -114.40235, 46.50058 ], [ -114.4011, 46.47859 ], [ -114.37943, 46.46029 ], [ -114.38366, 46.44615 ], [ -114.36879, 46.43651 ], [ -114.38491, 46.42759 ], [ -114.38484, 46.41136 ], [ -114.42245, 46.38705 ], [ -114.41016, 46.3655 ], [ -114.41469, 46.33955 ], [ -114.43343, 46.30555 ], [ -114.42762, 46.28337 ], [ -114.47079, 46.26538 ], [ -114.46601, 46.24684 ], [ -114.45209, 46.24129 ], [ -114.4433, 46.20305 ], [ -114.44523, 46.16795 ], [ -114.47768, 46.16066 ], [ -114.51469, 46.16773 ], [ -114.52736, 46.14541 ], [ -114.52123, 46.12533 ], [ -114.47445, 46.11311 ], [ -114.45948, 46.09393 ], [ -114.46699, 46.06578 ], [ -114.49335, 46.05258 ], [ -114.50731, 46.03116 ], [ -114.48054, 46.03044 ], [ -114.47303, 46.01455 ], [ -114.48777, 46.00418 ], [ -114.47525, 45.99202 ], [ -114.45783, 45.99748 ], [ -114.41175, 45.97787 ], [ -114.40252, 45.95794 ], [ -114.4314, 45.93604 ], [ -114.41356, 45.91163 ], [ -114.39514, 45.90143 ], [ -114.38787, 45.88393 ], [ -114.40392, 45.87188 ], [ -114.40965, 45.85157 ], [ -114.43771, 45.86261 ], [ -114.47032, 45.85147 ], [ -114.50964, 45.84536 ], [ -114.51538, 45.82626 ], [ -114.56635, 45.77274 ], [ -114.54451, 45.75918 ], [ -114.54785, 45.74326 ], [ -114.52665, 45.72763 ], [ -114.50418, 45.72181 ], [ -114.4952, 45.70419 ], [ -114.51499, 45.68503 ], [ -114.49967, 45.66851 ], [ -114.52273, 45.6493 ], [ -114.56066, 45.64024 ], [ -114.56323, 45.63167 ], [ -114.53805, 45.60614 ], [ -114.5585, 45.58446 ], [ -114.56549, 45.5626 ], [ -114.55264, 45.55702 ], [ -114.52612, 45.57078 ], [ -114.49808, 45.55546 ], [ -114.47195, 45.56522 ], [ -114.45635, 45.56099 ], [ -114.46391, 45.54503 ], [ -114.43057, 45.52951 ], [ -114.42341, 45.5093 ], [ -114.38887, 45.503 ], [ -114.36823, 45.49237 ], [ -114.34418, 45.45968 ], [ -114.33005, 45.45972 ], [ -114.29228, 45.47998 ], [ -114.26989, 45.48455 ], [ -114.24721, 45.52472 ], [ -114.24836, 45.54511 ], [ -114.22787, 45.54613 ], [ -114.19469, 45.53615 ], [ -114.18027, 45.55124 ], [ -114.13618, 45.55702 ], [ -114.12126, 45.58459 ], [ -114.08635, 45.59131 ], [ -114.08117, 45.61146 ], [ -114.0137, 45.65829 ], [ -114.02831, 45.67524 ], [ -114.01917, 45.69263 ], [ -113.98821, 45.70593 ], [ -113.96815, 45.69132 ], [ -113.9391, 45.69578 ], [ -113.91951, 45.65786 ], [ -113.89528, 45.64385 ], [ -113.90469, 45.62201 ], [ -113.88795, 45.61748 ], [ -113.86212, 45.6238 ], [ -113.82632, 45.61316 ], [ -113.80643, 45.60163 ], [ -113.79682, 45.58153 ], [ -113.82142, 45.56578 ], [ -113.81741, 45.55703 ], [ -113.83478, 45.52066 ], [ -113.76601, 45.52053 ], [ -113.77272, 45.51264 ], [ -113.75993, 45.48064 ], [ -113.78422, 45.45501 ], [ -113.77673, 45.4347 ], [ -113.75973, 45.42711 ], [ -113.77716, 45.41656 ], [ -113.77375, 45.40636 ], [ -113.74912, 45.40283 ], [ -113.7344, 45.39235 ], [ -113.72903, 45.35609 ], [ -113.73873, 45.32974 ], [ -113.71858, 45.31681 ], [ -113.71003, 45.30102 ], [ -113.67896, 45.27589 ], [ -113.69294, 45.2642 ], [ -113.67961, 45.24975 ], [ -113.6494, 45.23437 ], [ -113.6368, 45.21224 ], [ -113.58945, 45.1773 ], [ -113.59071, 45.15589 ], [ -113.56603, 45.14975 ], [ -113.57672, 45.13124 ], [ -113.54966, 45.11288 ], [ -113.51282, 45.11685 ], [ -113.50597, 45.10803 ], [ -113.52275, 45.09201 ], [ -113.49403, 45.0799 ], [ -113.4849, 45.06341 ], [ -113.46032, 45.06487 ], [ -113.44934, 45.04652 ], [ -113.44388, 44.96001 ], [ -113.46584, 44.94761 ], [ -113.49622, 44.94768 ], [ -113.49154, 44.92454 ], [ -113.47179, 44.90984 ], [ -113.47859, 44.8956 ], [ -113.4612, 44.88675 ], [ -113.45507, 44.86542 ], [ -113.42908, 44.85486 ], [ -113.42224, 44.83781 ], [ -113.38512, 44.8376 ], [ -113.35724, 44.82065 ], [ -113.34047, 44.78468 ], [ -113.24719, 44.82295 ], [ -113.23771, 44.81387 ], [ -113.19436, 44.80215 ], [ -113.16341, 44.77878 ], [ -113.1313, 44.77217 ], [ -113.13775, 44.75991 ], [ -113.11727, 44.73292 ], [ -113.10162, 44.72947 ], [ -113.10158, 44.70664 ], [ -113.08206, 44.68397 ], [ -113.06798, 44.67902 ], [ -113.06538, 44.64886 ], [ -113.05176, 44.6371 ], [ -113.05745, 44.61834 ], [ -113.08829, 44.59966 ], [ -113.0623, 44.58592 ], [ -113.06734, 44.5793 ], [ -113.03955, 44.5673 ], [ -113.04776, 44.54828 ], [ -113.00679, 44.52621 ], [ -113.02682, 44.49551 ], [ -113.00609, 44.47071 ], [ -113.00198, 44.44986 ], [ -112.96347, 44.42337 ], [ -112.92115, 44.41092 ], [ -112.90165, 44.39885 ], [ -112.88956, 44.40594 ], [ -112.88158, 44.37926 ], [ -112.84456, 44.35797 ], [ -112.8123, 44.37702 ], [ -112.82179, 44.40717 ], [ -112.83971, 44.42402 ], [ -112.80771, 44.45312 ], [ -112.78049, 44.48472 ], [ -112.74035, 44.48997 ], [ -112.71793, 44.50427 ], [ -112.66087, 44.48595 ], [ -112.63267, 44.491 ], [ -112.62912, 44.48281 ], [ -112.60149, 44.49062 ], [ -112.58485, 44.48111 ], [ -112.54954, 44.4847 ], [ -112.51389, 44.47512 ], [ -112.50039, 44.46277 ], [ -112.47342, 44.47936 ], [ -112.43354, 44.45983 ], [ -112.40812, 44.45744 ], [ -112.38652, 44.44731 ], [ -112.36649, 44.46854 ], [ -112.35669, 44.49262 ], [ -112.35886, 44.52905 ], [ -112.35181, 44.53788 ], [ -112.31949, 44.5389 ], [ -112.31374, 44.55304 ], [ -112.28867, 44.56791 ], [ -112.2567, 44.57168 ], [ -112.22922, 44.56409 ], [ -112.22105, 44.54326 ], [ -112.18366, 44.53295 ], [ -112.16465, 44.54153 ], [ -112.13667, 44.53986 ], [ -112.12705, 44.52889 ], [ -112.09648, 44.52299 ], [ -112.06907, 44.53715 ], [ -112.03229, 44.52922 ], [ -112.03271, 44.54664 ], [ -112.00443, 44.5377 ], [ -111.97537, 44.53615 ], [ -111.94778, 44.55701 ], [ -111.90333, 44.55664 ], [ -111.86645, 44.5631 ], [ -111.86366, 44.55124 ], [ -111.82153, 44.50894 ], [ -111.80112, 44.52599 ], [ -111.76288, 44.52578 ], [ -111.74991, 44.53958 ], [ -111.71476, 44.54404 ], [ -111.70415, 44.55965 ], [ -111.683, 44.56166 ], [ -111.66027, 44.55308 ], [ -111.61434, 44.54867 ], [ -111.58498, 44.56236 ], [ -111.5478, 44.55731 ], [ -111.51455, 44.53657 ], [ -111.49961, 44.54201 ], [ -111.46808, 44.54005 ], [ -111.46935, 44.55767 ], [ -111.50741, 44.56208 ], [ -111.50134, 44.57249 ], [ -111.51891, 44.58335 ], [ -111.52561, 44.60474 ], [ -111.50249, 44.62682 ], [ -111.51617, 44.64406 ], [ -111.49029, 44.64983 ], [ -111.46851, 44.67873 ], [ -111.48478, 44.68787 ], [ -111.48878, 44.70564 ], [ -111.43173, 44.72069 ], [ -111.41427, 44.71074 ], [ -111.39713, 44.72753 ], [ -111.39297, 44.75231 ], [ -111.37581, 44.75104 ], [ -111.35772, 44.72941 ], [ -111.32438, 44.72955 ], [ -111.32248, 44.71878 ], [ -111.29626, 44.70227 ], [ -111.29688, 44.69144 ], [ -111.2668, 44.66751 ], [ -111.27079, 44.64698 ], [ -111.2526, 44.65125 ], [ -111.21932, 44.62252 ], [ -111.24089, 44.61453 ], [ -111.22763, 44.57669 ], [ -111.18103, 44.56923 ], [ -111.18075, 44.55488 ], [ -111.15057, 44.53497 ], [ -111.13138, 44.53243 ], [ -111.13862, 44.51685 ], [ -111.13066, 44.50013 ], [ -111.10092, 44.48778 ], [ -111.05243, 44.47841 ], [ -111.05399, 44.72625 ], [ -111.05456, 45.00096 ], [ -110.79012, 45.00088 ], [ -110.70448, 44.99217 ], [ -110.50698, 44.99252 ], [ -110.44574, 44.99368 ], [ -110.40712, 44.9995 ], [ -110.18322, 44.99695 ], [ -110.10578, 45.00353 ], [ -109.82566, 45.00322 ], [ -109.78609, 45.0018 ], [ -109.32684, 45.00529 ], [ -109.10323, 45.00582 ], [ -109.08309, 44.99955 ], [ -108.59809, 45.00039 ], [ -108.51404, 44.99965 ], [ -108.22951, 45.00041 ], [ -107.61322, 45.00062 ], [ -107.48375, 45.00143 ], [ -107.12742, 44.99984 ], [ -107.08489, 44.9966 ], [ -106.12621, 44.99327 ], [ -105.92817, 44.99349 ], [ -105.91315, 45.00024 ], [ -105.64523, 45.00043 ], [ -104.88916, 45.00003 ], [ -104.59232, 44.99866 ], [ -104.05788, 44.99761 ], [ -104.03969, 44.99807 ], [ -104.04081, 45.46261 ], [ -104.0426, 45.74994 ], [ -104.04555, 45.94531 ], [ -104.04679, 46.0244 ], [ -104.04549, 46.1661 ], [ -104.04515, 46.51006 ], [ -104.04598, 46.87453 ], [ -104.04509, 47.05037 ], [ -104.04485, 47.40672 ], [ -104.04322, 47.759 ], [ -104.04144, 47.86305 ], [ -104.04404, 47.99608 ], [ -104.04755, 48.49879 ], [ -104.04889, 48.83777 ], [ -104.04869, 48.9999 ] ] ] } },
{ "type": "Feature", "properties": { "fid": 28, "ZoneCode": "310001", "AbrvFull": "NE", "NameFull": "Nebraska", "ZoneNum": 1, "AbrvPart": null, "NamePart": null, "ZoneType": "Statewide", "StateAbrv": "NE", "StateName": "Nebraska", "ProjAbrv": "LC1", "ProjType": "Lambert Conformal Conic, one parallel", "LatOrigin": "41°30'N", "LonOriginE": "260°15'E", "LonOriginW": "99°45'W", "Lat0_deg": 41.5, "Lon0_E_deg": 260.25, "Lon0_W_deg": -99.75, "ProjScale": 1.0, "SkewAz_deg": -9999, "FalseN_m": 304800.0, "FalseE_m": 914400.0, "FalseN_ift": 1000000.0, "FalseE_ift": 3000000.0, "DesignBy": "NGS", "Ref_frame": "NATRF2022" }, "geometry": { "type": "Polygon", "coordinates": [ [ [ -95.76564, 40.58521 ], [ -95.75127, 40.60906 ], [ -95.76893, 40.62126 ], [ -95.77625, 40.64746 ], [ -95.78948, 40.65939 ], [ -95.8428, 40.6775 ], [ -95.85261, 40.70226 ], [ -95.88318, 40.71758 ], [ -95.88891, 40.73186 ], [ -95.88153, 40.75061 ], [ -95.8369, 40.77648 ], [ -95.84374, 40.80378 ], [ -95.83719, 40.83535 ], [ -95.84778, 40.86433 ], [ -95.81208, 40.88424 ], [ -95.8143, 40.90294 ], [ -95.83644, 40.92164 ], [ -95.84027, 40.93994 ], [ -95.82983, 40.96386 ], [ -95.83205, 40.98114 ], [ -95.86349, 40.99734 ], [ -95.8695, 41.00943 ], [ -95.86086, 41.03855 ], [ -95.88222, 41.06354 ], [ -95.86243, 41.08969 ], [ -95.86723, 41.12149 ], [ -95.88294, 41.15457 ], [ -95.87369, 41.16664 ], [ -95.84344, 41.1691 ], [ -95.84724, 41.18335 ], [ -95.86762, 41.18842 ], [ -95.91612, 41.18528 ], [ -95.92612, 41.21162 ], [ -95.9113, 41.23944 ], [ -95.92865, 41.28133 ], [ -95.92764, 41.29844 ], [ -95.9059, 41.30104 ], [ -95.91258, 41.27953 ], [ -95.90284, 41.27437 ], [ -95.87748, 41.28458 ], [ -95.87418, 41.30792 ], [ -95.88555, 41.3181 ], [ -95.92518, 41.32136 ], [ -95.95166, 41.3375 ], [ -95.95713, 41.34959 ], [ -95.92877, 41.37008 ], [ -95.93769, 41.39477 ], [ -95.93231, 41.43207 ], [ -95.92086, 41.44343 ], [ -95.92451, 41.45891 ], [ -95.94501, 41.46649 ], [ -95.96833, 41.46389 ], [ -96.00405, 41.47215 ], [ -96.01954, 41.49159 ], [ -95.99278, 41.5146 ], [ -95.99997, 41.53948 ], [ -96.02666, 41.54037 ], [ -96.04061, 41.50689 ], [ -96.05733, 41.51105 ], [ -96.09191, 41.53405 ], [ -96.09659, 41.5454 ], [ -96.08119, 41.5743 ], [ -96.08719, 41.58655 ], [ -96.11364, 41.60196 ], [ -96.11599, 41.62202 ], [ -96.09553, 41.64586 ], [ -96.10005, 41.66108 ], [ -96.12105, 41.677 ], [ -96.10856, 41.69928 ], [ -96.07771, 41.70002 ], [ -96.0775, 41.71649 ], [ -96.09944, 41.72609 ], [ -96.10618, 41.73918 ], [ -96.07863, 41.76195 ], [ -96.0649, 41.79167 ], [ -96.08016, 41.81002 ], [ -96.10975, 41.82399 ], [ -96.11125, 41.85023 ], [ -96.14436, 41.87197 ], [ -96.16207, 41.90305 ], [ -96.13661, 41.92717 ], [ -96.1426, 41.94591 ], [ -96.12919, 41.96514 ], [ -96.1332, 41.97494 ], [ -96.15805, 41.98028 ], [ -96.1772, 41.97631 ], [ -96.19197, 41.98535 ], [ -96.18471, 42.00497 ], [ -96.21522, 42.0067 ], [ -96.22835, 41.99426 ], [ -96.24137, 41.99999 ], [ -96.2219, 42.02956 ], [ -96.23436, 42.04071 ], [ -96.26806, 42.04171 ], [ -96.2792, 42.07354 ], [ -96.26749, 42.10978 ], [ -96.28595, 42.12593 ], [ -96.30976, 42.1321 ], [ -96.32074, 42.14793 ], [ -96.34669, 42.16469 ], [ -96.34847, 42.19615 ], [ -96.35987, 42.21055 ], [ -96.32372, 42.22989 ], [ -96.33131, 42.25941 ], [ -96.36798, 42.29068 ], [ -96.36997, 42.31088 ], [ -96.408, 42.33741 ], [ -96.41792, 42.3587 ], [ -96.40844, 42.37609 ], [ -96.41031, 42.41297 ], [ -96.3807, 42.44639 ], [ -96.38601, 42.47451 ], [ -96.40196, 42.48644 ], [ -96.44548, 42.49063 ], [ -96.47558, 42.4802 ], [ -96.50132, 42.48275 ], [ -96.52509, 42.51018 ], [ -96.55778, 42.52038 ], [ -96.60347, 42.50446 ], [ -96.62596, 42.51358 ], [ -96.63803, 42.55196 ], [ -96.687, 42.57923 ], [ -96.711, 42.60813 ], [ -96.70729, 42.62532 ], [ -96.68908, 42.64408 ], [ -96.69764, 42.65914 ], [ -96.72803, 42.66688 ], [ -96.76406, 42.66198 ], [ -96.80218, 42.67224 ], [ -96.80621, 42.70415 ], [ -96.90792, 42.73386 ], [ -96.93759, 42.7196 ], [ -96.96353, 42.72064 ], [ -96.96175, 42.74168 ], [ -96.97912, 42.76009 ], [ -97.02839, 42.76304 ], [ -97.07185, 42.77231 ], [ -97.13026, 42.77154 ], [ -97.15076, 42.79557 ], [ -97.20043, 42.80549 ], [ -97.21266, 42.81207 ], [ -97.21805, 42.84511 ], [ -97.24856, 42.85539 ], [ -97.28986, 42.8555 ], [ -97.30668, 42.8676 ], [ -97.34118, 42.85588 ], [ -97.36178, 42.85512 ], [ -97.37669, 42.8652 ], [ -97.41707, 42.86592 ], [ -97.43911, 42.84711 ], [ -97.48375, 42.85024 ], [ -97.50485, 42.85848 ], [ -97.56193, 42.84755 ], [ -97.60376, 42.85833 ], [ -97.64681, 42.84738 ], [ -97.68648, 42.84221 ], [ -97.77438, 42.84974 ], [ -97.83139, 42.86896 ], [ -97.87553, 42.85866 ], [ -97.88865, 42.81718 ], [ -97.90506, 42.7988 ], [ -97.94719, 42.77071 ], [ -98.01307, 42.76222 ], [ -98.06036, 42.77333 ], [ -98.063, 42.781 ], [ -98.12922, 42.82106 ], [ -98.14711, 42.83963 ], [ -98.17111, 42.83711 ], [ -98.21983, 42.85316 ], [ -98.25828, 42.87439 ], [ -98.28001, 42.875 ], [ -98.32586, 42.8865 ], [ -98.34241, 42.90085 ], [ -98.42074, 42.93192 ], [ -98.43974, 42.9282 ], [ -98.46736, 42.94756 ], [ -98.49048, 42.97795 ], [ -98.49855, 42.99856 ], [ -99.63593, 42.99783 ], [ -100.0342, 42.99815 ], [ -100.51558, 42.99933 ], [ -100.61395, 42.9982 ], [ -101.14081, 42.99789 ], [ -101.71203, 42.99653 ], [ -101.86276, 42.99937 ], [ -102.12543, 42.9992 ], [ -102.86789, 42.99998 ], [ -103.08428, 43.00078 ], [ -103.60339, 43.00062 ], [ -103.65268, 43.0014 ], [ -104.05303, 43.00059 ], [ -104.05255, 42.1668 ], [ -104.05286, 41.59225 ], [ -104.05224, 41.39807 ], [ -104.05351, 41.15726 ], [ -104.05325, 41.00141 ], [ -103.00209, 41.00249 ], [ -102.98148, 41.00211 ], [ -102.05172, 41.00236 ], [ -102.05142, 40.74279 ], [ -102.05193, 40.21743 ], [ -102.05174, 40.00308 ], [ -101.84102, 40.00278 ], [ -100.75883, 40.0023 ], [ -100.49558, 40.00171 ], [ -99.81343, 40.00136 ], [ -99.5721, 40.00197 ], [ -98.57522, 40.00248 ], [ -97.12531, 40.00194 ], [ -95.30829, 40.0 ], [ -95.31221, 40.0094 ], [ -95.34657, 40.02827 ], [ -95.39153, 40.02706 ], [ -95.42, 40.05044 ], [ -95.40855, 40.09699 ], [ -95.39422, 40.10826 ], [ -95.39655, 40.1247 ], [ -95.43135, 40.13916 ], [ -95.44069, 40.16228 ], [ -95.47792, 40.18384 ], [ -95.48132, 40.20308 ], [ -95.4699, 40.2227 ], [ -95.47869, 40.24366 ], [ -95.51611, 40.24919 ], [ -95.55247, 40.2619 ], [ -95.55329, 40.29116 ], [ -95.61565, 40.31415 ], [ -95.64533, 40.30569 ], [ -95.65661, 40.31947 ], [ -95.62765, 40.33241 ], [ -95.62481, 40.34921 ], [ -95.64241, 40.36983 ], [ -95.64393, 40.38685 ], [ -95.66144, 40.41592 ], [ -95.65973, 40.44448 ], [ -95.69313, 40.4694 ], [ -95.69997, 40.50528 ], [ -95.66168, 40.51731 ], [ -95.65227, 40.53811 ], [ -95.67178, 40.56263 ], [ -95.69415, 40.55694 ], [ -95.6972, 40.52848 ], [ -95.75711, 40.52599 ], [ -95.76928, 40.53666 ], [ -95.76362, 40.5483 ], [ -95.77355, 40.57821 ], [ -95.76564, 40.58521 ] ] ] } },
{ "type": "Feature", "properties": { "fid": 29, "ZoneCode": "320001", "AbrvFull": "NV", "NameFull": "Nevada", "ZoneNum": 1, "AbrvPart": null, "NamePart": null, "ZoneType": "Statewide", "StateAbrv": "NV", "StateName": "Nevada", "ProjAbrv": "TM", "ProjType": "Transverse Mercator", "LatOrigin": "33°30'N", "LonOriginE": "243°09'E", "LonOriginW": "116°51'W", "Lat0_deg": 33.5, "Lon0_E_deg": 243.15, "Lon0_W_deg": -116.85, "ProjScale": 0.99975, "SkewAz_deg": -9999, "FalseN_m": 0.0, "FalseE_m": 1371600.0, "FalseN_ift": 0.0, "FalseE_ift": 4500000.0, "DesignBy": "NGS", "Ref_frame": "NATRF2022" }, "geometry": { "type": "Polygon", "coordinates": [ [ [ -114.04148, 41.99387 ], [ -114.59828, 41.99459 ], [ -114.81642, 42.00179 ], [ -114.85625, 42.0017 ], [ -115.033, 41.99625 ], [ -115.34382, 41.99631 ], [ -116.24396, 41.99765 ], [ -116.36848, 41.99628 ], [ -116.87596, 41.99877 ], [ -117.0262, 42.0002 ], [ -117.13367, 42.00044 ], [ -117.62602, 41.9981 ], [ -117.81241, 41.99842 ], [ -118.22319, 41.99725 ], [ -118.56972, 41.99446 ], [ -118.6765, 41.99215 ], [ -119.00106, 41.99355 ], [ -119.33678, 41.99396 ], [ -119.45552, 41.99572 ], [ -119.94866, 41.99674 ], [ -119.99923, 41.99494 ], [ -119.99829, 41.61882 ], [ -119.99947, 41.49989 ], [ -119.99987, 40.99989 ], [ -119.99878, 40.77385 ], [ -119.99598, 40.57055 ], [ -119.9957, 40.37583 ], [ -119.9979, 39.98164 ], [ -120.00113, 39.75223 ], [ -120.00082, 39.60683 ], [ -120.00237, 39.49109 ], [ -120.00613, 39.37411 ], [ -120.00647, 39.27288 ], [ -120.00101, 38.99957 ], [ -119.79079, 38.85525 ], [ -119.46128, 38.62753 ], [ -119.09716, 38.37285 ], [ -119.00097, 38.30368 ], [ -118.94971, 38.26897 ], [ -118.77187, 38.14187 ], [ -118.7142, 38.10211 ], [ -118.25096, 37.76862 ], [ -117.97954, 37.57214 ], [ -117.90462, 37.51584 ], [ -117.87593, 37.49727 ], [ -117.71236, 37.37493 ], [ -117.68061, 37.3534 ], [ -117.58142, 37.27894 ], [ -117.50012, 37.22038 ], [ -117.26605, 37.04491 ], [ -117.24492, 37.03024 ], [ -116.88067, 36.75692 ], [ -116.48823, 36.4591 ], [ -116.38035, 36.37496 ], [ -116.25082, 36.27694 ], [ -116.00065, 36.08386 ], [ -115.69573, 35.84648 ], [ -115.41809, 35.62839 ], [ -115.1649, 35.42787 ], [ -115.10096, 35.37568 ], [ -114.99467, 35.29251 ], [ -114.7656, 35.10934 ], [ -114.63349, 35.00186 ], [ -114.63819, 35.02207 ], [ -114.62712, 35.04472 ], [ -114.60471, 35.06174 ], [ -114.60418, 35.07372 ], [ -114.64283, 35.0965 ], [ -114.63228, 35.11709 ], [ -114.57826, 35.12881 ], [ -114.56953, 35.16232 ], [ -114.57208, 35.20079 ], [ -114.57953, 35.20891 ], [ -114.58577, 35.25774 ], [ -114.59727, 35.29957 ], [ -114.59516, 35.32188 ], [ -114.60617, 35.35965 ], [ -114.62732, 35.41019 ], [ -114.65073, 35.42888 ], [ -114.66354, 35.4478 ], [ -114.67889, 35.50128 ], [ -114.65677, 35.53496 ], [ -114.66281, 35.56427 ], [ -114.67488, 35.57838 ], [ -114.65924, 35.58748 ], [ -114.65393, 35.61174 ], [ -114.689, 35.65028 ], [ -114.68266, 35.68857 ], [ -114.70545, 35.71176 ], [ -114.69427, 35.75663 ], [ -114.69932, 35.79048 ], [ -114.71203, 35.80553 ], [ -114.69576, 35.83339 ], [ -114.70608, 35.84587 ], [ -114.66321, 35.87369 ], [ -114.70811, 35.90993 ], [ -114.7076, 35.92795 ], [ -114.74054, 35.97555 ], [ -114.74087, 36.01293 ], [ -114.7221, 36.02895 ], [ -114.74126, 36.03804 ], [ -114.73508, 36.05444 ], [ -114.75451, 36.08617 ], [ -114.73409, 36.10467 ], [ -114.68185, 36.10919 ], [ -114.66434, 36.1163 ], [ -114.63047, 36.14222 ], [ -114.61545, 36.12965 ], [ -114.57109, 36.1511 ], [ -114.5081, 36.14971 ], [ -114.50471, 36.12719 ], [ -114.45649, 36.13803 ], [ -114.44374, 36.12559 ], [ -114.41249, 36.14651 ], [ -114.37018, 36.14262 ], [ -114.35897, 36.1278 ], [ -114.3288, 36.1059 ], [ -114.30417, 36.07558 ], [ -114.31443, 36.06052 ], [ -114.27086, 36.04552 ], [ -114.26438, 36.02791 ], [ -114.24386, 36.01527 ], [ -114.21193, 36.01483 ], [ -114.17468, 36.02667 ], [ -114.1534, 36.02317 ], [ -114.13484, 36.04387 ], [ -114.13621, 36.05323 ], [ -114.1123, 36.09405 ], [ -114.12178, 36.1057 ], [ -114.09699, 36.12082 ], [ -114.0668, 36.17909 ], [ -114.04394, 36.19335 ], [ -114.04556, 36.28884 ], [ -114.04313, 36.38048 ], [ -114.04482, 36.49134 ], [ -114.04993, 36.70952 ], [ -114.05005, 37.00019 ], [ -114.05232, 37.09847 ], [ -114.05161, 37.18415 ], [ -114.05281, 37.59391 ], [ -114.05165, 37.7515 ], [ -114.04961, 37.82354 ], [ -114.0505, 37.95334 ], [ -114.04932, 38.26606 ], [ -114.0503, 38.42431 ], [ -114.04755, 39.62494 ], [ -114.0461, 40.40185 ], [ -114.04287, 40.79507 ], [ -114.04123, 41.15368 ], [ -114.03946, 41.71918 ], [ -114.04018, 41.94881 ], [ -114.04148, 41.99387 ] ] ] } },
{ "type": "Feature", "properties": { "fid": 30, "ZoneCode": "330001", "AbrvFull": "NH", "NameFull": "New Hampshire", "ZoneNum": 1, "AbrvPart": null, "NamePart": null, "ZoneType": "Statewide", "StateAbrv": "NH", "StateName": "New Hampshire", "ProjAbrv": "TM", "ProjType": "Transverse Mercator", "LatOrigin": "42°00'N", "LonOriginE": "288°24'E", "LonOriginW": "71°36'W", "Lat0_deg": 42.0, "Lon0_E_deg": 288.4, "Lon0_W_deg": -71.6, "ProjScale": 1.0, "SkewAz_deg": -9999, "FalseN_m": 0.0, "FalseE_m": 495300.0, "FalseN_ift": 0.0, "FalseE_ift": 1625000.0, "DesignBy": "NGS", "Ref_frame": "NATRF2022" }, "geometry": { "type": "Polygon", "coordinates": [ [ [ -70.57509, 42.91713 ], [ -70.58185, 42.93832 ], [ -70.61115, 42.97899 ], [ -70.63375, 42.98776 ], [ -70.7012, 43.04524 ], [ -70.70631, 43.07534 ], [ -70.73797, 43.07373 ], [ -70.82458, 43.12507 ], [ -70.83361, 43.14611 ], [ -70.82806, 43.18653 ], [ -70.82036, 43.19175 ], [ -70.80961, 43.22551 ], [ -70.81783, 43.23816 ], [ -70.83872, 43.24312 ], [ -70.84283, 43.25423 ], [ -70.89707, 43.28566 ], [ -70.89631, 43.29844 ], [ -70.91261, 43.30758 ], [ -70.93283, 43.33722 ], [ -70.95692, 43.33474 ], [ -70.97346, 43.34989 ], [ -70.98535, 43.37887 ], [ -70.98668, 43.40649 ], [ -70.96159, 43.44327 ], [ -70.96753, 43.48095 ], [ -70.95394, 43.52227 ], [ -70.95773, 43.56164 ], [ -70.97274, 43.57031 ], [ -70.98522, 43.7559 ], [ -70.98904, 43.79014 ], [ -70.99478, 43.96035 ], [ -71.00996, 44.28469 ], [ -71.02616, 44.54927 ], [ -71.03352, 44.69764 ], [ -71.04312, 44.82689 ], [ -71.05825, 44.99052 ], [ -71.07717, 45.25005 ], [ -71.08393, 45.30548 ], [ -71.10528, 45.29488 ], [ -71.11954, 45.26162 ], [ -71.13291, 45.24451 ], [ -71.16233, 45.25035 ], [ -71.1801, 45.23994 ], [ -71.19619, 45.25398 ], [ -71.22826, 45.24938 ], [ -71.2623, 45.276 ], [ -71.26618, 45.29144 ], [ -71.28422, 45.30236 ], [ -71.33641, 45.27274 ], [ -71.36321, 45.26674 ], [ -71.35654, 45.2539 ], [ -71.38414, 45.23351 ], [ -71.40214, 45.2426 ], [ -71.42105, 45.2322 ], [ -71.43957, 45.23439 ], [ -71.39746, 45.20314 ], [ -71.43761, 45.14151 ], [ -71.4261, 45.12947 ], [ -71.44929, 45.10447 ], [ -71.49567, 45.06475 ], [ -71.50312, 45.0452 ], [ -71.49096, 45.04317 ], [ -71.50108, 45.01344 ], [ -71.49997, 45.01333 ], [ -71.46505, 45.01364 ], [ -71.48828, 45.00074 ], [ -71.50467, 45.00832 ], [ -71.5305, 44.99927 ], [ -71.54132, 44.9853 ], [ -71.515, 44.9586 ], [ -71.51973, 44.93675 ], [ -71.49842, 44.91095 ], [ -71.51079, 44.8902 ], [ -71.55549, 44.84954 ], [ -71.55111, 44.83697 ], [ -71.57678, 44.81323 ], [ -71.56838, 44.80704 ], [ -71.57864, 44.78544 ], [ -71.61772, 44.75583 ], [ -71.62992, 44.75358 ], [ -71.62609, 44.72854 ], [ -71.6172, 44.72877 ], [ -71.59457, 44.69703 ], [ -71.59677, 44.67879 ], [ -71.5816, 44.67238 ], [ -71.57991, 44.65225 ], [ -71.56281, 44.65236 ], [ -71.55519, 44.62514 ], [ -71.55501, 44.59323 ], [ -71.53791, 44.59387 ], [ -71.54773, 44.57138 ], [ -71.56823, 44.56276 ], [ -71.59117, 44.56535 ], [ -71.59752, 44.55406 ], [ -71.57226, 44.53869 ], [ -71.59404, 44.52186 ], [ -71.57974, 44.5015 ], [ -71.62456, 44.47518 ], [ -71.64632, 44.47388 ], [ -71.65891, 44.44263 ], [ -71.71428, 44.40955 ], [ -71.74172, 44.40202 ], [ -71.76738, 44.40573 ], [ -71.79367, 44.39946 ], [ -71.81443, 44.38192 ], [ -71.81299, 44.35572 ], [ -71.87305, 44.33676 ], [ -71.90536, 44.34822 ], [ -71.92937, 44.33748 ], [ -71.98142, 44.33737 ], [ -71.98887, 44.32974 ], [ -72.029, 44.32238 ], [ -72.03288, 44.30217 ], [ -72.05864, 44.2865 ], [ -72.06822, 44.27246 ], [ -72.04795, 44.23785 ], [ -72.06585, 44.18933 ], [ -72.03892, 44.15633 ], [ -72.03709, 44.12505 ], [ -72.05314, 44.11951 ], [ -72.05271, 44.10145 ], [ -72.03065, 44.09877 ], [ -72.04438, 44.086 ], [ -72.03163, 44.07916 ], [ -72.04824, 44.07036 ], [ -72.07936, 44.04139 ], [ -72.07481, 44.03241 ], [ -72.10528, 44.01306 ], [ -72.11668, 43.99476 ], [ -72.11438, 43.96805 ], [ -72.09221, 43.96706 ], [ -72.11928, 43.94375 ], [ -72.12211, 43.91807 ], [ -72.15013, 43.90241 ], [ -72.18442, 43.86447 ], [ -72.18338, 43.81013 ], [ -72.20554, 43.78458 ], [ -72.20523, 43.77093 ], [ -72.23532, 43.74535 ], [ -72.2711, 43.73392 ], [ -72.30513, 43.69532 ], [ -72.30344, 43.66798 ], [ -72.31595, 43.64073 ], [ -72.32875, 43.6359 ], [ -72.33515, 43.61616 ], [ -72.32848, 43.60091 ], [ -72.3738, 43.57912 ], [ -72.38299, 43.56342 ], [ -72.38048, 43.54119 ], [ -72.39887, 43.51265 ], [ -72.38015, 43.49223 ], [ -72.39257, 43.46688 ], [ -72.40351, 43.39158 ], [ -72.41527, 43.36593 ], [ -72.38982, 43.35602 ], [ -72.41056, 43.33112 ], [ -72.39531, 43.3127 ], [ -72.42193, 43.26315 ], [ -72.43714, 43.25606 ], [ -72.43416, 43.23191 ], [ -72.43885, 43.20119 ], [ -72.45051, 43.19261 ], [ -72.45306, 43.13941 ], [ -72.4408, 43.13663 ], [ -72.43348, 43.11059 ], [ -72.44297, 43.10044 ], [ -72.43452, 43.08662 ], [ -72.46744, 43.05373 ], [ -72.46262, 43.02579 ], [ -72.44367, 43.00992 ], [ -72.45931, 43.00057 ], [ -72.47308, 42.97253 ], [ -72.51836, 42.96314 ], [ -72.53202, 42.95494 ], [ -72.52461, 42.91487 ], [ -72.53134, 42.89819 ], [ -72.55262, 42.88504 ], [ -72.55694, 42.85237 ], [ -72.54708, 42.83854 ], [ -72.54151, 42.80709 ], [ -72.50866, 42.77643 ], [ -72.51342, 42.7642 ], [ -72.49055, 42.77275 ], [ -72.45841, 42.72693 ], [ -72.2838, 42.72163 ], [ -71.6965, 42.70572 ], [ -71.29464, 42.69704 ], [ -71.26787, 42.72603 ], [ -71.24543, 42.74255 ], [ -71.22383, 42.74648 ], [ -71.18179, 42.73734 ], [ -71.18614, 42.79094 ], [ -71.16665, 42.80888 ], [ -71.1328, 42.82148 ], [ -71.06442, 42.80628 ], [ -71.04492, 42.84867 ], [ -71.0312, 42.85909 ], [ -70.96702, 42.8688 ], [ -70.92959, 42.88503 ], [ -70.8856, 42.88283 ], [ -70.84772, 42.86087 ], [ -70.82024, 42.87179 ], [ -70.735, 42.87469 ], [ -70.72872, 42.88872 ], [ -70.72602, 42.92852 ], [ -70.69439, 42.95675 ], [ -70.67286, 42.93042 ], [ -70.6504, 42.92061 ], [ -70.60572, 42.91233 ], [ -70.57509, 42.91713 ] ] ] } },
{ "type": "Feature", "properties": { "fid": 31, "ZoneCode": "340001", "AbrvFull": "NJ", "NameFull": "New Jersey", "ZoneNum": 1, "AbrvPart": null, "NamePart": null, "ZoneType": "Statewide", "StateAbrv": "NJ", "StateName": "New Jersey", "ProjAbrv": "OMC", "ProjType": "Hotine Oblique Mercator, center", "LatOrigin": "40°18'N", "LonOriginE": "285°30'E", "LonOriginW": "74°30'W", "Lat0_deg": 40.3, "Lon0_E_deg": 285.5, "Lon0_W_deg": -74.5, "ProjScale": 0.99999, "SkewAz_deg": 20, "FalseN_m": 304800.0, "FalseE_m": 533400.0, "FalseN_ift": 1000000.0, "FalseE_ift": 1750000.0, "DesignBy": "NGS", "Ref_frame": "NATRF2022" }, "geometry": { "type": "Polygon", "coordinates": [ [ [ -75.01512, 38.78866 ], [ -74.91097, 38.87511 ], [ -74.87216, 38.88779 ], [ -74.8408, 38.8901 ], [ -74.81505, 38.90182 ], [ -74.77394, 38.94279 ], [ -74.74961, 38.95406 ], [ -74.7284, 38.97425 ], [ -74.71557, 39.00922 ], [ -74.68219, 39.04982 ], [ -74.66161, 39.06128 ], [ -74.64217, 39.08457 ], [ -74.64428, 39.11482 ], [ -74.6246, 39.14313 ], [ -74.6036, 39.16295 ], [ -74.55561, 39.21976 ], [ -74.52396, 39.24026 ], [ -74.50847, 39.26097 ], [ -74.46161, 39.30102 ], [ -74.3922, 39.31229 ], [ -74.36251, 39.32578 ], [ -74.35005, 39.34577 ], [ -74.32541, 39.36234 ], [ -74.26592, 39.42242 ], [ -74.24958, 39.4526 ], [ -74.18319, 39.53299 ], [ -74.12458, 39.61514 ], [ -74.09653, 39.64995 ], [ -74.03816, 39.75012 ], [ -74.02766, 39.8065 ], [ -74.0199, 39.87512 ], [ -73.99958, 39.9768 ], [ -73.98603, 40.02113 ], [ -73.96626, 40.1086 ], [ -73.89821, 40.27435 ], [ -73.88708, 40.34501 ], [ -73.88506, 40.45278 ], [ -73.88964, 40.48651 ], [ -73.97787, 40.5191 ], [ -74.22533, 40.47658 ], [ -74.25304, 40.48666 ], [ -74.25813, 40.50872 ], [ -74.24602, 40.52096 ], [ -74.25028, 40.5423 ], [ -74.23141, 40.55918 ], [ -74.21457, 40.56053 ], [ -74.2024, 40.63159 ], [ -74.18165, 40.64653 ], [ -74.12602, 40.64215 ], [ -74.08699, 40.65151 ], [ -74.05575, 40.65148 ], [ -74.02639, 40.7001 ], [ -74.01403, 40.75755 ], [ -73.96358, 40.82664 ], [ -73.92982, 40.88868 ], [ -73.89614, 40.98187 ], [ -73.90271, 40.99733 ], [ -74.16814, 41.11531 ], [ -74.33067, 41.18546 ], [ -74.45786, 41.24843 ], [ -74.69558, 41.35761 ], [ -74.72595, 41.34619 ], [ -74.7524, 41.34654 ], [ -74.77266, 41.32478 ], [ -74.79158, 41.32302 ], [ -74.79192, 41.31121 ], [ -74.83779, 41.27801 ], [ -74.86744, 41.22742 ], [ -74.85947, 41.21877 ], [ -74.88233, 41.18082 ], [ -74.92447, 41.13753 ], [ -74.96323, 41.11468 ], [ -74.97998, 41.11051 ], [ -74.99201, 41.0904 ], [ -74.96746, 41.09533 ], [ -74.96912, 41.0868 ], [ -75.01347, 41.06594 ], [ -75.02685, 41.03973 ], [ -75.08449, 41.01592 ], [ -75.13057, 40.99109 ], [ -75.13552, 40.97687 ], [ -75.09553, 40.92415 ], [ -75.07929, 40.91388 ], [ -75.07598, 40.89569 ], [ -75.05366, 40.87366 ], [ -75.06433, 40.84834 ], [ -75.09096, 40.84919 ], [ -75.09757, 40.84097 ], [ -75.08393, 40.82447 ], [ -75.1085, 40.79109 ], [ -75.13911, 40.77361 ], [ -75.17159, 40.77775 ], [ -75.19653, 40.75163 ], [ -75.1828, 40.73365 ], [ -75.20392, 40.6915 ], [ -75.1773, 40.6774 ], [ -75.20045, 40.64922 ], [ -75.18859, 40.62364 ], [ -75.20135, 40.61463 ], [ -75.18969, 40.58767 ], [ -75.1955, 40.57863 ], [ -75.17288, 40.56442 ], [ -75.13499, 40.57566 ], [ -75.09983, 40.5674 ], [ -75.06858, 40.54219 ], [ -75.06276, 40.48003 ], [ -75.07061, 40.4562 ], [ -75.06092, 40.42174 ], [ -75.03178, 40.40481 ], [ -74.99586, 40.41038 ], [ -74.9675, 40.39881 ], [ -74.93971, 40.33801 ], [ -74.86821, 40.29521 ], [ -74.84231, 40.25051 ], [ -74.7714, 40.21514 ], [ -74.7556, 40.18671 ], [ -74.72232, 40.16073 ], [ -74.72437, 40.14641 ], [ -74.74118, 40.13517 ], [ -74.78155, 40.12145 ], [ -74.81548, 40.12769 ], [ -74.83587, 40.10347 ], [ -74.85972, 40.08531 ], [ -74.90732, 40.0708 ], [ -74.93504, 40.06784 ], [ -74.96689, 40.05272 ], [ -75.01324, 40.0203 ], [ -75.04709, 40.00994 ], [ -75.0756, 39.97804 ], [ -75.11949, 39.96537 ], [ -75.13524, 39.95068 ], [ -75.12825, 39.91316 ], [ -75.1373, 39.88997 ], [ -75.15065, 39.8835 ], [ -75.19274, 39.87901 ], [ -75.22137, 39.86154 ], [ -75.2722, 39.84908 ], [ -75.33043, 39.84901 ], [ -75.3544, 39.83992 ], [ -75.41506, 39.80192 ], [ -75.40541, 39.7964 ], [ -75.4383, 39.7844 ], [ -75.45944, 39.76581 ], [ -75.47569, 39.73366 ], [ -75.47652, 39.7161 ], [ -75.48838, 39.71471 ], [ -75.50987, 39.69392 ], [ -75.51219, 39.67177 ], [ -75.53352, 39.64756 ], [ -75.55877, 39.62999 ], [ -75.5534, 39.60177 ], [ -75.51277, 39.57829 ], [ -75.51196, 39.56729 ], [ -75.53341, 39.54204 ], [ -75.52667, 39.53022 ], [ -75.52786, 39.49814 ], [ -75.55909, 39.49581 ], [ -75.56054, 39.45565 ], [ -75.44475, 39.35509 ], [ -75.32102, 39.25138 ], [ -75.24902, 39.15895 ], [ -75.19167, 39.079 ], [ -75.16846, 39.05618 ], [ -75.01512, 38.78866 ] ], [ [ -74.04718, 40.69041 ], [ -74.04388, 40.69019 ], [ -74.04479, 40.68859 ], [ -74.04718, 40.69041 ] ], [ [ -74.04023, 40.69883 ], [ -74.04075, 40.70017 ], [ -74.03837, 40.69869 ], [ -74.04023, 40.69883 ] ] ] } },
{ "type": "Feature", "properties": { "fid": 32, "ZoneCode": "350001", "AbrvFull": "NM", "NameFull": "New Mexico", "ZoneNum": 1, "AbrvPart": null, "NamePart": null, "ZoneType": "Statewide", "StateAbrv": "NM", "StateName": "New Mexico", "ProjAbrv": "TM", "ProjType": "Transverse Mercator", "LatOrigin": "29°00'N", "LonOriginE": "254°00'E", "LonOriginW": "106°00'W", "Lat0_deg": 29.0, "Lon0_E_deg": 254.0, "Lon0_W_deg": -106.0, "ProjScale": 0.9998, "SkewAz_deg": -9999, "FalseN_m": 0.0, "FalseE_m": 1219200.0, "FalseN_ift": 0.0, "FalseE_ift": 4000000.0, "DesignBy": "NGS", "Ref_frame": "NATRF2022" }, "geometry": { "type": "Polygon", "coordinates": [ [ [ -106.52805, 31.78389 ], [ -106.54714, 31.8073 ], [ -106.57724, 31.81041 ], [ -106.6053, 31.82772 ], [ -106.60169, 31.84437 ], [ -106.61479, 31.84641 ], [ -106.63592, 31.86623 ], [ -106.63069, 31.88641 ], [ -106.64006, 31.90527 ], [ -106.61286, 31.92037 ], [ -106.62974, 31.92657 ], [ -106.62212, 31.93662 ], [ -106.61957, 31.97158 ], [ -106.63954, 31.98034 ], [ -106.61849, 32.0005 ], [ -106.0829, 32.00265 ], [ -105.24519, 32.00021 ], [ -104.84774, 32.00042 ], [ -104.77211, 31.99749 ], [ -104.75456, 32.00053 ], [ -104.10098, 31.99997 ], [ -103.06451, 32.00042 ], [ -103.06462, 32.9999 ], [ -103.04365, 34.00364 ], [ -103.04387, 34.22127 ], [ -103.04269, 34.91396 ], [ -103.04252, 35.21433 ], [ -103.04086, 35.95727 ], [ -103.04171, 36.50044 ], [ -103.00236, 36.50055 ], [ -103.00233, 37.00015 ], [ -103.62551, 36.99863 ], [ -104.25054, 36.99464 ], [ -104.33883, 36.99354 ], [ -104.61482, 36.99413 ], [ -104.645, 36.99338 ], [ -105.00055, 36.99326 ], [ -105.1208, 36.99543 ], [ -105.22051, 36.99497 ], [ -105.70785, 36.99592 ], [ -106.86982, 36.9925 ], [ -106.87723, 37.0001 ], [ -107.39486, 37.00023 ], [ -107.87814, 36.99971 ], [ -108.28827, 36.99974 ], [ -108.73904, 36.99884 ], [ -109.04517, 36.99898 ], [ -109.0462, 36.07334 ], [ -109.04628, 35.61419 ], [ -109.04695, 35.3934 ], [ -109.04615, 35.27741 ], [ -109.04596, 34.68244 ], [ -109.04701, 34.00005 ], [ -109.04692, 33.43083 ], [ -109.04767, 33.19546 ], [ -109.04751, 32.82109 ], [ -109.04799, 32.34144 ], [ -109.04998, 31.58617 ], [ -109.05003, 31.33235 ], [ -108.7565, 31.33216 ], [ -108.69163, 31.33334 ], [ -108.20847, 31.33337 ], [ -108.20848, 31.7837 ], [ -107.16207, 31.78364 ], [ -106.52805, 31.78389 ] ] ] } },
{ "type": "Feature", "properties": { "fid": 33, "ZoneCode": "360001", "AbrvFull": "NY", "NameFull": "New York", "ZoneNum": 1, "AbrvPart": null, "NamePart": null, "ZoneType": "Statewide", "StateAbrv": "NY", "StateName": "New York", "ProjAbrv": "LC1", "ProjType": "Lambert Conformal Conic, one parallel", "LatOrigin": "42°45'N", "LonOriginE": "284°15'E", "LonOriginW": "75°45'W", "Lat0_deg": 42.75, "Lon0_E_deg": 284.25, "Lon0_W_deg": -75.75, "ProjScale": 0.99965, "SkewAz_deg": -9999, "FalseN_m": 419100.0, "FalseE_m": 1028700.0, "FalseN_ift": 1375000.0, "FalseE_ift": 3375000.0, "DesignBy": "NGS", "Ref_frame": "NATRF2022" }, "geometry": { "type": "MultiPolygon", "coordinates": [ [ [ [ -74.04718, 40.69041 ], [ -74.04479, 40.68859 ], [ -74.04388, 40.69019 ], [ -74.04718, 40.69041 ] ] ], [ [ [ -74.04023, 40.69883 ], [ -74.03837, 40.69869 ], [ -74.04075, 40.70017 ], [ -74.04023, 40.69883 ] ] ], [ [ [ -73.34318, 45.01071 ], [ -73.49206, 45.00785 ], [ -73.65025, 45.003 ], [ -73.78363, 45.00295 ], [ -73.88277, 45.00099 ], [ -74.15013, 44.99136 ], [ -74.33655, 44.99202 ], [ -74.43957, 44.99648 ], [ -74.68397, 44.99969 ], [ -74.70202, 45.00332 ], [ -74.7313, 44.99042 ], [ -74.76022, 44.99495 ], [ -74.76341, 45.00561 ], [ -74.79315, 45.00465 ], [ -74.80164, 45.01457 ], [ -74.83467, 45.0147 ], [ -74.86664, 45.00054 ], [ -74.88784, 45.00005 ], [ -74.90795, 44.98337 ], [ -74.97249, 44.98341 ], [ -74.99273, 44.97747 ], [ -75.00515, 44.95841 ], [ -75.06483, 44.92945 ], [ -75.09666, 44.92707 ], [ -75.13442, 44.9151 ], [ -75.13987, 44.89668 ], [ -75.16512, 44.89332 ], [ -75.20301, 44.87755 ], [ -75.21858, 44.87757 ], [ -75.30762, 44.83681 ], [ -75.30198, 44.82664 ], [ -75.33374, 44.80638 ], [ -75.34454, 44.80914 ], [ -75.36995, 44.78288 ], [ -75.41379, 44.77253 ], [ -75.42394, 44.75633 ], [ -75.47764, 44.72022 ], [ -75.5059, 44.70508 ], [ -75.61836, 44.61964 ], [ -75.66237, 44.59193 ], [ -75.76623, 44.51585 ], [ -75.80776, 44.47164 ], [ -75.82082, 44.43224 ], [ -75.91298, 44.36808 ], [ -75.97018, 44.34283 ], [ -76.001, 44.34753 ], [ -76.04522, 44.33172 ], [ -76.09735, 44.29954 ], [ -76.13088, 44.29664 ], [ -76.16182, 44.28078 ], [ -76.16426, 44.2396 ], [ -76.19132, 44.22124 ], [ -76.24549, 44.20366 ], [ -76.31264, 44.19905 ], [ -76.35268, 44.13474 ], [ -76.43829, 44.09417 ], [ -76.49967, 43.99954 ], [ -76.62468, 43.84557 ], [ -76.75354, 43.68428 ], [ -76.77623, 43.62953 ], [ -76.99973, 43.6292 ], [ -77.12471, 43.63112 ], [ -77.49972, 43.63208 ], [ -77.6963, 43.63126 ], [ -78.12474, 43.63118 ], [ -78.37475, 43.63209 ], [ -78.37475, 43.63318 ], [ -78.68829, 43.63474 ], [ -78.74976, 43.60926 ], [ -79.12477, 43.47846 ], [ -79.20094, 43.45042 ], [ -79.07045, 43.26246 ], [ -79.05606, 43.25416 ], [ -79.04866, 43.19966 ], [ -79.05292, 43.17346 ], [ -79.04236, 43.14365 ], [ -79.06956, 43.12026 ], [ -79.05796, 43.10696 ], [ -79.07446, 43.07786 ], [ -79.00713, 43.06576 ], [ -78.99943, 43.05606 ], [ -79.02326, 43.01636 ], [ -79.01156, 42.98526 ], [ -78.96176, 42.95776 ], [ -78.93236, 42.95586 ], [ -78.90566, 42.92336 ], [ -78.90576, 42.89996 ], [ -78.93056, 42.85011 ], [ -78.99976, 42.80437 ], [ -79.47694, 42.62506 ], [ -79.76242, 42.51607 ], [ -79.76195, 41.99884 ], [ -79.51099, 41.99836 ], [ -79.05247, 41.99939 ], [ -78.85736, 41.99771 ], [ -78.62288, 41.99998 ], [ -78.2729, 41.99911 ], [ -78.12213, 42.00036 ], [ -77.8298, 41.99829 ], [ -77.51196, 42.00008 ], [ -77.10325, 41.99983 ], [ -76.88876, 42.00188 ], [ -76.74967, 42.00169 ], [ -76.44289, 41.99876 ], [ -76.3041, 41.99832 ], [ -75.98308, 41.99904 ], [ -75.76468, 41.99786 ], [ -75.35964, 41.99955 ], [ -75.34108, 41.99286 ], [ -75.34159, 41.97222 ], [ -75.31753, 41.95358 ], [ -75.29256, 41.95387 ], [ -75.27871, 41.93852 ], [ -75.26773, 41.90787 ], [ -75.27136, 41.88751 ], [ -75.25746, 41.87684 ], [ -75.25758, 41.86196 ], [ -75.24115, 41.86725 ], [ -75.22317, 41.85792 ], [ -75.19917, 41.86916 ], [ -75.18536, 41.86006 ], [ -75.17632, 41.87242 ], [ -75.15765, 41.84869 ], [ -75.13988, 41.85206 ], [ -75.11333, 41.84167 ], [ -75.11268, 41.8224 ], [ -75.08988, 41.8117 ], [ -75.07225, 41.81413 ], [ -75.07907, 41.79704 ], [ -75.10221, 41.78643 ], [ -75.1002, 41.76901 ], [ -75.07577, 41.77167 ], [ -75.0532, 41.75243 ], [ -75.04985, 41.71307 ], [ -75.06892, 41.70979 ], [ -75.05263, 41.68811 ], [ -75.05957, 41.67274 ], [ -75.05021, 41.66253 ], [ -75.04427, 41.61764 ], [ -75.07435, 41.60591 ], [ -75.02843, 41.5646 ], [ -75.01647, 41.54335 ], [ -75.0247, 41.54013 ], [ -75.00321, 41.52348 ], [ -75.00368, 41.50851 ], [ -74.98749, 41.50882 ], [ -74.9818, 41.47995 ], [ -74.95823, 41.47658 ], [ -74.94341, 41.48368 ], [ -74.90954, 41.47324 ], [ -74.89031, 41.45581 ], [ -74.89643, 41.44091 ], [ -74.86314, 41.44439 ], [ -74.83586, 41.4311 ], [ -74.81249, 41.4428 ], [ -74.79423, 41.42285 ], [ -74.76156, 41.42318 ], [ -74.74146, 41.43115 ], [ -74.73601, 41.39833 ], [ -74.71948, 41.39453 ], [ -74.6941, 41.37011 ], [ -74.69558, 41.35761 ], [ -74.45786, 41.24843 ], [ -74.33067, 41.18546 ], [ -74.16814, 41.11531 ], [ -73.90271, 40.99733 ], [ -73.89614, 40.98187 ], [ -73.92982, 40.88868 ], [ -73.96358, 40.82664 ], [ -74.01403, 40.75755 ], [ -74.02639, 40.7001 ], [ -74.05575, 40.65148 ], [ -74.08699, 40.65151 ], [ -74.12602, 40.64215 ], [ -74.18165, 40.64653 ], [ -74.2024, 40.63159 ], [ -74.21457, 40.56053 ], [ -74.23141, 40.55918 ], [ -74.25028, 40.5423 ], [ -74.24602, 40.52096 ], [ -74.25813, 40.50872 ], [ -74.25304, 40.48666 ], [ -74.22533, 40.47658 ], [ -73.97787, 40.5191 ], [ -73.88964, 40.48651 ], [ -73.87678, 40.50113 ], [ -73.82616, 40.52287 ], [ -73.76878, 40.53375 ], [ -73.62457, 40.53451 ], [ -73.55267, 40.52891 ], [ -73.4865, 40.52051 ], [ -73.40638, 40.53731 ], [ -73.32627, 40.55692 ], [ -73.27402, 40.55131 ], [ -73.24956, 40.56257 ], [ -73.12456, 40.59837 ], [ -73.014, 40.6251 ], [ -72.87454, 40.67502 ], [ -72.82861, 40.6869 ], [ -72.74954, 40.71341 ], [ -72.62454, 40.74557 ], [ -72.37453, 40.8186 ], [ -72.24952, 40.86677 ], [ -71.99952, 40.95602 ], [ -71.93275, 40.98195 ], [ -71.88477, 40.99227 ], [ -71.83709, 41.01089 ], [ -71.79414, 41.03698 ], [ -71.77749, 41.06729 ], [ -71.78187, 41.0962 ], [ -71.79063, 41.10184 ], [ -71.79097, 41.1841 ], [ -71.90726, 41.30448 ], [ -71.92945, 41.31039 ], [ -72.01921, 41.29059 ], [ -72.08177, 41.26224 ], [ -72.5279, 41.17777 ], [ -72.99955, 41.08711 ], [ -73.24956, 41.02587 ], [ -73.37456, 41.00106 ], [ -73.61288, 40.95094 ], [ -73.65677, 40.98451 ], [ -73.65524, 41.01185 ], [ -73.72777, 41.1007 ], [ -73.48269, 41.21277 ], [ -73.55096, 41.29542 ], [ -73.53633, 41.44663 ], [ -73.52104, 41.61977 ], [ -73.51096, 41.75875 ], [ -73.48961, 42.00009 ], [ -73.48732, 42.04953 ], [ -73.49702, 42.04962 ], [ -73.50821, 42.08613 ], [ -73.3836, 42.42566 ], [ -73.26483, 42.74585 ], [ -73.27642, 42.74602 ], [ -73.29094, 42.80192 ], [ -73.27867, 42.83341 ], [ -73.27417, 42.94903 ], [ -73.25647, 43.26009 ], [ -73.24684, 43.51725 ], [ -73.24149, 43.53262 ], [ -73.24864, 43.55386 ], [ -73.2813, 43.57758 ], [ -73.29726, 43.57969 ], [ -73.29102, 43.59924 ], [ -73.30255, 43.62571 ], [ -73.37189, 43.62449 ], [ -73.37237, 43.60601 ], [ -73.3869, 43.59077 ], [ -73.38434, 43.5754 ], [ -73.39813, 43.56807 ], [ -73.42864, 43.58399 ], [ -73.41832, 43.62333 ], [ -73.42791, 43.63443 ], [ -73.40806, 43.66944 ], [ -73.4029, 43.6925 ], [ -73.37061, 43.72533 ], [ -73.36994, 43.74386 ], [ -73.35126, 43.76982 ], [ -73.35752, 43.78556 ], [ -73.39101, 43.81841 ], [ -73.37259, 43.84535 ], [ -73.38219, 43.85702 ], [ -73.3741, 43.8753 ], [ -73.39618, 43.90326 ], [ -73.40886, 43.93451 ], [ -73.40707, 43.96817 ], [ -73.41251, 43.98222 ], [ -73.40601, 44.01142 ], [ -73.41038, 44.0265 ], [ -73.4379, 44.04513 ], [ -73.42921, 44.07983 ], [ -73.41122, 44.11377 ], [ -73.41614, 44.13236 ], [ -73.40304, 44.14498 ], [ -73.39062, 44.19107 ], [ -73.36339, 44.20774 ], [ -73.34338, 44.23819 ], [ -73.3196, 44.24991 ], [ -73.31091, 44.2743 ], [ -73.32419, 44.31003 ], [ -73.32402, 44.33384 ], [ -73.33361, 44.3723 ], [ -73.31504, 44.38853 ], [ -73.29605, 44.42833 ], [ -73.2999, 44.47665 ], [ -73.30671, 44.50034 ], [ -73.32085, 44.51363 ], [ -73.34293, 44.55191 ], [ -73.35679, 44.55792 ], [ -73.38185, 44.58932 ], [ -73.37685, 44.5996 ], [ -73.38982, 44.61721 ], [ -73.38397, 44.64761 ], [ -73.37059, 44.66252 ], [ -73.36379, 44.74525 ], [ -73.33315, 44.78959 ], [ -73.33504, 44.80411 ], [ -73.37945, 44.83801 ], [ -73.37982, 44.85704 ], [ -73.3691, 44.86668 ], [ -73.35622, 44.90449 ], [ -73.33862, 44.91937 ], [ -73.33824, 44.96475 ], [ -73.35463, 44.98735 ], [ -73.34318, 45.01071 ] ] ] ] } },
{ "type": "Feature", "properties": { "fid": 34, "ZoneCode": "370001", "AbrvFull": "NC", "NameFull": "North Carolina", "ZoneNum": 1, "AbrvPart": null, "NamePart": null, "ZoneType": "Statewide", "StateAbrv": "NC", "StateName": "North Carolina", "ProjAbrv": "LC1", "ProjType": "Lambert Conformal Conic, one parallel", "LatOrigin": "35°15'N", "LonOriginE": "281°00'E", "LonOriginW": "79°00'W", "Lat0_deg": 35.25, "Lon0_E_deg": 281.0, "Lon0_W_deg": -79.0, "ProjScale": 0.99996, "SkewAz_deg": -9999, "FalseN_m": 200000.0, "FalseE_m": 1000000.0, "FalseN_ift": 656167.97900299996, "FalseE_ift": 3280839.8950100001, "DesignBy": "NGS", "Ref_frame": "NATRF2022" }, "geometry": { "type": "Polygon", "coordinates": [ [ [ -75.7975, 36.55092 ], [ -76.27245, 36.55052 ], [ -76.74895, 36.55075 ], [ -76.9159, 36.55215 ], [ -76.91598, 36.54388 ], [ -77.3127, 36.5449 ], [ -77.74985, 36.54545 ], [ -78.04537, 36.54355 ], [ -78.24972, 36.54449 ], [ -78.46473, 36.54245 ], [ -78.5109, 36.54105 ], [ -78.67185, 36.54217 ], [ -78.93354, 36.54219 ], [ -79.54339, 36.54086 ], [ -79.86816, 36.54263 ], [ -80.12217, 36.54265 ], [ -80.29478, 36.54405 ], [ -80.56338, 36.55636 ], [ -80.72995, 36.56235 ], [ -80.83754, 36.55917 ], [ -81.30744, 36.57496 ], [ -81.36214, 36.57449 ], [ -81.52146, 36.58059 ], [ -81.60045, 36.58695 ], [ -81.67749, 36.58814 ], [ -81.67731, 36.5705 ], [ -81.69013, 36.56872 ], [ -81.69979, 36.53673 ], [ -81.70788, 36.53601 ], [ -81.69713, 36.50604 ], [ -81.69461, 36.47337 ], [ -81.71543, 36.45764 ], [ -81.72088, 36.42247 ], [ -81.7416, 36.41259 ], [ -81.73468, 36.37985 ], [ -81.70747, 36.33523 ], [ -81.7362, 36.34291 ], [ -81.76495, 36.33872 ], [ -81.79014, 36.34885 ], [ -81.79308, 36.36241 ], [ -81.84119, 36.34335 ], [ -81.87685, 36.31564 ], [ -81.90817, 36.30197 ], [ -82.03384, 36.12048 ], [ -82.05401, 36.12667 ], [ -82.08003, 36.10643 ], [ -82.1284, 36.10401 ], [ -82.14858, 36.14986 ], [ -82.18352, 36.14383 ], [ -82.2139, 36.15904 ], [ -82.24539, 36.1312 ], [ -82.26392, 36.1273 ], [ -82.28857, 36.13573 ], [ -82.33649, 36.11462 ], [ -82.35568, 36.11514 ], [ -82.4102, 36.08255 ], [ -82.46058, 36.00772 ], [ -82.50518, 35.97755 ], [ -82.54997, 35.96384 ], [ -82.55859, 35.95389 ], [ -82.58046, 35.96525 ], [ -82.6107, 35.9672 ], [ -82.60441, 35.98746 ], [ -82.61382, 36.00492 ], [ -82.59099, 36.03157 ], [ -82.61855, 36.04715 ], [ -82.63723, 36.06582 ], [ -82.68407, 36.0458 ], [ -82.68959, 36.03816 ], [ -82.75444, 36.00439 ], [ -82.77567, 36.00107 ], [ -82.78569, 35.97784 ], [ -82.77504, 35.97197 ], [ -82.78735, 35.9525 ], [ -82.82195, 35.92183 ], [ -82.85203, 35.94933 ], [ -82.87449, 35.95277 ], [ -82.89818, 35.94523 ], [ -82.89905, 35.92961 ], [ -82.91437, 35.91523 ], [ -82.89678, 35.87826 ], [ -82.92083, 35.86818 ], [ -82.91657, 35.84149 ], [ -82.93407, 35.83666 ], [ -82.96282, 35.79565 ], [ -82.99585, 35.77309 ], [ -83.03649, 35.78749 ], [ -83.07874, 35.78959 ], [ -83.09675, 35.77635 ], [ -83.16506, 35.7595 ], [ -83.18514, 35.73075 ], [ -83.20083, 35.72506 ], [ -83.24083, 35.72686 ], [ -83.25414, 35.71753 ], [ -83.25444, 35.69531 ], [ -83.31238, 35.65471 ], [ -83.33466, 35.66566 ], [ -83.35098, 35.66045 ], [ -83.36771, 35.63796 ], [ -83.42204, 35.61105 ], [ -83.44568, 35.61175 ], [ -83.49854, 35.56289 ], [ -83.52197, 35.56559 ], [ -83.58437, 35.5627 ], [ -83.6085, 35.58001 ], [ -83.62947, 35.56817 ], [ -83.69504, 35.57024 ], [ -83.72254, 35.56236 ], [ -83.77059, 35.56174 ], [ -83.82557, 35.52431 ], [ -83.88031, 35.51878 ], [ -83.90147, 35.49655 ], [ -83.91187, 35.47607 ], [ -83.96108, 35.46414 ], [ -83.99178, 35.44067 ], [ -84.00168, 35.42303 ], [ -84.02305, 35.41193 ], [ -84.0083, 35.38973 ], [ -84.00739, 35.37165 ], [ -84.02371, 35.35409 ], [ -84.03839, 35.35092 ], [ -84.02929, 35.33326 ], [ -84.03583, 35.3158 ], [ -84.02149, 35.30108 ], [ -84.0556, 35.2685 ], [ -84.08085, 35.26125 ], [ -84.0975, 35.2476 ], [ -84.12522, 35.24987 ], [ -84.19921, 35.24367 ], [ -84.21139, 35.26562 ], [ -84.22748, 35.26793 ], [ -84.243, 35.25321 ], [ -84.29021, 35.22543 ], [ -84.32182, 34.98841 ], [ -84.03233, 34.98703 ], [ -83.74989, 34.98784 ], [ -83.61995, 34.98667 ], [ -83.62005, 34.99203 ], [ -83.3023, 34.99622 ], [ -83.10861, 35.00066 ], [ -83.10857, 35.00135 ], [ -82.78375, 35.08555 ], [ -82.78173, 35.06531 ], [ -82.75651, 35.06736 ], [ -82.72776, 35.09417 ], [ -82.69854, 35.09533 ], [ -82.68728, 35.12529 ], [ -82.67514, 35.11803 ], [ -82.6276, 35.12634 ], [ -82.61171, 35.14 ], [ -82.56808, 35.14571 ], [ -82.54589, 35.16422 ], [ -82.53591, 35.15448 ], [ -82.48633, 35.17417 ], [ -82.45994, 35.17801 ], [ -82.45732, 35.16392 ], [ -82.43461, 35.16798 ], [ -82.41916, 35.19941 ], [ -82.38393, 35.21085 ], [ -82.38081, 35.18746 ], [ -82.36924, 35.18065 ], [ -82.35964, 35.19249 ], [ -82.3231, 35.18517 ], [ -82.29108, 35.20009 ], [ -82.16142, 35.19342 ], [ -81.76336, 35.18049 ], [ -81.30954, 35.16294 ], [ -81.14751, 35.15596 ], [ -81.03426, 35.14926 ], [ -81.05188, 35.1345 ], [ -81.03876, 35.12545 ], [ -81.0336, 35.1057 ], [ -81.05698, 35.08645 ], [ -81.05767, 35.06187 ], [ -81.0415, 35.04471 ], [ -80.93474, 35.10732 ], [ -80.89322, 35.06274 ], [ -80.78192, 34.93585 ], [ -80.79748, 34.8198 ], [ -80.47201, 34.8166 ], [ -80.21378, 34.8125 ], [ -79.93126, 34.80671 ], [ -79.67649, 34.80507 ], [ -79.39084, 34.57329 ], [ -79.24907, 34.44938 ], [ -78.73483, 34.01603 ], [ -78.54108, 33.85112 ], [ -78.4993, 33.81285 ], [ -78.399, 33.84326 ], [ -78.34121, 33.85529 ], [ -78.26233, 33.86316 ], [ -78.14535, 33.86273 ], [ -78.06658, 33.84799 ], [ -78.05289, 33.82743 ], [ -78.01286, 33.80386 ], [ -77.99971, 33.76713 ], [ -77.96405, 33.7529 ], [ -77.9175, 33.76382 ], [ -77.89793, 33.78485 ], [ -77.89369, 33.8047 ], [ -77.89897, 33.85464 ], [ -77.88452, 33.90367 ], [ -77.86353, 33.93467 ], [ -77.83021, 34.03028 ], [ -77.78555, 34.12517 ], [ -77.75379, 34.15502 ], [ -77.74742, 34.17559 ], [ -77.73076, 34.18979 ], [ -77.72295, 34.21 ], [ -77.69109, 34.24574 ], [ -77.66845, 34.2583 ], [ -77.62358, 34.30316 ], [ -77.51616, 34.38244 ], [ -77.41883, 34.43592 ], [ -77.34127, 34.47166 ], [ -77.29508, 34.48897 ], [ -77.21918, 34.53966 ], [ -77.17988, 34.56046 ], [ -77.12467, 34.58315 ], [ -76.99967, 34.61701 ], [ -76.90463, 34.63234 ], [ -76.81894, 34.64325 ], [ -76.74965, 34.64767 ], [ -76.6928, 34.64295 ], [ -76.67723, 34.6343 ], [ -76.61472, 34.61828 ], [ -76.61234, 34.60013 ], [ -76.58372, 34.55263 ], [ -76.56251, 34.53691 ], [ -76.52438, 34.53216 ], [ -76.49199, 34.54653 ], [ -76.47746, 34.5662 ], [ -76.46634, 34.59574 ], [ -76.4442, 34.63316 ], [ -76.37464, 34.71599 ], [ -76.31573, 34.77603 ], [ -76.24963, 34.83463 ], [ -76.21925, 34.85642 ], [ -76.12463, 34.93308 ], [ -76.02443, 35.00536 ], [ -75.99841, 35.00739 ], [ -75.95007, 35.03962 ], [ -75.90859, 35.07152 ], [ -75.80772, 35.11591 ], [ -75.73621, 35.14071 ], [ -75.70737, 35.14611 ], [ -75.6246, 35.17582 ], [ -75.58111, 35.18378 ], [ -75.548, 35.16818 ], [ -75.52771, 35.16739 ], [ -75.49959, 35.17717 ], [ -75.4746, 35.20203 ], [ -75.45933, 35.24655 ], [ -75.45417, 35.28022 ], [ -75.42558, 35.39001 ], [ -75.41509, 35.50018 ], [ -75.40242, 35.54421 ], [ -75.40039, 35.59351 ], [ -75.41782, 35.68608 ], [ -75.43762, 35.74696 ], [ -75.4805, 35.81421 ], [ -75.51151, 35.87518 ], [ -75.56605, 35.97561 ], [ -75.58161, 36.00018 ], [ -75.6701, 36.15607 ], [ -75.71132, 36.25016 ], [ -75.74963, 36.35361 ], [ -75.79056, 36.50016 ], [ -75.7975, 36.55092 ] ] ] } },
{ "type": "Feature", "properties": { "fid": 35, "ZoneCode": "380001", "AbrvFull": "ND", "NameFull": "North Dakota", "ZoneNum": 1, "AbrvPart": null, "NamePart": null, "ZoneType": "Statewide", "StateAbrv": "ND", "StateName": "North Dakota", "ProjAbrv": "LC1", "ProjType": "Lambert Conformal Conic, one parallel", "LatOrigin": "47°30'N", "LonOriginE": "259°45'E", "LonOriginW": "100°15'W", "Lat0_deg": 47.5, "Lon0_E_deg": 259.75, "Lon0_W_deg": -100.25, "ProjScale": 0.99992, "SkewAz_deg": -9999, "FalseN_m": 342900.0, "FalseE_m": 838200.0, "FalseN_ift": 1125000.0, "FalseE_ift": 2750000.0, "DesignBy": "NGS", "Ref_frame": "NATRF2022" }, "geometry": { "type": "Polygon", "coordinates": [ [ [ -104.04869, 48.9999 ], [ -104.04889, 48.83777 ], [ -104.04755, 48.49879 ], [ -104.04404, 47.99608 ], [ -104.04144, 47.86305 ], [ -104.04322, 47.759 ], [ -104.04485, 47.40672 ], [ -104.04509, 47.05037 ], [ -104.04598, 46.87453 ], [ -104.04515, 46.51006 ], [ -104.04549, 46.1661 ], [ -104.04679, 46.0244 ], [ -104.04555, 45.94531 ], [ -103.55731, 45.94536 ], [ -102.94207, 45.945 ], [ -102.6422, 45.94521 ], [ -101.7861, 45.94434 ], [ -101.10724, 45.94407 ], [ -101.04114, 45.94346 ], [ -100.72183, 45.94402 ], [ -100.30816, 45.94326 ], [ -99.76063, 45.94081 ], [ -99.04726, 45.93992 ], [ -98.70436, 45.93865 ], [ -98.41432, 45.93649 ], [ -97.48254, 45.93509 ], [ -97.43088, 45.93599 ], [ -97.1687, 45.93565 ], [ -96.71616, 45.93598 ], [ -96.56367, 45.93525 ], [ -96.57035, 45.9636 ], [ -96.57787, 46.02703 ], [ -96.55681, 46.06471 ], [ -96.55444, 46.08419 ], [ -96.56863, 46.1323 ], [ -96.58027, 46.15108 ], [ -96.57914, 46.17683 ], [ -96.59268, 46.17521 ], [ -96.58384, 46.20838 ], [ -96.59116, 46.20912 ], [ -96.59865, 46.2426 ], [ -96.58605, 46.24703 ], [ -96.60033, 46.26221 ], [ -96.59668, 46.29153 ], [ -96.60533, 46.29303 ], [ -96.59966, 46.33048 ], [ -96.62904, 46.35397 ], [ -96.66742, 46.37612 ], [ -96.66855, 46.388 ], [ -96.73958, 46.48717 ], [ -96.73339, 46.49698 ], [ -96.73888, 46.5255 ], [ -96.75045, 46.54405 ], [ -96.74913, 46.58367 ], [ -96.77164, 46.59631 ], [ -96.7728, 46.61641 ], [ -96.79603, 46.63124 ], [ -96.78607, 46.64013 ], [ -96.79895, 46.65411 ], [ -96.79517, 46.67955 ], [ -96.78492, 46.69437 ], [ -96.78083, 46.74596 ], [ -96.79672, 46.77746 ], [ -96.80261, 46.81211 ], [ -96.77592, 46.83867 ], [ -96.78458, 46.85205 ], [ -96.77383, 46.90363 ], [ -96.75326, 46.92456 ], [ -96.76169, 46.93456 ], [ -96.79107, 46.92732 ], [ -96.79296, 46.9466 ], [ -96.82318, 46.97148 ], [ -96.82393, 46.99744 ], [ -96.83337, 47.01041 ], [ -96.81771, 47.05231 ], [ -96.82411, 47.07238 ], [ -96.81682, 47.10912 ], [ -96.82896, 47.12091 ], [ -96.82186, 47.13085 ], [ -96.84056, 47.1508 ], [ -96.8191, 47.16521 ], [ -96.83686, 47.1961 ], [ -96.83079, 47.21172 ], [ -96.84279, 47.231 ], [ -96.82913, 47.23472 ], [ -96.84626, 47.26082 ], [ -96.83601, 47.2688 ], [ -96.84386, 47.29294 ], [ -96.83062, 47.33801 ], [ -96.85717, 47.36897 ], [ -96.83714, 47.37129 ], [ -96.83936, 47.39966 ], [ -96.86083, 47.41752 ], [ -96.85443, 47.42506 ], [ -96.86311, 47.45787 ], [ -96.84409, 47.51687 ], [ -96.86112, 47.51556 ], [ -96.86905, 47.52891 ], [ -96.85043, 47.55178 ], [ -96.86614, 47.56961 ], [ -96.84991, 47.59075 ], [ -96.85593, 47.60971 ], [ -96.87898, 47.61881 ], [ -96.88542, 47.66388 ], [ -96.90168, 47.69168 ], [ -96.91969, 47.7101 ], [ -96.91893, 47.72481 ], [ -96.9329, 47.73773 ], [ -96.93488, 47.76721 ], [ -96.95586, 47.77482 ], [ -96.95761, 47.78991 ], [ -96.97801, 47.8109 ], [ -96.98188, 47.83064 ], [ -96.99789, 47.84158 ], [ -97.00545, 47.87024 ], [ -97.0229, 47.8737 ], [ -97.01811, 47.92023 ], [ -97.0556, 47.94913 ], [ -97.06135, 47.96352 ], [ -97.05355, 47.99161 ], [ -97.0724, 48.02005 ], [ -97.07129, 48.0458 ], [ -97.09883, 48.07148 ], [ -97.1232, 48.10665 ], [ -97.13324, 48.1365 ], [ -97.14653, 48.14406 ], [ -97.12448, 48.15655 ], [ -97.14751, 48.17241 ], [ -97.14124, 48.20295 ], [ -97.12288, 48.21649 ], [ -97.14834, 48.22374 ], [ -97.14674, 48.24448 ], [ -97.12437, 48.25192 ], [ -97.12721, 48.26984 ], [ -97.11657, 48.27966 ], [ -97.13555, 48.28706 ], [ -97.1203, 48.3271 ], [ -97.14224, 48.32751 ], [ -97.12674, 48.34214 ], [ -97.15548, 48.36377 ], [ -97.14124, 48.37768 ], [ -97.16329, 48.39199 ], [ -97.13148, 48.40659 ], [ -97.14518, 48.43256 ], [ -97.12435, 48.44125 ], [ -97.14924, 48.44336 ], [ -97.12933, 48.45405 ], [ -97.13063, 48.46342 ], [ -97.1592, 48.48111 ], [ -97.1315, 48.48901 ], [ -97.14919, 48.51234 ], [ -97.12676, 48.52016 ], [ -97.15403, 48.52167 ], [ -97.14561, 48.5381 ], [ -97.16627, 48.55107 ], [ -97.1418, 48.55126 ], [ -97.17197, 48.56495 ], [ -97.14784, 48.57343 ], [ -97.15264, 48.59392 ], [ -97.12014, 48.62168 ], [ -97.13119, 48.63129 ], [ -97.10897, 48.63373 ], [ -97.11558, 48.64352 ], [ -97.09991, 48.65852 ], [ -97.10186, 48.68076 ], [ -97.0919, 48.68598 ], [ -97.11919, 48.70056 ], [ -97.11019, 48.70807 ], [ -97.13759, 48.72757 ], [ -97.13825, 48.75024 ], [ -97.15482, 48.75647 ], [ -97.14594, 48.76563 ], [ -97.15686, 48.78994 ], [ -97.17983, 48.80078 ], [ -97.15866, 48.8109 ], [ -97.19028, 48.81586 ], [ -97.17796, 48.82512 ], [ -97.17305, 48.85168 ], [ -97.18908, 48.86311 ], [ -97.17868, 48.87667 ], [ -97.19989, 48.88259 ], [ -97.19327, 48.89834 ], [ -97.20688, 48.90233 ], [ -97.21948, 48.92112 ], [ -97.21462, 48.93193 ], [ -97.23413, 48.9479 ], [ -97.23822, 48.96607 ], [ -97.22896, 49.00045 ], [ -97.69962, 49.00056 ], [ -98.91326, 49.00006 ], [ -99.77907, 48.99917 ], [ -100.91219, 48.99957 ], [ -101.4821, 48.99947 ], [ -101.9808, 48.99888 ], [ -102.45655, 48.99885 ], [ -103.2032, 48.99942 ], [ -103.5993, 48.99926 ], [ -104.04869, 48.9999 ] ] ] } },
{ "type": "Feature", "properties": { "fid": 36, "ZoneCode": "390001", "AbrvFull": "OH", "NameFull": "Ohio", "ZoneNum": 1, "AbrvPart": null, "NamePart": null, "ZoneType": "Statewide", "StateAbrv": "OH", "StateName": "Ohio", "ProjAbrv": "TM", "ProjType": "Transverse Mercator", "LatOrigin": "36°00'N", "LonOriginE": "277°18'E", "LonOriginW": "82°42'W", "Lat0_deg": 36.0, "Lon0_E_deg": 277.3, "Lon0_W_deg": -82.7, "ProjScale": 0.99985, "SkewAz_deg": -9999, "FalseN_m": 0.0, "FalseE_m": 914400.0, "FalseN_ift": 0.0, "FalseE_ift": 3000000.0, "DesignBy": "NGS", "Ref_frame": "NATRF2022" }, "geometry": { "type": "Polygon", "coordinates": [ [ [ -80.51899, 40.6388 ], [ -80.51922, 41.91928 ], [ -80.51985, 42.32713 ], [ -80.99982, 42.2524 ], [ -81.02614, 42.25005 ], [ -81.24983, 42.21642 ], [ -81.49518, 42.0964 ], [ -81.62485, 42.02962 ], [ -81.68645, 42.00004 ], [ -81.7092, 42.00004 ], [ -81.97657, 41.87504 ], [ -82.39835, 41.67652 ], [ -82.68112, 41.67633 ], [ -82.76387, 41.71729 ], [ -83.06931, 41.86422 ], [ -83.11246, 41.95941 ], [ -83.24993, 41.85788 ], [ -83.30501, 41.81528 ], [ -83.41585, 41.73379 ], [ -84.01794, 41.71667 ], [ -84.19232, 41.71101 ], [ -84.47593, 41.70381 ], [ -84.62496, 41.70101 ], [ -84.80597, 41.69612 ], [ -84.80389, 41.40862 ], [ -84.80303, 40.93717 ], [ -84.80223, 40.79418 ], [ -84.80271, 40.51362 ], [ -84.80423, 40.40344 ], [ -84.80416, 40.27505 ], [ -84.81121, 39.99545 ], [ -84.81419, 39.81369 ], [ -84.81575, 39.47865 ], [ -84.81945, 39.30515 ], [ -84.82015, 39.10542 ], [ -84.78448, 39.11772 ], [ -84.7534, 39.14711 ], [ -84.72746, 39.14273 ], [ -84.68935, 39.10319 ], [ -84.64963, 39.09104 ], [ -84.63233, 39.07659 ], [ -84.60081, 39.07451 ], [ -84.57128, 39.08273 ], [ -84.55389, 39.09829 ], [ -84.51034, 39.09387 ], [ -84.48215, 39.11643 ], [ -84.45876, 39.12139 ], [ -84.44068, 39.10927 ], [ -84.43056, 39.05874 ], [ -84.41114, 39.0466 ], [ -84.36072, 39.04157 ], [ -84.32662, 39.02726 ], [ -84.3004, 38.99711 ], [ -84.28654, 38.95254 ], [ -84.23657, 38.89613 ], [ -84.23022, 38.82656 ], [ -84.21311, 38.80584 ], [ -84.15636, 38.79505 ], [ -84.09162, 38.77424 ], [ -84.04458, 38.77056 ], [ -83.97809, 38.78736 ], [ -83.94101, 38.78212 ], [ -83.92814, 38.77197 ], [ -83.87241, 38.76226 ], [ -83.8525, 38.75184 ], [ -83.8392, 38.72002 ], [ -83.78446, 38.69672 ], [ -83.77018, 38.65586 ], [ -83.72086, 38.64667 ], [ -83.66889, 38.62656 ], [ -83.64465, 38.63689 ], [ -83.6349, 38.67043 ], [ -83.60852, 38.68497 ], [ -83.53368, 38.70218 ], [ -83.50566, 38.69977 ], [ -83.47141, 38.6775 ], [ -83.4454, 38.66999 ], [ -83.38486, 38.66311 ], [ -83.36277, 38.65722 ], [ -83.32757, 38.63768 ], [ -83.30591, 38.59975 ], [ -83.28865, 38.59805 ], [ -83.26074, 38.62284 ], [ -83.23419, 38.62795 ], [ -83.20125, 38.6166 ], [ -83.15364, 38.61884 ], [ -83.13475, 38.63201 ], [ -83.12239, 38.65936 ], [ -83.10765, 38.67499 ], [ -83.05304, 38.69579 ], [ -83.03077, 38.72566 ], [ -83.00349, 38.72983 ], [ -82.97737, 38.72619 ], [ -82.94025, 38.74439 ], [ -82.89648, 38.7564 ], [ -82.87967, 38.7514 ], [ -82.86988, 38.72727 ], [ -82.87497, 38.68305 ], [ -82.86067, 38.66357 ], [ -82.85557, 38.61929 ], [ -82.84739, 38.59533 ], [ -82.82121, 38.57339 ], [ -82.79587, 38.56181 ], [ -82.7279, 38.55887 ], [ -82.69828, 38.54377 ], [ -82.65359, 38.49384 ], [ -82.61194, 38.47307 ], [ -82.59348, 38.42182 ], [ -82.57161, 38.40514 ], [ -82.53769, 38.40416 ], [ -82.40488, 38.43935 ], [ -82.38975, 38.43436 ], [ -82.34064, 38.44095 ], [ -82.324, 38.44927 ], [ -82.30366, 38.49912 ], [ -82.29567, 38.53848 ], [ -82.29347, 38.57538 ], [ -82.27147, 38.59538 ], [ -82.24747, 38.59868 ], [ -82.22147, 38.59128 ], [ -82.18117, 38.59978 ], [ -82.17197, 38.62538 ], [ -82.19087, 38.68038 ], [ -82.18287, 38.70548 ], [ -82.2, 38.75906 ], [ -82.21661, 38.76835 ], [ -82.22157, 38.78719 ], [ -82.18929, 38.81577 ], [ -82.1636, 38.82342 ], [ -82.14417, 38.84188 ], [ -82.13928, 38.86641 ], [ -82.14256, 38.89899 ], [ -82.12917, 38.90818 ], [ -82.09016, 38.97528 ], [ -82.05206, 38.99398 ], [ -82.03775, 39.02387 ], [ -82.00599, 39.02939 ], [ -81.98706, 39.01198 ], [ -81.98116, 38.99435 ], [ -81.95145, 38.99603 ], [ -81.93319, 38.98766 ], [ -81.90059, 38.93767 ], [ -81.89995, 38.92541 ], [ -81.92667, 38.90131 ], [ -81.91031, 38.87929 ], [ -81.8909, 38.87392 ], [ -81.85892, 38.89019 ], [ -81.84531, 38.91009 ], [ -81.84449, 38.92875 ], [ -81.83152, 38.9437 ], [ -81.81423, 38.94617 ], [ -81.7741, 38.92296 ], [ -81.75613, 38.93355 ], [ -81.78182, 38.96494 ], [ -81.76405, 39.01418 ], [ -81.80335, 39.04768 ], [ -81.81235, 39.06128 ], [ -81.80705, 39.08408 ], [ -81.77685, 39.07818 ], [ -81.74585, 39.09728 ], [ -81.74581, 39.14994 ], [ -81.75628, 39.17699 ], [ -81.74, 39.18993 ], [ -81.72562, 39.21591 ], [ -81.69134, 39.22795 ], [ -81.69662, 39.25614 ], [ -81.67019, 39.27596 ], [ -81.60841, 39.27604 ], [ -81.57389, 39.26706 ], [ -81.56525, 39.27618 ], [ -81.55755, 39.33877 ], [ -81.54235, 39.35287 ], [ -81.49879, 39.37612 ], [ -81.45614, 39.40927 ], [ -81.42871, 39.40541 ], [ -81.40669, 39.38809 ], [ -81.39588, 39.35555 ], [ -81.38456, 39.34345 ], [ -81.34493, 39.34679 ], [ -81.29537, 39.37529 ], [ -81.26842, 39.38632 ], [ -81.21731, 39.38759 ], [ -81.21083, 39.40356 ], [ -81.18514, 39.43148 ], [ -81.13443, 39.44508 ], [ -81.09243, 39.49608 ], [ -81.0239, 39.55231 ], [ -80.93329, 39.61481 ], [ -80.88036, 39.62071 ], [ -80.86665, 39.65262 ], [ -80.8658, 39.68648 ], [ -80.83388, 39.7035 ], [ -80.82972, 39.71404 ], [ -80.87032, 39.76318 ], [ -80.86058, 39.77691 ], [ -80.82608, 39.79858 ], [ -80.82696, 39.84166 ], [ -80.79313, 39.86375 ], [ -80.79319, 39.88106 ], [ -80.80956, 39.90566 ], [ -80.7956, 39.91972 ], [ -80.76002, 39.90876 ], [ -80.76299, 39.95379 ], [ -80.74014, 39.9708 ], [ -80.74211, 40.00888 ], [ -80.73102, 40.04429 ], [ -80.73923, 40.07495 ], [ -80.71321, 40.09704 ], [ -80.70525, 40.15416 ], [ -80.66808, 40.19969 ], [ -80.66154, 40.22981 ], [ -80.6446, 40.25128 ], [ -80.62251, 40.26177 ], [ -80.61489, 40.29197 ], [ -80.59989, 40.31767 ], [ -80.61279, 40.34767 ], [ -80.60759, 40.36956 ], [ -80.6322, 40.39367 ], [ -80.61232, 40.40276 ], [ -80.61288, 40.42947 ], [ -80.59466, 40.47139 ], [ -80.618, 40.50205 ], [ -80.62751, 40.53579 ], [ -80.66437, 40.57002 ], [ -80.66354, 40.59077 ], [ -80.62645, 40.62018 ], [ -80.60264, 40.62529 ], [ -80.584, 40.61572 ], [ -80.51899, 40.6388 ] ] ] } },
{ "type": "Feature", "properties": { "fid": 37, "ZoneCode": "400001", "AbrvFull": "OK", "NameFull": "Oklahoma", "ZoneNum": 1, "AbrvPart": null, "NamePart": null, "ZoneType": "Statewide", "StateAbrv": "OK", "StateName": "Oklahoma", "ProjAbrv": "LC1", "ProjType": "Lambert Conformal Conic, one parallel", "LatOrigin": "35°21'N", "LonOriginE": "261°15'E", "LonOriginW": "98°45'W", "Lat0_deg": 35.35, "Lon0_E_deg": 261.25, "Lon0_W_deg": -98.75, "ProjScale": 0.99988, "SkewAz_deg": -9999, "FalseN_m": 342900.0, "FalseE_m": 952500.0, "FalseN_ift": 1125000.0, "FalseE_ift": 3125000.0, "DesignBy": "NGS", "Ref_frame": "NATRF2022" }, "geometry": { "type": "Polygon", "coordinates": [ [ [ -94.61796, 36.99891 ], [ -94.96159, 36.99946 ], [ -96.31888, 36.9993 ], [ -96.50029, 36.99864 ], [ -96.73659, 36.99929 ], [ -97.94562, 36.99861 ], [ -98.30046, 36.99768 ], [ -98.5225, 36.99889 ], [ -98.79702, 36.99946 ], [ -99.558, 36.99953 ], [ -99.87541, 37.00166 ], [ -100.10789, 37.00231 ], [ -100.30735, 37.00181 ], [ -101.57541, 36.99518 ], [ -102.04209, 36.99302 ], [ -102.37546, 36.99458 ], [ -102.69814, 36.99515 ], [ -102.81507, 36.99977 ], [ -102.98698, 36.99852 ], [ -103.00233, 37.00015 ], [ -103.00236, 36.50055 ], [ -102.03233, 36.50026 ], [ -101.37544, 36.49934 ], [ -100.97383, 36.4999 ], [ -100.4952, 36.49929 ], [ -100.27671, 36.49988 ], [ -100.00041, 36.4997 ], [ -100.00028, 34.56045 ], [ -99.97101, 34.5625 ], [ -99.95382, 34.57853 ], [ -99.92321, 34.57455 ], [ -99.88874, 34.55045 ], [ -99.85305, 34.51159 ], [ -99.81672, 34.48972 ], [ -99.81431, 34.4762 ], [ -99.78376, 34.44501 ], [ -99.7656, 34.43749 ], [ -99.75345, 34.42085 ], [ -99.72703, 34.41055 ], [ -99.69453, 34.37822 ], [ -99.66395, 34.37368 ], [ -99.64814, 34.38231 ], [ -99.6242, 34.37358 ], [ -99.60003, 34.37469 ], [ -99.58621, 34.3874 ], [ -99.57976, 34.41693 ], [ -99.51762, 34.41449 ], [ -99.48722, 34.39796 ], [ -99.46638, 34.3959 ], [ -99.43346, 34.37022 ], [ -99.4275, 34.38514 ], [ -99.39873, 34.37583 ], [ -99.38718, 34.41084 ], [ -99.39675, 34.41721 ], [ -99.39519, 34.44203 ], [ -99.37555, 34.45879 ], [ -99.35897, 34.45581 ], [ -99.3569, 34.44208 ], [ -99.3287, 34.42238 ], [ -99.32007, 34.40927 ], [ -99.28791, 34.41403 ], [ -99.27883, 34.40027 ], [ -99.26127, 34.40351 ], [ -99.2753, 34.38614 ], [ -99.24285, 34.37268 ], [ -99.2343, 34.34045 ], [ -99.21072, 34.33734 ], [ -99.21316, 34.30848 ], [ -99.20777, 34.28382 ], [ -99.19555, 34.28128 ], [ -99.19925, 34.26079 ], [ -99.18978, 34.21436 ], [ -99.15657, 34.20717 ], [ -99.13755, 34.21935 ], [ -99.121, 34.20185 ], [ -99.09527, 34.21184 ], [ -99.06633, 34.20843 ], [ -99.04336, 34.19824 ], [ -99.03734, 34.20645 ], [ -99.01296, 34.20319 ], [ -98.9917, 34.22143 ], [ -98.96574, 34.20147 ], [ -98.95128, 34.21219 ], [ -98.9207, 34.18344 ], [ -98.88711, 34.16826 ], [ -98.86012, 34.14991 ], [ -98.85732, 34.16109 ], [ -98.83111, 34.16215 ], [ -98.76667, 34.13683 ], [ -98.75745, 34.12471 ], [ -98.73547, 34.13521 ], [ -98.69007, 34.13316 ], [ -98.64807, 34.16444 ], [ -98.61935, 34.15667 ], [ -98.6031, 34.1605 ], [ -98.57736, 34.1491 ], [ -98.56098, 34.12392 ], [ -98.53626, 34.10735 ], [ -98.50415, 34.07229 ], [ -98.48633, 34.0626 ], [ -98.44281, 34.08314 ], [ -98.4188, 34.08266 ], [ -98.39839, 34.10457 ], [ -98.39844, 34.12846 ], [ -98.37976, 34.13117 ], [ -98.38708, 34.14091 ], [ -98.36402, 34.15711 ], [ -98.32258, 34.14972 ], [ -98.30021, 34.13458 ], [ -98.25647, 34.12948 ], [ -98.23247, 34.13464 ], [ -98.20007, 34.11678 ], [ -98.16879, 34.11426 ], [ -98.12338, 34.15454 ], [ -98.10194, 34.14683 ], [ -98.08975, 34.12821 ], [ -98.12021, 34.07213 ], [ -98.10063, 34.04998 ], [ -98.08384, 34.04172 ], [ -98.10362, 34.02921 ], [ -98.08402, 34.01437 ], [ -98.08443, 34.00289 ], [ -98.04112, 33.99346 ], [ -97.98739, 33.99982 ], [ -97.97417, 34.00672 ], [ -97.9468, 33.99089 ], [ -97.96104, 33.9511 ], [ -97.97117, 33.93713 ], [ -97.95551, 33.93819 ], [ -97.95715, 33.91445 ], [ -97.97998, 33.9114 ], [ -97.98437, 33.89802 ], [ -97.95706, 33.87877 ], [ -97.93967, 33.87945 ], [ -97.87818, 33.85053 ], [ -97.8335, 33.8581 ], [ -97.80174, 33.89515 ], [ -97.78466, 33.89063 ], [ -97.78613, 33.91342 ], [ -97.7594, 33.91882 ], [ -97.76304, 33.93415 ], [ -97.73222, 33.93668 ], [ -97.70954, 33.95488 ], [ -97.68769, 33.98718 ], [ -97.66149, 33.99082 ], [ -97.60909, 33.96809 ], [ -97.58883, 33.95188 ], [ -97.59698, 33.92023 ], [ -97.58925, 33.90392 ], [ -97.55827, 33.8971 ], [ -97.50093, 33.91954 ], [ -97.46142, 33.90523 ], [ -97.45106, 33.89168 ], [ -97.45218, 33.86896 ], [ -97.4632, 33.84309 ], [ -97.44488, 33.82405 ], [ -97.4268, 33.81864 ], [ -97.37469, 33.81855 ], [ -97.35733, 33.83137 ], [ -97.33188, 33.88448 ], [ -97.32873, 33.85543 ], [ -97.31425, 33.86699 ], [ -97.30763, 33.88801 ], [ -97.27287, 33.86167 ], [ -97.25564, 33.8637 ], [ -97.24505, 33.90322 ], [ -97.2126, 33.9159 ], [ -97.18546, 33.9007 ], [ -97.16682, 33.8404 ], [ -97.19468, 33.83119 ], [ -97.20483, 33.79991 ], [ -97.1904, 33.78115 ], [ -97.19297, 33.76078 ], [ -97.15437, 33.72409 ], [ -97.12358, 33.71704 ], [ -97.09564, 33.72922 ], [ -97.08519, 33.76474 ], [ -97.09265, 33.8042 ], [ -97.04832, 33.81727 ], [ -97.0576, 33.83651 ], [ -97.09011, 33.84396 ], [ -97.06954, 33.86037 ], [ -97.04104, 33.83762 ], [ -97.02144, 33.84638 ], [ -96.99709, 33.87102 ], [ -96.98381, 33.89319 ], [ -96.99625, 33.94266 ], [ -96.97941, 33.95618 ], [ -96.97381, 33.9357 ], [ -96.92427, 33.95916 ], [ -96.90525, 33.94722 ], [ -96.89573, 33.89641 ], [ -96.88301, 33.86802 ], [ -96.85059, 33.84721 ], [ -96.83216, 33.87484 ], [ -96.79428, 33.86889 ], [ -96.77959, 33.85794 ], [ -96.76938, 33.82748 ], [ -96.76159, 33.82441 ], [ -96.71373, 33.83133 ], [ -96.69071, 33.84996 ], [ -96.67345, 33.91228 ], [ -96.6599, 33.91667 ], [ -96.62829, 33.89448 ], [ -96.59217, 33.89551 ], [ -96.58536, 33.88895 ], [ -96.62975, 33.85086 ], [ -96.62315, 33.8415 ], [ -96.57315, 33.81918 ], [ -96.53249, 33.82303 ], [ -96.51742, 33.80585 ], [ -96.51658, 33.78828 ], [ -96.50098, 33.7728 ], [ -96.43022, 33.77865 ], [ -96.41292, 33.75691 ], [ -96.37085, 33.718 ], [ -96.35937, 33.68943 ], [ -96.34686, 33.68622 ], [ -96.31876, 33.69675 ], [ -96.30636, 33.72306 ], [ -96.30608, 33.74431 ], [ -96.29036, 33.77083 ], [ -96.2638, 33.76752 ], [ -96.22052, 33.74739 ], [ -96.17985, 33.75962 ], [ -96.16979, 33.76915 ], [ -96.14923, 33.83709 ], [ -96.12295, 33.83996 ], [ -96.09936, 33.83047 ], [ -96.10147, 33.84671 ], [ -96.04883, 33.83647 ], [ -96.02697, 33.85747 ], [ -96.02062, 33.84063 ], [ -95.99835, 33.85105 ], [ -96.00292, 33.87359 ], [ -95.98493, 33.86581 ], [ -95.98486, 33.85249 ], [ -95.94249, 33.86097 ], [ -95.92478, 33.88484 ], [ -95.86719, 33.85129 ], [ -95.83041, 33.83479 ], [ -95.81572, 33.85982 ], [ -95.79487, 33.85961 ], [ -95.77024, 33.8452 ], [ -95.75142, 33.86068 ], [ -95.76152, 33.87312 ], [ -95.75661, 33.89203 ], [ -95.73318, 33.89645 ], [ -95.71218, 33.88552 ], [ -95.68888, 33.88849 ], [ -95.66863, 33.907 ], [ -95.62732, 33.90781 ], [ -95.61637, 33.92763 ], [ -95.59752, 33.94234 ], [ -95.55771, 33.93035 ], [ -95.54791, 33.90014 ], [ -95.55122, 33.88971 ], [ -95.5338, 33.88115 ], [ -95.51144, 33.8973 ], [ -95.50578, 33.87639 ], [ -95.49204, 33.87494 ], [ -95.45973, 33.88665 ], [ -95.46334, 33.8724 ], [ -95.43865, 33.86629 ], [ -95.36321, 33.86681 ], [ -95.3357, 33.87425 ], [ -95.32994, 33.88633 ], [ -95.29414, 33.87277 ], [ -95.28072, 33.87549 ], [ -95.28553, 33.90366 ], [ -95.26976, 33.91146 ], [ -95.26136, 33.88772 ], [ -95.24763, 33.91474 ], [ -95.25088, 33.93606 ], [ -95.21668, 33.96265 ], [ -95.17164, 33.94677 ], [ -95.15714, 33.93673 ], [ -95.12957, 33.93672 ], [ -95.13164, 33.91603 ], [ -95.11315, 33.90449 ], [ -95.08245, 33.92174 ], [ -95.07974, 33.9086 ], [ -95.1, 33.89679 ], [ -95.08241, 33.87988 ], [ -95.07558, 33.90122 ], [ -95.0601, 33.90187 ], [ -95.04902, 33.86409 ], [ -94.99216, 33.85203 ], [ -94.96889, 33.86091 ], [ -94.9644, 33.83702 ], [ -94.94389, 33.83023 ], [ -94.95352, 33.81648 ], [ -94.94222, 33.80578 ], [ -94.92329, 33.80874 ], [ -94.92657, 33.82634 ], [ -94.91104, 33.81502 ], [ -94.92235, 33.79354 ], [ -94.8982, 33.76902 ], [ -94.88693, 33.76907 ], [ -94.87467, 33.74916 ], [ -94.84931, 33.73959 ], [ -94.82795, 33.74088 ], [ -94.82338, 33.76918 ], [ -94.80225, 33.73279 ], [ -94.78007, 33.74447 ], [ -94.77134, 33.76065 ], [ -94.75812, 33.75654 ], [ -94.78864, 33.73567 ], [ -94.77313, 33.72719 ], [ -94.75137, 33.73373 ], [ -94.75774, 33.71782 ], [ -94.73681, 33.69233 ], [ -94.71953, 33.68886 ], [ -94.71963, 33.70392 ], [ -94.70602, 33.70629 ], [ -94.71834, 33.68866 ], [ -94.6848, 33.68435 ], [ -94.66785, 33.69461 ], [ -94.64534, 33.67364 ], [ -94.66865, 33.66385 ], [ -94.6392, 33.66374 ], [ -94.62684, 33.68204 ], [ -94.60116, 33.66276 ], [ -94.58793, 33.68626 ], [ -94.58078, 33.66639 ], [ -94.5612, 33.6685 ], [ -94.59083, 33.64556 ], [ -94.58005, 33.6445 ], [ -94.54964, 33.66068 ], [ -94.54544, 33.64623 ], [ -94.56856, 33.63692 ], [ -94.56408, 33.62627 ], [ -94.52813, 33.64125 ], [ -94.51853, 33.63757 ], [ -94.53481, 33.62134 ], [ -94.52036, 33.61746 ], [ -94.51747, 33.63306 ], [ -94.50565, 33.62067 ], [ -94.4859, 33.63786 ], [ -94.47263, 34.10298 ], [ -94.46788, 34.28744 ], [ -94.45747, 34.63478 ], [ -94.44975, 34.8732 ], [ -94.43544, 35.28337 ], [ -94.43101, 35.39317 ], [ -94.44954, 35.49804 ], [ -94.5105, 35.8625 ], [ -94.58057, 36.2659 ], [ -94.61786, 36.49943 ], [ -94.61847, 36.81628 ], [ -94.61796, 36.99891 ] ] ] } },
{ "type": "Feature", "properties": { "fid": 38, "ZoneCode": "410001", "AbrvFull": "OR", "NameFull": "Oregon", "ZoneNum": 1, "AbrvPart": null, "NamePart": null, "ZoneType": "Statewide", "StateAbrv": "OR", "StateName": "Oregon", "ProjAbrv": "LC1", "ProjType": "Lambert Conformal Conic, one parallel", "LatOrigin": "44°09'N", "LonOriginE": "239°30'E", "LonOriginW": "120°30'W", "Lat0_deg": 44.15, "Lon0_E_deg": 239.5, "Lon0_W_deg": -120.5, "ProjScale": 0.9998, "SkewAz_deg": -9999, "FalseN_m": 457200.0, "FalseE_m": 1066800.0, "FalseN_ift": 1500000.0, "FalseE_ift": 3500000.0, "DesignBy": "NGS", "Ref_frame": "NATRF2022" }, "geometry": { "type": "Polygon", "coordinates": [ [ [ -116.91607, 45.99536 ], [ -117.12615, 45.9979 ], [ -117.33791, 45.99858 ], [ -117.47975, 45.99778 ], [ -117.61433, 45.99922 ], [ -118.0066, 46.00058 ], [ -118.77582, 46.0011 ], [ -118.98726, 45.99986 ], [ -119.00865, 45.97922 ], [ -119.09329, 45.94272 ], [ -119.12632, 45.93278 ], [ -119.19552, 45.9279 ], [ -119.25707, 45.93987 ], [ -119.32257, 45.93307 ], [ -119.3645, 45.92155 ], [ -119.4504, 45.91738 ], [ -119.48808, 45.90636 ], [ -119.52452, 45.90857 ], [ -119.5716, 45.92548 ], [ -119.60054, 45.91955 ], [ -119.62363, 45.9056 ], [ -119.66997, 45.85691 ], [ -119.77285, 45.84573 ], [ -119.8027, 45.84763 ], [ -119.90724, 45.82818 ], [ -119.96577, 45.82438 ], [ -120.07024, 45.78516 ], [ -120.14148, 45.77321 ], [ -120.1706, 45.76198 ], [ -120.21077, 45.72592 ], [ -120.28343, 45.72117 ], [ -120.32633, 45.71142 ], [ -120.40365, 45.69944 ], [ -120.48261, 45.69441 ], [ -120.50574, 45.69995 ], [ -120.55929, 45.73832 ], [ -120.59114, 45.74651 ], [ -120.63505, 45.74571 ], [ -120.68953, 45.71573 ], [ -120.78857, 45.68642 ], [ -120.85542, 45.67173 ], [ -120.89582, 45.64292 ], [ -120.91361, 45.63999 ], [ -120.94402, 45.65639 ], [ -120.98349, 45.64836 ], [ -121.00737, 45.6532 ], [ -121.06446, 45.65249 ], [ -121.08486, 45.64793 ], [ -121.13183, 45.60975 ], [ -121.18368, 45.60645 ], [ -121.19646, 45.61661 ], [ -121.20035, 45.64984 ], [ -121.21577, 45.67123 ], [ -121.2873, 45.68687 ], [ -121.3123, 45.69984 ], [ -121.33771, 45.70484 ], [ -121.37257, 45.70303 ], [ -121.40174, 45.69289 ], [ -121.46279, 45.70128 ], [ -121.4991, 45.72075 ], [ -121.53293, 45.7265 ], [ -121.63132, 45.7047 ], [ -121.66841, 45.70511 ], [ -121.70729, 45.69484 ], [ -121.73507, 45.694 ], [ -121.81118, 45.70672 ], [ -121.86702, 45.69339 ], [ -121.90174, 45.67067 ], [ -121.90813, 45.65456 ], [ -121.95577, 45.64359 ], [ -121.96308, 45.63289 ], [ -122.00355, 45.61595 ], [ -122.0443, 45.60954 ], [ -122.10175, 45.58317 ], [ -122.14161, 45.584 ], [ -122.18286, 45.57678 ], [ -122.20079, 45.56511 ], [ -122.24899, 45.54775 ], [ -122.2966, 45.54364 ], [ -122.3315, 45.54824 ], [ -122.3528, 45.56944 ], [ -122.3803, 45.57594 ], [ -122.43867, 45.56359 ], [ -122.47506, 45.57847 ], [ -122.54588, 45.59619 ], [ -122.60771, 45.60814 ], [ -122.64391, 45.60974 ], [ -122.675, 45.61803 ], [ -122.71331, 45.63744 ], [ -122.76381, 45.65714 ], [ -122.77451, 45.68044 ], [ -122.76011, 45.73441 ], [ -122.76953, 45.78058 ], [ -122.7956, 45.81 ], [ -122.7857, 45.84422 ], [ -122.78503, 45.8677 ], [ -122.8115, 45.91272 ], [ -122.80619, 45.93242 ], [ -122.814, 45.96098 ], [ -122.83764, 45.98082 ], [ -122.85616, 46.01447 ], [ -122.87809, 46.03128 ], [ -122.88448, 46.06028 ], [ -122.90412, 46.08373 ], [ -122.96268, 46.10482 ], [ -123.00423, 46.13382 ], [ -123.10502, 46.17768 ], [ -123.1159, 46.18527 ], [ -123.16642, 46.18898 ], [ -123.28017, 46.14484 ], [ -123.37143, 46.14637 ], [ -123.43099, 46.18157 ], [ -123.42763, 46.22935 ], [ -123.44759, 46.24983 ], [ -123.47964, 46.26913 ], [ -123.50124, 46.27099 ], [ -123.53809, 46.26061 ], [ -123.58695, 46.25589 ], [ -123.64877, 46.2588 ], [ -123.68811, 46.25011 ], [ -123.74145, 46.26916 ], [ -123.77812, 46.25425 ], [ -123.81514, 46.24983 ], [ -123.87187, 46.23495 ], [ -123.93048, 46.23881 ], [ -123.97627, 46.26991 ], [ -124.00126, 46.27401 ], [ -124.01487, 46.29317 ], [ -124.0356, 46.29684 ], [ -124.03595, 46.26418 ], [ -124.15955, 46.26113 ], [ -124.14703, 46.22886 ], [ -124.12342, 46.20273 ], [ -124.06731, 46.18385 ], [ -124.05066, 46.16391 ], [ -124.02306, 46.11627 ], [ -124.0098, 46.08197 ], [ -124.00278, 46.02754 ], [ -124.00812, 46.00994 ], [ -124.03954, 45.98594 ], [ -124.07082, 45.97394 ], [ -124.0849, 45.96014 ], [ -124.09243, 45.93426 ], [ -124.08651, 45.91633 ], [ -124.06642, 45.89813 ], [ -124.04582, 45.8906 ], [ -124.0377, 45.84161 ], [ -124.05565, 45.81649 ], [ -124.05412, 45.79753 ], [ -124.07039, 45.76274 ], [ -124.06002, 45.73954 ], [ -124.0108, 45.70829 ], [ -124.01665, 45.63212 ], [ -124.02932, 45.61246 ], [ -124.03623, 45.56303 ], [ -124.02666, 45.53788 ], [ -124.05312, 45.51423 ], [ -124.05478, 45.4887 ], [ -124.06455, 45.46757 ], [ -124.05895, 45.44201 ], [ -124.03582, 45.42205 ], [ -124.04331, 45.38406 ], [ -124.06019, 45.37482 ], [ -124.07698, 45.34185 ], [ -124.07383, 45.31751 ], [ -124.04655, 45.29317 ], [ -124.04026, 45.26883 ], [ -124.04436, 45.24272 ], [ -124.05949, 45.20666 ], [ -124.04508, 45.1798 ], [ -124.05013, 45.14069 ], [ -124.08142, 45.08546 ], [ -124.09356, 45.05417 ], [ -124.09747, 45.02736 ], [ -124.0862, 45.00286 ], [ -124.09793, 44.92966 ], [ -124.11657, 44.86634 ], [ -124.13621, 44.84924 ], [ -124.14764, 44.76911 ], [ -124.14821, 44.73559 ], [ -124.13912, 44.71054 ], [ -124.15104, 44.69032 ], [ -124.152, 44.6632 ], [ -124.13744, 44.641 ], [ -124.15083, 44.62025 ], [ -124.15122, 44.60291 ], [ -124.13431, 44.58318 ], [ -124.14609, 44.54022 ], [ -124.16262, 44.51291 ], [ -124.16391, 44.48841 ], [ -124.15343, 44.46504 ], [ -124.16352, 44.37484 ], [ -124.18765, 44.28856 ], [ -124.1862, 44.21625 ], [ -124.18901, 44.16422 ], [ -124.19984, 44.14554 ], [ -124.19538, 44.09746 ], [ -124.20517, 44.04064 ], [ -124.21272, 44.02457 ], [ -124.20881, 43.99985 ], [ -124.21515, 43.95378 ], [ -124.23969, 43.81106 ], [ -124.2657, 43.70156 ], [ -124.2853, 43.67273 ], [ -124.28033, 43.64839 ], [ -124.29677, 43.58596 ], [ -124.34384, 43.46501 ], [ -124.38027, 43.40285 ], [ -124.42564, 43.38589 ], [ -124.4467, 43.35816 ], [ -124.47695, 43.32937 ], [ -124.47485, 43.28857 ], [ -124.4555, 43.26823 ], [ -124.47033, 43.2455 ], [ -124.46523, 43.20031 ], [ -124.48161, 43.15944 ], [ -124.50597, 43.14338 ], [ -124.51584, 43.12483 ], [ -124.51636, 43.10254 ], [ -124.50533, 43.06795 ], [ -124.53061, 42.99983 ], [ -124.55351, 42.95171 ], [ -124.57235, 42.92251 ], [ -124.59183, 42.91472 ], [ -124.61596, 42.89288 ], [ -124.62213, 42.8772 ], [ -124.64515, 42.86189 ], [ -124.65512, 42.84002 ], [ -124.67176, 42.82558 ], [ -124.68063, 42.80425 ], [ -124.70028, 42.78403 ], [ -124.70034, 42.75253 ], [ -124.68241, 42.73019 ], [ -124.64213, 42.71611 ], [ -124.58469, 42.7193 ], [ -124.56123, 42.69276 ], [ -124.54413, 42.68382 ], [ -124.54059, 42.64449 ], [ -124.50849, 42.61956 ], [ -124.47355, 42.61473 ], [ -124.47942, 42.57395 ], [ -124.46535, 42.55303 ], [ -124.48984, 42.5429 ], [ -124.51869, 42.51108 ], [ -124.54752, 42.49983 ], [ -124.56722, 42.47779 ], [ -124.56535, 42.44357 ], [ -124.53257, 42.4084 ], [ -124.49415, 42.39609 ], [ -124.50084, 42.37614 ], [ -124.48654, 42.33828 ], [ -124.49407, 42.32588 ], [ -124.49033, 42.29065 ], [ -124.47826, 42.278 ], [ -124.48568, 42.24984 ], [ -124.47136, 42.20372 ], [ -124.43351, 42.16483 ], [ -124.43245, 42.13185 ], [ -124.41975, 42.08529 ], [ -124.40931, 42.06408 ], [ -124.37505, 42.02923 ], [ -124.34917, 42.01639 ], [ -124.32883, 41.99833 ], [ -124.2116, 41.99846 ], [ -124.10038, 41.99671 ], [ -123.83448, 41.99605 ], [ -123.72817, 41.99706 ], [ -123.65721, 41.99509 ], [ -123.62402, 41.99977 ], [ -123.44597, 42.00063 ], [ -123.34745, 41.99928 ], [ -123.18392, 42.00579 ], [ -123.14573, 42.00876 ], [ -123.044, 42.00308 ], [ -122.72139, 42.00412 ], [ -122.5153, 42.00805 ], [ -122.37805, 42.0095 ], [ -122.16457, 42.00731 ], [ -121.99613, 42.00389 ], [ -121.85794, 42.00292 ], [ -121.34491, 41.99621 ], [ -121.18856, 41.99738 ], [ -121.0191, 41.99339 ], [ -120.79812, 41.99395 ], [ -120.58338, 41.99297 ], [ -120.48793, 41.99361 ], [ -120.32639, 41.99259 ], [ -120.17892, 41.99456 ], [ -119.99923, 41.99494 ], [ -119.94866, 41.99674 ], [ -119.45552, 41.99572 ], [ -119.33678, 41.99396 ], [ -119.00106, 41.99355 ], [ -118.6765, 41.99215 ], [ -118.56972, 41.99446 ], [ -118.22319, 41.99725 ], [ -117.81241, 41.99842 ], [ -117.62602, 41.9981 ], [ -117.13367, 42.00044 ], [ -117.0262, 42.0002 ], [ -117.02666, 42.62488 ], [ -117.02628, 42.97227 ], [ -117.02664, 43.19899 ], [ -117.02663, 43.80811 ], [ -117.03229, 43.82877 ], [ -117.01283, 43.84 ], [ -117.01934, 43.85942 ], [ -116.98235, 43.86884 ], [ -116.97611, 43.89476 ], [ -116.98054, 43.91483 ], [ -116.96153, 43.91839 ], [ -116.96858, 43.93605 ], [ -116.96048, 43.96341 ], [ -116.97604, 43.97506 ], [ -116.93852, 43.98503 ], [ -116.94488, 44.00359 ], [ -116.9345, 44.02122 ], [ -116.94336, 44.03565 ], [ -116.97318, 44.04943 ], [ -116.97596, 44.0829 ], [ -116.9337, 44.10004 ], [ -116.91122, 44.13999 ], [ -116.89593, 44.1543 ], [ -116.90361, 44.17999 ], [ -116.93544, 44.19396 ], [ -116.96726, 44.19458 ], [ -116.97538, 44.24239 ], [ -117.03186, 44.24864 ], [ -117.04615, 44.23067 ], [ -117.09093, 44.26031 ], [ -117.10421, 44.27994 ], [ -117.11986, 44.27827 ], [ -117.14126, 44.25852 ], [ -117.17034, 44.25889 ], [ -117.20039, 44.27544 ], [ -117.22274, 44.29833 ], [ -117.18984, 44.33501 ], [ -117.19615, 44.34636 ], [ -117.23512, 44.37385 ], [ -117.24267, 44.39655 ], [ -117.22726, 44.40524 ], [ -117.21507, 44.42716 ], [ -117.2241, 44.48373 ], [ -117.20024, 44.49203 ], [ -117.18158, 44.52296 ], [ -117.16103, 44.52517 ], [ -117.14416, 44.54565 ], [ -117.14603, 44.5686 ], [ -117.12475, 44.58383 ], [ -117.12052, 44.61466 ], [ -117.09822, 44.64069 ], [ -117.09587, 44.66474 ], [ -117.0808, 44.67377 ], [ -117.07912, 44.69218 ], [ -117.06382, 44.70362 ], [ -117.06227, 44.72714 ], [ -117.04422, 44.74514 ], [ -117.0003, 44.75608 ], [ -116.9668, 44.77518 ], [ -116.9347, 44.78388 ], [ -116.9322, 44.80278 ], [ -116.89659, 44.84655 ], [ -116.89862, 44.85374 ], [ -116.86534, 44.8706 ], [ -116.85243, 44.88758 ], [ -116.83199, 44.93301 ], [ -116.85755, 44.98257 ], [ -116.84462, 45.00144 ], [ -116.84794, 45.0226 ], [ -116.79733, 45.06027 ], [ -116.78371, 45.07697 ], [ -116.77485, 45.10554 ], [ -116.75464, 45.11397 ], [ -116.74553, 45.13304 ], [ -116.72876, 45.14438 ], [ -116.7242, 45.1715 ], [ -116.70954, 45.20302 ], [ -116.7037, 45.2401 ], [ -116.69139, 45.26374 ], [ -116.67473, 45.27584 ], [ -116.67465, 45.31508 ], [ -116.65525, 45.34886 ], [ -116.62338, 45.39396 ], [ -116.59745, 45.41277 ], [ -116.58819, 45.44292 ], [ -116.55483, 45.46293 ], [ -116.55603, 45.50702 ], [ -116.53634, 45.52394 ], [ -116.52417, 45.54857 ], [ -116.48194, 45.5779 ], [ -116.46363, 45.60279 ], [ -116.4635, 45.61579 ], [ -116.48281, 45.6336 ], [ -116.48882, 45.6508 ], [ -116.53512, 45.69128 ], [ -116.5357, 45.73423 ], [ -116.59421, 45.77908 ], [ -116.63203, 45.78498 ], [ -116.66527, 45.78206 ], [ -116.69719, 45.82014 ], [ -116.73454, 45.82653 ], [ -116.7634, 45.81658 ], [ -116.78833, 45.83193 ], [ -116.79646, 45.86122 ], [ -116.81413, 45.87764 ], [ -116.84437, 45.89297 ], [ -116.86654, 45.91696 ], [ -116.87598, 45.95478 ], [ -116.8913, 45.96033 ], [ -116.89286, 45.97637 ], [ -116.91607, 45.99536 ] ] ] } },
{ "type": "Feature", "properties": { "fid": 39, "ZoneCode": "420001", "AbrvFull": "PA", "NameFull": "Pennsylvania", "ZoneNum": 1, "AbrvPart": null, "NamePart": null, "ZoneType": "Statewide", "StateAbrv": "PA", "StateName": "Pennsylvania", "ProjAbrv": "LC1", "ProjType": "Lambert Conformal Conic, one parallel", "LatOrigin": "40°57'N", "LonOriginE": "282°30'E", "LonOriginW": "77°30'W", "Lat0_deg": 40.95, "Lon0_E_deg": 282.5, "Lon0_W_deg": -77.5, "ProjScale": 0.99993, "SkewAz_deg": -9999, "FalseN_m": 304800.0, "FalseE_m": 762000.0, "FalseN_ift": 1000000.0, "FalseE_ift": 2500000.0, "DesignBy": "NGS", "Ref_frame": "NATRF2022" }, "geometry": { "type": "Polygon", "coordinates": [ [ [ -75.7886, 39.7222 ], [ -75.77379, 39.7222 ], [ -75.75406, 39.75618 ], [ -75.7195, 39.79037 ], [ -75.6666, 39.81996 ], [ -75.64234, 39.82822 ], [ -75.58311, 39.83864 ], [ -75.53498, 39.83853 ], [ -75.48104, 39.82932 ], [ -75.41506, 39.80192 ], [ -75.3544, 39.83992 ], [ -75.33043, 39.84901 ], [ -75.2722, 39.84908 ], [ -75.22137, 39.86154 ], [ -75.19274, 39.87901 ], [ -75.15065, 39.8835 ], [ -75.1373, 39.88997 ], [ -75.12825, 39.91316 ], [ -75.13524, 39.95068 ], [ -75.11949, 39.96537 ], [ -75.0756, 39.97804 ], [ -75.04709, 40.00994 ], [ -75.01324, 40.0203 ], [ -74.96689, 40.05272 ], [ -74.93504, 40.06784 ], [ -74.90732, 40.0708 ], [ -74.85972, 40.08531 ], [ -74.83587, 40.10347 ], [ -74.81548, 40.12769 ], [ -74.78155, 40.12145 ], [ -74.74118, 40.13517 ], [ -74.72437, 40.14641 ], [ -74.72232, 40.16073 ], [ -74.7556, 40.18671 ], [ -74.7714, 40.21514 ], [ -74.84231, 40.25051 ], [ -74.86821, 40.29521 ], [ -74.93971, 40.33801 ], [ -74.9675, 40.39881 ], [ -74.99586, 40.41038 ], [ -75.03178, 40.40481 ], [ -75.06092, 40.42174 ], [ -75.07061, 40.4562 ], [ -75.06276, 40.48003 ], [ -75.06858, 40.54219 ], [ -75.09983, 40.5674 ], [ -75.13499, 40.57566 ], [ -75.17288, 40.56442 ], [ -75.1955, 40.57863 ], [ -75.18969, 40.58767 ], [ -75.20135, 40.61463 ], [ -75.18859, 40.62364 ], [ -75.20045, 40.64922 ], [ -75.1773, 40.6774 ], [ -75.20392, 40.6915 ], [ -75.1828, 40.73365 ], [ -75.19653, 40.75163 ], [ -75.17159, 40.77775 ], [ -75.13911, 40.77361 ], [ -75.1085, 40.79109 ], [ -75.08393, 40.82447 ], [ -75.09757, 40.84097 ], [ -75.09096, 40.84919 ], [ -75.06433, 40.84834 ], [ -75.05366, 40.87366 ], [ -75.07598, 40.89569 ], [ -75.07929, 40.91388 ], [ -75.09553, 40.92415 ], [ -75.13552, 40.97687 ], [ -75.13057, 40.99109 ], [ -75.08449, 41.01592 ], [ -75.02685, 41.03973 ], [ -75.01347, 41.06594 ], [ -74.96912, 41.0868 ], [ -74.96746, 41.09533 ], [ -74.99201, 41.0904 ], [ -74.97998, 41.11051 ], [ -74.96323, 41.11468 ], [ -74.92447, 41.13753 ], [ -74.88233, 41.18082 ], [ -74.85947, 41.21877 ], [ -74.86744, 41.22742 ], [ -74.83779, 41.27801 ], [ -74.79192, 41.31121 ], [ -74.79158, 41.32302 ], [ -74.77266, 41.32478 ], [ -74.7524, 41.34654 ], [ -74.72595, 41.34619 ], [ -74.69558, 41.35761 ], [ -74.6941, 41.37011 ], [ -74.71948, 41.39453 ], [ -74.73601, 41.39833 ], [ -74.74146, 41.43115 ], [ -74.76156, 41.42318 ], [ -74.79423, 41.42285 ], [ -74.81249, 41.4428 ], [ -74.83586, 41.4311 ], [ -74.86314, 41.44439 ], [ -74.89643, 41.44091 ], [ -74.89031, 41.45581 ], [ -74.90954, 41.47324 ], [ -74.94341, 41.48368 ], [ -74.95823, 41.47658 ], [ -74.9818, 41.47995 ], [ -74.98749, 41.50882 ], [ -75.00368, 41.50851 ], [ -75.00321, 41.52348 ], [ -75.0247, 41.54013 ], [ -75.01647, 41.54335 ], [ -75.02843, 41.5646 ], [ -75.07435, 41.60591 ], [ -75.04427, 41.61764 ], [ -75.05021, 41.66253 ], [ -75.05957, 41.67274 ], [ -75.05263, 41.68811 ], [ -75.06892, 41.70979 ], [ -75.04985, 41.71307 ], [ -75.0532, 41.75243 ], [ -75.07577, 41.77167 ], [ -75.1002, 41.76901 ], [ -75.10221, 41.78643 ], [ -75.07907, 41.79704 ], [ -75.07225, 41.81413 ], [ -75.08988, 41.8117 ], [ -75.11268, 41.8224 ], [ -75.11333, 41.84167 ], [ -75.13988, 41.85206 ], [ -75.15765, 41.84869 ], [ -75.17632, 41.87242 ], [ -75.18536, 41.86006 ], [ -75.19917, 41.86916 ], [ -75.22317, 41.85792 ], [ -75.24115, 41.86725 ], [ -75.25758, 41.86196 ], [ -75.25746, 41.87684 ], [ -75.27136, 41.88751 ], [ -75.26773, 41.90787 ], [ -75.27871, 41.93852 ], [ -75.29256, 41.95387 ], [ -75.31753, 41.95358 ], [ -75.34159, 41.97222 ], [ -75.34108, 41.99286 ], [ -75.35964, 41.99955 ], [ -75.76468, 41.99786 ], [ -75.98308, 41.99904 ], [ -76.3041, 41.99832 ], [ -76.44289, 41.99876 ], [ -76.74967, 42.00169 ], [ -76.88876, 42.00188 ], [ -77.10325, 41.99983 ], [ -77.51196, 42.00008 ], [ -77.8298, 41.99829 ], [ -78.12213, 42.00036 ], [ -78.2729, 41.99911 ], [ -78.62288, 41.99998 ], [ -78.85736, 41.99771 ], [ -79.05247, 41.99939 ], [ -79.51099, 41.99836 ], [ -79.76195, 41.99884 ], [ -79.76242, 42.51607 ], [ -80.08022, 42.39416 ], [ -80.51985, 42.32713 ], [ -80.51922, 41.91928 ], [ -80.51899, 40.6388 ], [ -80.51934, 39.7214 ], [ -80.07595, 39.72135 ], [ -79.94067, 39.72067 ], [ -79.47666, 39.72108 ], [ -79.04555, 39.72288 ], [ -78.31441, 39.72286 ], [ -77.92948, 39.72233 ], [ -77.50282, 39.71989 ], [ -77.05791, 39.71995 ], [ -76.58388, 39.7213 ], [ -76.13548, 39.72115 ], [ -75.7886, 39.7222 ] ] ] } },
{ "type": "Feature", "properties": { "fid": 40, "ZoneCode": "440001", "AbrvFull": "RI", "NameFull": "Rhode Island", "ZoneNum": 1, "AbrvPart": null, "NamePart": null, "ZoneType": "Statewide", "StateAbrv": "RI", "StateName": "Rhode Island", "ProjAbrv": "TM", "ProjType": "Transverse Mercator", "LatOrigin": "40°45'N", "LonOriginE": "288°33'E", "LonOriginW": "71°27'W", "Lat0_deg": 40.75, "Lon0_E_deg": 288.55, "Lon0_W_deg": -71.45, "ProjScale": 1.0, "SkewAz_deg": -9999, "FalseN_m": 0.0, "FalseE_m": 190500.0, "FalseN_ift": 0.0, "FalseE_ift": 625000.0, "DesignBy": "NGS", "Ref_frame": "NATRF2022" }, "geometry": { "type": "MultiPolygon", "coordinates": [ [ [ [ -71.67049, 41.1945 ], [ -71.67881, 41.15891 ], [ -71.66834, 41.12825 ], [ -71.6303, 41.10346 ], [ -71.61167, 41.09741 ], [ -71.5693, 41.09718 ], [ -71.52817, 41.10311 ], [ -71.49143, 41.1251 ], [ -71.47692, 41.16816 ], [ -71.48984, 41.1947 ], [ -71.48458, 41.21749 ], [ -71.4922, 41.24088 ], [ -71.51635, 41.27155 ], [ -71.55757, 41.29402 ], [ -71.59159, 41.28932 ], [ -71.6245, 41.27413 ], [ -71.64084, 41.2501 ], [ -71.64301, 41.23132 ], [ -71.67049, 41.1945 ] ] ], [ [ [ -71.08857, 41.43132 ], [ -71.12112, 41.49279 ], [ -71.13162, 41.59372 ], [ -71.14031, 41.60485 ], [ -71.13256, 41.66036 ], [ -71.19548, 41.67509 ], [ -71.26107, 41.75208 ], [ -71.32847, 41.78069 ], [ -71.34754, 41.82325 ], [ -71.33404, 41.8626 ], [ -71.33879, 41.89859 ], [ -71.38146, 41.89355 ], [ -71.3814, 42.0188 ], [ -71.49826, 42.01727 ], [ -71.52758, 42.0151 ], [ -71.79919, 42.00805 ], [ -71.79788, 41.93101 ], [ -71.78725, 41.65607 ], [ -71.79775, 41.41683 ], [ -71.82033, 41.41938 ], [ -71.84203, 41.41071 ], [ -71.83259, 41.38639 ], [ -71.83763, 41.3655 ], [ -71.82936, 41.34243 ], [ -71.85746, 41.32079 ], [ -71.89207, 41.33008 ], [ -71.90726, 41.30448 ], [ -71.79097, 41.1841 ], [ -71.79148, 41.27217 ], [ -71.73956, 41.27545 ], [ -71.67259, 41.28908 ], [ -71.65956, 41.29665 ], [ -71.57525, 41.32096 ], [ -71.52659, 41.3088 ], [ -71.4948, 41.30736 ], [ -71.37449, 41.33901 ], [ -71.24996, 41.37771 ], [ -71.12459, 41.41147 ], [ -71.08857, 41.43132 ] ] ] ] } },
{ "type": "Feature", "properties": { "fid": 41, "ZoneCode": "450001", "AbrvFull": "SC", "NameFull": "South Carolina", "ZoneNum": 1, "AbrvPart": null, "NamePart": null, "ZoneType": "Statewide", "StateAbrv": "SC", "StateName": "South Carolina", "ProjAbrv": "LC1", "ProjType": "Lambert Conformal Conic, one parallel", "LatOrigin": "33°36'N", "LonOriginE": "279°00'E", "LonOriginW": "81°00'W", "Lat0_deg": 33.6, "Lon0_E_deg": 279.0, "Lon0_W_deg": -81.0, "ProjScale": 0.99986, "SkewAz_deg": -9999, "FalseN_m": 342900.0, "FalseE_m": 762000.0, "FalseN_ift": 1125000.0, "FalseE_ift": 2500000.0, "DesignBy": "NGS", "Ref_frame": "NATRF2022" }, "geometry": { "type": "Polygon", "coordinates": [ [ [ -78.4993, 33.81285 ], [ -78.54108, 33.85112 ], [ -78.73483, 34.01603 ], [ -79.24907, 34.44938 ], [ -79.39084, 34.57329 ], [ -79.67649, 34.80507 ], [ -79.93126, 34.80671 ], [ -80.21378, 34.8125 ], [ -80.47201, 34.8166 ], [ -80.79748, 34.8198 ], [ -80.78192, 34.93585 ], [ -80.89322, 35.06274 ], [ -80.93474, 35.10732 ], [ -81.0415, 35.04471 ], [ -81.05767, 35.06187 ], [ -81.05698, 35.08645 ], [ -81.0336, 35.1057 ], [ -81.03876, 35.12545 ], [ -81.05188, 35.1345 ], [ -81.03426, 35.14926 ], [ -81.14751, 35.15596 ], [ -81.30954, 35.16294 ], [ -81.76336, 35.18049 ], [ -82.16142, 35.19342 ], [ -82.29108, 35.20009 ], [ -82.3231, 35.18517 ], [ -82.35964, 35.19249 ], [ -82.36924, 35.18065 ], [ -82.38081, 35.18746 ], [ -82.38393, 35.21085 ], [ -82.41916, 35.19941 ], [ -82.43461, 35.16798 ], [ -82.45732, 35.16392 ], [ -82.45994, 35.17801 ], [ -82.48633, 35.17417 ], [ -82.53591, 35.15448 ], [ -82.54589, 35.16422 ], [ -82.56808, 35.14571 ], [ -82.61171, 35.14 ], [ -82.6276, 35.12634 ], [ -82.67514, 35.11803 ], [ -82.68728, 35.12529 ], [ -82.69854, 35.09533 ], [ -82.72776, 35.09417 ], [ -82.75651, 35.06736 ], [ -82.78173, 35.06531 ], [ -82.78375, 35.08555 ], [ -83.10857, 35.00135 ], [ -83.10861, 35.00066 ], [ -83.09883, 34.99196 ], [ -83.12678, 34.95472 ], [ -83.11175, 34.93496 ], [ -83.12691, 34.93857 ], [ -83.14152, 34.92452 ], [ -83.15897, 34.92914 ], [ -83.20625, 34.87968 ], [ -83.24321, 34.87706 ], [ -83.25099, 34.84434 ], [ -83.2672, 34.84847 ], [ -83.27054, 34.81887 ], [ -83.28865, 34.82467 ], [ -83.30298, 34.8023 ], [ -83.32415, 34.78748 ], [ -83.31902, 34.7711 ], [ -83.32631, 34.75084 ], [ -83.34907, 34.73663 ], [ -83.35269, 34.7169 ], [ -83.3389, 34.68004 ], [ -83.30464, 34.66956 ], [ -83.29318, 34.6543 ], [ -83.25528, 34.6377 ], [ -83.24338, 34.618 ], [ -83.19738, 34.6032 ], [ -83.17258, 34.6078 ], [ -83.14318, 34.5734 ], [ -83.12638, 34.5619 ], [ -83.10305, 34.53297 ], [ -83.07791, 34.52377 ], [ -83.08678, 34.51577 ], [ -83.0587, 34.50358 ], [ -83.03456, 34.48357 ], [ -82.99919, 34.47245 ], [ -82.99068, 34.47997 ], [ -82.92591, 34.48153 ], [ -82.90155, 34.48676 ], [ -82.8644, 34.45979 ], [ -82.83597, 34.38091 ], [ -82.83357, 34.36409 ], [ -82.79431, 34.34013 ], [ -82.78213, 34.29828 ], [ -82.74681, 34.26659 ], [ -82.74058, 34.20727 ], [ -82.71746, 34.15055 ], [ -82.67522, 34.12978 ], [ -82.65873, 34.10377 ], [ -82.64017, 34.08733 ], [ -82.64552, 34.07607 ], [ -82.62791, 34.06419 ], [ -82.59389, 34.02811 ], [ -82.59531, 34.01522 ], [ -82.57533, 33.99056 ], [ -82.57955, 33.97969 ], [ -82.55676, 33.94532 ], [ -82.52451, 33.94336 ], [ -82.49481, 33.91171 ], [ -82.4551, 33.88165 ], [ -82.42281, 33.86376 ], [ -82.40835, 33.86632 ], [ -82.36911, 33.84238 ], [ -82.34693, 33.8343 ], [ -82.30021, 33.80063 ], [ -82.29939, 33.78504 ], [ -82.24747, 33.75259 ], [ -82.23432, 33.69984 ], [ -82.20016, 33.66201 ], [ -82.19658, 33.63058 ], [ -82.17435, 33.61312 ], [ -82.15833, 33.60971 ], [ -82.13352, 33.59054 ], [ -82.10624, 33.59564 ], [ -82.09202, 33.58186 ], [ -82.04633, 33.56383 ], [ -82.00983, 33.53031 ], [ -81.98594, 33.48654 ], [ -81.93414, 33.46834 ], [ -81.91313, 33.43833 ], [ -81.93139, 33.42847 ], [ -81.91022, 33.41457 ], [ -81.94448, 33.40367 ], [ -81.92498, 33.37514 ], [ -81.94614, 33.37094 ], [ -81.90613, 33.32162 ], [ -81.90095, 33.33544 ], [ -81.88144, 33.30284 ], [ -81.86654, 33.31374 ], [ -81.84604, 33.30484 ], [ -81.86334, 33.28984 ], [ -81.84654, 33.28444 ], [ -81.83574, 33.26265 ], [ -81.85282, 33.24854 ], [ -81.80524, 33.21144 ], [ -81.76793, 33.21635 ], [ -81.75693, 33.19785 ], [ -81.76773, 33.18465 ], [ -81.76273, 33.15885 ], [ -81.74383, 33.14145 ], [ -81.70463, 33.11645 ], [ -81.67943, 33.11175 ], [ -81.64543, 33.09405 ], [ -81.61499, 33.09555 ], [ -81.6033, 33.07509 ], [ -81.57833, 33.05894 ], [ -81.51059, 33.02581 ], [ -81.4919, 33.00669 ], [ -81.49877, 33.00016 ], [ -81.49983, 32.96382 ], [ -81.51116, 32.96799 ], [ -81.50272, 32.93869 ], [ -81.4832, 32.9218 ], [ -81.47944, 32.88108 ], [ -81.45135, 32.86858 ], [ -81.45706, 32.85039 ], [ -81.42647, 32.84077 ], [ -81.42062, 32.83122 ], [ -81.42815, 32.80152 ], [ -81.42333, 32.77851 ], [ -81.43194, 32.76891 ], [ -81.41184, 32.76215 ], [ -81.40587, 32.74914 ], [ -81.41854, 32.73259 ], [ -81.41667, 32.71228 ], [ -81.42708, 32.70104 ], [ -81.41054, 32.69251 ], [ -81.39303, 32.65154 ], [ -81.41866, 32.62939 ], [ -81.37888, 32.58891 ], [ -81.35803, 32.58221 ], [ -81.35593, 32.57161 ], [ -81.31912, 32.5596 ], [ -81.28986, 32.56208 ], [ -81.27491, 32.54476 ], [ -81.27952, 32.53623 ], [ -81.25107, 32.51781 ], [ -81.23342, 32.51796 ], [ -81.23311, 32.49807 ], [ -81.20041, 32.46831 ], [ -81.18861, 32.46531 ], [ -81.20847, 32.43618 ], [ -81.20557, 32.42389 ], [ -81.17828, 32.39299 ], [ -81.17379, 32.36268 ], [ -81.14132, 32.35009 ], [ -81.13163, 32.33573 ], [ -81.133, 32.30851 ], [ -81.12263, 32.30699 ], [ -81.11978, 32.28637 ], [ -81.14643, 32.26317 ], [ -81.15577, 32.24579 ], [ -81.11824, 32.1892 ], [ -81.12976, 32.16584 ], [ -81.11733, 32.1462 ], [ -81.11722, 32.1176 ], [ -81.09551, 32.11189 ], [ -81.08827, 32.09993 ], [ -81.03812, 32.08373 ], [ -81.0043, 32.10237 ], [ -80.98351, 32.07955 ], [ -80.95403, 32.07029 ], [ -80.92508, 32.04194 ], [ -80.89028, 32.03556 ], [ -80.85024, 32.04142 ], [ -80.81558, 32.02992 ], [ -80.78296, 31.99595 ], [ -80.78069, 32.01137 ], [ -80.75203, 32.03256 ], [ -80.74167, 32.06437 ], [ -80.7482, 32.08449 ], [ -80.70522, 32.10519 ], [ -80.66472, 32.14261 ], [ -80.63695, 32.14427 ], [ -80.60845, 32.16229 ], [ -80.58498, 32.16259 ], [ -80.54893, 32.19205 ], [ -80.54455, 32.21122 ], [ -80.52382, 32.23459 ], [ -80.45933, 32.26222 ], [ -80.43154, 32.26138 ], [ -80.39233, 32.28032 ], [ -80.37283, 32.31341 ], [ -80.37482, 32.34245 ], [ -80.35746, 32.35053 ], [ -80.33672, 32.38075 ], [ -80.30616, 32.3971 ], [ -80.29408, 32.41852 ], [ -80.26364, 32.42958 ], [ -80.24982, 32.4449 ], [ -80.24307, 32.47245 ], [ -80.19884, 32.49624 ], [ -80.16695, 32.49109 ], [ -80.12146, 32.49919 ], [ -80.095, 32.52387 ], [ -80.08888, 32.54903 ], [ -80.03077, 32.55996 ], [ -80.00572, 32.55439 ], [ -79.979, 32.55807 ], [ -79.91834, 32.60726 ], [ -79.85506, 32.63639 ], [ -79.82806, 32.66478 ], [ -79.79825, 32.67563 ], [ -79.76659, 32.71154 ], [ -79.76007, 32.73826 ], [ -79.69189, 32.75924 ], [ -79.66225, 32.78312 ], [ -79.63782, 32.81638 ], [ -79.61228, 32.82297 ], [ -79.58539, 32.85086 ], [ -79.53469, 32.87001 ], [ -79.49594, 32.93157 ], [ -79.45937, 32.9405 ], [ -79.44018, 32.95892 ], [ -79.41525, 32.95086 ], [ -79.3713, 32.94572 ], [ -79.32226, 32.95608 ], [ -79.30231, 32.98005 ], [ -79.2995, 33.00017 ], [ -79.27898, 33.02846 ], [ -79.27337, 33.04656 ], [ -79.24196, 33.06118 ], [ -79.21554, 33.06425 ], [ -79.18516, 33.09286 ], [ -79.18087, 33.10753 ], [ -79.14052, 33.13962 ], [ -79.11587, 33.14327 ], [ -79.09161, 33.15906 ], [ -79.0776, 33.18865 ], [ -79.08658, 33.21531 ], [ -79.12022, 33.24693 ], [ -79.10892, 33.28316 ], [ -79.09331, 33.30495 ], [ -79.08758, 33.36929 ], [ -79.07123, 33.40097 ], [ -79.0345, 33.45683 ], [ -78.99303, 33.48899 ], [ -78.957, 33.53872 ], [ -78.88741, 33.61198 ], [ -78.82206, 33.67024 ], [ -78.77241, 33.70797 ], [ -78.69138, 33.75529 ], [ -78.63572, 33.77668 ], [ -78.56484, 33.79662 ], [ -78.5332, 33.79948 ], [ -78.4993, 33.81285 ] ] ] } },
{ "type": "Feature", "properties": { "fid": 42, "ZoneCode": "460001", "AbrvFull": "SD", "NameFull": "South Dakota", "ZoneNum": 1, "AbrvPart": null, "NamePart": null, "ZoneType": "Statewide", "StateAbrv": "SD", "StateName": "South Dakota", "ProjAbrv": "LC1", "ProjType": "Lambert Conformal Conic, one parallel", "LatOrigin": "44°15'N", "LonOriginE": "259°45'E", "LonOriginW": "100°15'W", "Lat0_deg": 44.25, "Lon0_E_deg": 259.75, "Lon0_W_deg": -100.25, "ProjScale": 0.99996, "SkewAz_deg": -9999, "FalseN_m": 342900.0, "FalseE_m": 876300.0, "FalseN_ift": 1125000.0, "FalseE_ift": 2875000.0, "DesignBy": "NGS", "Ref_frame": "NATRF2022" }, "geometry": { "type": "Polygon", "coordinates": [ [ [ -96.56367, 45.93525 ], [ -96.71616, 45.93598 ], [ -97.1687, 45.93565 ], [ -97.43088, 45.93599 ], [ -97.48254, 45.93509 ], [ -98.41432, 45.93649 ], [ -98.70436, 45.93865 ], [ -99.04726, 45.93992 ], [ -99.76063, 45.94081 ], [ -100.30816, 45.94326 ], [ -100.72183, 45.94402 ], [ -101.04114, 45.94346 ], [ -101.10724, 45.94407 ], [ -101.7861, 45.94434 ], [ -102.6422, 45.94521 ], [ -102.94207, 45.945 ], [ -103.55731, 45.94536 ], [ -104.04555, 45.94531 ], [ -104.0426, 45.74994 ], [ -104.04081, 45.46261 ], [ -104.03969, 44.99807 ], [ -104.05788, 44.99761 ], [ -104.05591, 44.87499 ], [ -104.05601, 44.59159 ], [ -104.05539, 44.24998 ], [ -104.05449, 44.18038 ], [ -104.05549, 43.85348 ], [ -104.05479, 43.41642 ], [ -104.05303, 43.00059 ], [ -103.65268, 43.0014 ], [ -103.60339, 43.00062 ], [ -103.08428, 43.00078 ], [ -102.86789, 42.99998 ], [ -102.12543, 42.9992 ], [ -101.86276, 42.99937 ], [ -101.71203, 42.99653 ], [ -101.14081, 42.99789 ], [ -100.61395, 42.9982 ], [ -100.51558, 42.99933 ], [ -100.0342, 42.99815 ], [ -99.63593, 42.99783 ], [ -98.49855, 42.99856 ], [ -98.49048, 42.97795 ], [ -98.46736, 42.94756 ], [ -98.43974, 42.9282 ], [ -98.42074, 42.93192 ], [ -98.34241, 42.90085 ], [ -98.32586, 42.8865 ], [ -98.28001, 42.875 ], [ -98.25828, 42.87439 ], [ -98.21983, 42.85316 ], [ -98.17111, 42.83711 ], [ -98.14711, 42.83963 ], [ -98.12922, 42.82106 ], [ -98.063, 42.781 ], [ -98.06036, 42.77333 ], [ -98.01307, 42.76222 ], [ -97.94719, 42.77071 ], [ -97.90506, 42.7988 ], [ -97.88865, 42.81718 ], [ -97.87553, 42.85866 ], [ -97.83139, 42.86896 ], [ -97.77438, 42.84974 ], [ -97.68648, 42.84221 ], [ -97.64681, 42.84738 ], [ -97.60376, 42.85833 ], [ -97.56193, 42.84755 ], [ -97.50485, 42.85848 ], [ -97.48375, 42.85024 ], [ -97.43911, 42.84711 ], [ -97.41707, 42.86592 ], [ -97.37669, 42.8652 ], [ -97.36178, 42.85512 ], [ -97.34118, 42.85588 ], [ -97.30668, 42.8676 ], [ -97.28986, 42.8555 ], [ -97.24856, 42.85539 ], [ -97.21805, 42.84511 ], [ -97.21266, 42.81207 ], [ -97.20043, 42.80549 ], [ -97.15076, 42.79557 ], [ -97.13026, 42.77154 ], [ -97.07185, 42.77231 ], [ -97.02839, 42.76304 ], [ -96.97912, 42.76009 ], [ -96.96175, 42.74168 ], [ -96.96353, 42.72064 ], [ -96.93759, 42.7196 ], [ -96.90792, 42.73386 ], [ -96.80621, 42.70415 ], [ -96.80218, 42.67224 ], [ -96.76406, 42.66198 ], [ -96.72803, 42.66688 ], [ -96.69764, 42.65914 ], [ -96.68908, 42.64408 ], [ -96.70729, 42.62532 ], [ -96.711, 42.60813 ], [ -96.687, 42.57923 ], [ -96.63803, 42.55196 ], [ -96.62596, 42.51358 ], [ -96.60347, 42.50446 ], [ -96.55778, 42.52038 ], [ -96.52509, 42.51018 ], [ -96.50132, 42.48275 ], [ -96.47558, 42.4802 ], [ -96.44548, 42.49063 ], [ -96.47637, 42.49004 ], [ -96.47333, 42.50354 ], [ -96.49357, 42.51563 ], [ -96.47995, 42.52425 ], [ -96.47696, 42.55597 ], [ -96.49726, 42.55698 ], [ -96.48615, 42.57315 ], [ -96.49603, 42.58038 ], [ -96.51514, 42.62823 ], [ -96.538, 42.64691 ], [ -96.53798, 42.65598 ], [ -96.60944, 42.70242 ], [ -96.61919, 42.69981 ], [ -96.62469, 42.72563 ], [ -96.63875, 42.7375 ], [ -96.6256, 42.75443 ], [ -96.63649, 42.76486 ], [ -96.61985, 42.78379 ], [ -96.60501, 42.78301 ], [ -96.57442, 42.83798 ], [ -96.56304, 42.8283 ], [ -96.55604, 42.84877 ], [ -96.54483, 42.85019 ], [ -96.53641, 42.92311 ], [ -96.49898, 42.95777 ], [ -96.52082, 42.97992 ], [ -96.49198, 43.0102 ], [ -96.51395, 43.03008 ], [ -96.51085, 43.04977 ], [ -96.4892, 43.05149 ], [ -96.46074, 43.06434 ], [ -96.46267, 43.08966 ], [ -96.43657, 43.11982 ], [ -96.4506, 43.14252 ], [ -96.46956, 43.15835 ], [ -96.47673, 43.22199 ], [ -96.52141, 43.2185 ], [ -96.55528, 43.22667 ], [ -96.57141, 43.23908 ], [ -96.54953, 43.24837 ], [ -96.58652, 43.27372 ], [ -96.57454, 43.29906 ], [ -96.55308, 43.29284 ], [ -96.53069, 43.29971 ], [ -96.52452, 43.31207 ], [ -96.53319, 43.32871 ], [ -96.52438, 43.34713 ], [ -96.53096, 43.36843 ], [ -96.52135, 43.3757 ], [ -96.52524, 43.39607 ], [ -96.5456, 43.39744 ], [ -96.56826, 43.4169 ], [ -96.57433, 43.43112 ], [ -96.59314, 43.43305 ], [ -96.60255, 43.44925 ], [ -96.5824, 43.46674 ], [ -96.58486, 43.48969 ], [ -96.59919, 43.50046 ], [ -96.45326, 43.50039 ], [ -96.4534, 44.02543 ], [ -96.45227, 44.30212 ], [ -96.45144, 44.80636 ], [ -96.4531, 45.30075 ], [ -96.48906, 45.35707 ], [ -96.52179, 45.37565 ], [ -96.54597, 45.38105 ], [ -96.61975, 45.40888 ], [ -96.68045, 45.4105 ], [ -96.69738, 45.42151 ], [ -96.7314, 45.45702 ], [ -96.76343, 45.52001 ], [ -96.85683, 45.60538 ], [ -96.83865, 45.64751 ], [ -96.75931, 45.68874 ], [ -96.75035, 45.69878 ], [ -96.67266, 45.73234 ], [ -96.65223, 45.74681 ], [ -96.63922, 45.7721 ], [ -96.58308, 45.82002 ], [ -96.57452, 45.84404 ], [ -96.56367, 45.93525 ] ] ] } },
{ "type": "Feature", "properties": { "fid": 43, "ZoneCode": "470001", "AbrvFull": "TN", "NameFull": "Tennessee", "ZoneNum": 1, "AbrvPart": null, "NamePart": null, "ZoneType": "Statewide", "StateAbrv": "TN", "StateName": "Tennessee", "ProjAbrv": "LC1", "ProjType": "Lambert Conformal Conic, one parallel", "LatOrigin": "35°50'N", "LonOriginE": "274°00'E", "LonOriginW": "86°00'W", "Lat0_deg": 35.833333333299997, "Lon0_E_deg": 274.0, "Lon0_W_deg": -86.0, "ProjScale": 0.99999, "SkewAz_deg": -9999, "FalseN_m": 266700.0, "FalseE_m": 800100.0, "FalseN_ift": 875000.0, "FalseE_ift": 2625000.0, "DesignBy": "NGS", "Ref_frame": "NATRF2022" }, "geometry": { "type": "Polygon", "coordinates": [ [ [ -83.67539, 36.60078 ], [ -83.69079, 36.5826 ], [ -83.87403, 36.58593 ], [ -83.99994, 36.58986 ], [ -84.10216, 36.59132 ], [ -84.27154, 36.5917 ], [ -84.40654, 36.59536 ], [ -84.54047, 36.5963 ], [ -84.68545, 36.60136 ], [ -84.83003, 36.60454 ], [ -84.99163, 36.61704 ], [ -85.10924, 36.62289 ], [ -85.27687, 36.62683 ], [ -85.30041, 36.62445 ], [ -85.50151, 36.61486 ], [ -85.83243, 36.6221 ], [ -86.02482, 36.63029 ], [ -86.29311, 36.6453 ], [ -86.33213, 36.6487 ], [ -86.50778, 36.65238 ], [ -86.56391, 36.63356 ], [ -86.58991, 36.65244 ], [ -86.73421, 36.6489 ], [ -86.90106, 36.64649 ], [ -87.07049, 36.64273 ], [ -87.33598, 36.64166 ], [ -87.64775, 36.63803 ], [ -87.85332, 36.63316 ], [ -87.84954, 36.6637 ], [ -88.0122, 36.67719 ], [ -88.07054, 36.67826 ], [ -88.04486, 36.60307 ], [ -88.03267, 36.53699 ], [ -88.03982, 36.50944 ], [ -88.05329, 36.49706 ], [ -88.18325, 36.49944 ], [ -88.77157, 36.50273 ], [ -88.95975, 36.50208 ], [ -89.13706, 36.50394 ], [ -89.30102, 36.50723 ], [ -89.41727, 36.49901 ], [ -89.45351, 36.46179 ], [ -89.47664, 36.45839 ], [ -89.49412, 36.47627 ], [ -89.48543, 36.49749 ], [ -89.53923, 36.49793 ], [ -89.52064, 36.47867 ], [ -89.52727, 36.45155 ], [ -89.54341, 36.43877 ], [ -89.54234, 36.4201 ], [ -89.50972, 36.37363 ], [ -89.519, 36.3486 ], [ -89.53182, 36.33925 ], [ -89.61069, 36.34044 ], [ -89.62025, 36.32301 ], [ -89.61182, 36.30909 ], [ -89.57849, 36.28832 ], [ -89.53644, 36.27283 ], [ -89.53468, 36.25277 ], [ -89.56412, 36.25048 ], [ -89.58733, 36.23948 ], [ -89.61114, 36.23927 ], [ -89.65141, 36.25068 ], [ -89.69523, 36.25277 ], [ -89.70525, 36.23657 ], [ -89.69263, 36.22496 ], [ -89.607, 36.17118 ], [ -89.59221, 36.15012 ], [ -89.59307, 36.1297 ], [ -89.6283, 36.10685 ], [ -89.6666, 36.0958 ], [ -89.68003, 36.08249 ], [ -89.68725, 36.03405 ], [ -89.70693, 36.00098 ], [ -89.73306, 36.00081 ], [ -89.71401, 35.95981 ], [ -89.65027, 35.92766 ], [ -89.641, 35.90355 ], [ -89.64562, 35.88583 ], [ -89.67638, 35.8767 ], [ -89.71635, 35.90706 ], [ -89.74455, 35.9107 ], [ -89.76524, 35.89311 ], [ -89.77427, 35.87082 ], [ -89.76792, 35.86002 ], [ -89.69471, 35.83477 ], [ -89.6965, 35.82058 ], [ -89.72817, 35.8027 ], [ -89.75669, 35.81002 ], [ -89.78166, 35.80523 ], [ -89.79956, 35.78833 ], [ -89.79895, 35.75936 ], [ -89.83872, 35.74213 ], [ -89.85236, 35.75543 ], [ -89.89284, 35.75059 ], [ -89.90746, 35.75929 ], [ -89.93869, 35.74348 ], [ -89.9588, 35.72559 ], [ -89.95584, 35.6904 ], [ -89.93447, 35.66494 ], [ -89.90857, 35.65174 ], [ -89.85832, 35.66872 ], [ -89.85073, 35.65074 ], [ -89.8561, 35.63501 ], [ -89.89026, 35.61642 ], [ -89.91127, 35.61759 ], [ -89.95659, 35.59062 ], [ -89.94225, 35.55714 ], [ -89.91419, 35.54961 ], [ -89.90401, 35.53532 ], [ -89.90893, 35.51424 ], [ -89.92654, 35.51161 ], [ -89.95875, 35.52384 ], [ -89.95972, 35.54266 ], [ -89.98967, 35.56022 ], [ -90.02359, 35.55637 ], [ -90.03988, 35.54742 ], [ -90.05021, 35.51639 ], [ -90.03603, 35.48356 ], [ -90.00721, 35.45425 ], [ -90.00267, 35.42999 ], [ -90.04809, 35.41174 ], [ -90.05432, 35.38928 ], [ -90.06953, 35.40813 ], [ -90.06202, 35.41518 ], [ -90.07413, 35.43957 ], [ -90.06724, 35.46095 ], [ -90.07901, 35.47687 ], [ -90.10784, 35.47684 ], [ -90.12943, 35.44212 ], [ -90.16888, 35.42188 ], [ -90.17934, 35.38531 ], [ -90.16528, 35.37398 ], [ -90.13568, 35.3767 ], [ -90.14535, 35.3926 ], [ -90.14075, 35.40944 ], [ -90.11456, 35.41126 ], [ -90.08087, 35.38601 ], [ -90.07826, 35.37493 ], [ -90.09618, 35.34885 ], [ -90.10997, 35.30499 ], [ -90.16206, 35.29826 ], [ -90.16892, 35.27971 ], [ -90.15526, 35.25898 ], [ -90.13972, 35.2523 ], [ -90.11646, 35.25587 ], [ -90.09434, 35.24879 ], [ -90.07616, 35.22148 ], [ -90.09725, 35.19483 ], [ -90.11616, 35.19846 ], [ -90.11646, 35.18627 ], [ -90.0981, 35.16901 ], [ -90.06824, 35.15567 ], [ -90.06655, 35.13684 ], [ -90.08967, 35.11805 ], [ -90.14086, 35.1329 ], [ -90.16736, 35.12359 ], [ -90.18137, 35.09401 ], [ -90.17524, 35.07355 ], [ -90.18116, 35.05394 ], [ -90.207, 35.02585 ], [ -90.26436, 35.0403 ], [ -90.29697, 35.03818 ], [ -90.30992, 35.00789 ], [ -90.30836, 34.99569 ], [ -89.87836, 34.99433 ], [ -89.61797, 34.99522 ], [ -89.48669, 34.99398 ], [ -88.92524, 34.99484 ], [ -88.46406, 34.9961 ], [ -88.20006, 34.99563 ], [ -88.20296, 35.00803 ], [ -88.00003, 35.00594 ], [ -87.86781, 35.00568 ], [ -87.66226, 35.00354 ], [ -87.42997, 35.00279 ], [ -87.30362, 35.00098 ], [ -86.83631, 34.9919 ], [ -86.70313, 34.99212 ], [ -86.46794, 34.99049 ], [ -86.37432, 34.9917 ], [ -86.24802, 34.99042 ], [ -85.82402, 34.98813 ], [ -85.60516, 34.98468 ], [ -85.46651, 34.98297 ], [ -84.95277, 34.98794 ], [ -84.32182, 34.98841 ], [ -84.29021, 35.22543 ], [ -84.243, 35.25321 ], [ -84.22748, 35.26793 ], [ -84.21139, 35.26562 ], [ -84.19921, 35.24367 ], [ -84.12522, 35.24987 ], [ -84.0975, 35.2476 ], [ -84.08085, 35.26125 ], [ -84.0556, 35.2685 ], [ -84.02149, 35.30108 ], [ -84.03583, 35.3158 ], [ -84.02929, 35.33326 ], [ -84.03839, 35.35092 ], [ -84.02371, 35.35409 ], [ -84.00739, 35.37165 ], [ -84.0083, 35.38973 ], [ -84.02305, 35.41193 ], [ -84.00168, 35.42303 ], [ -83.99178, 35.44067 ], [ -83.96108, 35.46414 ], [ -83.91187, 35.47607 ], [ -83.90147, 35.49655 ], [ -83.88031, 35.51878 ], [ -83.82557, 35.52431 ], [ -83.77059, 35.56174 ], [ -83.72254, 35.56236 ], [ -83.69504, 35.57024 ], [ -83.62947, 35.56817 ], [ -83.6085, 35.58001 ], [ -83.58437, 35.5627 ], [ -83.52197, 35.56559 ], [ -83.49854, 35.56289 ], [ -83.44568, 35.61175 ], [ -83.42204, 35.61105 ], [ -83.36771, 35.63796 ], [ -83.35098, 35.66045 ], [ -83.33466, 35.66566 ], [ -83.31238, 35.65471 ], [ -83.25444, 35.69531 ], [ -83.25414, 35.71753 ], [ -83.24083, 35.72686 ], [ -83.20083, 35.72506 ], [ -83.18514, 35.73075 ], [ -83.16506, 35.7595 ], [ -83.09675, 35.77635 ], [ -83.07874, 35.78959 ], [ -83.03649, 35.78749 ], [ -82.99585, 35.77309 ], [ -82.96282, 35.79565 ], [ -82.93407, 35.83666 ], [ -82.91657, 35.84149 ], [ -82.92083, 35.86818 ], [ -82.89678, 35.87826 ], [ -82.91437, 35.91523 ], [ -82.89905, 35.92961 ], [ -82.89818, 35.94523 ], [ -82.87449, 35.95277 ], [ -82.85203, 35.94933 ], [ -82.82195, 35.92183 ], [ -82.78735, 35.9525 ], [ -82.77504, 35.97197 ], [ -82.78569, 35.97784 ], [ -82.77567, 36.00107 ], [ -82.75444, 36.00439 ], [ -82.68959, 36.03816 ], [ -82.68407, 36.0458 ], [ -82.63723, 36.06582 ], [ -82.61855, 36.04715 ], [ -82.59099, 36.03157 ], [ -82.61382, 36.00492 ], [ -82.60441, 35.98746 ], [ -82.6107, 35.9672 ], [ -82.58046, 35.96525 ], [ -82.55859, 35.95389 ], [ -82.54997, 35.96384 ], [ -82.50518, 35.97755 ], [ -82.46058, 36.00772 ], [ -82.4102, 36.08255 ], [ -82.35568, 36.11514 ], [ -82.33649, 36.11462 ], [ -82.28857, 36.13573 ], [ -82.26392, 36.1273 ], [ -82.24539, 36.1312 ], [ -82.2139, 36.15904 ], [ -82.18352, 36.14383 ], [ -82.14858, 36.14986 ], [ -82.1284, 36.10401 ], [ -82.08003, 36.10643 ], [ -82.05401, 36.12667 ], [ -82.03384, 36.12048 ], [ -81.90817, 36.30197 ], [ -81.87685, 36.31564 ], [ -81.84119, 36.34335 ], [ -81.79308, 36.36241 ], [ -81.79014, 36.34885 ], [ -81.76495, 36.33872 ], [ -81.7362, 36.34291 ], [ -81.70747, 36.33523 ], [ -81.73468, 36.37985 ], [ -81.7416, 36.41259 ], [ -81.72088, 36.42247 ], [ -81.71543, 36.45764 ], [ -81.69461, 36.47337 ], [ -81.69713, 36.50604 ], [ -81.70788, 36.53601 ], [ -81.69979, 36.53673 ], [ -81.69013, 36.56872 ], [ -81.67731, 36.5705 ], [ -81.67749, 36.58814 ], [ -81.6469, 36.61192 ], [ -81.73694, 36.61238 ], [ -81.92264, 36.61621 ], [ -81.93414, 36.59421 ], [ -82.17379, 36.59461 ], [ -82.2142, 36.59585 ], [ -82.46658, 36.59448 ], [ -82.48724, 36.59582 ], [ -82.6226, 36.5938 ], [ -82.88795, 36.59346 ], [ -83.2611, 36.59389 ], [ -83.2763, 36.59819 ], [ -83.49991, 36.59723 ], [ -83.62207, 36.59798 ], [ -83.67539, 36.60078 ] ] ] } },
{ "type": "Feature", "properties": { "fid": 44, "ZoneCode": "480001", "AbrvFull": "TX", "NameFull": "Texas", "ZoneNum": 1, "AbrvPart": null, "NamePart": null, "ZoneType": "Statewide", "StateAbrv": "TX", "StateName": "Texas", "ProjAbrv": "LC1", "ProjType": "Lambert Conformal Conic, one parallel", "LatOrigin": "31°12'N", "LonOriginE": "260°00'E", "LonOriginW": "100°00'W", "Lat0_deg": 31.2, "Lon0_E_deg": 260.0, "Lon0_W_deg": -100.0, "ProjScale": 0.998, "SkewAz_deg": -9999, "FalseN_m": 723900.0, "FalseE_m": 2057400.0, "FalseN_ift": 2375000.0, "FalseE_ift": 6750000.0, "DesignBy": "NGS", "Ref_frame": "NATRF2022" }, "geometry": { "type": "Polygon", "coordinates": [ [ [ -94.4859, 33.63786 ], [ -94.50565, 33.62067 ], [ -94.51747, 33.63306 ], [ -94.52036, 33.61746 ], [ -94.53481, 33.62134 ], [ -94.51853, 33.63757 ], [ -94.52813, 33.64125 ], [ -94.56408, 33.62627 ], [ -94.56856, 33.63692 ], [ -94.54544, 33.64623 ], [ -94.54964, 33.66068 ], [ -94.58005, 33.6445 ], [ -94.59083, 33.64556 ], [ -94.5612, 33.6685 ], [ -94.58078, 33.66639 ], [ -94.58793, 33.68626 ], [ -94.60116, 33.66276 ], [ -94.62684, 33.68204 ], [ -94.6392, 33.66374 ], [ -94.66865, 33.66385 ], [ -94.64534, 33.67364 ], [ -94.66785, 33.69461 ], [ -94.6848, 33.68435 ], [ -94.71834, 33.68866 ], [ -94.70602, 33.70629 ], [ -94.71963, 33.70392 ], [ -94.71953, 33.68886 ], [ -94.73681, 33.69233 ], [ -94.75774, 33.71782 ], [ -94.75137, 33.73373 ], [ -94.77313, 33.72719 ], [ -94.78864, 33.73567 ], [ -94.75812, 33.75654 ], [ -94.77134, 33.76065 ], [ -94.78007, 33.74447 ], [ -94.80225, 33.73279 ], [ -94.82338, 33.76918 ], [ -94.82795, 33.74088 ], [ -94.84931, 33.73959 ], [ -94.87467, 33.74916 ], [ -94.88693, 33.76907 ], [ -94.8982, 33.76902 ], [ -94.92235, 33.79354 ], [ -94.91104, 33.81502 ], [ -94.92657, 33.82634 ], [ -94.92329, 33.80874 ], [ -94.94222, 33.80578 ], [ -94.95352, 33.81648 ], [ -94.94389, 33.83023 ], [ -94.9644, 33.83702 ], [ -94.96889, 33.86091 ], [ -94.99216, 33.85203 ], [ -95.04902, 33.86409 ], [ -95.0601, 33.90187 ], [ -95.07558, 33.90122 ], [ -95.08241, 33.87988 ], [ -95.1, 33.89679 ], [ -95.07974, 33.9086 ], [ -95.08245, 33.92174 ], [ -95.11315, 33.90449 ], [ -95.13164, 33.91603 ], [ -95.12957, 33.93672 ], [ -95.15714, 33.93673 ], [ -95.17164, 33.94677 ], [ -95.21668, 33.96265 ], [ -95.25088, 33.93606 ], [ -95.24763, 33.91474 ], [ -95.26136, 33.88772 ], [ -95.26976, 33.91146 ], [ -95.28553, 33.90366 ], [ -95.28072, 33.87549 ], [ -95.29414, 33.87277 ], [ -95.32994, 33.88633 ], [ -95.3357, 33.87425 ], [ -95.36321, 33.86681 ], [ -95.43865, 33.86629 ], [ -95.46334, 33.8724 ], [ -95.45973, 33.88665 ], [ -95.49204, 33.87494 ], [ -95.50578, 33.87639 ], [ -95.51144, 33.8973 ], [ -95.5338, 33.88115 ], [ -95.55122, 33.88971 ], [ -95.54791, 33.90014 ], [ -95.55771, 33.93035 ], [ -95.59752, 33.94234 ], [ -95.61637, 33.92763 ], [ -95.62732, 33.90781 ], [ -95.66863, 33.907 ], [ -95.68888, 33.88849 ], [ -95.71218, 33.88552 ], [ -95.73318, 33.89645 ], [ -95.75661, 33.89203 ], [ -95.76152, 33.87312 ], [ -95.75142, 33.86068 ], [ -95.77024, 33.8452 ], [ -95.79487, 33.85961 ], [ -95.81572, 33.85982 ], [ -95.83041, 33.83479 ], [ -95.86719, 33.85129 ], [ -95.92478, 33.88484 ], [ -95.94249, 33.86097 ], [ -95.98486, 33.85249 ], [ -95.98493, 33.86581 ], [ -96.00292, 33.87359 ], [ -95.99835, 33.85105 ], [ -96.02062, 33.84063 ], [ -96.02697, 33.85747 ], [ -96.04883, 33.83647 ], [ -96.10147, 33.84671 ], [ -96.09936, 33.83047 ], [ -96.12295, 33.83996 ], [ -96.14923, 33.83709 ], [ -96.16979, 33.76915 ], [ -96.17985, 33.75962 ], [ -96.22052, 33.74739 ], [ -96.2638, 33.76752 ], [ -96.29036, 33.77083 ], [ -96.30608, 33.74431 ], [ -96.30636, 33.72306 ], [ -96.31876, 33.69675 ], [ -96.34686, 33.68622 ], [ -96.35937, 33.68943 ], [ -96.37085, 33.718 ], [ -96.41292, 33.75691 ], [ -96.43022, 33.77865 ], [ -96.50098, 33.7728 ], [ -96.51658, 33.78828 ], [ -96.51742, 33.80585 ], [ -96.53249, 33.82303 ], [ -96.57315, 33.81918 ], [ -96.62315, 33.8415 ], [ -96.62975, 33.85086 ], [ -96.58536, 33.88895 ], [ -96.59217, 33.89551 ], [ -96.62829, 33.89448 ], [ -96.6599, 33.91667 ], [ -96.67345, 33.91228 ], [ -96.69071, 33.84996 ], [ -96.71373, 33.83133 ], [ -96.76159, 33.82441 ], [ -96.76938, 33.82748 ], [ -96.77959, 33.85794 ], [ -96.79428, 33.86889 ], [ -96.83216, 33.87484 ], [ -96.85059, 33.84721 ], [ -96.88301, 33.86802 ], [ -96.89573, 33.89641 ], [ -96.90525, 33.94722 ], [ -96.92427, 33.95916 ], [ -96.97381, 33.9357 ], [ -96.97941, 33.95618 ], [ -96.99625, 33.94266 ], [ -96.98381, 33.89319 ], [ -96.99709, 33.87102 ], [ -97.02144, 33.84638 ], [ -97.04104, 33.83762 ], [ -97.06954, 33.86037 ], [ -97.09011, 33.84396 ], [ -97.0576, 33.83651 ], [ -97.04832, 33.81727 ], [ -97.09265, 33.8042 ], [ -97.08519, 33.76474 ], [ -97.09564, 33.72922 ], [ -97.12358, 33.71704 ], [ -97.15437, 33.72409 ], [ -97.19297, 33.76078 ], [ -97.1904, 33.78115 ], [ -97.20483, 33.79991 ], [ -97.19468, 33.83119 ], [ -97.16682, 33.8404 ], [ -97.18546, 33.9007 ], [ -97.2126, 33.9159 ], [ -97.24505, 33.90322 ], [ -97.25564, 33.8637 ], [ -97.27287, 33.86167 ], [ -97.30763, 33.88801 ], [ -97.31425, 33.86699 ], [ -97.32873, 33.85543 ], [ -97.33188, 33.88448 ], [ -97.35733, 33.83137 ], [ -97.37469, 33.81855 ], [ -97.4268, 33.81864 ], [ -97.44488, 33.82405 ], [ -97.4632, 33.84309 ], [ -97.45218, 33.86896 ], [ -97.45106, 33.89168 ], [ -97.46142, 33.90523 ], [ -97.50093, 33.91954 ], [ -97.55827, 33.8971 ], [ -97.58925, 33.90392 ], [ -97.59698, 33.92023 ], [ -97.58883, 33.95188 ], [ -97.60909, 33.96809 ], [ -97.66149, 33.99082 ], [ -97.68769, 33.98718 ], [ -97.70954, 33.95488 ], [ -97.73222, 33.93668 ], [ -97.76304, 33.93415 ], [ -97.7594, 33.91882 ], [ -97.78613, 33.91342 ], [ -97.78466, 33.89063 ], [ -97.80174, 33.89515 ], [ -97.8335, 33.8581 ], [ -97.87818, 33.85053 ], [ -97.93967, 33.87945 ], [ -97.95706, 33.87877 ], [ -97.98437, 33.89802 ], [ -97.97998, 33.9114 ], [ -97.95715, 33.91445 ], [ -97.95551, 33.93819 ], [ -97.97117, 33.93713 ], [ -97.96104, 33.9511 ], [ -97.9468, 33.99089 ], [ -97.97417, 34.00672 ], [ -97.98739, 33.99982 ], [ -98.04112, 33.99346 ], [ -98.08443, 34.00289 ], [ -98.08402, 34.01437 ], [ -98.10362, 34.02921 ], [ -98.08384, 34.04172 ], [ -98.10063, 34.04998 ], [ -98.12021, 34.07213 ], [ -98.08975, 34.12821 ], [ -98.10194, 34.14683 ], [ -98.12338, 34.15454 ], [ -98.16879, 34.11426 ], [ -98.20007, 34.11678 ], [ -98.23247, 34.13464 ], [ -98.25647, 34.12948 ], [ -98.30021, 34.13458 ], [ -98.32258, 34.14972 ], [ -98.36402, 34.15711 ], [ -98.38708, 34.14091 ], [ -98.37976, 34.13117 ], [ -98.39844, 34.12846 ], [ -98.39839, 34.10457 ], [ -98.4188, 34.08266 ], [ -98.44281, 34.08314 ], [ -98.48633, 34.0626 ], [ -98.50415, 34.07229 ], [ -98.53626, 34.10735 ], [ -98.56098, 34.12392 ], [ -98.57736, 34.1491 ], [ -98.6031, 34.1605 ], [ -98.61935, 34.15667 ], [ -98.64807, 34.16444 ], [ -98.69007, 34.13316 ], [ -98.73547, 34.13521 ], [ -98.75745, 34.12471 ], [ -98.76667, 34.13683 ], [ -98.83111, 34.16215 ], [ -98.85732, 34.16109 ], [ -98.86012, 34.14991 ], [ -98.88711, 34.16826 ], [ -98.9207, 34.18344 ], [ -98.95128, 34.21219 ], [ -98.96574, 34.20147 ], [ -98.9917, 34.22143 ], [ -99.01296, 34.20319 ], [ -99.03734, 34.20645 ], [ -99.04336, 34.19824 ], [ -99.06633, 34.20843 ], [ -99.09527, 34.21184 ], [ -99.121, 34.20185 ], [ -99.13755, 34.21935 ], [ -99.15657, 34.20717 ], [ -99.18978, 34.21436 ], [ -99.19925, 34.26079 ], [ -99.19555, 34.28128 ], [ -99.20777, 34.28382 ], [ -99.21316, 34.30848 ], [ -99.21072, 34.33734 ], [ -99.2343, 34.34045 ], [ -99.24285, 34.37268 ], [ -99.2753, 34.38614 ], [ -99.26127, 34.40351 ], [ -99.27883, 34.40027 ], [ -99.28791, 34.41403 ], [ -99.32007, 34.40927 ], [ -99.3287, 34.42238 ], [ -99.3569, 34.44208 ], [ -99.35897, 34.45581 ], [ -99.37555, 34.45879 ], [ -99.39519, 34.44203 ], [ -99.39675, 34.41721 ], [ -99.38718, 34.41084 ], [ -99.39873, 34.37583 ], [ -99.4275, 34.38514 ], [ -99.43346, 34.37022 ], [ -99.46638, 34.3959 ], [ -99.48722, 34.39796 ], [ -99.51762, 34.41449 ], [ -99.57976, 34.41693 ], [ -99.58621, 34.3874 ], [ -99.60003, 34.37469 ], [ -99.6242, 34.37358 ], [ -99.64814, 34.38231 ], [ -99.66395, 34.37368 ], [ -99.69453, 34.37822 ], [ -99.72703, 34.41055 ], [ -99.75345, 34.42085 ], [ -99.7656, 34.43749 ], [ -99.78376, 34.44501 ], [ -99.81431, 34.4762 ], [ -99.81672, 34.48972 ], [ -99.85305, 34.51159 ], [ -99.88874, 34.55045 ], [ -99.92321, 34.57455 ], [ -99.95382, 34.57853 ], [ -99.97101, 34.5625 ], [ -100.00028, 34.56045 ], [ -100.00041, 36.4997 ], [ -100.27671, 36.49988 ], [ -100.4952, 36.49929 ], [ -100.97383, 36.4999 ], [ -101.37544, 36.49934 ], [ -102.03233, 36.50026 ], [ -103.00236, 36.50055 ], [ -103.04171, 36.50044 ], [ -103.04086, 35.95727 ], [ -103.04252, 35.21433 ], [ -103.04269, 34.91396 ], [ -103.04387, 34.22127 ], [ -103.04365, 34.00364 ], [ -103.06462, 32.9999 ], [ -103.06451, 32.00042 ], [ -104.10098, 31.99997 ], [ -104.75456, 32.00053 ], [ -104.77211, 31.99749 ], [ -104.84774, 32.00042 ], [ -105.24519, 32.00021 ], [ -106.0829, 32.00265 ], [ -106.61849, 32.0005 ], [ -106.63954, 31.98034 ], [ -106.61957, 31.97158 ], [ -106.62212, 31.93662 ], [ -106.62974, 31.92657 ], [ -106.61286, 31.92037 ], [ -106.64006, 31.90527 ], [ -106.63069, 31.88641 ], [ -106.63592, 31.86623 ], [ -106.61479, 31.84641 ], [ -106.60169, 31.84437 ], [ -106.6053, 31.82772 ], [ -106.57724, 31.81041 ], [ -106.54714, 31.8073 ], [ -106.52805, 31.78389 ], [ -106.49055, 31.74892 ], [ -106.47321, 31.75049 ], [ -106.45143, 31.76443 ], [ -106.4173, 31.75159 ], [ -106.38107, 31.73208 ], [ -106.37404, 31.71485 ], [ -106.34956, 31.69671 ], [ -106.33472, 31.66411 ], [ -106.30794, 31.62952 ], [ -106.28014, 31.56146 ], [ -106.24485, 31.53796 ], [ -106.21962, 31.48156 ], [ -106.20012, 31.46241 ], [ -106.17239, 31.45308 ], [ -106.13229, 31.42508 ], [ -106.11011, 31.42302 ], [ -106.07531, 31.39762 ], [ -106.00692, 31.39282 ], [ -105.96928, 31.3657 ], [ -105.95354, 31.3645 ], [ -105.94752, 31.33898 ], [ -105.93158, 31.31278 ], [ -105.90863, 31.31275 ], [ -105.89511, 31.29131 ], [ -105.86929, 31.28896 ], [ -105.83475, 31.24591 ], [ -105.79429, 31.20229 ], [ -105.78331, 31.19811 ], [ -105.77403, 31.16847 ], [ -105.74128, 31.1642 ], [ -105.7084, 31.13593 ], [ -105.64884, 31.11588 ], [ -105.64268, 31.09958 ], [ -105.60644, 31.08528 ], [ -105.58499, 31.05696 ], [ -105.57739, 31.01967 ], [ -105.55723, 30.98967 ], [ -105.53268, 30.9847 ], [ -105.51558, 30.96487 ], [ -105.5023, 30.96789 ], [ -105.49898, 30.95083 ], [ -105.45142, 30.92468 ], [ -105.44184, 30.90886 ], [ -105.4138, 30.89957 ], [ -105.39363, 30.87638 ], [ -105.39589, 30.8493 ], [ -105.36204, 30.85055 ], [ -105.35141, 30.83563 ], [ -105.33917, 30.84041 ], [ -105.31906, 30.8289 ], [ -105.30615, 30.80984 ], [ -105.2898, 30.82469 ], [ -105.25794, 30.79471 ], [ -105.21511, 30.80593 ], [ -105.21169, 30.78177 ], [ -105.196, 30.79198 ], [ -105.17431, 30.76737 ], [ -105.15612, 30.76958 ], [ -105.16151, 30.7522 ], [ -105.11829, 30.74973 ], [ -105.09818, 30.71648 ], [ -105.06823, 30.7037 ], [ -105.06249, 30.68653 ], [ -105.03196, 30.68099 ], [ -105.0078, 30.68622 ], [ -104.98611, 30.66277 ], [ -104.98383, 30.63481 ], [ -104.97141, 30.60985 ], [ -104.92993, 30.5992 ], [ -104.89905, 30.57077 ], [ -104.8877, 30.54673 ], [ -104.86022, 30.43991 ], [ -104.8613, 30.42612 ], [ -104.84763, 30.41398 ], [ -104.8594, 30.39113 ], [ -104.83744, 30.37385 ], [ -104.81642, 30.37519 ], [ -104.8114, 30.3327 ], [ -104.79726, 30.33035 ], [ -104.76144, 30.30082 ], [ -104.76017, 30.27167 ], [ -104.73372, 30.2614 ], [ -104.70625, 30.23481 ], [ -104.71033, 30.22129 ], [ -104.68708, 30.17934 ], [ -104.69658, 30.13487 ], [ -104.69438, 30.10189 ], [ -104.68583, 30.08206 ], [ -104.70725, 30.05013 ], [ -104.69567, 30.03766 ], [ -104.68066, 29.9772 ], [ -104.6852, 29.95723 ], [ -104.67318, 29.95456 ], [ -104.68327, 29.92911 ], [ -104.67487, 29.91094 ], [ -104.65716, 29.90603 ], [ -104.64587, 29.87832 ], [ -104.63393, 29.87121 ], [ -104.62225, 29.84188 ], [ -104.60953, 29.83986 ], [ -104.59509, 29.80546 ], [ -104.56593, 29.77147 ], [ -104.56911, 29.75166 ], [ -104.55006, 29.73823 ], [ -104.55167, 29.71641 ], [ -104.54383, 29.6963 ], [ -104.53062, 29.69107 ], [ -104.5442, 29.68127 ], [ -104.52498, 29.66597 ], [ -104.50766, 29.63228 ], [ -104.498, 29.6397 ], [ -104.47733, 29.62862 ], [ -104.46675, 29.60939 ], [ -104.39892, 29.5719 ], [ -104.39488, 29.55628 ], [ -104.3382, 29.52018 ], [ -104.31107, 29.52315 ], [ -104.26217, 29.5135 ], [ -104.235, 29.49578 ], [ -104.2307, 29.47867 ], [ -104.20892, 29.48073 ], [ -104.21117, 29.44976 ], [ -104.19464, 29.44199 ], [ -104.16941, 29.4078 ], [ -104.14116, 29.37782 ], [ -104.10687, 29.37344 ], [ -104.08226, 29.34606 ], [ -104.02022, 29.31205 ], [ -103.97581, 29.29625 ], [ -103.96806, 29.3 ], [ -103.91889, 29.28484 ], [ -103.8986, 29.28707 ], [ -103.81337, 29.27397 ], [ -103.79936, 29.25844 ], [ -103.7828, 29.26405 ], [ -103.77507, 29.24795 ], [ -103.78203, 29.22726 ], [ -103.76959, 29.22041 ], [ -103.74326, 29.22215 ], [ -103.74254, 29.20901 ], [ -103.71856, 29.18083 ], [ -103.70373, 29.18442 ], [ -103.65671, 29.16936 ], [ -103.64756, 29.1571 ], [ -103.61124, 29.16537 ], [ -103.59628, 29.15192 ], [ -103.55687, 29.1555 ], [ -103.52321, 29.13578 ], [ -103.52385, 29.12125 ], [ -103.50093, 29.11654 ], [ -103.46994, 29.08532 ], [ -103.47011, 29.06619 ], [ -103.44993, 29.07271 ], [ -103.43132, 29.04305 ], [ -103.38774, 29.03302 ], [ -103.3865, 29.02165 ], [ -103.3539, 29.02223 ], [ -103.3449, 29.04516 ], [ -103.32725, 29.03272 ], [ -103.34201, 29.02844 ], [ -103.32636, 29.01632 ], [ -103.28616, 29.00026 ], [ -103.27934, 28.977 ], [ -103.26573, 28.99567 ], [ -103.25042, 28.98043 ], [ -103.22789, 28.99186 ], [ -103.17082, 28.98057 ], [ -103.1539, 28.97161 ], [ -103.11851, 28.98372 ], [ -103.11748, 28.99777 ], [ -103.09785, 29.02704 ], [ -103.10651, 29.03818 ], [ -103.10013, 29.06068 ], [ -103.07652, 29.07913 ], [ -103.08018, 29.08744 ], [ -103.05389, 29.10075 ], [ -103.03388, 29.10097 ], [ -103.03566, 29.11422 ], [ -103.01177, 29.12693 ], [ -102.9979, 29.17512 ], [ -102.97357, 29.18581 ], [ -102.95279, 29.17394 ], [ -102.93297, 29.19451 ], [ -102.91782, 29.19089 ], [ -102.90933, 29.21979 ], [ -102.89949, 29.20946 ], [ -102.86747, 29.22388 ], [ -102.87103, 29.24071 ], [ -102.90638, 29.26206 ], [ -102.90235, 29.28013 ], [ -102.88818, 29.29336 ], [ -102.89297, 29.30915 ], [ -102.87773, 29.3548 ], [ -102.83937, 29.35892 ], [ -102.84519, 29.37367 ], [ -102.82561, 29.39695 ], [ -102.83068, 29.44478 ], [ -102.80721, 29.49405 ], [ -102.80819, 29.52312 ], [ -102.79244, 29.54177 ], [ -102.77111, 29.54903 ], [ -102.77387, 29.57312 ], [ -102.76219, 29.58011 ], [ -102.76864, 29.59468 ], [ -102.74015, 29.59817 ], [ -102.73451, 29.64214 ], [ -102.69354, 29.67696 ], [ -102.69944, 29.685 ], [ -102.68903, 29.70504 ], [ -102.69137, 29.72137 ], [ -102.66871, 29.74611 ], [ -102.66405, 29.73667 ], [ -102.62279, 29.73634 ], [ -102.61496, 29.74665 ], [ -102.57209, 29.75747 ], [ -102.5657, 29.77093 ], [ -102.54798, 29.74464 ], [ -102.513, 29.76657 ], [ -102.51494, 29.7843 ], [ -102.48725, 29.78659 ], [ -102.48093, 29.77617 ], [ -102.43423, 29.77695 ], [ -102.38754, 29.76131 ], [ -102.38967, 29.7826 ], [ -102.36293, 29.83149 ], [ -102.36467, 29.84445 ], [ -102.34161, 29.86905 ], [ -102.32271, 29.86566 ], [ -102.32027, 29.8793 ], [ -102.3, 29.87737 ], [ -102.27708, 29.86278 ], [ -102.24941, 29.86381 ], [ -102.24531, 29.8504 ], [ -102.19926, 29.83668 ], [ -102.18894, 29.84881 ], [ -102.18134, 29.83083 ], [ -102.14357, 29.80332 ], [ -102.11975, 29.80248 ], [ -102.11672, 29.79304 ], [ -102.08438, 29.79506 ], [ -102.04902, 29.78567 ], [ -102.03582, 29.80406 ], [ -102.01446, 29.79764 ], [ -102.00066, 29.8052 ], [ -101.9843, 29.79926 ], [ -101.98157, 29.81502 ], [ -101.95548, 29.79533 ], [ -101.94589, 29.80176 ], [ -101.92491, 29.78403 ], [ -101.91048, 29.79829 ], [ -101.87577, 29.7938 ], [ -101.84983, 29.80728 ], [ -101.83759, 29.79336 ], [ -101.81869, 29.7915 ], [ -101.82506, 29.80826 ], [ -101.80361, 29.80345 ], [ -101.81081, 29.78363 ], [ -101.78853, 29.77927 ], [ -101.78277, 29.78932 ], [ -101.73335, 29.77118 ], [ -101.71973, 29.77574 ], [ -101.71206, 29.76278 ], [ -101.69011, 29.77105 ], [ -101.68144, 29.76078 ], [ -101.66299, 29.77106 ], [ -101.64694, 29.75457 ], [ -101.62966, 29.76917 ], [ -101.60665, 29.77411 ], [ -101.57581, 29.76932 ], [ -101.56775, 29.79873 ], [ -101.5419, 29.81078 ], [ -101.53501, 29.79768 ], [ -101.53919, 29.76177 ], [ -101.50039, 29.76587 ], [ -101.47886, 29.78409 ], [ -101.4558, 29.78805 ], [ -101.44888, 29.7507 ], [ -101.41093, 29.77015 ], [ -101.40015, 29.76008 ], [ -101.41558, 29.74653 ], [ -101.39701, 29.73396 ], [ -101.39836, 29.717 ], [ -101.37539, 29.70181 ], [ -101.36322, 29.65264 ], [ -101.34786, 29.66221 ], [ -101.31413, 29.65905 ], [ -101.30003, 29.6407 ], [ -101.31171, 29.61537 ], [ -101.31164, 29.58513 ], [ -101.29096, 29.57154 ], [ -101.27788, 29.59081 ], [ -101.27876, 29.61947 ], [ -101.26223, 29.63061 ], [ -101.24733, 29.61848 ], [ -101.2523, 29.60417 ], [ -101.24103, 29.56503 ], [ -101.26118, 29.53678 ], [ -101.25489, 29.52034 ], [ -101.23527, 29.52485 ], [ -101.17382, 29.51457 ], [ -101.15188, 29.47701 ], [ -101.13004, 29.47842 ], [ -101.11525, 29.46846 ], [ -101.08715, 29.46941 ], [ -101.06015, 29.45866 ], [ -101.05696, 29.44077 ], [ -101.04336, 29.42988 ], [ -101.0366, 29.40611 ], [ -101.02026, 29.39225 ], [ -101.00395, 29.3647 ], [ -100.95073, 29.34771 ], [ -100.94126, 29.33393 ], [ -100.90642, 29.31303 ], [ -100.88684, 29.30785 ], [ -100.87813, 29.28086 ], [ -100.85639, 29.27575 ], [ -100.79472, 29.24229 ], [ -100.766, 29.18585 ], [ -100.7759, 29.17334 ], [ -100.73779, 29.13908 ], [ -100.6752, 29.10074 ], [ -100.66402, 29.07416 ], [ -100.66321, 29.04804 ], [ -100.64589, 28.98642 ], [ -100.65154, 28.94558 ], [ -100.62348, 28.9096 ], [ -100.60075, 28.90008 ], [ -100.60384, 28.88839 ], [ -100.59104, 28.86305 ], [ -100.57299, 28.84846 ], [ -100.57047, 28.82604 ], [ -100.54658, 28.82492 ], [ -100.53243, 28.79106 ], [ -100.53355, 28.76108 ], [ -100.50761, 28.7406 ], [ -100.51053, 28.69267 ], [ -100.50035, 28.66196 ], [ -100.46207, 28.64111 ], [ -100.44575, 28.64063 ], [ -100.4476, 28.61007 ], [ -100.43187, 28.59784 ], [ -100.39846, 28.58517 ], [ -100.41139, 28.55196 ], [ -100.38696, 28.51402 ], [ -100.33474, 28.50026 ], [ -100.34418, 28.48625 ], [ -100.3682, 28.47891 ], [ -100.34153, 28.44957 ], [ -100.33619, 28.43018 ], [ -100.34945, 28.40371 ], [ -100.34187, 28.38495 ], [ -100.28864, 28.31698 ], [ -100.29347, 28.27847 ], [ -100.25779, 28.24034 ], [ -100.22363, 28.23522 ], [ -100.21131, 28.1939 ], [ -100.17441, 28.17945 ], [ -100.15919, 28.16765 ], [ -100.1411, 28.16815 ], [ -100.11963, 28.15559 ], [ -100.0869, 28.14678 ], [ -100.05312, 28.08473 ], [ -100.01895, 28.06644 ], [ -100.00615, 28.01842 ], [ -99.98976, 27.99288 ], [ -99.96277, 27.98354 ], [ -99.93181, 27.98097 ], [ -99.93714, 27.94054 ], [ -99.91746, 27.91797 ], [ -99.90008, 27.91214 ], [ -99.89409, 27.89297 ], [ -99.90149, 27.86416 ], [ -99.88133, 27.84955 ], [ -99.87229, 27.79526 ], [ -99.84966, 27.79246 ], [ -99.83305, 27.76289 ], [ -99.81312, 27.774 ], [ -99.80165, 27.74177 ], [ -99.79153, 27.73186 ], [ -99.77074, 27.73213 ], [ -99.73846, 27.69311 ], [ -99.72152, 27.66616 ], [ -99.7046, 27.65495 ], [ -99.69125, 27.66873 ], [ -99.65807, 27.648 ], [ -99.66611, 27.63609 ], [ -99.63893, 27.62676 ], [ -99.6214, 27.64376 ], [ -99.59404, 27.63857 ], [ -99.57764, 27.6186 ], [ -99.57863, 27.60229 ], [ -99.55494, 27.61446 ], [ -99.54189, 27.606 ], [ -99.52971, 27.57976 ], [ -99.51105, 27.56451 ], [ -99.52192, 27.54409 ], [ -99.52839, 27.49855 ], [ -99.49683, 27.50011 ], [ -99.47925, 27.47864 ], [ -99.4951, 27.45152 ], [ -99.48776, 27.4134 ], [ -99.49214, 27.38052 ], [ -99.50798, 27.35301 ], [ -99.5044, 27.3399 ], [ -99.53803, 27.31709 ], [ -99.52965, 27.30605 ], [ -99.49502, 27.30394 ], [ -99.4878, 27.2887 ], [ -99.4965, 27.27339 ], [ -99.48039, 27.26014 ], [ -99.46582, 27.26797 ], [ -99.44154, 27.24992 ], [ -99.44329, 27.21941 ], [ -99.43259, 27.2097 ], [ -99.42642, 27.17829 ], [ -99.43984, 27.15158 ], [ -99.43067, 27.12531 ], [ -99.44204, 27.10597 ], [ -99.43027, 27.09487 ], [ -99.43447, 27.07852 ], [ -99.45103, 27.06677 ], [ -99.44612, 27.02305 ], [ -99.43018, 27.01054 ], [ -99.41548, 27.01724 ], [ -99.40369, 26.99736 ], [ -99.37731, 26.97382 ], [ -99.39295, 26.9638 ], [ -99.38825, 26.94422 ], [ -99.36705, 26.92903 ], [ -99.3373, 26.92276 ], [ -99.32182, 26.90685 ], [ -99.3289, 26.88022 ], [ -99.31675, 26.86583 ], [ -99.29515, 26.86544 ], [ -99.26861, 26.84321 ], [ -99.26221, 26.81567 ], [ -99.24244, 26.78826 ], [ -99.24002, 26.74585 ], [ -99.20891, 26.72476 ], [ -99.20995, 26.69394 ], [ -99.20024, 26.65582 ], [ -99.17806, 26.62055 ], [ -99.16736, 26.55927 ], [ -99.16674, 26.53608 ], [ -99.12838, 26.5255 ], [ -99.10485, 26.50038 ], [ -99.09198, 26.47238 ], [ -99.11085, 26.42628 ], [ -99.08201, 26.39667 ], [ -99.06211, 26.39739 ], [ -99.03706, 26.4136 ], [ -99.01064, 26.39214 ], [ -98.9872, 26.3922 ], [ -98.97416, 26.40115 ], [ -98.95297, 26.39093 ], [ -98.95585, 26.37698 ], [ -98.93616, 26.37153 ], [ -98.92928, 26.39336 ], [ -98.91738, 26.37447 ], [ -98.90168, 26.37123 ], [ -98.89569, 26.35349 ], [ -98.86191, 26.36599 ], [ -98.84156, 26.35894 ], [ -98.82045, 26.371 ], [ -98.79821, 26.36017 ], [ -98.78895, 26.33043 ], [ -98.74947, 26.32999 ], [ -98.73847, 26.3037 ], [ -98.71822, 26.28725 ], [ -98.70177, 26.28614 ], [ -98.71841, 26.27142 ], [ -98.68504, 26.26462 ], [ -98.67656, 26.24156 ], [ -98.66463, 26.23535 ], [ -98.58388, 26.25701 ], [ -98.57984, 26.23478 ], [ -98.56739, 26.24162 ], [ -98.56455, 26.22688 ], [ -98.54655, 26.23551 ], [ -98.52428, 26.22125 ], [ -98.50108, 26.22135 ], [ -98.50377, 26.2088 ], [ -98.48431, 26.21171 ], [ -98.46271, 26.2258 ], [ -98.44522, 26.22457 ], [ -98.44228, 26.19891 ], [ -98.40443, 26.18256 ], [ -98.38669, 26.15787 ], [ -98.3686, 26.15709 ], [ -98.36064, 26.17254 ], [ -98.35311, 26.15139 ], [ -98.34752, 26.164 ], [ -98.32487, 26.12231 ], [ -98.30945, 26.113 ], [ -98.2669, 26.12087 ], [ -98.26994, 26.1075 ], [ -98.28853, 26.10531 ], [ -98.24874, 26.07204 ], [ -98.22122, 26.07661 ], [ -98.1923, 26.05345 ], [ -98.1759, 26.07492 ], [ -98.14778, 26.04964 ], [ -98.13017, 26.07432 ], [ -98.12687, 26.06185 ], [ -98.10381, 26.06709 ], [ -98.09443, 26.05863 ], [ -98.07909, 26.07051 ], [ -98.06509, 26.04483 ], [ -98.03924, 26.04128 ], [ -98.03149, 26.06422 ], [ -98.01119, 26.05658 ], [ -97.9873, 26.06572 ], [ -97.96607, 26.05194 ], [ -97.95117, 26.06196 ], [ -97.93792, 26.05352 ], [ -97.89365, 26.06017 ], [ -97.88765, 26.06644 ], [ -97.8605, 26.05292 ], [ -97.7899, 26.05117 ], [ -97.79726, 26.03944 ], [ -97.77728, 26.02933 ], [ -97.76261, 26.04062 ], [ -97.76158, 26.02579 ], [ -97.7349, 26.03202 ], [ -97.70951, 26.02636 ], [ -97.7093, 26.03472 ], [ -97.65105, 26.01622 ], [ -97.60765, 25.97589 ], [ -97.59906, 25.95679 ], [ -97.58175, 25.9616 ], [ -97.56611, 25.94541 ], [ -97.584, 25.93555 ], [ -97.55978, 25.92615 ], [ -97.54667, 25.93455 ], [ -97.52081, 25.886 ], [ -97.49889, 25.89872 ], [ -97.49735, 25.88009 ], [ -97.47082, 25.88835 ], [ -97.42679, 25.8413 ], [ -97.37319, 25.83996 ], [ -97.37556, 25.854 ], [ -97.35936, 25.86921 ], [ -97.3574, 25.88683 ], [ -97.37417, 25.90592 ], [ -97.34891, 25.93081 ], [ -97.32465, 25.91859 ], [ -97.30459, 25.93516 ], [ -97.2767, 25.93534 ], [ -97.28964, 25.95403 ], [ -97.24701, 25.94823 ], [ -97.20996, 25.96346 ], [ -97.19032, 25.95386 ], [ -97.17709, 25.96535 ], [ -97.09112, 25.97384 ], [ -97.09786, 26.03862 ], [ -97.08999, 26.07534 ], [ -97.1083, 26.10451 ], [ -97.11015, 26.14058 ], [ -97.12612, 26.25035 ], [ -97.1565, 26.37535 ], [ -97.18457, 26.47585 ], [ -97.21255, 26.56165 ], [ -97.21406, 26.57677 ], [ -97.2517, 26.66187 ], [ -97.28272, 26.76342 ], [ -97.30042, 26.83461 ], [ -97.31595, 26.92929 ], [ -97.32322, 27.01026 ], [ -97.31982, 27.11002 ], [ -97.30936, 27.19611 ], [ -97.29657, 27.25032 ], [ -97.25026, 27.39231 ], [ -97.19982, 27.50032 ], [ -97.12526, 27.6406 ], [ -97.05022, 27.75031 ], [ -97.02185, 27.78336 ], [ -96.98428, 27.80378 ], [ -96.95949, 27.8753 ], [ -96.87526, 27.96992 ], [ -96.8442, 28.0003 ], [ -96.74625, 28.07962 ], [ -96.61878, 28.16952 ], [ -96.531, 28.22116 ], [ -96.37525, 28.29076 ], [ -96.35269, 28.31292 ], [ -96.34129, 28.3407 ], [ -96.32076, 28.36287 ], [ -96.29417, 28.36831 ], [ -96.27177, 28.38293 ], [ -96.25819, 28.40787 ], [ -96.18224, 28.45204 ], [ -96.07833, 28.5 ], [ -95.87524, 28.58279 ], [ -95.75024, 28.63842 ], [ -95.53202, 28.75026 ], [ -95.49389, 28.76534 ], [ -95.42007, 28.80563 ], [ -95.4017, 28.80592 ], [ -95.35347, 28.81786 ], [ -95.32211, 28.83444 ], [ -95.30812, 28.85883 ], [ -95.22723, 28.91038 ], [ -95.18051, 28.94924 ], [ -95.13947, 28.9917 ], [ -95.10545, 29.01605 ], [ -95.09434, 29.03224 ], [ -95.0864, 29.06824 ], [ -95.0002, 29.10445 ], [ -94.91212, 29.15932 ], [ -94.84015, 29.19835 ], [ -94.77269, 29.23172 ], [ -94.71331, 29.28252 ], [ -94.69231, 29.27705 ], [ -94.66622, 29.28105 ], [ -94.64242, 29.30014 ], [ -94.6239, 29.34314 ], [ -94.63605, 29.37064 ], [ -94.65031, 29.38282 ], [ -94.62519, 29.39766 ], [ -94.49945, 29.45234 ], [ -94.37587, 29.49978 ], [ -94.37035, 29.50023 ], [ -94.12518, 29.59556 ], [ -94.03356, 29.625 ], [ -93.90604, 29.625 ], [ -93.87501, 29.62143 ], [ -93.84859, 29.60026 ], [ -93.81435, 29.59658 ], [ -93.83741, 29.68989 ], [ -93.87002, 29.73548 ], [ -93.88882, 29.74223 ], [ -93.89847, 29.77158 ], [ -93.92241, 29.78505 ], [ -93.92881, 29.79708 ], [ -93.92274, 29.81881 ], [ -93.90358, 29.835 ], [ -93.8599, 29.85992 ], [ -93.83037, 29.89436 ], [ -93.81729, 29.91842 ], [ -93.80655, 29.95745 ], [ -93.79009, 29.98656 ], [ -93.77157, 29.99592 ], [ -93.73973, 30.02399 ], [ -93.73671, 30.03839 ], [ -93.71377, 30.06569 ], [ -93.73277, 30.08286 ], [ -93.70426, 30.11066 ], [ -93.70125, 30.13738 ], [ -93.69285, 30.13521 ], [ -93.71054, 30.17973 ], [ -93.71419, 30.20866 ], [ -93.70458, 30.28995 ], [ -93.74203, 30.30095 ], [ -93.76585, 30.33311 ], [ -93.75486, 30.36609 ], [ -93.75741, 30.39081 ], [ -93.69813, 30.43888 ], [ -93.71707, 30.49445 ], [ -93.71432, 30.51856 ], [ -93.74025, 30.53957 ], [ -93.72918, 30.54485 ], [ -93.72747, 30.57472 ], [ -93.71378, 30.58758 ], [ -93.67866, 30.5941 ], [ -93.6831, 30.64076 ], [ -93.65497, 30.67019 ], [ -93.63134, 30.67787 ], [ -93.62044, 30.69414 ], [ -93.61723, 30.71858 ], [ -93.60539, 30.71716 ], [ -93.61913, 30.742 ], [ -93.61435, 30.7602 ], [ -93.5921, 30.76368 ], [ -93.58223, 30.80312 ], [ -93.56298, 30.80601 ], [ -93.55363, 30.83514 ], [ -93.56859, 30.84365 ], [ -93.5585, 30.86791 ], [ -93.57408, 30.88453 ], [ -93.5492, 30.89744 ], [ -93.55837, 30.91354 ], [ -93.53201, 30.92375 ], [ -93.52601, 30.93754 ], [ -93.53176, 30.95822 ], [ -93.57433, 30.97371 ], [ -93.56543, 30.99058 ], [ -93.57821, 31.0 ], [ -93.56563, 31.01316 ], [ -93.55593, 31.00374 ], [ -93.53918, 31.00821 ], [ -93.50829, 31.03235 ], [ -93.52474, 31.03901 ], [ -93.52764, 31.07451 ], [ -93.5522, 31.07893 ], [ -93.56318, 31.09699 ], [ -93.53937, 31.11521 ], [ -93.5487, 31.15584 ], [ -93.53428, 31.18543 ], [ -93.54893, 31.1866 ], [ -93.58912, 31.16589 ], [ -93.60231, 31.18174 ], [ -93.60729, 31.2054 ], [ -93.59839, 31.2311 ], [ -93.61825, 31.23311 ], [ -93.61394, 31.25938 ], [ -93.62083, 31.2713 ], [ -93.63969, 31.26916 ], [ -93.68751, 31.31081 ], [ -93.67384, 31.32386 ], [ -93.66844, 31.35301 ], [ -93.64764, 31.3581 ], [ -93.63926, 31.37154 ], [ -93.671, 31.36622 ], [ -93.67412, 31.39768 ], [ -93.70488, 31.41088 ], [ -93.69263, 31.43719 ], [ -93.74948, 31.46869 ], [ -93.74515, 31.48564 ], [ -93.7226, 31.49277 ], [ -93.71249, 31.51336 ], [ -93.73738, 31.51386 ], [ -93.74723, 31.53062 ], [ -93.78503, 31.52596 ], [ -93.81858, 31.55483 ], [ -93.83942, 31.5992 ], [ -93.81872, 31.61456 ], [ -93.82172, 31.67396 ], [ -93.80688, 31.68157 ], [ -93.79455, 31.70208 ], [ -93.81692, 31.70877 ], [ -93.81548, 31.72977 ], [ -93.83688, 31.75017 ], [ -93.8226, 31.77356 ], [ -93.83769, 31.78082 ], [ -93.83934, 31.80033 ], [ -93.87484, 31.82231 ], [ -93.87296, 31.83599 ], [ -93.88919, 31.85682 ], [ -93.88189, 31.86484 ], [ -93.90062, 31.87387 ], [ -93.90062, 31.89679 ], [ -93.92208, 31.88601 ], [ -93.93213, 31.89367 ], [ -93.9299, 31.91272 ], [ -93.95355, 31.91056 ], [ -93.97083, 31.91997 ], [ -93.98232, 31.93976 ], [ -94.01651, 31.98117 ], [ -94.01851, 31.99243 ], [ -94.04272, 31.99927 ], [ -94.04316, 32.64178 ], [ -94.04301, 33.01926 ], [ -94.04331, 33.55158 ], [ -94.07304, 33.5722 ], [ -94.09625, 33.57398 ], [ -94.12067, 33.56699 ], [ -94.13083, 33.55205 ], [ -94.16248, 33.58894 ], [ -94.18441, 33.59439 ], [ -94.1954, 33.58184 ], [ -94.19545, 33.55516 ], [ -94.20855, 33.56656 ], [ -94.22376, 33.55348 ], [ -94.2513, 33.55772 ], [ -94.23821, 33.57716 ], [ -94.24447, 33.58949 ], [ -94.26344, 33.57663 ], [ -94.27424, 33.55876 ], [ -94.29046, 33.55835 ], [ -94.28274, 33.58128 ], [ -94.30161, 33.57211 ], [ -94.3093, 33.55175 ], [ -94.33227, 33.55373 ], [ -94.3385, 33.56727 ], [ -94.35277, 33.56089 ], [ -94.35652, 33.54298 ], [ -94.38679, 33.54512 ], [ -94.40059, 33.5568 ], [ -94.37892, 33.57016 ], [ -94.38285, 33.58335 ], [ -94.41245, 33.56902 ], [ -94.42803, 33.59004 ], [ -94.45348, 33.59197 ], [ -94.46906, 33.60764 ], [ -94.45398, 33.61576 ], [ -94.46275, 33.63079 ], [ -94.44678, 33.64018 ], [ -94.4859, 33.63786 ] ] ] } },
{ "type": "Feature", "properties": { "fid": 45, "ZoneCode": "490001", "AbrvFull": "UT", "NameFull": "Utah", "ZoneNum": 1, "AbrvPart": null, "NamePart": null, "ZoneType": "Statewide", "StateAbrv": "UT", "StateName": "Utah", "ProjAbrv": "TM", "ProjType": "Transverse Mercator", "LatOrigin": "35°30'N", "LonOriginE": "248°21'E", "LonOriginW": "111°39'W", "Lat0_deg": 35.5, "Lon0_E_deg": 248.35, "Lon0_W_deg": -111.65, "ProjScale": 1.0, "SkewAz_deg": -9999, "FalseN_m": 0.0, "FalseE_m": 952500.0, "FalseN_ift": 0.0, "FalseE_ift": 3125000.0, "DesignBy": "NGS", "Ref_frame": "NATRF2022" }, "geometry": { "type": "Polygon", "coordinates": [ [ [ -111.04671, 42.0017 ], [ -111.31103, 42.00122 ], [ -111.48352, 41.99954 ], [ -111.75076, 41.99933 ], [ -112.15385, 41.99723 ], [ -112.17315, 42.00152 ], [ -112.70098, 42.00017 ], [ -113.2374, 41.99609 ], [ -113.90158, 41.98855 ], [ -114.04148, 41.99387 ], [ -114.04018, 41.94881 ], [ -114.03946, 41.71918 ], [ -114.04123, 41.15368 ], [ -114.04287, 40.79507 ], [ -114.0461, 40.40185 ], [ -114.04755, 39.62494 ], [ -114.0503, 38.42431 ], [ -114.04932, 38.26606 ], [ -114.0505, 37.95334 ], [ -114.04961, 37.82354 ], [ -114.05165, 37.7515 ], [ -114.05281, 37.59391 ], [ -114.05161, 37.18415 ], [ -114.05232, 37.09847 ], [ -114.05005, 37.00019 ], [ -113.06495, 37.00004 ], [ -112.49004, 37.00094 ], [ -111.3086, 37.00148 ], [ -111.15058, 37.00095 ], [ -111.06495, 37.00234 ], [ -110.84801, 37.00245 ], [ -110.4903, 37.00363 ], [ -110.46973, 36.99766 ], [ -110.18437, 36.99825 ], [ -109.62432, 36.99825 ], [ -109.53069, 36.99919 ], [ -109.04517, 36.99898 ], [ -109.04588, 37.18731 ], [ -109.04518, 37.40623 ], [ -109.04157, 37.56214 ], [ -109.04283, 38.16627 ], [ -109.06019, 38.27553 ], [ -109.05978, 38.7176 ], [ -109.05412, 38.87353 ], [ -109.05117, 39.1426 ], [ -109.0514, 39.51818 ], [ -109.0508, 40.37497 ], [ -109.05009, 40.5292 ], [ -109.04801, 40.58098 ], [ -109.04909, 40.7145 ], [ -109.04845, 40.82608 ], [ -109.05003, 41.00069 ], [ -109.25001, 41.00105 ], [ -109.51089, 40.99905 ], [ -109.80691, 40.9977 ], [ -110.09954, 40.99705 ], [ -110.27411, 40.99482 ], [ -110.50507, 40.9948 ], [ -110.54587, 40.99633 ], [ -110.68137, 40.99624 ], [ -111.04681, 40.99788 ], [ -111.0468, 41.24668 ], [ -111.0458, 41.50607 ], [ -111.04671, 42.0017 ] ] ] } },
{ "type": "Feature", "properties": { "fid": 46, "ZoneCode": "500001", "AbrvFull": "VT", "NameFull": "Vermont", "ZoneNum": 1, "AbrvPart": null, "NamePart": null, "ZoneType": "Statewide", "StateAbrv": "VT", "StateName": "Vermont", "ProjAbrv": "TM", "ProjType": "Transverse Mercator", "LatOrigin": "42°00'N", "LonOriginE": "287°24'E", "LonOriginW": "72°36'W", "Lat0_deg": 42.0, "Lon0_E_deg": 287.4, "Lon0_W_deg": -72.6, "ProjScale": 1.000015, "SkewAz_deg": -9999, "FalseN_m": 0.0, "FalseE_m": 685800.0, "FalseN_ift": 0.0, "FalseE_ift": 2250000.0, "DesignBy": "NGS", "Ref_frame": "NATRF2022" }, "geometry": { "type": "Polygon", "coordinates": [ [ [ -71.50108, 45.01344 ], [ -71.75411, 45.01134 ], [ -71.91397, 45.00761 ], [ -72.15107, 45.00602 ], [ -72.31195, 45.00379 ], [ -72.45043, 45.00856 ], [ -72.55538, 45.00802 ], [ -72.63466, 45.01469 ], [ -72.84698, 45.01666 ], [ -72.96687, 45.01414 ], [ -73.06535, 45.01596 ], [ -73.34318, 45.01071 ], [ -73.35463, 44.98735 ], [ -73.33824, 44.96475 ], [ -73.33862, 44.91937 ], [ -73.35622, 44.90449 ], [ -73.3691, 44.86668 ], [ -73.37982, 44.85704 ], [ -73.37945, 44.83801 ], [ -73.33504, 44.80411 ], [ -73.33315, 44.78959 ], [ -73.36379, 44.74525 ], [ -73.37059, 44.66252 ], [ -73.38397, 44.64761 ], [ -73.38982, 44.61721 ], [ -73.37685, 44.5996 ], [ -73.38185, 44.58932 ], [ -73.35679, 44.55792 ], [ -73.34293, 44.55191 ], [ -73.32085, 44.51363 ], [ -73.30671, 44.50034 ], [ -73.2999, 44.47665 ], [ -73.29605, 44.42833 ], [ -73.31504, 44.38853 ], [ -73.33361, 44.3723 ], [ -73.32402, 44.33384 ], [ -73.32419, 44.31003 ], [ -73.31091, 44.2743 ], [ -73.3196, 44.24991 ], [ -73.34338, 44.23819 ], [ -73.36339, 44.20774 ], [ -73.39062, 44.19107 ], [ -73.40304, 44.14498 ], [ -73.41614, 44.13236 ], [ -73.41122, 44.11377 ], [ -73.42921, 44.07983 ], [ -73.4379, 44.04513 ], [ -73.41038, 44.0265 ], [ -73.40601, 44.01142 ], [ -73.41251, 43.98222 ], [ -73.40707, 43.96817 ], [ -73.40886, 43.93451 ], [ -73.39618, 43.90326 ], [ -73.3741, 43.8753 ], [ -73.38219, 43.85702 ], [ -73.37259, 43.84535 ], [ -73.39101, 43.81841 ], [ -73.35752, 43.78556 ], [ -73.35126, 43.76982 ], [ -73.36994, 43.74386 ], [ -73.37061, 43.72533 ], [ -73.4029, 43.6925 ], [ -73.40806, 43.66944 ], [ -73.42791, 43.63443 ], [ -73.41832, 43.62333 ], [ -73.42864, 43.58399 ], [ -73.39813, 43.56807 ], [ -73.38434, 43.5754 ], [ -73.3869, 43.59077 ], [ -73.37237, 43.60601 ], [ -73.37189, 43.62449 ], [ -73.30255, 43.62571 ], [ -73.29102, 43.59924 ], [ -73.29726, 43.57969 ], [ -73.2813, 43.57758 ], [ -73.24864, 43.55386 ], [ -73.24149, 43.53262 ], [ -73.24684, 43.51725 ], [ -73.25647, 43.26009 ], [ -73.27417, 42.94903 ], [ -73.27867, 42.83341 ], [ -73.29094, 42.80192 ], [ -73.27642, 42.74602 ], [ -73.26483, 42.74585 ], [ -72.80911, 42.73658 ], [ -72.45841, 42.72693 ], [ -72.49055, 42.77275 ], [ -72.51342, 42.7642 ], [ -72.50866, 42.77643 ], [ -72.54151, 42.80709 ], [ -72.54708, 42.83854 ], [ -72.55694, 42.85237 ], [ -72.55262, 42.88504 ], [ -72.53134, 42.89819 ], [ -72.52461, 42.91487 ], [ -72.53202, 42.95494 ], [ -72.51836, 42.96314 ], [ -72.47308, 42.97253 ], [ -72.45931, 43.00057 ], [ -72.44367, 43.00992 ], [ -72.46262, 43.02579 ], [ -72.46744, 43.05373 ], [ -72.43452, 43.08662 ], [ -72.44297, 43.10044 ], [ -72.43348, 43.11059 ], [ -72.4408, 43.13663 ], [ -72.45306, 43.13941 ], [ -72.45051, 43.19261 ], [ -72.43885, 43.20119 ], [ -72.43416, 43.23191 ], [ -72.43714, 43.25606 ], [ -72.42193, 43.26315 ], [ -72.39531, 43.3127 ], [ -72.41056, 43.33112 ], [ -72.38982, 43.35602 ], [ -72.41527, 43.36593 ], [ -72.40351, 43.39158 ], [ -72.39257, 43.46688 ], [ -72.38015, 43.49223 ], [ -72.39887, 43.51265 ], [ -72.38048, 43.54119 ], [ -72.38299, 43.56342 ], [ -72.3738, 43.57912 ], [ -72.32848, 43.60091 ], [ -72.33515, 43.61616 ], [ -72.32875, 43.6359 ], [ -72.31595, 43.64073 ], [ -72.30344, 43.66798 ], [ -72.30513, 43.69532 ], [ -72.2711, 43.73392 ], [ -72.23532, 43.74535 ], [ -72.20523, 43.77093 ], [ -72.20554, 43.78458 ], [ -72.18338, 43.81013 ], [ -72.18442, 43.86447 ], [ -72.15013, 43.90241 ], [ -72.12211, 43.91807 ], [ -72.11928, 43.94375 ], [ -72.09221, 43.96706 ], [ -72.11438, 43.96805 ], [ -72.11668, 43.99476 ], [ -72.10528, 44.01306 ], [ -72.07481, 44.03241 ], [ -72.07936, 44.04139 ], [ -72.04824, 44.07036 ], [ -72.03163, 44.07916 ], [ -72.04438, 44.086 ], [ -72.03065, 44.09877 ], [ -72.05271, 44.10145 ], [ -72.05314, 44.11951 ], [ -72.03709, 44.12505 ], [ -72.03892, 44.15633 ], [ -72.06585, 44.18933 ], [ -72.04795, 44.23785 ], [ -72.06822, 44.27246 ], [ -72.05864, 44.2865 ], [ -72.03288, 44.30217 ], [ -72.029, 44.32238 ], [ -71.98887, 44.32974 ], [ -71.98142, 44.33737 ], [ -71.92937, 44.33748 ], [ -71.90536, 44.34822 ], [ -71.87305, 44.33676 ], [ -71.81299, 44.35572 ], [ -71.81443, 44.38192 ], [ -71.79367, 44.39946 ], [ -71.76738, 44.40573 ], [ -71.74172, 44.40202 ], [ -71.71428, 44.40955 ], [ -71.65891, 44.44263 ], [ -71.64632, 44.47388 ], [ -71.62456, 44.47518 ], [ -71.57974, 44.5015 ], [ -71.59404, 44.52186 ], [ -71.57226, 44.53869 ], [ -71.59752, 44.55406 ], [ -71.59117, 44.56535 ], [ -71.56823, 44.56276 ], [ -71.54773, 44.57138 ], [ -71.53791, 44.59387 ], [ -71.55501, 44.59323 ], [ -71.55519, 44.62514 ], [ -71.56281, 44.65236 ], [ -71.57991, 44.65225 ], [ -71.5816, 44.67238 ], [ -71.59677, 44.67879 ], [ -71.59457, 44.69703 ], [ -71.6172, 44.72877 ], [ -71.62609, 44.72854 ], [ -71.62992, 44.75358 ], [ -71.61772, 44.75583 ], [ -71.57864, 44.78544 ], [ -71.56838, 44.80704 ], [ -71.57678, 44.81323 ], [ -71.55111, 44.83697 ], [ -71.55549, 44.84954 ], [ -71.51079, 44.8902 ], [ -71.49842, 44.91095 ], [ -71.51973, 44.93675 ], [ -71.515, 44.9586 ], [ -71.54132, 44.9853 ], [ -71.5305, 44.99927 ], [ -71.50467, 45.00832 ], [ -71.48828, 45.00074 ], [ -71.46505, 45.01364 ], [ -71.49997, 45.01333 ], [ -71.50108, 45.01344 ] ] ] } },
{ "type": "Feature", "properties": { "fid": 47, "ZoneCode": "510001", "AbrvFull": "VA", "NameFull": "Virginia", "ZoneNum": 1, "AbrvPart": null, "NamePart": null, "ZoneType": "Statewide", "StateAbrv": "VA", "StateName": "Virginia", "ProjAbrv": "LC1", "ProjType": "Lambert Conformal Conic, one parallel", "LatOrigin": "37°51'N", "LonOriginE": "280°30'E", "LonOriginW": "79°30'W", "Lat0_deg": 37.85, "Lon0_E_deg": 280.5, "Lon0_W_deg": -79.5, "ProjScale": 0.99992, "SkewAz_deg": -9999, "FalseN_m": 381000.0, "FalseE_m": 990600.0, "FalseN_ift": 1250000.0, "FalseE_ift": 3250000.0, "DesignBy": "NGS", "Ref_frame": "NATRF2022" }, "geometry": { "type": "Polygon", "coordinates": [ [ [ -81.67749, 36.58814 ], [ -81.60045, 36.58695 ], [ -81.52146, 36.58059 ], [ -81.36214, 36.57449 ], [ -81.30744, 36.57496 ], [ -80.83754, 36.55917 ], [ -80.72995, 36.56235 ], [ -80.56338, 36.55636 ], [ -80.29478, 36.54405 ], [ -80.12217, 36.54265 ], [ -79.86816, 36.54263 ], [ -79.54339, 36.54086 ], [ -78.93354, 36.54219 ], [ -78.67185, 36.54217 ], [ -78.5109, 36.54105 ], [ -78.46473, 36.54245 ], [ -78.24972, 36.54449 ], [ -78.04537, 36.54355 ], [ -77.74985, 36.54545 ], [ -77.3127, 36.5449 ], [ -76.91598, 36.54388 ], [ -76.9159, 36.55215 ], [ -76.74895, 36.55075 ], [ -76.27245, 36.55052 ], [ -75.7975, 36.55092 ], [ -75.81982, 36.62515 ], [ -75.87465, 36.74431 ], [ -75.92685, 36.93646 ], [ -75.88968, 37.05452 ], [ -75.85455, 37.07935 ], [ -75.82415, 37.11012 ], [ -75.80591, 37.11606 ], [ -75.78159, 37.13712 ], [ -75.74464, 37.18235 ], [ -75.72927, 37.2169 ], [ -75.73228, 37.24569 ], [ -75.71551, 37.27569 ], [ -75.67896, 37.31258 ], [ -75.65659, 37.32391 ], [ -75.64439, 37.34227 ], [ -75.64346, 37.37286 ], [ -75.60403, 37.42202 ], [ -75.59564, 37.46558 ], [ -75.55506, 37.52668 ], [ -75.52842, 37.56131 ], [ -75.5311, 37.59182 ], [ -75.54178, 37.60615 ], [ -75.51626, 37.65703 ], [ -75.51596, 37.67154 ], [ -75.46093, 37.77136 ], [ -75.41707, 37.82105 ], [ -75.36686, 37.80979 ], [ -75.33798, 37.81523 ], [ -75.296, 37.84575 ], [ -75.23807, 37.93539 ], [ -75.16643, 38.02783 ], [ -75.24961, 38.02672 ], [ -75.62445, 37.9942 ], [ -75.64823, 37.96677 ], [ -75.64761, 37.94703 ], [ -75.69132, 37.9555 ], [ -75.76164, 37.94137 ], [ -75.80124, 37.91217 ], [ -75.88294, 37.91134 ], [ -75.95267, 37.90683 ], [ -75.94369, 37.94613 ], [ -75.99334, 37.95349 ], [ -76.05202, 37.95358 ], [ -76.12466, 37.92871 ], [ -76.23341, 37.88764 ], [ -76.25753, 37.90574 ], [ -76.33862, 37.94529 ], [ -76.41293, 37.96633 ], [ -76.46501, 38.01322 ], [ -76.51661, 38.02678 ], [ -76.51616, 38.04492 ], [ -76.5354, 38.07363 ], [ -76.59613, 38.10689 ], [ -76.61038, 38.14852 ], [ -76.7009, 38.16136 ], [ -76.8002, 38.16888 ], [ -76.83937, 38.16361 ], [ -76.87849, 38.17376 ], [ -76.91587, 38.1996 ], [ -76.94902, 38.20842 ], [ -76.96225, 38.22989 ], [ -76.96203, 38.25689 ], [ -76.98149, 38.27461 ], [ -77.00114, 38.28018 ], [ -77.03068, 38.31162 ], [ -77.0148, 38.33237 ], [ -77.01151, 38.37456 ], [ -77.0415, 38.40069 ], [ -77.05342, 38.39881 ], [ -77.08668, 38.36793 ], [ -77.13773, 38.36802 ], [ -77.16322, 38.34582 ], [ -77.20469, 38.3411 ], [ -77.23521, 38.33254 ], [ -77.26529, 38.33316 ], [ -77.2838, 38.34286 ], [ -77.28798, 38.35893 ], [ -77.30494, 38.37527 ], [ -77.32291, 38.43263 ], [ -77.31854, 38.47444 ], [ -77.27634, 38.53945 ], [ -77.25652, 38.56049 ], [ -77.24636, 38.59344 ], [ -77.2037, 38.61817 ], [ -77.12968, 38.6347 ], [ -77.13629, 38.64723 ], [ -77.13244, 38.67414 ], [ -77.12263, 38.68526 ], [ -77.08161, 38.70793 ], [ -77.05302, 38.70993 ], [ -77.04334, 38.71847 ], [ -77.03901, 38.79165 ], [ -77.03284, 38.85503 ], [ -77.04023, 38.87091 ], [ -77.0592, 38.88099 ], [ -77.06774, 38.89954 ], [ -77.10305, 38.91275 ], [ -77.11976, 38.93434 ], [ -77.14508, 38.96315 ], [ -77.19777, 38.96674 ], [ -77.24507, 38.98278 ], [ -77.25576, 39.00199 ], [ -77.24509, 39.02215 ], [ -77.30466, 39.05137 ], [ -77.34014, 39.06291 ], [ -77.38682, 39.06224 ], [ -77.4606, 39.07484 ], [ -77.48101, 39.10569 ], [ -77.51845, 39.11978 ], [ -77.52732, 39.14696 ], [ -77.50756, 39.18137 ], [ -77.4812, 39.18791 ], [ -77.47416, 39.20776 ], [ -77.45771, 39.22498 ], [ -77.48473, 39.24605 ], [ -77.54084, 39.26527 ], [ -77.56159, 39.288 ], [ -77.56875, 39.30645 ], [ -77.58878, 39.30159 ], [ -77.64408, 39.30875 ], [ -77.67547, 39.32436 ], [ -77.71952, 39.32131 ], [ -77.74759, 39.29483 ], [ -77.77136, 39.23649 ], [ -77.79816, 39.2007 ], [ -77.80659, 39.17109 ], [ -77.8283, 39.13243 ], [ -78.03061, 39.26305 ], [ -78.15819, 39.34339 ], [ -78.26281, 39.41434 ], [ -78.34709, 39.46601 ], [ -78.34672, 39.42762 ], [ -78.35992, 39.40903 ], [ -78.34321, 39.38881 ], [ -78.36687, 39.35929 ], [ -78.33928, 39.34861 ], [ -78.36724, 39.31015 ], [ -78.41942, 39.25748 ], [ -78.39967, 39.24387 ], [ -78.40546, 39.2317 ], [ -78.43869, 39.19809 ], [ -78.4037, 39.16745 ], [ -78.42729, 39.15273 ], [ -78.45987, 39.11335 ], [ -78.4796, 39.10951 ], [ -78.51648, 39.0818 ], [ -78.5719, 39.032 ], [ -78.55047, 39.01807 ], [ -78.56903, 39.00295 ], [ -78.60165, 38.9646 ], [ -78.62045, 38.9826 ], [ -78.64659, 38.96814 ], [ -78.68046, 38.92531 ], [ -78.71991, 38.90608 ], [ -78.72105, 38.93222 ], [ -78.73915, 38.92713 ], [ -78.75908, 38.90053 ], [ -78.78803, 38.88512 ], [ -78.83166, 38.8149 ], [ -78.86926, 38.76298 ], [ -78.99376, 38.85002 ], [ -79.00795, 38.82231 ], [ -79.01953, 38.81791 ], [ -79.02925, 38.79101 ], [ -79.04735, 38.79181 ], [ -79.05155, 38.77261 ], [ -79.07255, 38.74751 ], [ -79.09295, 38.702 ], [ -79.0843, 38.68651 ], [ -79.09265, 38.66042 ], [ -79.13106, 38.65322 ], [ -79.15146, 38.62022 ], [ -79.15826, 38.59312 ], [ -79.18386, 38.55182 ], [ -79.20586, 38.52452 ], [ -79.21059, 38.49291 ], [ -79.23988, 38.47008 ], [ -79.26633, 38.43944 ], [ -79.31228, 38.41188 ], [ -79.47664, 38.45723 ], [ -79.52147, 38.53392 ], [ -79.53687, 38.55092 ], [ -79.64907, 38.59152 ], [ -79.66287, 38.57042 ], [ -79.67297, 38.52872 ], [ -79.66207, 38.51552 ], [ -79.68037, 38.51062 ], [ -79.69947, 38.47453 ], [ -79.68887, 38.45869 ], [ -79.68967, 38.43146 ], [ -79.70663, 38.41573 ], [ -79.73166, 38.37414 ], [ -79.72705, 38.36223 ], [ -79.74277, 38.35337 ], [ -79.76417, 38.35663 ], [ -79.77309, 38.33553 ], [ -79.79668, 38.3233 ], [ -79.80993, 38.30468 ], [ -79.79545, 38.29023 ], [ -79.78894, 38.2687 ], [ -79.81486, 38.25157 ], [ -79.83071, 38.24971 ], [ -79.89733, 38.19338 ], [ -79.92103, 38.17995 ], [ -79.91488, 38.16752 ], [ -79.92903, 38.13977 ], [ -79.94519, 38.13199 ], [ -79.93895, 38.11163 ], [ -79.92633, 38.10715 ], [ -79.95351, 38.08148 ], [ -79.97843, 38.02908 ], [ -80.00889, 37.99083 ], [ -80.03691, 37.96591 ], [ -80.06943, 37.94546 ], [ -80.14152, 37.88244 ], [ -80.14874, 37.88696 ], [ -80.17674, 37.85276 ], [ -80.17939, 37.83975 ], [ -80.21861, 37.80978 ], [ -80.22949, 37.79233 ], [ -80.21718, 37.77651 ], [ -80.24839, 37.76825 ], [ -80.26276, 37.73834 ], [ -80.25814, 37.72061 ], [ -80.29608, 37.69173 ], [ -80.27937, 37.65708 ], [ -80.2675, 37.64616 ], [ -80.22098, 37.62777 ], [ -80.25892, 37.5955 ], [ -80.3285, 37.56432 ], [ -80.31237, 37.54623 ], [ -80.33037, 37.53627 ], [ -80.30935, 37.52738 ], [ -80.28239, 37.53352 ], [ -80.29979, 37.50827 ], [ -80.33203, 37.49375 ], [ -80.36684, 37.48488 ], [ -80.36317, 37.48 ], [ -80.4756, 37.42295 ], [ -80.49486, 37.43507 ], [ -80.49298, 37.45775 ], [ -80.51139, 37.48167 ], [ -80.55204, 37.47356 ], [ -80.63236, 37.43213 ], [ -80.64589, 37.42215 ], [ -80.7052, 37.39462 ], [ -80.77008, 37.37236 ], [ -80.78419, 37.39459 ], [ -80.83768, 37.42566 ], [ -80.85946, 37.42949 ], [ -80.863, 37.41151 ], [ -80.88325, 37.38393 ], [ -80.84945, 37.34691 ], [ -80.89805, 37.31678 ], [ -80.95102, 37.29497 ], [ -80.97389, 37.29144 ], [ -80.98732, 37.30136 ], [ -81.03613, 37.29025 ], [ -81.10415, 37.28061 ], [ -81.16703, 37.26288 ], [ -81.2251, 37.23487 ], [ -81.3201, 37.29932 ], [ -81.36216, 37.33769 ], [ -81.37941, 37.31757 ], [ -81.39429, 37.31641 ], [ -81.41666, 37.27321 ], [ -81.46055, 37.26534 ], [ -81.48356, 37.2506 ], [ -81.49804, 37.25809 ], [ -81.50686, 37.23495 ], [ -81.56063, 37.20666 ], [ -81.67822, 37.20154 ], [ -81.68401, 37.2111 ], [ -81.71573, 37.22877 ], [ -81.72265, 37.24015 ], [ -81.74012, 37.23775 ], [ -81.74604, 37.2634 ], [ -81.78929, 37.28442 ], [ -81.81962, 37.27941 ], [ -81.85355, 37.28771 ], [ -81.85446, 37.30657 ], [ -81.87486, 37.32815 ], [ -81.89794, 37.33367 ], [ -81.91765, 37.34915 ], [ -81.93587, 37.37855 ], [ -81.92523, 37.41181 ], [ -81.93788, 37.42009 ], [ -81.93562, 37.4384 ], [ -81.98553, 37.45433 ], [ -81.99658, 37.47671 ], [ -81.97759, 37.4846 ], [ -81.93999, 37.51259 ], [ -81.94758, 37.5268 ], [ -81.96801, 37.53804 ], [ -82.1234, 37.42844 ], [ -82.31623, 37.29465 ], [ -82.32472, 37.28304 ], [ -82.34382, 37.28075 ], [ -82.34873, 37.26823 ], [ -82.48651, 37.2312 ], [ -82.53311, 37.20659 ], [ -82.55009, 37.2046 ], [ -82.62361, 37.16444 ], [ -82.72669, 37.11479 ], [ -82.72243, 37.04495 ], [ -82.74276, 37.0428 ], [ -82.74781, 37.02454 ], [ -82.75898, 37.02745 ], [ -82.78286, 37.00782 ], [ -82.82225, 37.00416 ], [ -82.87098, 36.96848 ], [ -82.85591, 36.95301 ], [ -82.85764, 36.92885 ], [ -82.87738, 36.90847 ], [ -82.87908, 36.88926 ], [ -82.96924, 36.85802 ], [ -82.99859, 36.85657 ], [ -83.00658, 36.84764 ], [ -83.02631, 36.85542 ], [ -83.07284, 36.85446 ], [ -83.07525, 36.8407 ], [ -83.0999, 36.83115 ], [ -83.09848, 36.81352 ], [ -83.11893, 36.78969 ], [ -83.13323, 36.78459 ], [ -83.12857, 36.75972 ], [ -83.13512, 36.74263 ], [ -83.19425, 36.73952 ], [ -83.2883, 36.71371 ], [ -83.34763, 36.7002 ], [ -83.38681, 36.68661 ], [ -83.41868, 36.66873 ], [ -83.45369, 36.66479 ], [ -83.4928, 36.67019 ], [ -83.5324, 36.66469 ], [ -83.57761, 36.64139 ], [ -83.6139, 36.63485 ], [ -83.64809, 36.62284 ], [ -83.67539, 36.60078 ], [ -83.62207, 36.59798 ], [ -83.49991, 36.59723 ], [ -83.2763, 36.59819 ], [ -83.2611, 36.59389 ], [ -82.88795, 36.59346 ], [ -82.6226, 36.5938 ], [ -82.48724, 36.59582 ], [ -82.46658, 36.59448 ], [ -82.2142, 36.59585 ], [ -82.17379, 36.59461 ], [ -81.93414, 36.59421 ], [ -81.92264, 36.61621 ], [ -81.73694, 36.61238 ], [ -81.6469, 36.61192 ], [ -81.67749, 36.58814 ] ] ] } },
{ "type": "Feature", "properties": { "fid": 48, "ZoneCode": "530001", "AbrvFull": "WA", "NameFull": "Washington", "ZoneNum": 1, "AbrvPart": null, "NamePart": null, "ZoneType": "Statewide", "StateAbrv": "WA", "StateName": "Washington", "ProjAbrv": "LC1", "ProjType": "Lambert Conformal Conic, one parallel", "LatOrigin": "47°15'N", "LonOriginE": "239°15'E", "LonOriginW": "120°45'W", "Lat0_deg": 47.25, "Lon0_E_deg": 239.25, "Lon0_W_deg": -120.75, "ProjScale": 0.99995, "SkewAz_deg": -9999, "FalseN_m": 342900.0, "FalseE_m": 876300.0, "FalseN_ift": 1125000.0, "FalseE_ift": 2875000.0, "DesignBy": "NGS", "Ref_frame": "NATRF2022" }, "geometry": { "type": "Polygon", "coordinates": [ [ [ -124.15955, 46.26113 ], [ -124.03595, 46.26418 ], [ -124.0356, 46.29684 ], [ -124.01487, 46.29317 ], [ -124.00126, 46.27401 ], [ -123.97627, 46.26991 ], [ -123.93048, 46.23881 ], [ -123.87187, 46.23495 ], [ -123.81514, 46.24983 ], [ -123.77812, 46.25425 ], [ -123.74145, 46.26916 ], [ -123.68811, 46.25011 ], [ -123.64877, 46.2588 ], [ -123.58695, 46.25589 ], [ -123.53809, 46.26061 ], [ -123.50124, 46.27099 ], [ -123.47964, 46.26913 ], [ -123.44759, 46.24983 ], [ -123.42763, 46.22935 ], [ -123.43099, 46.18157 ], [ -123.37143, 46.14637 ], [ -123.28017, 46.14484 ], [ -123.16642, 46.18898 ], [ -123.1159, 46.18527 ], [ -123.10502, 46.17768 ], [ -123.00423, 46.13382 ], [ -122.96268, 46.10482 ], [ -122.90412, 46.08373 ], [ -122.88448, 46.06028 ], [ -122.87809, 46.03128 ], [ -122.85616, 46.01447 ], [ -122.83764, 45.98082 ], [ -122.814, 45.96098 ], [ -122.80619, 45.93242 ], [ -122.8115, 45.91272 ], [ -122.78503, 45.8677 ], [ -122.7857, 45.84422 ], [ -122.7956, 45.81 ], [ -122.76953, 45.78058 ], [ -122.76011, 45.73441 ], [ -122.77451, 45.68044 ], [ -122.76381, 45.65714 ], [ -122.71331, 45.63744 ], [ -122.675, 45.61803 ], [ -122.64391, 45.60974 ], [ -122.60771, 45.60814 ], [ -122.54588, 45.59619 ], [ -122.47506, 45.57847 ], [ -122.43867, 45.56359 ], [ -122.3803, 45.57594 ], [ -122.3528, 45.56944 ], [ -122.3315, 45.54824 ], [ -122.2966, 45.54364 ], [ -122.24899, 45.54775 ], [ -122.20079, 45.56511 ], [ -122.18286, 45.57678 ], [ -122.14161, 45.584 ], [ -122.10175, 45.58317 ], [ -122.0443, 45.60954 ], [ -122.00355, 45.61595 ], [ -121.96308, 45.63289 ], [ -121.95577, 45.64359 ], [ -121.90813, 45.65456 ], [ -121.90174, 45.67067 ], [ -121.86702, 45.69339 ], [ -121.81118, 45.70672 ], [ -121.73507, 45.694 ], [ -121.70729, 45.69484 ], [ -121.66841, 45.70511 ], [ -121.63132, 45.7047 ], [ -121.53293, 45.7265 ], [ -121.4991, 45.72075 ], [ -121.46279, 45.70128 ], [ -121.40174, 45.69289 ], [ -121.37257, 45.70303 ], [ -121.33771, 45.70484 ], [ -121.3123, 45.69984 ], [ -121.2873, 45.68687 ], [ -121.21577, 45.67123 ], [ -121.20035, 45.64984 ], [ -121.19646, 45.61661 ], [ -121.18368, 45.60645 ], [ -121.13183, 45.60975 ], [ -121.08486, 45.64793 ], [ -121.06446, 45.65249 ], [ -121.00737, 45.6532 ], [ -120.98349, 45.64836 ], [ -120.94402, 45.65639 ], [ -120.91361, 45.63999 ], [ -120.89582, 45.64292 ], [ -120.85542, 45.67173 ], [ -120.78857, 45.68642 ], [ -120.68953, 45.71573 ], [ -120.63505, 45.74571 ], [ -120.59114, 45.74651 ], [ -120.55929, 45.73832 ], [ -120.50574, 45.69995 ], [ -120.48261, 45.69441 ], [ -120.40365, 45.69944 ], [ -120.32633, 45.71142 ], [ -120.28343, 45.72117 ], [ -120.21077, 45.72592 ], [ -120.1706, 45.76198 ], [ -120.14148, 45.77321 ], [ -120.07024, 45.78516 ], [ -119.96577, 45.82438 ], [ -119.90724, 45.82818 ], [ -119.8027, 45.84763 ], [ -119.77285, 45.84573 ], [ -119.66997, 45.85691 ], [ -119.62363, 45.9056 ], [ -119.60054, 45.91955 ], [ -119.5716, 45.92548 ], [ -119.52452, 45.90857 ], [ -119.48808, 45.90636 ], [ -119.4504, 45.91738 ], [ -119.3645, 45.92155 ], [ -119.32257, 45.93307 ], [ -119.25707, 45.93987 ], [ -119.19552, 45.9279 ], [ -119.12632, 45.93278 ], [ -119.09329, 45.94272 ], [ -119.00865, 45.97922 ], [ -118.98726, 45.99986 ], [ -118.77582, 46.0011 ], [ -118.0066, 46.00058 ], [ -117.61433, 45.99922 ], [ -117.47975, 45.99778 ], [ -117.33791, 45.99858 ], [ -117.12615, 45.9979 ], [ -116.91607, 45.99536 ], [ -116.94279, 46.06112 ], [ -116.95787, 46.07546 ], [ -116.97935, 46.08049 ], [ -116.98246, 46.09194 ], [ -116.95969, 46.09901 ], [ -116.95036, 46.12337 ], [ -116.93532, 46.13641 ], [ -116.93461, 46.15415 ], [ -116.92135, 46.16451 ], [ -116.96631, 46.2092 ], [ -116.95774, 46.2392 ], [ -116.97481, 46.2655 ], [ -116.99082, 46.2762 ], [ -116.9848, 46.29309 ], [ -117.02058, 46.31479 ], [ -117.02292, 46.33463 ], [ -117.05665, 46.34581 ], [ -117.06278, 46.36518 ], [ -117.04823, 46.37768 ], [ -117.03463, 46.41785 ], [ -117.03977, 46.42589 ], [ -117.03994, 46.74929 ], [ -117.0394, 46.91717 ], [ -117.0398, 47.45434 ], [ -117.04214, 47.7582 ], [ -117.04212, 48.03115 ], [ -117.03509, 48.38521 ], [ -117.03542, 48.49991 ], [ -117.03211, 48.87493 ], [ -117.03234, 48.9992 ], [ -117.1349, 48.9988 ], [ -117.35153, 49.00031 ], [ -117.63749, 49.00074 ], [ -118.17322, 49.00007 ], [ -119.73108, 49.00011 ], [ -120.03729, 48.99945 ], [ -120.29973, 49.0003 ], [ -121.09495, 49.00022 ], [ -121.33485, 49.00092 ], [ -121.75957, 48.9973 ], [ -122.09805, 49.00242 ], [ -123.32224, 49.00207 ], [ -123.00848, 48.83122 ], [ -123.00849, 48.7671 ], [ -123.26788, 48.69399 ], [ -123.21893, 48.54871 ], [ -123.15987, 48.45351 ], [ -123.11514, 48.42283 ], [ -123.24843, 48.28402 ], [ -123.54122, 48.22455 ], [ -123.67906, 48.24 ], [ -124.01206, 48.29667 ], [ -124.29501, 48.37523 ], [ -124.74974, 48.49978 ], [ -124.77208, 48.48612 ], [ -124.76528, 48.46056 ], [ -124.74619, 48.44545 ], [ -124.78856, 48.43217 ], [ -124.80773, 48.41755 ], [ -124.81699, 48.38548 ], [ -124.79664, 48.34413 ], [ -124.77044, 48.32354 ], [ -124.76139, 48.29569 ], [ -124.78641, 48.27229 ], [ -124.79092, 48.24978 ], [ -124.7805, 48.22858 ], [ -124.82768, 48.21383 ], [ -124.84567, 48.19489 ], [ -124.84854, 48.17401 ], [ -124.82405, 48.12931 ], [ -124.8039, 48.11429 ], [ -124.78519, 48.08712 ], [ -124.7861, 48.06133 ], [ -124.80116, 48.03781 ], [ -124.80276, 47.99979 ], [ -124.79116, 47.96171 ], [ -124.75818, 47.94398 ], [ -124.75379, 47.91052 ], [ -124.72086, 47.8883 ], [ -124.69707, 47.84853 ], [ -124.64184, 47.81942 ], [ -124.59281, 47.76608 ], [ -124.5759, 47.75642 ], [ -124.5403, 47.71645 ], [ -124.56565, 47.68367 ], [ -124.56615, 47.664 ], [ -124.54785, 47.63846 ], [ -124.52678, 47.62712 ], [ -124.49724, 47.62137 ], [ -124.4614, 47.62496 ], [ -124.4538, 47.58842 ], [ -124.44002, 47.56904 ], [ -124.41706, 47.48154 ], [ -124.42056, 47.45597 ], [ -124.40654, 47.42802 ], [ -124.41939, 47.41447 ], [ -124.42173, 47.39329 ], [ -124.41355, 47.36873 ], [ -124.39135, 47.32977 ], [ -124.35964, 47.30934 ], [ -124.3513, 47.27639 ], [ -124.33605, 47.26161 ], [ -124.30637, 47.24808 ], [ -124.29585, 47.21251 ], [ -124.27249, 47.16084 ], [ -124.27366, 47.14813 ], [ -124.25129, 47.09658 ], [ -124.24413, 47.05865 ], [ -124.24154, 46.99981 ], [ -124.2497, 46.95629 ], [ -124.24664, 46.91781 ], [ -124.23439, 46.89119 ], [ -124.20947, 46.87481 ], [ -124.19458, 46.84409 ], [ -124.1812, 46.79374 ], [ -124.17513, 46.79373 ], [ -124.16796, 46.72872 ], [ -124.14526, 46.67047 ], [ -124.14938, 46.64747 ], [ -124.14329, 46.63116 ], [ -124.13708, 46.558 ], [ -124.12996, 46.42696 ], [ -124.13521, 46.34937 ], [ -124.16255, 46.27173 ], [ -124.15955, 46.26113 ] ] ] } },
{ "type": "Feature", "properties": { "fid": 49, "ZoneCode": "540001", "AbrvFull": "WV", "NameFull": "West Virginia", "ZoneNum": 1, "AbrvPart": null, "NamePart": null, "ZoneType": "Statewide", "StateAbrv": "WV", "StateName": "West Virginia", "ProjAbrv": "OMC", "ProjType": "Hotine Oblique Mercator, center", "LatOrigin": "39°15'N", "LonOriginE": "279°48'E", "LonOriginW": "80°12'W", "Lat0_deg": 39.25, "Lon0_E_deg": 279.8, "Lon0_W_deg": -80.2, "ProjScale": 0.99997, "SkewAz_deg": 50, "FalseN_m": 342900.0, "FalseE_m": 800100.0, "FalseN_ift": 1125000.0, "FalseE_ift": 2625000.0, "DesignBy": "NGS", "Ref_frame": "NATRF2022" }, "geometry": { "type": "Polygon", "coordinates": [ [ [ -79.47666, 39.72108 ], [ -79.94067, 39.72067 ], [ -80.07595, 39.72135 ], [ -80.51934, 39.7214 ], [ -80.51899, 40.6388 ], [ -80.584, 40.61572 ], [ -80.60264, 40.62529 ], [ -80.62645, 40.62018 ], [ -80.66354, 40.59077 ], [ -80.66437, 40.57002 ], [ -80.62751, 40.53579 ], [ -80.618, 40.50205 ], [ -80.59466, 40.47139 ], [ -80.61288, 40.42947 ], [ -80.61232, 40.40276 ], [ -80.6322, 40.39367 ], [ -80.60759, 40.36956 ], [ -80.61279, 40.34767 ], [ -80.59989, 40.31767 ], [ -80.61489, 40.29197 ], [ -80.62251, 40.26177 ], [ -80.6446, 40.25128 ], [ -80.66154, 40.22981 ], [ -80.66808, 40.19969 ], [ -80.70525, 40.15416 ], [ -80.71321, 40.09704 ], [ -80.73923, 40.07495 ], [ -80.73102, 40.04429 ], [ -80.74211, 40.00888 ], [ -80.74014, 39.9708 ], [ -80.76299, 39.95379 ], [ -80.76002, 39.90876 ], [ -80.7956, 39.91972 ], [ -80.80956, 39.90566 ], [ -80.79319, 39.88106 ], [ -80.79313, 39.86375 ], [ -80.82696, 39.84166 ], [ -80.82608, 39.79858 ], [ -80.86058, 39.77691 ], [ -80.87032, 39.76318 ], [ -80.82972, 39.71404 ], [ -80.83388, 39.7035 ], [ -80.8658, 39.68648 ], [ -80.86665, 39.65262 ], [ -80.88036, 39.62071 ], [ -80.93329, 39.61481 ], [ -81.0239, 39.55231 ], [ -81.09243, 39.49608 ], [ -81.13443, 39.44508 ], [ -81.18514, 39.43148 ], [ -81.21083, 39.40356 ], [ -81.21731, 39.38759 ], [ -81.26842, 39.38632 ], [ -81.29537, 39.37529 ], [ -81.34493, 39.34679 ], [ -81.38456, 39.34345 ], [ -81.39588, 39.35555 ], [ -81.40669, 39.38809 ], [ -81.42871, 39.40541 ], [ -81.45614, 39.40927 ], [ -81.49879, 39.37612 ], [ -81.54235, 39.35287 ], [ -81.55755, 39.33877 ], [ -81.56525, 39.27618 ], [ -81.57389, 39.26706 ], [ -81.60841, 39.27604 ], [ -81.67019, 39.27596 ], [ -81.69662, 39.25614 ], [ -81.69134, 39.22795 ], [ -81.72562, 39.21591 ], [ -81.74, 39.18993 ], [ -81.75628, 39.17699 ], [ -81.74581, 39.14994 ], [ -81.74585, 39.09728 ], [ -81.77685, 39.07818 ], [ -81.80705, 39.08408 ], [ -81.81235, 39.06128 ], [ -81.80335, 39.04768 ], [ -81.76405, 39.01418 ], [ -81.78182, 38.96494 ], [ -81.75613, 38.93355 ], [ -81.7741, 38.92296 ], [ -81.81423, 38.94617 ], [ -81.83152, 38.9437 ], [ -81.84449, 38.92875 ], [ -81.84531, 38.91009 ], [ -81.85892, 38.89019 ], [ -81.8909, 38.87392 ], [ -81.91031, 38.87929 ], [ -81.92667, 38.90131 ], [ -81.89995, 38.92541 ], [ -81.90059, 38.93767 ], [ -81.93319, 38.98766 ], [ -81.95145, 38.99603 ], [ -81.98116, 38.99435 ], [ -81.98706, 39.01198 ], [ -82.00599, 39.02939 ], [ -82.03775, 39.02387 ], [ -82.05206, 38.99398 ], [ -82.09016, 38.97528 ], [ -82.12917, 38.90818 ], [ -82.14256, 38.89899 ], [ -82.13928, 38.86641 ], [ -82.14417, 38.84188 ], [ -82.1636, 38.82342 ], [ -82.18929, 38.81577 ], [ -82.22157, 38.78719 ], [ -82.21661, 38.76835 ], [ -82.2, 38.75906 ], [ -82.18287, 38.70548 ], [ -82.19087, 38.68038 ], [ -82.17197, 38.62538 ], [ -82.18117, 38.59978 ], [ -82.22147, 38.59128 ], [ -82.24747, 38.59868 ], [ -82.27147, 38.59538 ], [ -82.29347, 38.57538 ], [ -82.29567, 38.53848 ], [ -82.30366, 38.49912 ], [ -82.324, 38.44927 ], [ -82.34064, 38.44095 ], [ -82.38975, 38.43436 ], [ -82.40488, 38.43935 ], [ -82.53769, 38.40416 ], [ -82.57161, 38.40514 ], [ -82.59348, 38.42182 ], [ -82.59919, 38.39271 ], [ -82.59284, 38.37506 ], [ -82.59812, 38.34593 ], [ -82.57672, 38.32852 ], [ -82.57192, 38.31335 ], [ -82.58303, 38.29681 ], [ -82.57452, 38.26451 ], [ -82.58573, 38.24573 ], [ -82.6039, 38.24764 ], [ -82.61239, 38.23433 ], [ -82.59829, 38.21736 ], [ -82.59942, 38.19658 ], [ -82.6116, 38.17134 ], [ -82.64444, 38.16656 ], [ -82.63699, 38.13872 ], [ -82.62238, 38.13374 ], [ -82.58534, 38.10663 ], [ -82.58336, 38.09003 ], [ -82.54924, 38.06795 ], [ -82.53916, 38.03935 ], [ -82.5258, 38.0259 ], [ -82.51896, 38.00215 ], [ -82.48865, 37.99891 ], [ -82.48426, 37.97138 ], [ -82.47183, 37.96029 ], [ -82.5022, 37.93305 ], [ -82.48029, 37.92562 ], [ -82.48739, 37.91668 ], [ -82.46838, 37.90321 ], [ -82.46796, 37.91393 ], [ -82.42048, 37.88545 ], [ -82.42059, 37.84786 ], [ -82.39907, 37.82872 ], [ -82.40214, 37.81089 ], [ -82.38902, 37.81741 ], [ -82.37617, 37.80203 ], [ -82.33746, 37.77491 ], [ -82.32852, 37.76212 ], [ -82.31298, 37.76513 ], [ -82.33417, 37.74277 ], [ -82.31957, 37.73424 ], [ -82.30768, 37.70801 ], [ -82.29621, 37.7007 ], [ -82.30407, 37.67831 ], [ -82.28218, 37.67575 ], [ -82.25807, 37.65688 ], [ -82.24089, 37.66153 ], [ -82.21676, 37.6405 ], [ -82.2145, 37.6254 ], [ -82.18593, 37.62956 ], [ -82.19076, 37.64514 ], [ -82.17507, 37.64783 ], [ -82.17699, 37.61818 ], [ -82.16435, 37.61926 ], [ -82.1563, 37.59237 ], [ -82.13228, 37.59333 ], [ -82.12445, 37.57652 ], [ -82.14176, 37.57109 ], [ -82.13411, 37.55363 ], [ -82.07565, 37.55592 ], [ -82.06483, 37.5372 ], [ -82.00557, 37.53492 ], [ -81.97009, 37.54672 ], [ -81.96801, 37.53804 ], [ -81.94758, 37.5268 ], [ -81.93999, 37.51259 ], [ -81.97759, 37.4846 ], [ -81.99658, 37.47671 ], [ -81.98553, 37.45433 ], [ -81.93562, 37.4384 ], [ -81.93788, 37.42009 ], [ -81.92523, 37.41181 ], [ -81.93587, 37.37855 ], [ -81.91765, 37.34915 ], [ -81.89794, 37.33367 ], [ -81.87486, 37.32815 ], [ -81.85446, 37.30657 ], [ -81.85355, 37.28771 ], [ -81.81962, 37.27941 ], [ -81.78929, 37.28442 ], [ -81.74604, 37.2634 ], [ -81.74012, 37.23775 ], [ -81.72265, 37.24015 ], [ -81.71573, 37.22877 ], [ -81.68401, 37.2111 ], [ -81.67822, 37.20154 ], [ -81.56063, 37.20666 ], [ -81.50686, 37.23495 ], [ -81.49804, 37.25809 ], [ -81.48356, 37.2506 ], [ -81.46055, 37.26534 ], [ -81.41666, 37.27321 ], [ -81.39429, 37.31641 ], [ -81.37941, 37.31757 ], [ -81.36216, 37.33769 ], [ -81.3201, 37.29932 ], [ -81.2251, 37.23487 ], [ -81.16703, 37.26288 ], [ -81.10415, 37.28061 ], [ -81.03613, 37.29025 ], [ -80.98732, 37.30136 ], [ -80.97389, 37.29144 ], [ -80.95102, 37.29497 ], [ -80.89805, 37.31678 ], [ -80.84945, 37.34691 ], [ -80.88325, 37.38393 ], [ -80.863, 37.41151 ], [ -80.85946, 37.42949 ], [ -80.83768, 37.42566 ], [ -80.78419, 37.39459 ], [ -80.77008, 37.37236 ], [ -80.7052, 37.39462 ], [ -80.64589, 37.42215 ], [ -80.63236, 37.43213 ], [ -80.55204, 37.47356 ], [ -80.51139, 37.48167 ], [ -80.49298, 37.45775 ], [ -80.49486, 37.43507 ], [ -80.4756, 37.42295 ], [ -80.36317, 37.48 ], [ -80.36684, 37.48488 ], [ -80.33203, 37.49375 ], [ -80.29979, 37.50827 ], [ -80.28239, 37.53352 ], [ -80.30935, 37.52738 ], [ -80.33037, 37.53627 ], [ -80.31237, 37.54623 ], [ -80.3285, 37.56432 ], [ -80.25892, 37.5955 ], [ -80.22098, 37.62777 ], [ -80.2675, 37.64616 ], [ -80.27937, 37.65708 ], [ -80.29608, 37.69173 ], [ -80.25814, 37.72061 ], [ -80.26276, 37.73834 ], [ -80.24839, 37.76825 ], [ -80.21718, 37.77651 ], [ -80.22949, 37.79233 ], [ -80.21861, 37.80978 ], [ -80.17939, 37.83975 ], [ -80.17674, 37.85276 ], [ -80.14874, 37.88696 ], [ -80.14152, 37.88244 ], [ -80.06943, 37.94546 ], [ -80.03691, 37.96591 ], [ -80.00889, 37.99083 ], [ -79.97843, 38.02908 ], [ -79.95351, 38.08148 ], [ -79.92633, 38.10715 ], [ -79.93895, 38.11163 ], [ -79.94519, 38.13199 ], [ -79.92903, 38.13977 ], [ -79.91488, 38.16752 ], [ -79.92103, 38.17995 ], [ -79.89733, 38.19338 ], [ -79.83071, 38.24971 ], [ -79.81486, 38.25157 ], [ -79.78894, 38.2687 ], [ -79.79545, 38.29023 ], [ -79.80993, 38.30468 ], [ -79.79668, 38.3233 ], [ -79.77309, 38.33553 ], [ -79.76417, 38.35663 ], [ -79.74277, 38.35337 ], [ -79.72705, 38.36223 ], [ -79.73166, 38.37414 ], [ -79.70663, 38.41573 ], [ -79.68967, 38.43146 ], [ -79.68887, 38.45869 ], [ -79.69947, 38.47453 ], [ -79.68037, 38.51062 ], [ -79.66207, 38.51552 ], [ -79.67297, 38.52872 ], [ -79.66287, 38.57042 ], [ -79.64907, 38.59152 ], [ -79.53687, 38.55092 ], [ -79.52147, 38.53392 ], [ -79.47664, 38.45723 ], [ -79.31228, 38.41188 ], [ -79.26633, 38.43944 ], [ -79.23988, 38.47008 ], [ -79.21059, 38.49291 ], [ -79.20586, 38.52452 ], [ -79.18386, 38.55182 ], [ -79.15826, 38.59312 ], [ -79.15146, 38.62022 ], [ -79.13106, 38.65322 ], [ -79.09265, 38.66042 ], [ -79.0843, 38.68651 ], [ -79.09295, 38.702 ], [ -79.07255, 38.74751 ], [ -79.05155, 38.77261 ], [ -79.04735, 38.79181 ], [ -79.02925, 38.79101 ], [ -79.01953, 38.81791 ], [ -79.00795, 38.82231 ], [ -78.99376, 38.85002 ], [ -78.86926, 38.76298 ], [ -78.83166, 38.8149 ], [ -78.78803, 38.88512 ], [ -78.75908, 38.90053 ], [ -78.73915, 38.92713 ], [ -78.72105, 38.93222 ], [ -78.71991, 38.90608 ], [ -78.68046, 38.92531 ], [ -78.64659, 38.96814 ], [ -78.62045, 38.9826 ], [ -78.60165, 38.9646 ], [ -78.56903, 39.00295 ], [ -78.55047, 39.01807 ], [ -78.5719, 39.032 ], [ -78.51648, 39.0818 ], [ -78.4796, 39.10951 ], [ -78.45987, 39.11335 ], [ -78.42729, 39.15273 ], [ -78.4037, 39.16745 ], [ -78.43869, 39.19809 ], [ -78.40546, 39.2317 ], [ -78.39967, 39.24387 ], [ -78.41942, 39.25748 ], [ -78.36724, 39.31015 ], [ -78.33928, 39.34861 ], [ -78.36687, 39.35929 ], [ -78.34321, 39.38881 ], [ -78.35992, 39.40903 ], [ -78.34672, 39.42762 ], [ -78.34709, 39.46601 ], [ -78.26281, 39.41434 ], [ -78.15819, 39.34339 ], [ -78.03061, 39.26305 ], [ -77.8283, 39.13243 ], [ -77.80659, 39.17109 ], [ -77.79816, 39.2007 ], [ -77.77136, 39.23649 ], [ -77.74759, 39.29483 ], [ -77.71952, 39.32131 ], [ -77.75573, 39.33394 ], [ -77.74609, 39.35315 ], [ -77.75299, 39.37902 ], [ -77.73587, 39.39117 ], [ -77.75373, 39.42391 ], [ -77.78633, 39.42888 ], [ -77.80327, 39.43799 ], [ -77.78524, 39.44623 ], [ -77.7984, 39.45633 ], [ -77.7803, 39.46466 ], [ -77.79776, 39.47917 ], [ -77.76728, 39.49127 ], [ -77.78215, 39.49904 ], [ -77.79725, 39.48947 ], [ -77.84532, 39.4981 ], [ -77.82798, 39.51491 ], [ -77.83696, 39.53211 ], [ -77.84194, 39.51843 ], [ -77.86118, 39.51429 ], [ -77.86527, 39.53841 ], [ -77.88692, 39.55997 ], [ -77.83568, 39.56716 ], [ -77.82984, 39.5869 ], [ -77.8406, 39.60678 ], [ -77.8868, 39.61462 ], [ -77.88913, 39.59745 ], [ -77.92378, 39.60528 ], [ -77.93362, 39.61814 ], [ -77.94431, 39.58449 ], [ -77.95872, 39.60886 ], [ -77.97761, 39.59961 ], [ -78.00672, 39.60148 ], [ -78.0374, 39.63704 ], [ -78.07581, 39.66778 ], [ -78.10443, 39.68144 ], [ -78.18187, 39.69532 ], [ -78.2011, 39.67758 ], [ -78.23334, 39.67205 ], [ -78.22366, 39.66274 ], [ -78.25425, 39.63998 ], [ -78.26665, 39.61895 ], [ -78.35532, 39.64066 ], [ -78.35893, 39.62529 ], [ -78.38062, 39.62922 ], [ -78.37854, 39.60796 ], [ -78.42478, 39.62454 ], [ -78.43147, 39.61452 ], [ -78.39704, 39.59023 ], [ -78.40786, 39.57863 ], [ -78.44546, 39.59145 ], [ -78.45737, 39.58692 ], [ -78.44987, 39.57062 ], [ -78.42632, 39.55922 ], [ -78.42129, 39.54502 ], [ -78.4391, 39.55177 ], [ -78.46297, 39.5334 ], [ -78.46892, 39.51648 ], [ -78.52733, 39.5248 ], [ -78.56611, 39.51937 ], [ -78.61991, 39.53924 ], [ -78.6547, 39.53461 ], [ -78.6898, 39.54596 ], [ -78.72371, 39.56349 ], [ -78.73316, 39.58621 ], [ -78.75563, 39.58066 ], [ -78.77825, 39.6019 ], [ -78.73357, 39.61378 ], [ -78.74889, 39.62656 ], [ -78.77827, 39.6227 ], [ -78.76475, 39.64471 ], [ -78.79077, 39.63828 ], [ -78.80122, 39.6257 ], [ -78.79527, 39.6107 ], [ -78.80837, 39.60821 ], [ -78.82572, 39.58918 ], [ -78.81328, 39.56687 ], [ -78.8376, 39.56714 ], [ -78.87874, 39.52127 ], [ -78.91672, 39.48632 ], [ -78.9343, 39.48628 ], [ -78.95754, 39.4639 ], [ -78.95552, 39.44171 ], [ -79.03372, 39.46698 ], [ -79.04821, 39.4835 ], [ -79.08137, 39.47174 ], [ -79.10019, 39.477 ], [ -79.10282, 39.45048 ], [ -79.12744, 39.41818 ], [ -79.1603, 39.41592 ], [ -79.16519, 39.38715 ], [ -79.17737, 39.39674 ], [ -79.19756, 39.38846 ], [ -79.21444, 39.36341 ], [ -79.25688, 39.35546 ], [ -79.25388, 39.3371 ], [ -79.28213, 39.32327 ], [ -79.29001, 39.29987 ], [ -79.31287, 39.30463 ], [ -79.34628, 39.29382 ], [ -79.35404, 39.27801 ], [ -79.39328, 39.26163 ], [ -79.42423, 39.22684 ], [ -79.47321, 39.20211 ], [ -79.48687, 39.2059 ], [ -79.48607, 39.3443 ], [ -79.48437, 39.3443 ], [ -79.48237, 39.53169 ], [ -79.47887, 39.53169 ], [ -79.47666, 39.72108 ] ] ] } },
{ "type": "Feature", "properties": { "fid": 50, "ZoneCode": "550001", "AbrvFull": "WI", "NameFull": "Wisconsin", "ZoneNum": 1, "AbrvPart": null, "NamePart": null, "ZoneType": "Statewide", "StateAbrv": "WI", "StateName": "Wisconsin", "ProjAbrv": "TM", "ProjType": "Transverse Mercator", "LatOrigin": "37°15'N", "LonOriginE": "270°00'E", "LonOriginW": "90°00'W", "Lat0_deg": 37.25, "Lon0_E_deg": 270.0, "Lon0_W_deg": -90.0, "ProjScale": 0.99975, "SkewAz_deg": -9999, "FalseN_m": 0.0, "FalseE_m": 266700.0, "FalseN_ift": 0.0, "FalseE_ift": 875000.0, "DesignBy": "NGS", "Ref_frame": "NATRF2022" }, "geometry": { "type": "Polygon", "coordinates": [ [ [ -87.01993, 42.4935 ], [ -87.09188, 43.00001 ], [ -87.1084, 43.12501 ], [ -87.12507, 43.22774 ], [ -87.14717, 43.37986 ], [ -87.12508, 43.67045 ], [ -87.1141, 43.73411 ], [ -87.04885, 44.0 ], [ -87.04625, 44.0 ], [ -87.01323, 44.13191 ], [ -87.00008, 44.15482 ], [ -86.84769, 44.50034 ], [ -86.85518, 44.50034 ], [ -86.7501, 44.7395 ], [ -86.68629, 44.881 ], [ -86.49993, 45.0808 ], [ -86.43313, 45.12499 ], [ -86.2501, 45.23574 ], [ -86.2823, 45.24998 ], [ -86.58572, 45.37499 ], [ -86.75424, 45.44361 ], [ -87.10113, 45.44423 ], [ -87.17117, 45.35254 ], [ -87.31542, 45.24066 ], [ -87.40569, 45.20197 ], [ -87.44251, 45.07643 ], [ -87.66121, 45.10828 ], [ -87.6839, 45.14414 ], [ -87.71791, 45.16119 ], [ -87.73528, 45.17657 ], [ -87.7418, 45.19705 ], [ -87.7262, 45.20939 ], [ -87.72534, 45.23085 ], [ -87.71107, 45.24095 ], [ -87.70587, 45.26574 ], [ -87.68773, 45.29749 ], [ -87.64777, 45.34056 ], [ -87.65817, 45.36948 ], [ -87.69396, 45.38989 ], [ -87.71889, 45.37746 ], [ -87.7541, 45.34944 ], [ -87.79039, 45.35345 ], [ -87.85042, 45.34749 ], [ -87.86985, 45.35676 ], [ -87.88805, 45.3547 ], [ -87.85942, 45.38823 ], [ -87.84967, 45.40952 ], [ -87.8617, 45.43447 ], [ -87.81288, 45.46433 ], [ -87.79321, 45.50503 ], [ -87.80224, 45.51306 ], [ -87.80339, 45.53827 ], [ -87.83297, 45.55946 ], [ -87.83169, 45.56804 ], [ -87.79754, 45.56212 ], [ -87.7772, 45.5885 ], [ -87.78084, 45.6146 ], [ -87.79588, 45.61885 ], [ -87.82439, 45.64771 ], [ -87.82419, 45.66204 ], [ -87.78101, 45.67393 ], [ -87.80499, 45.6958 ], [ -87.81234, 45.7113 ], [ -87.8394, 45.71781 ], [ -87.87981, 45.75484 ], [ -87.92987, 45.76029 ], [ -87.96345, 45.75822 ], [ -87.98643, 45.7696 ], [ -87.99454, 45.79564 ], [ -88.03973, 45.78963 ], [ -88.05064, 45.781 ], [ -88.09475, 45.78576 ], [ -88.10874, 45.80361 ], [ -88.12868, 45.80886 ], [ -88.13246, 45.82416 ], [ -88.07736, 45.86376 ], [ -88.07048, 45.87433 ], [ -88.10176, 45.88319 ], [ -88.10571, 45.90521 ], [ -88.09519, 45.91611 ], [ -88.12665, 45.92179 ], [ -88.14813, 45.93755 ], [ -88.17009, 45.93949 ], [ -88.19713, 45.95321 ], [ -88.2096, 45.94429 ], [ -88.23711, 45.94828 ], [ -88.2458, 45.96302 ], [ -88.29173, 45.95116 ], [ -88.32804, 45.96354 ], [ -88.38089, 45.99181 ], [ -88.38896, 45.98252 ], [ -88.41702, 45.97518 ], [ -88.45432, 45.99766 ], [ -88.49798, 45.99579 ], [ -88.50636, 46.01761 ], [ -88.53417, 46.02027 ], [ -88.56513, 46.01573 ], [ -88.58827, 46.0051 ], [ -88.59712, 46.01713 ], [ -88.61258, 46.0042 ], [ -88.61647, 45.98773 ], [ -88.65865, 45.98929 ], [ -88.67887, 46.0136 ], [ -88.72184, 46.01709 ], [ -88.73967, 46.02742 ], [ -88.78207, 46.01619 ], [ -88.81603, 46.02059 ], [ -88.85113, 46.04044 ], [ -89.09164, 46.13845 ], [ -89.7645, 46.26808 ], [ -90.12057, 46.33704 ], [ -90.11882, 46.35953 ], [ -90.15306, 46.40116 ], [ -90.16332, 46.43476 ], [ -90.17771, 46.44009 ], [ -90.17804, 46.45591 ], [ -90.203, 46.47701 ], [ -90.21617, 46.50127 ], [ -90.2296, 46.50842 ], [ -90.26155, 46.50256 ], [ -90.28446, 46.51872 ], [ -90.31655, 46.5169 ], [ -90.30944, 46.53729 ], [ -90.33165, 46.55308 ], [ -90.35068, 46.54033 ], [ -90.39326, 46.53243 ], [ -90.41839, 46.5661 ], [ -90.38152, 46.62495 ], [ -90.00014, 47.21497 ], [ -89.9571, 47.2911 ], [ -90.12514, 47.29661 ], [ -90.65466, 47.30982 ], [ -91.00018, 47.14977 ], [ -91.31964, 46.99993 ], [ -91.50018, 46.91332 ], [ -91.59214, 46.87494 ], [ -91.87519, 46.7633 ], [ -91.98134, 46.72309 ], [ -92.02029, 46.70404 ], [ -92.03399, 46.70894 ], [ -92.08949, 46.74924 ], [ -92.11659, 46.74864 ], [ -92.14329, 46.73464 ], [ -92.14629, 46.71603 ], [ -92.18909, 46.71754 ], [ -92.20519, 46.69834 ], [ -92.183, 46.69565 ], [ -92.18136, 46.68024 ], [ -92.20549, 46.66474 ], [ -92.21239, 46.64994 ], [ -92.24249, 46.64924 ], [ -92.25455, 46.65845 ], [ -92.27059, 46.65074 ], [ -92.29219, 46.66604 ], [ -92.29158, 46.63409 ], [ -92.29403, 46.07438 ], [ -92.33533, 46.05942 ], [ -92.35041, 46.01637 ], [ -92.37272, 46.0142 ], [ -92.41001, 46.02725 ], [ -92.44226, 46.01618 ], [ -92.46114, 45.98022 ], [ -92.47276, 45.97295 ], [ -92.52519, 45.98386 ], [ -92.54981, 45.96799 ], [ -92.55119, 45.95224 ], [ -92.63994, 45.93354 ], [ -92.67574, 45.90748 ], [ -92.70637, 45.89545 ], [ -92.73844, 45.86137 ], [ -92.73999, 45.84628 ], [ -92.76568, 45.82725 ], [ -92.75795, 45.81122 ], [ -92.77206, 45.79523 ], [ -92.78462, 45.7642 ], [ -92.80984, 45.74417 ], [ -92.86919, 45.71757 ], [ -92.87893, 45.66561 ], [ -92.88898, 45.64248 ], [ -92.88253, 45.61022 ], [ -92.88375, 45.57548 ], [ -92.87221, 45.56801 ], [ -92.82331, 45.56093 ], [ -92.77341, 45.56824 ], [ -92.72608, 45.54111 ], [ -92.72668, 45.51446 ], [ -92.71286, 45.50485 ], [ -92.68023, 45.46434 ], [ -92.6527, 45.45453 ], [ -92.6466, 45.44164 ], [ -92.65028, 45.39877 ], [ -92.70405, 45.35366 ], [ -92.69897, 45.33637 ], [ -92.73712, 45.30046 ], [ -92.762, 45.28821 ], [ -92.75192, 45.26588 ], [ -92.76025, 45.2496 ], [ -92.75171, 45.21867 ], [ -92.76681, 45.18547 ], [ -92.75321, 45.17477 ], [ -92.7522, 45.1425 ], [ -92.73953, 45.11652 ], [ -92.74494, 45.10831 ], [ -92.79034, 45.08056 ], [ -92.80291, 45.0654 ], [ -92.78791, 45.04352 ], [ -92.76195, 45.0221 ], [ -92.77123, 45.00138 ], [ -92.76944, 44.97215 ], [ -92.7546, 44.95577 ], [ -92.75064, 44.9373 ], [ -92.75956, 44.90786 ], [ -92.7731, 44.90137 ], [ -92.76342, 44.87287 ], [ -92.76567, 44.84101 ], [ -92.78761, 44.78921 ], [ -92.80556, 44.76838 ], [ -92.80841, 44.7516 ], [ -92.79234, 44.73936 ], [ -92.73204, 44.71435 ], [ -92.66471, 44.66338 ], [ -92.62185, 44.63902 ], [ -92.62254, 44.61605 ], [ -92.58471, 44.59986 ], [ -92.56895, 44.60337 ], [ -92.53991, 44.56746 ], [ -92.5187, 44.57523 ], [ -92.48222, 44.56852 ], [ -92.43649, 44.55288 ], [ -92.41567, 44.56051 ], [ -92.34757, 44.55715 ], [ -92.31736, 44.54251 ], [ -92.30247, 44.51649 ], [ -92.29848, 44.49462 ], [ -92.28236, 44.47771 ], [ -92.22108, 44.44039 ], [ -92.12368, 44.42184 ], [ -92.11288, 44.41457 ], [ -92.05355, 44.40138 ], [ -92.03815, 44.38873 ], [ -91.96, 44.3598 ], [ -91.92822, 44.33547 ], [ -91.91436, 44.30823 ], [ -91.92028, 44.2865 ], [ -91.89696, 44.27567 ], [ -91.88719, 44.25251 ], [ -91.89296, 44.23515 ], [ -91.87516, 44.20058 ], [ -91.82917, 44.17835 ], [ -91.8173, 44.16424 ], [ -91.75175, 44.13479 ], [ -91.73065, 44.1329 ], [ -91.7106, 44.12048 ], [ -91.70749, 44.10391 ], [ -91.68153, 44.0974 ], [ -91.64645, 44.06334 ], [ -91.60501, 44.04531 ], [ -91.5826, 44.02738 ], [ -91.50712, 44.01898 ], [ -91.48087, 44.00815 ], [ -91.44054, 44.00152 ], [ -91.40601, 43.96393 ], [ -91.36472, 43.93488 ], [ -91.35674, 43.91656 ], [ -91.31531, 43.88181 ], [ -91.31127, 43.86783 ], [ -91.28414, 43.84707 ], [ -91.26243, 43.79217 ], [ -91.24413, 43.77467 ], [ -91.25516, 43.732 ], [ -91.26845, 43.70982 ], [ -91.27175, 43.65493 ], [ -91.26386, 43.64766 ], [ -91.26875, 43.61535 ], [ -91.23667, 43.58766 ], [ -91.23281, 43.56484 ], [ -91.24382, 43.54913 ], [ -91.21771, 43.50055 ], [ -91.21528, 43.4848 ], [ -91.23224, 43.46002 ], [ -91.22875, 43.44554 ], [ -91.20314, 43.41981 ], [ -91.19767, 43.39533 ], [ -91.21477, 43.36587 ], [ -91.20185, 43.3491 ], [ -91.18111, 43.34593 ], [ -91.12912, 43.32635 ], [ -91.10724, 43.31365 ], [ -91.05791, 43.25397 ], [ -91.07928, 43.22826 ], [ -91.11911, 43.20037 ], [ -91.1562, 43.14295 ], [ -91.17525, 43.13467 ], [ -91.17938, 43.06862 ], [ -91.17469, 43.03871 ], [ -91.14655, 42.96335 ], [ -91.14978, 42.94024 ], [ -91.14349, 42.9047 ], [ -91.10056, 42.88308 ], [ -91.09159, 42.84866 ], [ -91.09406, 42.83081 ], [ -91.07866, 42.82768 ], [ -91.07857, 42.80963 ], [ -91.06468, 42.75091 ], [ -91.05127, 42.737 ], [ -90.99554, 42.7137 ], [ -90.98058, 42.69893 ], [ -90.95241, 42.68678 ], [ -90.92115, 42.68541 ], [ -90.88743, 42.67247 ], [ -90.76949, 42.65144 ], [ -90.72021, 42.64076 ], [ -90.70267, 42.63076 ], [ -90.68697, 42.59177 ], [ -90.66153, 42.568 ], [ -90.64403, 42.53986 ], [ -90.63599, 42.51541 ], [ -90.64284, 42.50848 ], [ -90.40593, 42.50689 ], [ -90.15741, 42.50833 ], [ -90.0318, 42.50771 ], [ -89.95524, 42.50565 ], [ -89.66982, 42.50504 ], [ -89.56159, 42.50256 ], [ -89.26267, 42.49819 ], [ -88.99161, 42.49601 ], [ -88.77659, 42.49191 ], [ -88.65605, 42.49484 ], [ -88.38999, 42.49452 ], [ -88.0834, 42.49564 ], [ -87.80322, 42.49257 ], [ -87.37506, 42.49382 ], [ -87.01993, 42.4935 ] ] ] } },
{ "type": "Feature", "properties": { "fid": 51, "ZoneCode": "560001", "AbrvFull": "WY", "NameFull": "Wyoming", "ZoneNum": 1, "AbrvPart": null, "NamePart": null, "ZoneType": "Statewide", "StateAbrv": "WY", "StateName": "Wyoming", "ProjAbrv": "LC1", "ProjType": "Lambert Conformal Conic, one parallel", "LatOrigin": "43°06'N", "LonOriginE": "252°30'E", "LonOriginW": "107°30'W", "Lat0_deg": 43.1, "Lon0_E_deg": 252.5, "Lon0_W_deg": -107.5, "ProjScale": 1.0, "SkewAz_deg": -9999, "FalseN_m": 457200.0, "FalseE_m": 1066800.0, "FalseN_ift": 1500000.0, "FalseE_ift": 3500000.0, "DesignBy": "NGS", "Ref_frame": "NATRF2022" }, "geometry": { "type": "Polygon", "coordinates": [ [ [ -109.05003, 41.00069 ], [ -108.88414, 41.00009 ], [ -108.25065, 41.00011 ], [ -108.04654, 41.00206 ], [ -107.75063, 41.00197 ], [ -107.00312, 41.00342 ], [ -106.85777, 41.00266 ], [ -106.43956, 41.00198 ], [ -106.21801, 40.99774 ], [ -105.75055, 40.9969 ], [ -105.25054, 40.99826 ], [ -104.88245, 40.99819 ], [ -104.62552, 41.00143 ], [ -104.17344, 41.00177 ], [ -104.05325, 41.00141 ], [ -104.05351, 41.15726 ], [ -104.05224, 41.39807 ], [ -104.05286, 41.59225 ], [ -104.05255, 42.1668 ], [ -104.05303, 43.00059 ], [ -104.05479, 43.41642 ], [ -104.05549, 43.85348 ], [ -104.05449, 44.18038 ], [ -104.05539, 44.24998 ], [ -104.05601, 44.59159 ], [ -104.05591, 44.87499 ], [ -104.05788, 44.99761 ], [ -104.59232, 44.99866 ], [ -104.88916, 45.00003 ], [ -105.64523, 45.00043 ], [ -105.91315, 45.00024 ], [ -105.92817, 44.99349 ], [ -106.12621, 44.99327 ], [ -107.08489, 44.9966 ], [ -107.12742, 44.99984 ], [ -107.48375, 45.00143 ], [ -107.61322, 45.00062 ], [ -108.22951, 45.00041 ], [ -108.51404, 44.99965 ], [ -108.59809, 45.00039 ], [ -109.08309, 44.99955 ], [ -109.10323, 45.00582 ], [ -109.32684, 45.00529 ], [ -109.78609, 45.0018 ], [ -109.82566, 45.00322 ], [ -110.10578, 45.00353 ], [ -110.18322, 44.99695 ], [ -110.40712, 44.9995 ], [ -110.44574, 44.99368 ], [ -110.50698, 44.99252 ], [ -110.70448, 44.99217 ], [ -110.79012, 45.00088 ], [ -111.05456, 45.00096 ], [ -111.05399, 44.72625 ], [ -111.05243, 44.47841 ], [ -111.04897, 44.47407 ], [ -111.04969, 44.35363 ], [ -111.04735, 43.99992 ], [ -111.04657, 43.73968 ], [ -111.04542, 43.62212 ], [ -111.0449, 43.31326 ], [ -111.04401, 43.23337 ], [ -111.04355, 42.7195 ], [ -111.04602, 42.58272 ], [ -111.04732, 42.39265 ], [ -111.04671, 42.0017 ], [ -111.0458, 41.50607 ], [ -111.0468, 41.24668 ], [ -111.04681, 40.99788 ], [ -110.68137, 40.99624 ], [ -110.54587, 40.99633 ], [ -110.50507, 40.9948 ], [ -110.27411, 40.99482 ], [ -110.09954, 40.99705 ], [ -109.80691, 40.9977 ], [ -109.51089, 40.99905 ], [ -109.25001, 41.00105 ], [ -109.05003, 41.00069 ] ] ] } },
{ "type": "Feature", "properties": { "fid": 52, "ZoneCode": "600001", "AbrvFull": "AS", "NameFull": "American Samoa", "ZoneNum": 1, "AbrvPart": null, "NamePart": null, "ZoneType": "Statewide", "StateAbrv": "AS", "StateName": "American Samoa", "ProjAbrv": "LC1", "ProjType": "Lambert Conformal Conic, one parallel", "LatOrigin": "14°15'S", "LonOriginE": "189°45'E", "LonOriginW": "170°15'W", "Lat0_deg": -14.25, "Lon0_E_deg": 189.75, "Lon0_W_deg": -170.25, "ProjScale": 1.000015, "SkewAz_deg": -9999, "FalseN_m": 190500.0, "FalseE_m": 304800.0, "FalseN_ift": 625000.0, "FalseE_ift": 1000000.0, "DesignBy": "NGS", "Ref_frame": "PATRF2022" }, "geometry": { "type": "MultiPolygon", "coordinates": [ [ [ [ -170.55954, -14.33805 ], [ -170.50944, -14.32876 ], [ -170.4915, -14.30169 ], [ -170.49472, -14.26596 ], [ -170.50528, -14.25628 ], [ -170.5106, -14.23213 ], [ -170.53678, -14.20434 ], [ -170.58166, -14.1964 ], [ -170.60223, -14.20037 ], [ -170.64166, -14.17694 ], [ -170.68709, -14.18224 ], [ -170.70392, -14.20337 ], [ -170.75, -14.24117 ], [ -170.81678, -14.24765 ], [ -170.85045, -14.26471 ], [ -170.875, -14.2876 ], [ -170.89029, -14.31719 ], [ -170.8837, -14.34269 ], [ -170.85233, -14.36635 ], [ -170.8231, -14.37179 ], [ -170.80396, -14.39575 ], [ -170.77434, -14.41314 ], [ -170.73902, -14.41995 ], [ -170.72575, -14.41594 ], [ -170.66923, -14.37806 ], [ -170.64279, -14.34032 ], [ -170.5865, -14.33103 ], [ -170.55954, -14.33805 ] ] ], [ [ [ -169.48269, -14.31725 ], [ -169.44597, -14.30483 ], [ -169.4195, -14.31141 ], [ -169.3974, -14.30718 ], [ -169.38024, -14.29482 ], [ -169.36752, -14.2613 ], [ -169.3669, -14.20207 ], [ -169.3772, -14.18126 ], [ -169.39518, -14.17001 ], [ -169.43045, -14.17127 ], [ -169.50606, -14.16687 ], [ -169.54255, -14.17978 ], [ -169.56237, -14.125 ], [ -169.59924, -14.10539 ], [ -169.63049, -14.11371 ], [ -169.66149, -14.1089 ], [ -169.70232, -14.12034 ], [ -169.71732, -14.13331 ], [ -169.7258, -14.18097 ], [ -169.71419, -14.20073 ], [ -169.68035, -14.2306 ], [ -169.66061, -14.23383 ], [ -169.63135, -14.22797 ], [ -169.62281, -14.23569 ], [ -169.58833, -14.23377 ], [ -169.56685, -14.22148 ], [ -169.56381, -14.25 ], [ -169.53919, -14.269 ], [ -169.5134, -14.30778 ], [ -169.48269, -14.31725 ] ] ] ] } },
{ "type": "Feature", "properties": { "fid": 53, "ZoneCode": "660001", "AbrvFull": "GUMP", "NameFull": "Guam and Northern Mariana Islands", "ZoneNum": 1, "AbrvPart": null, "NamePart": null, "ZoneType": "Statewide", "StateAbrv": "GUMP", "StateName": "Guam and Northern Mariana Islands", "ProjAbrv": "TM", "ProjType": "Transverse Mercator", "LatOrigin": "12°00'N", "LonOriginE": "145°15'E", "LonOriginW": "214°45'W", "Lat0_deg": 12.0, "Lon0_E_deg": 145.25, "Lon0_W_deg": -214.75, "ProjScale": 0.99999, "SkewAz_deg": -9999, "FalseN_m": 0.0, "FalseE_m": 1066800.0, "FalseN_ift": 0.0, "FalseE_ift": 3500000.0, "DesignBy": "NGS", "Ref_frame": "MATRF2022" }, "geometry": { "type": "MultiPolygon", "coordinates": [ [ [ [ 145.00644, 13.60743 ], [ 144.98158, 13.64121 ], [ 144.94051, 13.65057 ], [ 144.91709, 13.67859 ], [ 144.875, 13.70333 ], [ 144.84529, 13.70509 ], [ 144.81192, 13.68443 ], [ 144.78733, 13.6487 ], [ 144.77743, 13.59862 ], [ 144.75, 13.55189 ], [ 144.72547, 13.53174 ], [ 144.69301, 13.52902 ], [ 144.66312, 13.51523 ], [ 144.64384, 13.51778 ], [ 144.61115, 13.51024 ], [ 144.5888, 13.4938 ], [ 144.56634, 13.46369 ], [ 144.56691, 13.42563 ], [ 144.59304, 13.39242 ], [ 144.57759, 13.34404 ], [ 144.58473, 13.31251 ], [ 144.60299, 13.29515 ], [ 144.60838, 13.27061 ], [ 144.59087, 13.23933 ], [ 144.5912, 13.21969 ], [ 144.6064, 13.19565 ], [ 144.64157, 13.18241 ], [ 144.68833, 13.19104 ], [ 144.74056, 13.19519 ], [ 144.77074, 13.21573 ], [ 144.80273, 13.25118 ], [ 144.81893, 13.28279 ], [ 144.82082, 13.33365 ], [ 144.82659, 13.38145 ], [ 144.85708, 13.40383 ], [ 144.93228, 13.46936 ], [ 144.95804, 13.48251 ], [ 144.97204, 13.5 ], [ 144.98947, 13.54719 ], [ 145.0067, 13.58089 ], [ 145.00644, 13.60743 ] ] ], [ [ [ 145.30453, 14.25629 ], [ 145.27659, 14.25431 ], [ 145.26381, 14.2662 ], [ 145.23563, 14.2666 ], [ 145.20139, 14.25375 ], [ 145.17833, 14.23502 ], [ 145.14309, 14.23132 ], [ 145.11431, 14.21691 ], [ 145.09194, 14.19363 ], [ 145.09146, 14.16874 ], [ 145.07524, 14.15911 ], [ 145.05897, 14.125 ], [ 145.06541, 14.07863 ], [ 145.09691, 14.04705 ], [ 145.13334, 14.03935 ], [ 145.15973, 14.04303 ], [ 145.17799, 14.03657 ], [ 145.21956, 14.05598 ], [ 145.26074, 14.05866 ], [ 145.28456, 14.07111 ], [ 145.29914, 14.09194 ], [ 145.32556, 14.0989 ], [ 145.35149, 14.125 ], [ 145.34918, 14.13641 ], [ 145.37141, 14.17013 ], [ 145.37448, 14.20083 ], [ 145.3517, 14.24441 ], [ 145.30453, 14.25629 ] ] ], [ [ [ 145.6038, 16.28936 ], [ 145.64991, 16.27377 ], [ 145.6932, 16.274 ], [ 145.73291, 16.29331 ], [ 145.76764, 16.32397 ], [ 145.78282, 16.35992 ], [ 145.77088, 16.41228 ], [ 145.75, 16.43765 ], [ 145.72075, 16.44828 ], [ 145.65461, 16.4511 ], [ 145.625, 16.4425 ], [ 145.57133, 16.40199 ], [ 145.55884, 16.37415 ], [ 145.56008, 16.34125 ], [ 145.57507, 16.30582 ], [ 145.6038, 16.28936 ] ] ], [ [ [ 145.65444, 18.66041 ], [ 145.68462, 18.65784 ], [ 145.73662, 18.68791 ], [ 145.76433, 18.73163 ], [ 145.76981, 18.75 ], [ 145.76492, 18.79557 ], [ 145.75, 18.8271 ], [ 145.72572, 18.85983 ], [ 145.70419, 18.875 ], [ 145.67609, 18.88055 ], [ 145.625, 18.875 ], [ 145.5981, 18.85684 ], [ 145.5754, 18.82043 ], [ 145.56313, 18.77869 ], [ 145.57689, 18.72965 ], [ 145.60861, 18.68228 ], [ 145.65444, 18.66041 ] ] ], [ [ [ 145.33033, 19.615 ], [ 145.375, 19.59479 ], [ 145.40002, 19.58843 ], [ 145.4275, 19.59096 ], [ 145.45498, 19.60488 ], [ 145.48841, 19.65698 ], [ 145.49562, 19.67992 ], [ 145.48984, 19.70358 ], [ 145.47271, 19.72673 ], [ 145.43528, 19.75562 ], [ 145.38497, 19.76412 ], [ 145.35969, 19.75641 ], [ 145.3159, 19.71404 ], [ 145.30487, 19.68453 ], [ 145.31296, 19.65369 ], [ 145.33033, 19.615 ] ] ], [ [ [ 145.18312, 19.95191 ], [ 145.2481, 19.94806 ], [ 145.29254, 19.9793 ], [ 145.31497, 20.03296 ], [ 145.29972, 20.06584 ], [ 145.26515, 20.09536 ], [ 145.23361, 20.10267 ], [ 145.17865, 20.09651 ], [ 145.14617, 20.07639 ], [ 145.13189, 20.03956 ], [ 145.1426, 19.98626 ], [ 145.18312, 19.95191 ] ] ], [ [ [ 144.86247, 20.4671 ], [ 144.88711, 20.46291 ], [ 144.92643, 20.47009 ], [ 144.96385, 20.5 ], [ 144.97915, 20.52586 ], [ 144.97749, 20.56226 ], [ 144.97109, 20.58119 ], [ 144.94141, 20.60832 ], [ 144.89913, 20.61656 ], [ 144.86329, 20.613 ], [ 144.83343, 20.59514 ], [ 144.82107, 20.5781 ], [ 144.81334, 20.54476 ], [ 144.81604, 20.5233 ], [ 144.8314, 20.4849 ], [ 144.86247, 20.4671 ] ] ], [ [ [ 145.74307, 15.0 ], [ 145.75007, 15.0666 ], [ 145.79602, 15.07359 ], [ 145.83389, 15.10194 ], [ 145.83741, 15.12007 ], [ 145.85976, 15.12376 ], [ 145.87598, 15.13544 ], [ 145.88294, 15.19735 ], [ 145.90937, 15.27408 ], [ 145.89635, 15.30873 ], [ 145.87598, 15.3345 ], [ 145.85282, 15.35189 ], [ 145.80285, 15.35783 ], [ 145.78182, 15.34835 ], [ 145.73543, 15.31266 ], [ 145.70851, 15.27527 ], [ 145.68745, 15.23224 ], [ 145.68697, 15.19737 ], [ 145.6693, 15.16196 ], [ 145.64831, 15.13867 ], [ 145.5726, 15.12502 ], [ 145.53508, 15.08928 ], [ 145.51832, 15.05628 ], [ 145.51322, 15.0 ], [ 145.52477, 14.97146 ], [ 145.55224, 14.93272 ], [ 145.48935, 14.8987 ], [ 145.4702, 14.86488 ], [ 145.46785, 14.83709 ], [ 145.48268, 14.79921 ], [ 145.50773, 14.77938 ], [ 145.53263, 14.77269 ], [ 145.59172, 14.78143 ], [ 145.61647, 14.80084 ], [ 145.64137, 14.83233 ], [ 145.65313, 14.85737 ], [ 145.68374, 14.86423 ], [ 145.73076, 14.9173 ], [ 145.74775, 14.97122 ], [ 145.74307, 15.0 ] ] ], [ [ [ 146.00199, 16.02878 ], [ 146.01071, 15.97067 ], [ 146.04444, 15.94789 ], [ 146.08816, 15.95296 ], [ 146.13316, 15.98102 ], [ 146.15067, 16.00632 ], [ 146.15192, 16.05187 ], [ 146.125, 16.08548 ], [ 146.09403, 16.09728 ], [ 146.05078, 16.09337 ], [ 146.01425, 16.05744 ], [ 146.00199, 16.02878 ] ] ], [ [ [ 145.73831, 16.64095 ], [ 145.78123, 16.63047 ], [ 145.82191, 16.63707 ], [ 145.85494, 16.66013 ], [ 145.86763, 16.69052 ], [ 145.8679, 16.74176 ], [ 145.82319, 16.78212 ], [ 145.79239, 16.79197 ], [ 145.76977, 16.78775 ], [ 145.73074, 16.76988 ], [ 145.7083, 16.75 ], [ 145.70003, 16.7109 ], [ 145.71175, 16.66568 ], [ 145.73831, 16.64095 ] ] ], [ [ [ 145.89641, 17.38839 ], [ 145.85054, 17.40119 ], [ 145.80157, 17.38699 ], [ 145.77438, 17.35982 ], [ 145.76131, 17.33631 ], [ 145.76605, 17.29062 ], [ 145.77421, 17.27308 ], [ 145.80548, 17.2411 ], [ 145.84682, 17.22527 ], [ 145.89072, 17.24331 ], [ 145.92319, 17.2886 ], [ 145.92601, 17.33329 ], [ 145.93656, 17.34037 ], [ 145.9161, 17.37208 ], [ 145.89641, 17.38839 ] ] ], [ [ [ 145.77673, 17.53597 ], [ 145.80113, 17.52051 ], [ 145.83236, 17.51292 ], [ 145.86766, 17.51772 ], [ 145.89666, 17.53354 ], [ 145.91833, 17.56724 ], [ 145.92445, 17.59912 ], [ 145.9177, 17.65463 ], [ 145.89394, 17.6803 ], [ 145.85687, 17.69055 ], [ 145.82812, 17.69082 ], [ 145.80011, 17.68409 ], [ 145.78544, 17.66852 ], [ 145.74666, 17.59937 ], [ 145.75, 17.56426 ], [ 145.77673, 17.53597 ] ] ], [ [ [ 145.84002, 18.23383 ], [ 145.79405, 18.24307 ], [ 145.75952, 18.24109 ], [ 145.70003, 18.19974 ], [ 145.68478, 18.17112 ], [ 145.68549, 18.15362 ], [ 145.66032, 18.1192 ], [ 145.64375, 18.05795 ], [ 145.66402, 18.00925 ], [ 145.69539, 17.98984 ], [ 145.7441, 17.98604 ], [ 145.77786, 18.00343 ], [ 145.80925, 18.02952 ], [ 145.84424, 18.04554 ], [ 145.86422, 18.06863 ], [ 145.88347, 18.10933 ], [ 145.89065, 18.15507 ], [ 145.88029, 18.18637 ], [ 145.85599, 18.2232 ], [ 145.84002, 18.23383 ] ] ] ] } },
{ "type": "Feature", "properties": { "fid": 54, "ZoneCode": "720001", "AbrvFull": "PRVI", "NameFull": "Puerto Rico and US Virgin Islands", "ZoneNum": 1, "AbrvPart": null, "NamePart": null, "ZoneType": "Statewide", "StateAbrv": "PRVI", "StateName": "Puerto Rico and US Virgin Islands", "ProjAbrv": "LC1", "ProjType": "Lambert Conformal Conic, one parallel", "LatOrigin": "18°09'N", "LonOriginE": "293°45'E", "LonOriginW": "66°15'W", "Lat0_deg": 18.15, "Lon0_E_deg": 293.75, "Lon0_W_deg": -66.25, "ProjScale": 1.0, "SkewAz_deg": -9999, "FalseN_m": 190500.0, "FalseE_m": 495300.0, "FalseN_ift": 625000.0, "FalseE_ift": 1625000.0, "DesignBy": "NGS", "Ref_frame": "CATRF2022" }, "geometry": { "type": "MultiPolygon", "coordinates": [ [ [ [ -64.52982, 17.793 ], [ -64.58354, 17.83308 ], [ -64.61519, 17.84399 ], [ -64.63888, 17.84488 ], [ -64.66811, 17.83523 ], [ -64.70052, 17.8092 ], [ -64.71851, 17.82592 ], [ -64.74958, 17.83518 ], [ -64.81941, 17.82809 ], [ -64.84122, 17.81509 ], [ -64.86157, 17.821 ], [ -64.8993, 17.81546 ], [ -64.9342, 17.78468 ], [ -64.94681, 17.74803 ], [ -64.93894, 17.71753 ], [ -64.9518, 17.69928 ], [ -64.95649, 17.67233 ], [ -64.93517, 17.63519 ], [ -64.91591, 17.62523 ], [ -64.88541, 17.62595 ], [ -64.86556, 17.63533 ], [ -64.81153, 17.62569 ], [ -64.75644, 17.63065 ], [ -64.70814, 17.64754 ], [ -64.64684, 17.66024 ], [ -64.57699, 17.69452 ], [ -64.53978, 17.70871 ], [ -64.52472, 17.7227 ], [ -64.51273, 17.75236 ], [ -64.52982, 17.793 ] ] ], [ [ [ -67.85244, 18.17011 ], [ -67.89493, 18.16667 ], [ -67.91617, 18.2001 ], [ -67.93694, 18.20937 ], [ -67.97366, 18.2036 ], [ -67.99451, 18.18504 ], [ -67.99869, 18.17078 ], [ -67.99514, 18.12921 ], [ -67.98615, 18.11919 ], [ -67.9983, 18.08376 ], [ -67.99342, 18.06241 ], [ -67.97614, 18.03959 ], [ -67.94583, 18.01754 ], [ -67.90089, 17.99948 ], [ -67.87139, 18.00031 ], [ -67.82244, 18.02643 ], [ -67.79733, 18.05865 ], [ -67.79199, 18.10746 ], [ -67.81126, 18.14389 ], [ -67.83441, 18.16365 ], [ -67.85244, 18.17011 ] ] ], [ [ [ -66.9081, 18.5333 ], [ -66.96866, 18.54299 ], [ -67.01709, 18.56265 ], [ -67.10484, 18.56659 ], [ -67.16047, 18.55254 ], [ -67.20574, 18.51713 ], [ -67.22163, 18.498 ], [ -67.22134, 18.47616 ], [ -67.20794, 18.44228 ], [ -67.24963, 18.41857 ], [ -67.30272, 18.40156 ], [ -67.31869, 18.38103 ], [ -67.31991, 18.34319 ], [ -67.28596, 18.28217 ], [ -67.26133, 18.25604 ], [ -67.23046, 18.24656 ], [ -67.21424, 18.21135 ], [ -67.23003, 18.19029 ], [ -67.23725, 18.16765 ], [ -67.23537, 18.12015 ], [ -67.25337, 18.10465 ], [ -67.2606, 18.07521 ], [ -67.25536, 18.05767 ], [ -67.26656, 17.99034 ], [ -67.26664, 17.94982 ], [ -67.26068, 17.92854 ], [ -67.23348, 17.89951 ], [ -67.1945, 17.88175 ], [ -67.16283, 17.8861 ], [ -67.14279, 17.90057 ], [ -67.12991, 17.89715 ], [ -67.00602, 17.8858 ], [ -66.97692, 17.87873 ], [ -66.91779, 17.87548 ], [ -66.88145, 17.8913 ], [ -66.82531, 17.90045 ], [ -66.78815, 17.91606 ], [ -66.76189, 17.91788 ], [ -66.7134, 17.91285 ], [ -66.67219, 17.8969 ], [ -66.64167, 17.91197 ], [ -66.61427, 17.91531 ], [ -66.59167, 17.90872 ], [ -66.57407, 17.91314 ], [ -66.58691, 17.87644 ], [ -66.5713, 17.84548 ], [ -66.54856, 17.83325 ], [ -66.51331, 17.83542 ], [ -66.47939, 17.85202 ], [ -66.46174, 17.86967 ], [ -66.42448, 17.88199 ], [ -66.39415, 17.86954 ], [ -66.30309, 17.88211 ], [ -66.24331, 17.86257 ], [ -66.21327, 17.86451 ], [ -66.17971, 17.88257 ], [ -66.1485, 17.87793 ], [ -66.11414, 17.88263 ], [ -66.07672, 17.91067 ], [ -66.0498, 17.89775 ], [ -66.00281, 17.89809 ], [ -65.97288, 17.92325 ], [ -65.94461, 17.92057 ], [ -65.89932, 17.92799 ], [ -65.85253, 17.94149 ], [ -65.82785, 17.9624 ], [ -65.79764, 17.97698 ], [ -65.78221, 18.00298 ], [ -65.78238, 18.019 ], [ -65.74857, 18.04094 ], [ -65.73911, 18.07078 ], [ -65.72687, 18.08043 ], [ -65.7161, 18.10627 ], [ -65.68942, 18.1264 ], [ -65.66653, 18.12774 ], [ -65.61805, 18.15418 ], [ -65.63039, 18.12897 ], [ -65.62749, 18.08341 ], [ -65.61053, 18.05808 ], [ -65.58862, 18.04108 ], [ -65.5497, 18.02845 ], [ -65.51461, 18.03248 ], [ -65.49586, 18.04202 ], [ -65.44796, 18.03592 ], [ -65.3746, 18.05559 ], [ -65.33391, 18.06219 ], [ -65.31222, 18.07114 ], [ -65.2496, 18.08431 ], [ -65.22325, 18.10522 ], [ -65.21509, 18.13626 ], [ -65.23201, 18.17085 ], [ -65.27832, 18.19792 ], [ -65.32878, 18.19993 ], [ -65.39474, 18.21174 ], [ -65.4315, 18.20867 ], [ -65.46442, 18.22221 ], [ -65.52424, 18.20851 ], [ -65.55464, 18.18477 ], [ -65.53384, 18.21836 ], [ -65.48938, 18.2253 ], [ -65.46537, 18.24368 ], [ -65.45656, 18.27516 ], [ -65.46154, 18.2933 ], [ -65.42377, 18.29138 ], [ -65.3604, 18.25344 ], [ -65.32594, 18.2446 ], [ -65.30665, 18.23008 ], [ -65.28668, 18.22599 ], [ -65.25293, 18.23802 ], [ -65.22757, 18.23577 ], [ -65.19113, 18.25888 ], [ -65.16882, 18.30352 ], [ -65.17163, 18.33344 ], [ -65.18176, 18.35773 ], [ -65.20848, 18.38937 ], [ -65.23583, 18.39773 ], [ -65.30292, 18.3875 ], [ -65.32262, 18.4033 ], [ -65.36257, 18.41947 ], [ -65.3929, 18.41895 ], [ -65.42433, 18.39087 ], [ -65.46398, 18.39348 ], [ -65.58668, 18.44333 ], [ -65.62461, 18.45126 ], [ -65.64608, 18.44222 ], [ -65.67861, 18.41853 ], [ -65.70981, 18.43843 ], [ -65.72366, 18.45445 ], [ -65.7572, 18.4732 ], [ -65.85772, 18.48725 ], [ -65.87699, 18.49955 ], [ -65.9161, 18.50517 ], [ -65.93259, 18.50104 ], [ -65.9934, 18.5166 ], [ -66.02585, 18.51205 ], [ -66.04598, 18.51767 ], [ -66.10764, 18.51921 ], [ -66.12935, 18.52451 ], [ -66.19407, 18.52651 ], [ -66.21211, 18.52184 ], [ -66.26007, 18.52944 ], [ -66.31325, 18.5307 ], [ -66.34299, 18.54086 ], [ -66.41598, 18.54362 ], [ -66.45295, 18.53896 ], [ -66.47856, 18.52442 ], [ -66.5566, 18.54025 ], [ -66.64233, 18.54353 ], [ -66.68021, 18.53926 ], [ -66.73461, 18.52601 ], [ -66.77044, 18.54003 ], [ -66.80422, 18.54378 ], [ -66.83669, 18.54021 ], [ -66.88387, 18.54166 ], [ -66.9081, 18.5333 ] ] ], [ [ [ -64.86498, 18.39593 ], [ -64.87459, 18.41069 ], [ -64.89103, 18.46216 ], [ -64.92105, 18.46381 ], [ -64.95045, 18.44629 ], [ -64.97493, 18.45128 ], [ -65.00777, 18.4407 ], [ -65.04152, 18.4591 ], [ -65.06066, 18.45975 ], [ -65.10041, 18.43954 ], [ -65.11221, 18.41883 ], [ -65.11743, 18.38023 ], [ -65.13993, 18.33629 ], [ -65.13769, 18.32056 ], [ -65.1507, 18.30285 ], [ -65.15412, 18.27743 ], [ -65.14262, 18.25079 ], [ -65.11727, 18.23477 ], [ -65.08432, 18.23537 ], [ -65.06773, 18.24391 ], [ -65.05019, 18.26913 ], [ -65.01982, 18.25236 ], [ -64.94647, 18.25722 ], [ -64.93371, 18.23797 ], [ -64.90615, 18.22419 ], [ -64.8864, 18.19141 ], [ -64.85803, 18.17959 ], [ -64.83335, 18.18346 ], [ -64.80689, 18.20516 ], [ -64.80129, 18.24511 ], [ -64.77342, 18.26051 ], [ -64.74874, 18.26306 ], [ -64.72017, 18.25069 ], [ -64.67823, 18.25232 ], [ -64.6613, 18.26736 ], [ -64.66385, 18.28538 ], [ -64.63773, 18.31976 ], [ -64.64044, 18.364 ], [ -64.7016, 18.37064 ], [ -64.72983, 18.37795 ], [ -64.75692, 18.37669 ], [ -64.778, 18.38621 ], [ -64.785, 18.4038 ], [ -64.80033, 18.4076 ], [ -64.83062, 18.3952 ], [ -64.86498, 18.39593 ] ] ], [ [ [ -67.49426, 18.3279 ], [ -67.454, 18.33126 ], [ -67.42562, 18.35451 ], [ -67.41863, 18.38996 ], [ -67.43409, 18.41716 ], [ -67.46203, 18.43574 ], [ -67.50687, 18.43248 ], [ -67.53749, 18.40634 ], [ -67.54302, 18.38612 ], [ -67.53599, 18.35828 ], [ -67.49426, 18.3279 ] ] ] ] } }
]
}
